index	name	value	section	type	storage	naux	file
0	.file	11	-2	0	103	1	main.c
2	.text	65536	1	0	3	1	main.c
4	.data	262144	3	0	3	1	main.c
6	.data	327680	4	0	3	1	main.c
8	.bss	196608	2	0	3	1	main.c
10	FLAT	0	-1	0	3	0	main.c
11	.file	24	-2	0	103	3	D:\nt\private\crt32\linkopts\binmode.c
15	.text	69312	1	0	3	1	D:\nt\private\crt32\linkopts\binmode.c
17	.data	263776	3	0	3	1	D:\nt\private\crt32\linkopts\binmode.c
19	.data	327680	4	0	3	1	D:\nt\private\crt32\linkopts\binmode.c
21	.bss	196608	2	0	3	1	D:\nt\private\crt32\linkopts\binmode.c
23	FLAT	0	-1	0	3	0	D:\nt\private\crt32\linkopts\binmode.c
24	.file	35	-2	0	103	1	ail.c
26	.text	69312	1	0	3	1	ail.c
28	.data	263792	3	0	3	1	ail.c
30	.data	327680	4	0	3	1	ail.c
32	.bss	196608	2	0	3	1	ail.c
34	FLAT	0	-1	0	3	0	ail.c
35	.file	46	-2	0	103	1	memallo.c
37	.text	69312	1	0	3	1	memallo.c
39	.data	263984	3	0	3	1	memallo.c
41	.data	327680	4	0	3	1	memallo.c
43	.bss	196608	2	0	3	1	memallo.c
45	FLAT	0	-1	0	3	0	memallo.c
46	.file	57	-2	0	103	1	c:\c6\\cmerge\
48	.text	69984	1	0	3	1	c:\c6\\cmerge\
50	.data	264176	3	0	3	1	c:\c6\\cmerge\
52	.data	327680	4	0	3	1	c:\c6\\cmerge\
54	.bss	200640	2	0	3	1	c:\c6\\cmerge\
56	FLAT	0	-1	0	3	0	c:\c6\\cmerge\
57	.file	68	-2	0	103	1	omf.c
59	.text	74944	1	0	3	1	omf.c
61	.data	264480	3	0	3	1	omf.c
63	.data	327680	4	0	3	1	omf.c
65	.bss	200640	2	0	3	1	omf.c
67	FLAT	0	-1	0	3	0	omf.c
68	.file	79	-2	0	103	1	omf_ms.c
70	.text	77280	1	0	3	1	omf_ms.c
72	.data	264640	3	0	3	1	omf_ms.c
74	.data	327680	4	0	3	1	omf_ms.c
76	.bss	200896	2	0	3	1	omf_ms.c
78	FLAT	0	-1	0	3	0	omf_ms.c
79	.file	90	-2	0	103	1	pgo.c
81	.text	83264	1	0	3	1	pgo.c
83	.data	265344	3	0	3	1	pgo.c
85	.data	327680	4	0	3	1	pgo.c
87	.bss	200896	2	0	3	1	pgo.c
89	FLAT	0	-1	0	3	0	pgo.c
90	.file	101	-2	0	103	1	MD.c
92	.text	90240	1	0	3	1	MD.c
94	.data	265408	3	0	3	1	MD.c
96	.data	327680	4	0	3	1	MD.c
98	.bss	200944	2	0	3	1	MD.c
100	FLAT	0	-1	0	3	0	MD.c
101	.file	113	-2	0	103	1	typemit.c
103	.text	90384	1	0	3	1	typemit.c
105	.data	266384	3	0	3	1	typemit.c
107	.data	327680	4	0	3	1	typemit.c
109	.bss	200944	2	0	3	1	typemit.c
111	FLAT	0	-1	0	3	0	typemit.c
112	FindBaseOffset	91220	1	0	3	0	typemit.c
113	.file	124	-2	0	103	1	c:\c6\\cmerge\
115	.text	91312	1	0	3	1	c:\c6\\cmerge\
117	.data	266448	3	0	3	1	c:\c6\\cmerge\
119	.data	327680	4	0	3	1	c:\c6\\cmerge\
121	.bss	200944	2	0	3	1	c:\c6\\cmerge\
123	FLAT	0	-1	0	3	0	c:\c6\\cmerge\
124	.file	135	-2	0	103	1	c:\c6\\cmerge\
126	.text	101872	1	0	3	1	c:\c6\\cmerge\
128	.data	268256	3	0	3	1	c:\c6\\cmerge\
130	.data	327680	4	0	3	1	c:\c6\\cmerge\
132	.bss	200944	2	0	3	1	c:\c6\\cmerge\
134	FLAT	0	-1	0	3	0	c:\c6\\cmerge\
135	.file	146	-2	0	103	1	c:\c6\\cmerge\
137	.text	112048	1	0	3	1	c:\c6\\cmerge\
139	.data	268320	3	0	3	1	c:\c6\\cmerge\
141	.data	327680	4	0	3	1	c:\c6\\cmerge\
143	.bss	200944	2	0	3	1	c:\c6\\cmerge\
145	FLAT	0	-1	0	3	0	c:\c6\\cmerge\
146	.file	157	-2	0	103	1	csize.c
148	.text	114224	1	0	3	1	csize.c
150	.data	268496	3	0	3	1	csize.c
152	.data	327680	4	0	3	1	csize.c
154	.bss	200944	2	0	3	1	csize.c
156	FLAT	0	-1	0	3	0	csize.c
157	.file	168	-2	0	103	1	p3symtab.c
159	.text	117312	1	0	3	1	p3symtab.c
161	.data	268560	3	0	3	1	p3symtab.c
163	.data	327680	4	0	3	1	p3symtab.c
165	.bss	200960	2	0	3	1	p3symtab.c
167	FLAT	0	-1	0	3	0	p3symtab.c
168	.file	179	-2	0	103	1	c:\c6\\cmerge\
170	.text	118336	1	0	3	1	c:\c6\\cmerge\
172	.data	269056	3	0	3	1	c:\c6\\cmerge\
174	.data	327680	4	0	3	1	c:\c6\\cmerge\
176	.bss	200960	2	0	3	1	c:\c6\\cmerge\
178	FLAT	0	-1	0	3	0	c:\c6\\cmerge\
179	.file	190	-2	0	103	1	pgo2.c
181	.text	119200	1	0	3	1	pgo2.c
183	.data	269120	3	0	3	1	pgo2.c
185	.data	327680	4	0	3	1	pgo2.c
187	.bss	200960	2	0	3	1	pgo2.c
189	FLAT	0	-1	0	3	0	pgo2.c
190	.file	201	-2	0	103	1	p3io.c
192	.text	121312	1	0	3	1	p3io.c
194	.data	269152	3	0	3	1	p3io.c
196	.data	327680	4	0	3	1	p3io.c
198	.bss	200960	2	0	3	1	p3io.c
200	FLAT	0	-1	0	3	0	p3io.c
201	.file	212	-2	0	103	1	c:\c6\\cmerge\
203	.text	127968	1	0	3	1	c:\c6\\cmerge\
205	.data	269376	3	0	3	1	c:\c6\\cmerge\
207	.data	327680	4	0	3	1	c:\c6\\cmerge\
209	.bss	200960	2	0	3	1	c:\c6\\cmerge\
211	FLAT	0	-1	0	3	0	c:\c6\\cmerge\
212	.file	223	-2	0	103	1	srclist.c
214	.text	128880	1	0	3	1	srclist.c
216	.data	269408	3	0	3	1	srclist.c
218	.data	327680	4	0	3	1	srclist.c
220	.bss	200960	2	0	3	1	srclist.c
222	FLAT	0	-1	0	3	0	srclist.c
223	.file	234	-2	0	103	1	initil.c
225	.text	134240	1	0	3	1	initil.c
227	.data	270624	3	0	3	1	initil.c
229	.data	327680	4	0	3	1	initil.c
231	.bss	200976	2	0	3	1	initil.c
233	FLAT	0	-1	0	3	0	initil.c
234	.file	245	-2	0	103	1	c:\c6\\cmerge\
236	.text	134240	1	0	3	1	c:\c6\\cmerge\
238	.data	270800	3	0	3	1	c:\c6\\cmerge\
240	.data	327680	4	0	3	1	c:\c6\\cmerge\
242	.bss	200976	2	0	3	1	c:\c6\\cmerge\
244	FLAT	0	-1	0	3	0	c:\c6\\cmerge\
245	.file	256	-2	0	103	1	operand.c
247	.text	141920	1	0	3	1	operand.c
249	.data	272272	3	0	3	1	operand.c
251	.data	327680	4	0	3	1	operand.c
253	.bss	201008	2	0	3	1	operand.c
255	FLAT	0	-1	0	3	0	operand.c
256	.file	267	-2	0	103	1	c:\c6\\cmerge\
258	.text	143760	1	0	3	1	c:\c6\\cmerge\
260	.data	272464	3	0	3	1	c:\c6\\cmerge\
262	.data	327680	4	0	3	1	c:\c6\\cmerge\
264	.bss	201008	2	0	3	1	c:\c6\\cmerge\
266	FLAT	0	-1	0	3	0	c:\c6\\cmerge\
267	.file	278	-2	0	103	1	opMD.c
269	.text	157840	1	0	3	1	opMD.c
271	.data	272768	3	0	3	1	opMD.c
273	.data	327680	4	0	3	1	opMD.c
275	.bss	201024	2	0	3	1	opMD.c
277	FLAT	0	-1	0	3	0	opMD.c
278	.file	289	-2	0	103	1	pragma.c
280	.text	157840	1	0	3	1	pragma.c
282	.data	278080	3	0	3	1	pragma.c
284	.data	327680	4	0	3	1	pragma.c
286	.bss	201024	2	0	3	1	pragma.c
288	FLAT	0	-1	0	3	0	pragma.c
289	.file	300	-2	0	103	1	ioin.c
291	.text	157840	1	0	3	1	ioin.c
293	.data	278512	3	0	3	1	ioin.c
295	.data	327680	4	0	3	1	ioin.c
297	.bss	201024	2	0	3	1	ioin.c
299	FLAT	0	-1	0	3	0	ioin.c
300	.file	311	-2	0	103	1	sil.c
302	.text	159056	1	0	3	1	sil.c
304	.data	278544	3	0	3	1	sil.c
306	.data	327680	4	0	3	1	sil.c
308	.bss	201024	2	0	3	1	sil.c
310	FLAT	0	-1	0	3	0	sil.c
311	.file	323	-2	0	103	1	error.c
313	.text	159056	1	0	3	1	error.c
315	.data	278752	3	0	3	1	error.c
317	.data	327680	4	0	3	1	error.c
319	.bss	201024	2	0	3	1	error.c
321	FLAT	0	-1	0	3	0	error.c
322	format	159672	1	0	3	0	error.c
323	.file	337	-2	0	103	2	D:\nt\private\crt32st\lowio\close.c
326	.text	160016	1	0	3	1	D:\nt\private\crt32st\lowio\close.c
328	.data	278832	3	0	3	1	D:\nt\private\crt32st\lowio\close.c
330	.data	327680	4	0	3	1	D:\nt\private\crt32st\lowio\close.c
332	.bss	201024	2	0	3	1	D:\nt\private\crt32st\lowio\close.c
334	FLAT	0	-1	0	3	0	D:\nt\private\crt32st\lowio\close.c
335	.idata$6	393384	5	0	3	0	D:\nt\private\crt32st\lowio\close.c
336	.idata$6	393398	5	0	3	0	D:\nt\private\crt32st\lowio\close.c
337	.file	345	-2	0	103	1	i386\chkstk.asm
339	.text	160156	1	0	3	1	i386\chkstk.asm
341	.data	278832	3	0	3	1	i386\chkstk.asm
343	DGROUP	278832	3	0	3	0	i386\chkstk.asm
344	FLAT	0	-1	0	3	0	i386\chkstk.asm
345	.file	357	-2	0	103	2	D:\nt\private\crt32st\misc\ctype.c
348	.text	160204	1	0	3	1	D:\nt\private\crt32st\misc\ctype.c
350	.data	278832	3	0	3	1	D:\nt\private\crt32st\misc\ctype.c
352	.data	327680	4	0	3	1	D:\nt\private\crt32st\misc\ctype.c
354	.bss	201024	2	0	3	1	D:\nt\private\crt32st\misc\ctype.c
356	FLAT	0	-1	0	3	0	D:\nt\private\crt32st\misc\ctype.c
357	.file	375	-2	0	103	3	D:\nt\private\crt32st\startup\crt0dat.c
361	.text	160204	1	0	3	1	D:\nt\private\crt32st\startup\crt0dat.c
363	.data	279104	3	0	3	1	D:\nt\private\crt32st\startup\crt0dat.c
365	.data	327680	4	0	3	1	D:\nt\private\crt32st\startup\crt0dat.c
367	.bss	201024	2	0	3	1	D:\nt\private\crt32st\startup\crt0dat.c
369	FLAT	0	-1	0	3	0	D:\nt\private\crt32st\startup\crt0dat.c
370	_doinitterm	160608	1	0	3	0	D:\nt\private\crt32st\startup\crt0dat.c
371	doexit	160500	1	0	3	0	D:\nt\private\crt32st\startup\crt0dat.c
372	.idata$6	393414	5	0	3	0	D:\nt\private\crt32st\startup\crt0dat.c
373	.idata$6	393428	5	0	3	0	D:\nt\private\crt32st\startup\crt0dat.c
374	.idata$6	393442	5	0	3	0	D:\nt\private\crt32st\startup\crt0dat.c
375	.file	387	-2	0	103	2	D:\nt\private\crt32st\dos\dosmap.c
378	.text	160670	1	0	3	1	D:\nt\private\crt32st\dos\dosmap.c
380	.data	279552	3	0	3	1	D:\nt\private\crt32st\dos\dosmap.c
382	.data	327680	4	0	3	1	D:\nt\private\crt32st\dos\dosmap.c
384	.bss	201024	2	0	3	1	D:\nt\private\crt32st\dos\dosmap.c
386	FLAT	0	-1	0	3	0	D:\nt\private\crt32st\dos\dosmap.c
387	.file	400	-2	0	103	2	D:\nt\private\crt32st\convert\fcvt.c
390	.text	160798	1	0	3	1	D:\nt\private\crt32st\convert\fcvt.c
392	.data	279632	3	0	3	1	D:\nt\private\crt32st\convert\fcvt.c
394	.data	327680	4	0	3	1	D:\nt\private\crt32st\convert\fcvt.c
396	.bss	201024	2	0	3	1	D:\nt\private\crt32st\convert\fcvt.c
398	FLAT	0	-1	0	3	0	D:\nt\private\crt32st\convert\fcvt.c
399	_fpcvt	160882	1	0	3	0	D:\nt\private\crt32st\convert\fcvt.c
400	.file	413	-2	0	103	3	D:\nt\private\crt32st\stdio\_filbuf.c
404	.text	160958	1	0	3	1	D:\nt\private\crt32st\stdio\_filbuf.c
406	.data	279632	3	0	3	1	D:\nt\private\crt32st\stdio\_filbuf.c
408	.data	327680	4	0	3	1	D:\nt\private\crt32st\stdio\_filbuf.c
410	.bss	201376	2	0	3	1	D:\nt\private\crt32st\stdio\_filbuf.c
412	FLAT	0	-1	0	3	0	D:\nt\private\crt32st\stdio\_filbuf.c
413	.file	426	-2	0	103	3	D:\nt\private\crt32st\stdio\_flsbuf.c
417	.text	161134	1	0	3	1	D:\nt\private\crt32st\stdio\_flsbuf.c
419	.data	279632	3	0	3	1	D:\nt\private\crt32st\stdio\_flsbuf.c
421	.data	327680	4	0	3	1	D:\nt\private\crt32st\stdio\_flsbuf.c
423	.bss	201376	2	0	3	1	D:\nt\private\crt32st\stdio\_flsbuf.c
425	FLAT	0	-1	0	3	0	D:\nt\private\crt32st\stdio\_flsbuf.c
426	.file	438	-2	0	103	2	D:\nt\private\fp32st\conv\cfout.c
429	.text	161438	1	0	3	1	D:\nt\private\fp32st\conv\cfout.c
431	.data	279632	3	0	3	1	D:\nt\private\fp32st\conv\cfout.c
433	.data	327680	4	0	3	1	D:\nt\private\fp32st\conv\cfout.c
435	.bss	201376	2	0	3	1	D:\nt\private\fp32st\conv\cfout.c
437	FLAT	0	-1	0	3	0	D:\nt\private\fp32st\conv\cfout.c
438	.file	450	-2	0	103	2	D:\nt\private\fp32st\conv\x10fout.c
441	.text	161550	1	0	3	1	D:\nt\private\fp32st\conv\x10fout.c
443	.data	279632	3	0	3	1	D:\nt\private\fp32st\conv\x10fout.c
445	.data	327680	4	0	3	1	D:\nt\private\fp32st\conv\x10fout.c
447	.bss	201424	2	0	3	1	D:\nt\private\fp32st\conv\x10fout.c
449	FLAT	0	-1	0	3	0	D:\nt\private\fp32st\conv\x10fout.c
450	.file	462	-2	0	103	2	D:\nt\private\fp32st\conv\mantold.c
453	.text	162494	1	0	3	1	D:\nt\private\fp32st\conv\mantold.c
455	.data	279664	3	0	3	1	D:\nt\private\fp32st\conv\mantold.c
457	.data	327680	4	0	3	1	D:\nt\private\fp32st\conv\mantold.c
459	.bss	201424	2	0	3	1	D:\nt\private\fp32st\conv\mantold.c
461	FLAT	0	-1	0	3	0	D:\nt\private\fp32st\conv\mantold.c
462	.file	474	-2	0	103	2	D:\nt\private\fp32st\conv\ldtod.c
465	.text	163134	1	0	3	1	D:\nt\private\fp32st\conv\ldtod.c
467	.data	279664	3	0	3	1	D:\nt\private\fp32st\conv\ldtod.c
469	.data	327680	4	0	3	1	D:\nt\private\fp32st\conv\ldtod.c
471	.bss	201424	2	0	3	1	D:\nt\private\fp32st\conv\ldtod.c
473	FLAT	0	-1	0	3	0	D:\nt\private\fp32st\conv\ldtod.c
474	.file	486	-2	0	103	2	D:\nt\private\fp32st\conv\tenpow.c
477	.text	163758	1	0	3	1	D:\nt\private\fp32st\conv\tenpow.c
479	.data	279664	3	0	3	1	D:\nt\private\fp32st\conv\tenpow.c
481	.data	327680	4	0	3	1	D:\nt\private\fp32st\conv\tenpow.c
483	.bss	201424	2	0	3	1	D:\nt\private\fp32st\conv\tenpow.c
485	FLAT	0	-1	0	3	0	D:\nt\private\fp32st\conv\tenpow.c
486	.file	498	-2	0	103	2	D:\nt\private\fp32st\conv\fpinit.c
489	.text	164510	1	0	3	1	D:\nt\private\fp32st\conv\fpinit.c
491	.data	279664	3	0	3	1	D:\nt\private\fp32st\conv\fpinit.c
493	.data	327680	4	0	3	1	D:\nt\private\fp32st\conv\fpinit.c
495	.bss	201424	2	0	3	1	D:\nt\private\fp32st\conv\fpinit.c
497	FLAT	0	-1	0	3	0	D:\nt\private\fp32st\conv\fpinit.c
498	.file	513	-2	0	103	2	D:\nt\private\fp32st\conv\cvt.c
501	.text	164574	1	0	3	1	D:\nt\private\fp32st\conv\cvt.c
503	.data	279696	3	0	3	1	D:\nt\private\fp32st\conv\cvt.c
505	.data	327680	4	0	3	1	D:\nt\private\fp32st\conv\cvt.c
507	.bss	201424	2	0	3	1	D:\nt\private\fp32st\conv\cvt.c
509	FLAT	0	-1	0	3	0	D:\nt\private\fp32st\conv\cvt.c
510	_cftoe_g	165250	1	0	3	0	D:\nt\private\fp32st\conv\cvt.c
511	_cftof_g	165590	1	0	3	0	D:\nt\private\fp32st\conv\cvt.c
512	_shift	165898	1	0	3	0	D:\nt\private\fp32st\conv\cvt.c
513	.file	526	-2	0	103	3	D:\nt\private\fp32st\conv\i386\atold.c
517	.text	165950	1	0	3	1	D:\nt\private\fp32st\conv\i386\atold.c
519	.data	279712	3	0	3	1	D:\nt\private\fp32st\conv\i386\atold.c
521	.data	327696	4	0	3	1	D:\nt\private\fp32st\conv\i386\atold.c
523	.bss	201440	2	0	3	1	D:\nt\private\fp32st\conv\i386\atold.c
525	FLAT	0	-1	0	3	0	D:\nt\private\fp32st\conv\i386\atold.c
526	.file	538	-2	0	103	2	D:\nt\private\fp32st\conv\strgtold.c
529	.text	165998	1	0	3	1	D:\nt\private\fp32st\conv\strgtold.c
531	.data	279712	3	0	3	1	D:\nt\private\fp32st\conv\strgtold.c
533	.data	327696	4	0	3	1	D:\nt\private\fp32st\conv\strgtold.c
535	.bss	201440	2	0	3	1	D:\nt\private\fp32st\conv\strgtold.c
537	FLAT	0	-1	0	3	0	D:\nt\private\fp32st\conv\strgtold.c
538	.file	551	-2	0	103	3	D:\nt\private\crt32st\misc\cmiscdat.c
542	.text	167470	1	0	3	1	D:\nt\private\crt32st\misc\cmiscdat.c
544	.data	279712	3	0	3	1	D:\nt\private\crt32st\misc\cmiscdat.c
546	.data	327696	4	0	3	1	D:\nt\private\crt32st\misc\cmiscdat.c
548	.bss	201472	2	0	3	1	D:\nt\private\crt32st\misc\cmiscdat.c
550	FLAT	0	-1	0	3	0	D:\nt\private\crt32st\misc\cmiscdat.c
551	.file	564	-2	0	103	3	D:\nt\private\crt32st\convert\_fptostr.c
555	.text	167470	1	0	3	1	D:\nt\private\crt32st\convert\_fptostr.c
557	.data	279744	3	0	3	1	D:\nt\private\crt32st\convert\_fptostr.c
559	.data	327696	4	0	3	1	D:\nt\private\crt32st\convert\_fptostr.c
561	.bss	201472	2	0	3	1	D:\nt\private\crt32st\convert\_fptostr.c
563	FLAT	0	-1	0	3	0	D:\nt\private\crt32st\convert\_fptostr.c
564	.file	577	-2	0	103	3	D:\nt\private\crt32st\startup\crt0fp.c
568	.text	167614	1	0	3	1	D:\nt\private\crt32st\startup\crt0fp.c
570	.data	279744	3	0	3	1	D:\nt\private\crt32st\startup\crt0fp.c
572	.data	327696	4	0	3	1	D:\nt\private\crt32st\startup\crt0fp.c
574	.bss	201472	2	0	3	1	D:\nt\private\crt32st\startup\crt0fp.c
576	FLAT	0	-1	0	3	0	D:\nt\private\crt32st\startup\crt0fp.c
577	.file	595	-2	0	103	2	D:\nt\private\crt32st\startup\crt0.c
580	.text	167630	1	0	3	1	D:\nt\private\crt32st\startup\crt0.c
582	.data	279744	3	0	3	1	D:\nt\private\crt32st\startup\crt0.c
584	.data	327696	4	0	3	1	D:\nt\private\crt32st\startup\crt0.c
586	.bss	201472	2	0	3	1	D:\nt\private\crt32st\startup\crt0.c
588	FLAT	0	-1	0	3	0	D:\nt\private\crt32st\startup\crt0.c
589	inherit	167922	1	0	3	0	D:\nt\private\crt32st\startup\crt0.c
590	.idata$6	393458	5	0	3	0	D:\nt\private\crt32st\startup\crt0.c
591	.idata$6	393476	5	0	3	0	D:\nt\private\crt32st\startup\crt0.c
592	.idata$6	393500	5	0	3	0	D:\nt\private\crt32st\startup\crt0.c
593	.idata$6	393518	5	0	3	0	D:\nt\private\crt32st\startup\crt0.c
594	.idata$6	393532	5	0	3	0	D:\nt\private\crt32st\startup\crt0.c
595	.file	609	-2	0	103	3	D:\nt\private\crt32st\startup\crt0msg.c
599	.text	168092	1	0	3	1	D:\nt\private\crt32st\startup\crt0msg.c
601	.data	279760	3	0	3	1	D:\nt\private\crt32st\startup\crt0msg.c
603	.data	327696	4	0	3	1	D:\nt\private\crt32st\startup\crt0msg.c
605	.bss	201472	2	0	3	1	D:\nt\private\crt32st\startup\crt0msg.c
607	FLAT	0	-1	0	3	0	D:\nt\private\crt32st\startup\crt0msg.c
608	.idata$6	393560	5	0	3	0	D:\nt\private\crt32st\startup\crt0msg.c
609	.file	623	-2	0	103	1	i386\crtexcpt.asm
611	.text	168258	1	0	3	1	i386\crtexcpt.asm
613	.data	280480	3	0	3	1	i386\crtexcpt.asm
615	.data	327696	4	0	3	1	i386\crtexcpt.asm
617	.bss	201472	2	0	3	1	i386\crtexcpt.asm
619	DGROUP	280480	3	0	3	0	i386\crtexcpt.asm
620	FLAT	0	-1	0	3	0	i386\crtexcpt.asm
621	.idata$6	393782	5	0	3	0	i386\crtexcpt.asm
622	.idata$6	393794	5	0	3	0	i386\crtexcpt.asm
623	.file	637	-2	0	103	3	D:\nt\private\crt32st\lowio\osfinfo.c
627	.text	168398	1	0	3	1	D:\nt\private\crt32st\lowio\osfinfo.c
629	.data	280480	3	0	3	1	D:\nt\private\crt32st\lowio\osfinfo.c
631	.data	327696	4	0	3	1	D:\nt\private\crt32st\lowio\osfinfo.c
633	.bss	201472	2	0	3	1	D:\nt\private\crt32st\lowio\osfinfo.c
635	FLAT	0	-1	0	3	0	D:\nt\private\crt32st\lowio\osfinfo.c
636	.idata$6	393572	5	0	3	0	D:\nt\private\crt32st\lowio\osfinfo.c
637	.file	650	-2	0	103	3	D:\nt\private\crt32st\stdio\_getbuf.c
641	.text	168948	1	0	3	1	D:\nt\private\crt32st\stdio\_getbuf.c
643	.data	280480	3	0	3	1	D:\nt\private\crt32st\stdio\_getbuf.c
645	.data	327696	4	0	3	1	D:\nt\private\crt32st\stdio\_getbuf.c
647	.bss	201472	2	0	3	1	D:\nt\private\crt32st\stdio\_getbuf.c
649	FLAT	0	-1	0	3	0	D:\nt\private\crt32st\stdio\_getbuf.c
650	.file	663	-2	0	103	2	D:\nt\private\crt32st\stdio\fflush.c
653	.text	169028	1	0	3	1	D:\nt\private\crt32st\stdio\fflush.c
655	.data	280480	3	0	3	1	D:\nt\private\crt32st\stdio\fflush.c
657	.data	327696	4	0	3	1	D:\nt\private\crt32st\stdio\fflush.c
659	.bss	201472	2	0	3	1	D:\nt\private\crt32st\stdio\fflush.c
661	FLAT	0	-1	0	3	0	D:\nt\private\crt32st\stdio\fflush.c
662	flsall	169232	1	0	3	0	D:\nt\private\crt32st\stdio\fflush.c
663	.file	676	-2	0	103	2	D:\nt\private\crt32st\lowio\commit.c
666	.text	169380	1	0	3	1	D:\nt\private\crt32st\lowio\commit.c
668	.data	280496	3	0	3	1	D:\nt\private\crt32st\lowio\commit.c
670	.data	327696	4	0	3	1	D:\nt\private\crt32st\lowio\commit.c
672	.bss	201472	2	0	3	1	D:\nt\private\crt32st\lowio\commit.c
674	FLAT	0	-1	0	3	0	D:\nt\private\crt32st\lowio\commit.c
675	.idata$6	393588	5	0	3	0	D:\nt\private\crt32st\lowio\commit.c
676	.file	689	-2	0	103	3	D:\nt\private\crt32st\stdio\closeall.c
680	.text	169498	1	0	3	1	D:\nt\private\crt32st\stdio\closeall.c
682	.data	280496	3	0	3	1	D:\nt\private\crt32st\stdio\closeall.c
684	.data	327696	4	0	3	1	D:\nt\private\crt32st\stdio\closeall.c
686	.bss	201472	2	0	3	1	D:\nt\private\crt32st\stdio\closeall.c
688	FLAT	0	-1	0	3	0	D:\nt\private\crt32st\stdio\closeall.c
689	.file	703	-2	0	103	3	D:\nt\private\crt32st\heap\heapinit.c
693	.text	169546	1	0	3	1	D:\nt\private\crt32st\heap\heapinit.c
695	.data	280496	3	0	3	1	D:\nt\private\crt32st\heap\heapinit.c
697	.data	327696	4	0	3	1	D:\nt\private\crt32st\heap\heapinit.c
699	.bss	201472	2	0	3	1	D:\nt\private\crt32st\heap\heapinit.c
701	FLAT	0	-1	0	3	0	D:\nt\private\crt32st\heap\heapinit.c
702	.idata$6	393608	5	0	3	0	D:\nt\private\crt32st\heap\heapinit.c
703	.file	715	-2	0	103	2	D:\nt\private\crt32st\heap\hpabort.c
706	.text	169648	1	0	3	1	D:\nt\private\crt32st\heap\hpabort.c
708	.data	280528	3	0	3	1	D:\nt\private\crt32st\heap\hpabort.c
710	.data	327696	4	0	3	1	D:\nt\private\crt32st\heap\hpabort.c
712	.bss	201472	2	0	3	1	D:\nt\private\crt32st\heap\hpabort.c
714	FLAT	0	-1	0	3	0	D:\nt\private\crt32st\heap\hpabort.c
715	.file	727	-2	0	103	2	D:\nt\private\crt32st\stdio\_file.c
718	.text	169664	1	0	3	1	D:\nt\private\crt32st\stdio\_file.c
720	.data	280528	3	0	3	1	D:\nt\private\crt32st\stdio\_file.c
722	.data	327696	4	0	3	1	D:\nt\private\crt32st\stdio\_file.c
724	.bss	201472	2	0	3	1	D:\nt\private\crt32st\stdio\_file.c
726	FLAT	0	-1	0	3	0	D:\nt\private\crt32st\stdio\_file.c
727	.file	739	-2	0	103	2	D:\nt\private\crt32st\lowio\isatty.c
730	.text	169664	1	0	3	1	D:\nt\private\crt32st\lowio\isatty.c
732	.data	281184	3	0	3	1	D:\nt\private\crt32st\lowio\isatty.c
734	.data	327696	4	0	3	1	D:\nt\private\crt32st\lowio\isatty.c
736	.bss	201472	2	0	3	1	D:\nt\private\crt32st\lowio\isatty.c
738	FLAT	0	-1	0	3	0	D:\nt\private\crt32st\lowio\isatty.c
739	.file	752	-2	0	103	2	D:\nt\private\crt32st\lowio\lseek.c
742	.text	169712	1	0	3	1	D:\nt\private\crt32st\lowio\lseek.c
744	.data	281184	3	0	3	1	D:\nt\private\crt32st\lowio\lseek.c
746	.data	327696	4	0	3	1	D:\nt\private\crt32st\lowio\lseek.c
748	.bss	201472	2	0	3	1	D:\nt\private\crt32st\lowio\lseek.c
750	FLAT	0	-1	0	3	0	D:\nt\private\crt32st\lowio\lseek.c
751	.idata$6	393624	5	0	3	0	D:\nt\private\crt32st\lowio\lseek.c
752	.file	764	-2	0	103	2	D:\nt\private\fp32st\conv\constpow.c
755	.text	169846	1	0	3	1	D:\nt\private\fp32st\conv\constpow.c
757	.data	281184	3	0	3	1	D:\nt\private\fp32st\conv\constpow.c
759	.data	327696	4	0	3	1	D:\nt\private\fp32st\conv\constpow.c
761	.bss	201472	2	0	3	1	D:\nt\private\fp32st\conv\constpow.c
763	FLAT	0	-1	0	3	0	D:\nt\private\fp32st\conv\constpow.c
764	.file	777	-2	0	103	2	D:\nt\private\crt32st\lowio\read.c
767	.text	169846	1	0	3	1	D:\nt\private\crt32st\lowio\read.c
769	.data	281888	3	0	3	1	D:\nt\private\crt32st\lowio\read.c
771	.data	327696	4	0	3	1	D:\nt\private\crt32st\lowio\read.c
773	.bss	201472	2	0	3	1	D:\nt\private\crt32st\lowio\read.c
775	FLAT	0	-1	0	3	0	D:\nt\private\crt32st\lowio\read.c
776	.idata$6	393642	5	0	3	0	D:\nt\private\crt32st\lowio\read.c
777	.file	792	-2	0	103	3	D:\nt\private\crt32st\startup\stdargv.c
781	.text	170428	1	0	3	1	D:\nt\private\crt32st\startup\stdargv.c
783	.data	281888	3	0	3	1	D:\nt\private\crt32st\startup\stdargv.c
785	.data	327696	4	0	3	1	D:\nt\private\crt32st\startup\stdargv.c
787	.bss	201472	2	0	3	1	D:\nt\private\crt32st\startup\stdargv.c
789	FLAT	0	-1	0	3	0	D:\nt\private\crt32st\startup\stdargv.c
790	parse_cmdline	170592	1	0	3	0	D:\nt\private\crt32st\startup\stdargv.c
791	.idata$6	393654	5	0	3	0	D:\nt\private\crt32st\startup\stdargv.c
792	.file	805	-2	0	103	3	D:\nt\private\crt32st\startup\stdenvp.c
796	.text	170978	1	0	3	1	D:\nt\private\crt32st\startup\stdenvp.c
798	.data	281888	3	0	3	1	D:\nt\private\crt32st\startup\stdenvp.c
800	.data	327696	4	0	3	1	D:\nt\private\crt32st\startup\stdenvp.c
802	.bss	201744	2	0	3	1	D:\nt\private\crt32st\startup\stdenvp.c
804	FLAT	0	-1	0	3	0	D:\nt\private\crt32st\startup\stdenvp.c
805	.file	818	-2	0	103	3	D:\nt\private\crt32st\string\stricmp.c
809	.text	171250	1	0	3	1	D:\nt\private\crt32st\string\stricmp.c
811	.data	281888	3	0	3	1	D:\nt\private\crt32st\string\stricmp.c
813	.data	327696	4	0	3	1	D:\nt\private\crt32st\string\stricmp.c
815	.bss	201744	2	0	3	1	D:\nt\private\crt32st\string\stricmp.c
817	FLAT	0	-1	0	3	0	D:\nt\private\crt32st\string\stricmp.c
818	.file	831	-2	0	103	3	D:\nt\private\crt32st\string\strupr.c
822	.text	171362	1	0	3	1	D:\nt\private\crt32st\string\strupr.c
824	.data	281888	3	0	3	1	D:\nt\private\crt32st\string\strupr.c
826	.data	327696	4	0	3	1	D:\nt\private\crt32st\string\strupr.c
828	.bss	201744	2	0	3	1	D:\nt\private\crt32st\string\strupr.c
830	FLAT	0	-1	0	3	0	D:\nt\private\crt32st\string\strupr.c
831	.file	843	-2	0	103	2	D:\nt\private\crt32st\lowio\write.c
834	.text	171410	1	0	3	1	D:\nt\private\crt32st\lowio\write.c
836	.data	281888	3	0	3	1	D:\nt\private\crt32st\lowio\write.c
838	.data	327696	4	0	3	1	D:\nt\private\crt32st\lowio\write.c
840	.bss	201744	2	0	3	1	D:\nt\private\crt32st\lowio\write.c
842	FLAT	0	-1	0	3	0	D:\nt\private\crt32st\lowio\write.c
843	.file	854	-2	0	103	1	debug.c
845	.text	171922	1	0	3	1	debug.c
847	.data	281888	3	0	3	1	debug.c
849	.data	327696	4	0	3	1	debug.c
851	.bss	201744	2	0	3	1	debug.c
853	FLAT	0	-1	0	3	0	debug.c
854	.file	866	-2	0	103	2	D:\nt\private\crt32st\convert\atof.c
857	.text	171954	1	0	3	1	D:\nt\private\crt32st\convert\atof.c
859	.data	281920	3	0	3	1	D:\nt\private\crt32st\convert\atof.c
861	.data	327696	4	0	3	1	D:\nt\private\crt32st\convert\atof.c
863	.bss	201744	2	0	3	1	D:\nt\private\crt32st\convert\atof.c
865	FLAT	0	-1	0	3	0	D:\nt\private\crt32st\convert\atof.c
866	.file	878	-2	0	103	2	D:\nt\private\fp32st\conv\cfin.c
869	.text	172034	1	0	3	1	D:\nt\private\fp32st\conv\cfin.c
871	.data	281920	3	0	3	1	D:\nt\private\fp32st\conv\cfin.c
873	.data	327696	4	0	3	1	D:\nt\private\fp32st\conv\cfin.c
875	.bss	201744	2	0	3	1	D:\nt\private\fp32st\conv\cfin.c
877	FLAT	0	-1	0	3	0	D:\nt\private\fp32st\conv\cfin.c
878	.file	890	-2	0	103	2	D:\nt\private\crt32st\convert\atox.c
881	.text	172242	1	0	3	1	D:\nt\private\crt32st\convert\atox.c
883	.data	281936	3	0	3	1	D:\nt\private\crt32st\convert\atox.c
885	.data	327728	4	0	3	1	D:\nt\private\crt32st\convert\atox.c
887	.bss	201776	2	0	3	1	D:\nt\private\crt32st\convert\atox.c
889	FLAT	0	-1	0	3	0	D:\nt\private\crt32st\convert\atox.c
890	.file	905	-2	0	103	1	getflags.c
892	.text	172386	1	0	3	1	getflags.c
894	.data	281936	3	0	3	1	getflags.c
896	.data	327728	4	0	3	1	getflags.c
898	.bss	201776	2	0	3	1	getflags.c
900	FLAT	0	-1	0	3	0	getflags.c
901	tailmatch	173246	1	0	3	0	getflags.c
902	getnumber	173118	1	0	3	0	getflags.c
903	copyover	173346	1	0	3	0	getflags.c
904	isita	173210	1	0	3	0	getflags.c
905	.file	918	-2	0	103	3	D:\nt\private\crt32st\string\strdup.c
909	.text	173538	1	0	3	1	D:\nt\private\crt32st\string\strdup.c
911	.data	281968	3	0	3	1	D:\nt\private\crt32st\string\strdup.c
913	.data	327728	4	0	3	1	D:\nt\private\crt32st\string\strdup.c
915	.bss	201984	2	0	3	1	D:\nt\private\crt32st\string\strdup.c
917	FLAT	0	-1	0	3	0	D:\nt\private\crt32st\string\strdup.c
918	.file	929	-2	0	103	1	labels.c
920	.text	173634	1	0	3	1	labels.c
922	.data	281968	3	0	3	1	labels.c
924	.data	327728	4	0	3	1	labels.c
926	.bss	201984	2	0	3	1	labels.c
928	FLAT	0	-1	0	3	0	labels.c
929	.file	941	-2	0	103	2	D:\nt\private\crt32st\stdio\fclose.c
932	.text	173746	1	0	3	1	D:\nt\private\crt32st\stdio\fclose.c
934	.data	283136	3	0	3	1	D:\nt\private\crt32st\stdio\fclose.c
936	.data	327728	4	0	3	1	D:\nt\private\crt32st\stdio\fclose.c
938	.bss	201984	2	0	3	1	D:\nt\private\crt32st\stdio\fclose.c
940	FLAT	0	-1	0	3	0	D:\nt\private\crt32st\stdio\fclose.c
941	.file	954	-2	0	103	3	D:\nt\private\crt32st\stdio\_freebuf.c
945	.text	173970	1	0	3	1	D:\nt\private\crt32st\stdio\_freebuf.c
947	.data	283152	3	0	3	1	D:\nt\private\crt32st\stdio\_freebuf.c
949	.data	327728	4	0	3	1	D:\nt\private\crt32st\stdio\_freebuf.c
951	.bss	201984	2	0	3	1	D:\nt\private\crt32st\stdio\_freebuf.c
953	FLAT	0	-1	0	3	0	D:\nt\private\crt32st\stdio\_freebuf.c
954	.file	967	-2	0	103	2	D:\nt\private\crt32st\convert\xtoa.c
957	.text	174018	1	0	3	1	D:\nt\private\crt32st\convert\xtoa.c
959	.data	283152	3	0	3	1	D:\nt\private\crt32st\convert\xtoa.c
961	.data	327728	4	0	3	1	D:\nt\private\crt32st\convert\xtoa.c
963	.bss	201984	2	0	3	1	D:\nt\private\crt32st\convert\xtoa.c
965	FLAT	0	-1	0	3	0	D:\nt\private\crt32st\convert\xtoa.c
966	xtoa	174018	1	0	3	0	D:\nt\private\crt32st\convert\xtoa.c
967	.file	980	-2	0	103	2	D:\nt\private\crt32st\dos\unlink.c
970	.text	174242	1	0	3	1	D:\nt\private\crt32st\dos\unlink.c
972	.data	283152	3	0	3	1	D:\nt\private\crt32st\dos\unlink.c
974	.data	327728	4	0	3	1	D:\nt\private\crt32st\dos\unlink.c
976	.bss	201984	2	0	3	1	D:\nt\private\crt32st\dos\unlink.c
978	FLAT	0	-1	0	3	0	D:\nt\private\crt32st\dos\unlink.c
979	.idata$6	393676	5	0	3	0	D:\nt\private\crt32st\dos\unlink.c
980	.file	992	-2	0	103	2	D:\nt\private\crt32st\stdio\fgets.c
983	.text	174328	1	0	3	1	D:\nt\private\crt32st\stdio\fgets.c
985	.data	283152	3	0	3	1	D:\nt\private\crt32st\stdio\fgets.c
987	.data	327728	4	0	3	1	D:\nt\private\crt32st\stdio\fgets.c
989	.bss	201984	2	0	3	1	D:\nt\private\crt32st\stdio\fgets.c
991	FLAT	0	-1	0	3	0	D:\nt\private\crt32st\stdio\fgets.c
992	.file	1004	-2	0	103	2	D:\nt\private\crt32st\stdio\fopen.c
995	.text	174472	1	0	3	1	D:\nt\private\crt32st\stdio\fopen.c
997	.data	283152	3	0	3	1	D:\nt\private\crt32st\stdio\fopen.c
999	.data	327728	4	0	3	1	D:\nt\private\crt32st\stdio\fopen.c
1001	.bss	201984	2	0	3	1	D:\nt\private\crt32st\stdio\fopen.c
1003	FLAT	0	-1	0	3	0	D:\nt\private\crt32st\stdio\fopen.c
1004	.file	1016	-2	0	103	2	D:\nt\private\crt32st\stdio\stream.c
1007	.text	174536	1	0	3	1	D:\nt\private\crt32st\stdio\stream.c
1009	.data	283152	3	0	3	1	D:\nt\private\crt32st\stdio\stream.c
1011	.data	327728	4	0	3	1	D:\nt\private\crt32st\stdio\stream.c
1013	.bss	201984	2	0	3	1	D:\nt\private\crt32st\stdio\stream.c
1015	FLAT	0	-1	0	3	0	D:\nt\private\crt32st\stdio\stream.c
1016	.file	1028	-2	0	103	2	D:\nt\private\crt32st\stdio\_open.c
1019	.text	174600	1	0	3	1	D:\nt\private\crt32st\stdio\_open.c
1021	.data	283152	3	0	3	1	D:\nt\private\crt32st\stdio\_open.c
1023	.data	327728	4	0	3	1	D:\nt\private\crt32st\stdio\_open.c
1025	.bss	201984	2	0	3	1	D:\nt\private\crt32st\stdio\_open.c
1027	FLAT	0	-1	0	3	0	D:\nt\private\crt32st\stdio\_open.c
1028	.file	1041	-2	0	103	3	D:\nt\private\crt32st\stdio\ncommode.c
1032	.text	174904	1	0	3	1	D:\nt\private\crt32st\stdio\ncommode.c
1034	.data	283152	3	0	3	1	D:\nt\private\crt32st\stdio\ncommode.c
1036	.data	327728	4	0	3	1	D:\nt\private\crt32st\stdio\ncommode.c
1038	.bss	201984	2	0	3	1	D:\nt\private\crt32st\stdio\ncommode.c
1040	FLAT	0	-1	0	3	0	D:\nt\private\crt32st\stdio\ncommode.c
1041	.file	1056	-2	0	103	2	D:\nt\private\crt32st\lowio\open.c
1044	.text	174904	1	0	3	1	D:\nt\private\crt32st\lowio\open.c
1046	.data	283168	3	0	3	1	D:\nt\private\crt32st\lowio\open.c
1048	.data	327728	4	0	3	1	D:\nt\private\crt32st\lowio\open.c
1050	.bss	201984	2	0	3	1	D:\nt\private\crt32st\lowio\open.c
1052	FLAT	0	-1	0	3	0	D:\nt\private\crt32st\lowio\open.c
1053	.idata$6	393690	5	0	3	0	D:\nt\private\crt32st\lowio\open.c
1054	.idata$6	393704	5	0	3	0	D:\nt\private\crt32st\lowio\open.c
1055	.idata$6	393726	5	0	3	0	D:\nt\private\crt32st\lowio\open.c
1056	.file	1068	-2	0	103	2	D:\nt\private\crt32st\dos\access.c
1059	.text	175706	1	0	3	1	D:\nt\private\crt32st\dos\access.c
1061	.data	283168	3	0	3	1	D:\nt\private\crt32st\dos\access.c
1063	.data	327728	4	0	3	1	D:\nt\private\crt32st\dos\access.c
1065	.bss	201984	2	0	3	1	D:\nt\private\crt32st\dos\access.c
1067	FLAT	0	-1	0	3	0	D:\nt\private\crt32st\dos\access.c
1068	.file	1080	-2	0	103	2	D:\nt\private\crt32st\lowio\chsize.c
1071	.text	175802	1	0	3	1	D:\nt\private\crt32st\lowio\chsize.c
1073	.data	283168	3	0	3	1	D:\nt\private\crt32st\lowio\chsize.c
1075	.data	327728	4	0	3	1	D:\nt\private\crt32st\lowio\chsize.c
1077	.bss	201984	2	0	3	1	D:\nt\private\crt32st\lowio\chsize.c
1079	FLAT	0	-1	0	3	0	D:\nt\private\crt32st\lowio\chsize.c
1080	.file	1093	-2	0	103	3	D:\nt\private\crt32st\lowio\setmode.c
1084	.text	176138	1	0	3	1	D:\nt\private\crt32st\lowio\setmode.c
1086	.data	283168	3	0	3	1	D:\nt\private\crt32st\lowio\setmode.c
1088	.data	327728	4	0	3	1	D:\nt\private\crt32st\lowio\setmode.c
1090	.bss	201984	2	0	3	1	D:\nt\private\crt32st\lowio\setmode.c
1092	FLAT	0	-1	0	3	0	D:\nt\private\crt32st\lowio\setmode.c
1093	.file	1106	-2	0	103	3	D:\nt\private\crt32st\stdio\fprintf.c
1097	.text	176282	1	0	3	1	D:\nt\private\crt32st\stdio\fprintf.c
1099	.data	283168	3	0	3	1	D:\nt\private\crt32st\stdio\fprintf.c
1101	.data	327728	4	0	3	1	D:\nt\private\crt32st\stdio\fprintf.c
1103	.bss	201984	2	0	3	1	D:\nt\private\crt32st\stdio\fprintf.c
1105	FLAT	0	-1	0	3	0	D:\nt\private\crt32st\stdio\fprintf.c
1106	.file	1119	-2	0	103	3	D:\nt\private\crt32st\stdio\_sftbuf.c
1110	.text	176346	1	0	3	1	D:\nt\private\crt32st\stdio\_sftbuf.c
1112	.data	283168	3	0	3	1	D:\nt\private\crt32st\stdio\_sftbuf.c
1114	.data	327728	4	0	3	1	D:\nt\private\crt32st\stdio\_sftbuf.c
1116	.bss	201984	2	0	3	1	D:\nt\private\crt32st\stdio\_sftbuf.c
1118	FLAT	0	-1	0	3	0	D:\nt\private\crt32st\stdio\_sftbuf.c
1119	.file	1137	-2	0	103	2	D:\nt\private\crt32st\stdio\output.c
1122	.text	176586	1	0	3	1	D:\nt\private\crt32st\stdio\output.c
1124	.data	283184	3	0	3	1	D:\nt\private\crt32st\stdio\output.c
1126	.data	327728	4	0	3	1	D:\nt\private\crt32st\stdio\output.c
1128	.bss	201984	2	0	3	1	D:\nt\private\crt32st\stdio\output.c
1130	FLAT	0	-1	0	3	0	D:\nt\private\crt32st\stdio\output.c
1131	write_multi_char	178518	1	0	3	0	D:\nt\private\crt32st\stdio\output.c
1132	get_long_arg	178678	1	0	3	0	D:\nt\private\crt32st\stdio\output.c
1133	write_wstring	178610	1	0	3	0	D:\nt\private\crt32st\stdio\output.c
1134	write_char	178442	1	0	3	0	D:\nt\private\crt32st\stdio\output.c
1135	get_int_arg	178662	1	0	3	0	D:\nt\private\crt32st\stdio\output.c
1136	write_string	178562	1	0	3	0	D:\nt\private\crt32st\stdio\output.c
1137	.file	1149	-2	0	103	2	D:\nt\private\crt32st\stdio\fputc.c
1140	.text	178698	1	0	3	1	D:\nt\private\crt32st\stdio\fputc.c
1142	.data	283296	3	0	3	1	D:\nt\private\crt32st\stdio\fputc.c
1144	.data	327728	4	0	3	1	D:\nt\private\crt32st\stdio\fputc.c
1146	.bss	201984	2	0	3	1	D:\nt\private\crt32st\stdio\fputc.c
1148	FLAT	0	-1	0	3	0	D:\nt\private\crt32st\stdio\fputc.c
1149	.file	1161	-2	0	103	2	D:\nt\private\crt32st\stdio\fread.c
1152	.text	178794	1	0	3	1	D:\nt\private\crt32st\stdio\fread.c
1154	.data	283296	3	0	3	1	D:\nt\private\crt32st\stdio\fread.c
1156	.data	327728	4	0	3	1	D:\nt\private\crt32st\stdio\fread.c
1158	.bss	201984	2	0	3	1	D:\nt\private\crt32st\stdio\fread.c
1160	FLAT	0	-1	0	3	0	D:\nt\private\crt32st\stdio\fread.c
1161	.file	1173	-2	0	103	2	D:\nt\private\crt32st\heap\free.c
1164	.text	179082	1	0	3	1	D:\nt\private\crt32st\heap\free.c
1166	.data	283296	3	0	3	1	D:\nt\private\crt32st\heap\free.c
1168	.data	327728	4	0	3	1	D:\nt\private\crt32st\heap\free.c
1170	.bss	201984	2	0	3	1	D:\nt\private\crt32st\heap\free.c
1172	FLAT	0	-1	0	3	0	D:\nt\private\crt32st\heap\free.c
1173	.file	1186	-2	0	103	3	D:\nt\private\crt32st\stdio\freopen.c
1177	.text	179194	1	0	3	1	D:\nt\private\crt32st\stdio\freopen.c
1179	.data	283296	3	0	3	1	D:\nt\private\crt32st\stdio\freopen.c
1181	.data	327728	4	0	3	1	D:\nt\private\crt32st\stdio\freopen.c
1183	.bss	201984	2	0	3	1	D:\nt\private\crt32st\stdio\freopen.c
1185	FLAT	0	-1	0	3	0	D:\nt\private\crt32st\stdio\freopen.c
1186	.file	1198	-2	0	103	2	D:\nt\private\crt32st\stdio\fseek.c
1189	.text	179290	1	0	3	1	D:\nt\private\crt32st\stdio\fseek.c
1191	.data	283296	3	0	3	1	D:\nt\private\crt32st\stdio\fseek.c
1193	.data	327728	4	0	3	1	D:\nt\private\crt32st\stdio\fseek.c
1195	.bss	201984	2	0	3	1	D:\nt\private\crt32st\stdio\fseek.c
1197	FLAT	0	-1	0	3	0	D:\nt\private\crt32st\stdio\fseek.c
1198	.file	1210	-2	0	103	2	D:\nt\private\crt32st\stdio\ftell.c
1201	.text	179434	1	0	3	1	D:\nt\private\crt32st\stdio\ftell.c
1203	.data	283296	3	0	3	1	D:\nt\private\crt32st\stdio\ftell.c
1205	.data	327728	4	0	3	1	D:\nt\private\crt32st\stdio\ftell.c
1207	.bss	201984	2	0	3	1	D:\nt\private\crt32st\stdio\ftell.c
1209	FLAT	0	-1	0	3	0	D:\nt\private\crt32st\stdio\ftell.c
1210	.file	1222	-2	0	103	2	D:\nt\private\crt32st\stdio\fwrite.c
1213	.text	179786	1	0	3	1	D:\nt\private\crt32st\stdio\fwrite.c
1215	.data	283296	3	0	3	1	D:\nt\private\crt32st\stdio\fwrite.c
1217	.data	327728	4	0	3	1	D:\nt\private\crt32st\stdio\fwrite.c
1219	.bss	201984	2	0	3	1	D:\nt\private\crt32st\stdio\fwrite.c
1221	FLAT	0	-1	0	3	0	D:\nt\private\crt32st\stdio\fwrite.c
1222	.file	1238	-2	0	103	1	get_err.c
1224	.text	180122	1	0	3	1	get_err.c
1226	.data	283296	3	0	3	1	get_err.c
1228	.data	327728	4	0	3	1	get_err.c
1230	.bss	201984	2	0	3	1	get_err.c
1232	FLAT	0	-1	0	3	0	get_err.c
1233	get_msg	180250	1	0	3	0	get_err.c
1234	nearest	180602	1	0	3	0	get_err.c
1235	get_message	180398	1	0	3	0	get_err.c
1236	mark_pos	180538	1	0	3	0	get_err.c
1237	get_int	180478	1	0	3	0	get_err.c
1238	.file	1250	-2	0	103	2	D:\nt\private\crt32st\misc\getenv.c
1241	.text	180714	1	0	3	1	D:\nt\private\crt32st\misc\getenv.c
1243	.data	283616	3	0	3	1	D:\nt\private\crt32st\misc\getenv.c
1245	.data	327728	4	0	3	1	D:\nt\private\crt32st\misc\getenv.c
1247	.bss	201984	2	0	3	1	D:\nt\private\crt32st\misc\getenv.c
1249	FLAT	0	-1	0	3	0	D:\nt\private\crt32st\misc\getenv.c
1250	.file	1261	-2	0	103	1	srclist2.c
1252	.text	180842	1	0	3	1	srclist2.c
1254	.data	283616	3	0	3	1	srclist2.c
1256	.data	327728	4	0	3	1	srclist2.c
1258	.bss	201984	2	0	3	1	srclist2.c
1260	FLAT	0	-1	0	3	0	srclist2.c
1261	.file	1274	-2	0	103	3	D:\nt\private\crt32st\time\localtim.c
1265	.text	180970	1	0	3	1	D:\nt\private\crt32st\time\localtim.c
1267	.data	283648	3	0	3	1	D:\nt\private\crt32st\time\localtim.c
1269	.data	327728	4	0	3	1	D:\nt\private\crt32st\time\localtim.c
1271	.bss	201984	2	0	3	1	D:\nt\private\crt32st\time\localtim.c
1273	FLAT	0	-1	0	3	0	D:\nt\private\crt32st\time\localtim.c
1274	.file	1286	-2	0	103	2	D:\nt\private\crt32st\time\tzset.c
1277	.text	181082	1	0	3	1	D:\nt\private\crt32st\time\tzset.c
1279	.data	283648	3	0	3	1	D:\nt\private\crt32st\time\tzset.c
1281	.data	327728	4	0	3	1	D:\nt\private\crt32st\time\tzset.c
1283	.bss	201984	2	0	3	1	D:\nt\private\crt32st\time\tzset.c
1285	FLAT	0	-1	0	3	0	D:\nt\private\crt32st\time\tzset.c
1286	.file	1298	-2	0	103	2	D:\nt\private\crt32st\time\timeset.c
1289	.text	181482	1	0	3	1	D:\nt\private\crt32st\time\timeset.c
1291	.data	283664	3	0	3	1	D:\nt\private\crt32st\time\timeset.c
1293	.data	327728	4	0	3	1	D:\nt\private\crt32st\time\timeset.c
1295	.bss	202000	2	0	3	1	D:\nt\private\crt32st\time\timeset.c
1297	FLAT	0	-1	0	3	0	D:\nt\private\crt32st\time\timeset.c
1298	.file	1310	-2	0	103	2	D:\nt\private\crt32st\time\days.c
1301	.text	181482	1	0	3	1	D:\nt\private\crt32st\time\days.c
1303	.data	283760	3	0	3	1	D:\nt\private\crt32st\time\days.c
1305	.data	327728	4	0	3	1	D:\nt\private\crt32st\time\days.c
1307	.bss	202000	2	0	3	1	D:\nt\private\crt32st\time\days.c
1309	FLAT	0	-1	0	3	0	D:\nt\private\crt32st\time\days.c
1310	.file	1322	-2	0	103	2	D:\nt\private\crt32st\time\gmtime.c
1313	.text	181482	1	0	3	1	D:\nt\private\crt32st\time\gmtime.c
1315	.data	283872	3	0	3	1	D:\nt\private\crt32st\time\gmtime.c
1317	.data	327728	4	0	3	1	D:\nt\private\crt32st\time\gmtime.c
1319	.bss	202000	2	0	3	1	D:\nt\private\crt32st\time\gmtime.c
1321	FLAT	0	-1	0	3	0	D:\nt\private\crt32st\time\gmtime.c
1322	.file	1334	-2	0	103	2	D:\nt\private\crt32st\heap\malloc.c
1325	.text	181914	1	0	3	1	D:\nt\private\crt32st\heap\malloc.c
1327	.data	283920	3	0	3	1	D:\nt\private\crt32st\heap\malloc.c
1329	.data	327728	4	0	3	1	D:\nt\private\crt32st\heap\malloc.c
1331	.bss	202000	2	0	3	1	D:\nt\private\crt32st\heap\malloc.c
1333	FLAT	0	-1	0	3	0	D:\nt\private\crt32st\heap\malloc.c
1334	.file	1349	-2	0	103	3	D:\nt\private\crt32st\heap\heapgrow.c
1338	.text	182170	1	0	3	1	D:\nt\private\crt32st\heap\heapgrow.c
1340	.data	283920	3	0	3	1	D:\nt\private\crt32st\heap\heapgrow.c
1342	.data	327728	4	0	3	1	D:\nt\private\crt32st\heap\heapgrow.c
1344	.bss	202000	2	0	3	1	D:\nt\private\crt32st\heap\heapgrow.c
1346	FLAT	0	-1	0	3	0	D:\nt\private\crt32st\heap\heapgrow.c
1347	_heap_new_region	182286	1	0	3	0	D:\nt\private\crt32st\heap\heapgrow.c
1348	.idata$6	393742	5	0	3	0	D:\nt\private\crt32st\heap\heapgrow.c
1349	.file	1362	-2	0	103	2	D:\nt\private\crt32st\heap\heapadd.c
1352	.text	182736	1	0	3	1	D:\nt\private\crt32st\heap\heapadd.c
1354	.data	283920	3	0	3	1	D:\nt\private\crt32st\heap\heapadd.c
1356	.data	327728	4	0	3	1	D:\nt\private\crt32st\heap\heapadd.c
1358	.bss	202000	2	0	3	1	D:\nt\private\crt32st\heap\heapadd.c
1360	FLAT	0	-1	0	3	0	D:\nt\private\crt32st\heap\heapadd.c
1361	_before	183248	1	0	3	0	D:\nt\private\crt32st\heap\heapadd.c
1362	.file	1375	-2	0	103	3	D:\nt\private\crt32st\heap\findaddr.c
1366	.text	183408	1	0	3	1	D:\nt\private\crt32st\heap\findaddr.c
1368	.data	283920	3	0	3	1	D:\nt\private\crt32st\heap\findaddr.c
1370	.data	327728	4	0	3	1	D:\nt\private\crt32st\heap\findaddr.c
1372	.bss	202000	2	0	3	1	D:\nt\private\crt32st\heap\findaddr.c
1374	FLAT	0	-1	0	3	0	D:\nt\private\crt32st\heap\findaddr.c
1375	.file	1388	-2	0	103	3	D:\nt\private\crt32st\heap\heapsrch.c
1379	.text	183536	1	0	3	1	D:\nt\private\crt32st\heap\heapsrch.c
1381	.data	283920	3	0	3	1	D:\nt\private\crt32st\heap\heapsrch.c
1383	.data	327728	4	0	3	1	D:\nt\private\crt32st\heap\heapsrch.c
1385	.bss	202000	2	0	3	1	D:\nt\private\crt32st\heap\heapsrch.c
1387	FLAT	0	-1	0	3	0	D:\nt\private\crt32st\heap\heapsrch.c
1388	.file	1401	-2	0	103	3	D:\nt\private\crt32st\string\memchr.c
1392	.text	183824	1	0	3	1	D:\nt\private\crt32st\string\memchr.c
1394	.data	283920	3	0	3	1	D:\nt\private\crt32st\string\memchr.c
1396	.data	327728	4	0	3	1	D:\nt\private\crt32st\string\memchr.c
1398	.bss	202000	2	0	3	1	D:\nt\private\crt32st\string\memchr.c
1400	FLAT	0	-1	0	3	0	D:\nt\private\crt32st\string\memchr.c
1401	.file	1414	-2	0	103	3	D:\nt\private\crt32st\string\memmove.c
1405	.text	183888	1	0	3	1	D:\nt\private\crt32st\string\memmove.c
1407	.data	283920	3	0	3	1	D:\nt\private\crt32st\string\memmove.c
1409	.data	327728	4	0	3	1	D:\nt\private\crt32st\string\memmove.c
1411	.bss	202000	2	0	3	1	D:\nt\private\crt32st\string\memmove.c
1413	FLAT	0	-1	0	3	0	D:\nt\private\crt32st\string\memmove.c
1414	.file	1427	-2	0	103	3	D:\nt\private\crt32st\string\memset.c
1418	.text	183984	1	0	3	1	D:\nt\private\crt32st\string\memset.c
1420	.data	283920	3	0	3	1	D:\nt\private\crt32st\string\memset.c
1422	.data	327728	4	0	3	1	D:\nt\private\crt32st\string\memset.c
1424	.bss	202000	2	0	3	1	D:\nt\private\crt32st\string\memset.c
1426	FLAT	0	-1	0	3	0	D:\nt\private\crt32st\string\memset.c
1427	.file	1438	-2	0	103	1	ltoa.c
1429	.text	184032	1	0	3	1	ltoa.c
1431	.data	283920	3	0	3	1	ltoa.c
1433	.data	327728	4	0	3	1	ltoa.c
1435	.bss	202000	2	0	3	1	ltoa.c
1437	FLAT	0	-1	0	3	0	ltoa.c
1438	.file	1450	-2	0	103	2	D:\nt\private\crt32st\misc\perror.c
1441	.text	184160	1	0	3	1	D:\nt\private\crt32st\misc\perror.c
1443	.data	283968	3	0	3	1	D:\nt\private\crt32st\misc\perror.c
1445	.data	327728	4	0	3	1	D:\nt\private\crt32st\misc\perror.c
1447	.bss	202000	2	0	3	1	D:\nt\private\crt32st\misc\perror.c
1449	FLAT	0	-1	0	3	0	D:\nt\private\crt32st\misc\perror.c
1450	.file	1462	-2	0	103	2	D:\nt\private\crt32st\misc\syserr.c
1453	.text	184320	1	0	3	1	D:\nt\private\crt32st\misc\syserr.c
1455	.data	283984	3	0	3	1	D:\nt\private\crt32st\misc\syserr.c
1457	.data	327728	4	0	3	1	D:\nt\private\crt32st\misc\syserr.c
1459	.bss	202000	2	0	3	1	D:\nt\private\crt32st\misc\syserr.c
1461	FLAT	0	-1	0	3	0	D:\nt\private\crt32st\misc\syserr.c
1462	.file	1474	-2	0	103	2	D:\nt\private\crt32st\stdio\printf.c
1465	.text	184320	1	0	3	1	D:\nt\private\crt32st\stdio\printf.c
1467	.data	284816	3	0	3	1	D:\nt\private\crt32st\stdio\printf.c
1469	.data	327728	4	0	3	1	D:\nt\private\crt32st\stdio\printf.c
1471	.bss	202000	2	0	3	1	D:\nt\private\crt32st\stdio\printf.c
1473	FLAT	0	-1	0	3	0	D:\nt\private\crt32st\stdio\printf.c
1474	.file	1486	-2	0	103	2	D:\nt\private\crt32st\stdio\rewind.c
1477	.text	184384	1	0	3	1	D:\nt\private\crt32st\stdio\rewind.c
1479	.data	284816	3	0	3	1	D:\nt\private\crt32st\stdio\rewind.c
1481	.data	327728	4	0	3	1	D:\nt\private\crt32st\stdio\rewind.c
1483	.bss	202000	2	0	3	1	D:\nt\private\crt32st\stdio\rewind.c
1485	FLAT	0	-1	0	3	0	D:\nt\private\crt32st\stdio\rewind.c
1486	.file	1499	-2	0	103	3	D:\nt\private\crt32st\stdio\setvbuf.c
1490	.text	184464	1	0	3	1	D:\nt\private\crt32st\stdio\setvbuf.c
1492	.data	284816	3	0	3	1	D:\nt\private\crt32st\stdio\setvbuf.c
1494	.data	327728	4	0	3	1	D:\nt\private\crt32st\stdio\setvbuf.c
1496	.bss	202000	2	0	3	1	D:\nt\private\crt32st\stdio\setvbuf.c
1498	FLAT	0	-1	0	3	0	D:\nt\private\crt32st\stdio\setvbuf.c
1499	.file	1512	-2	0	103	3	D:\nt\private\crt32st\stdio\sprintf.c
1503	.text	184672	1	0	3	1	D:\nt\private\crt32st\stdio\sprintf.c
1505	.data	284816	3	0	3	1	D:\nt\private\crt32st\stdio\sprintf.c
1507	.data	327728	4	0	3	1	D:\nt\private\crt32st\stdio\sprintf.c
1509	.bss	202000	2	0	3	1	D:\nt\private\crt32st\stdio\sprintf.c
1511	FLAT	0	-1	0	3	0	D:\nt\private\crt32st\stdio\sprintf.c
1512	.file	1525	-2	0	103	3	D:\nt\private\crt32st\string\strchr.c
1516	.text	184784	1	0	3	1	D:\nt\private\crt32st\string\strchr.c
1518	.data	284816	3	0	3	1	D:\nt\private\crt32st\string\strchr.c
1520	.data	327728	4	0	3	1	D:\nt\private\crt32st\string\strchr.c
1522	.bss	202032	2	0	3	1	D:\nt\private\crt32st\string\strchr.c
1524	FLAT	0	-1	0	3	0	D:\nt\private\crt32st\string\strchr.c
1525	.file	1538	-2	0	103	3	D:\nt\private\crt32st\string\strcat.c
1529	.text	184832	1	0	3	1	D:\nt\private\crt32st\string\strcat.c
1531	.data	284816	3	0	3	1	D:\nt\private\crt32st\string\strcat.c
1533	.data	327728	4	0	3	1	D:\nt\private\crt32st\string\strcat.c
1535	.bss	202032	2	0	3	1	D:\nt\private\crt32st\string\strcat.c
1537	FLAT	0	-1	0	3	0	D:\nt\private\crt32st\string\strcat.c
1538	.file	1551	-2	0	103	3	D:\nt\private\crt32st\string\strlen.c
1542	.text	184912	1	0	3	1	D:\nt\private\crt32st\string\strlen.c
1544	.data	284816	3	0	3	1	D:\nt\private\crt32st\string\strlen.c
1546	.data	327728	4	0	3	1	D:\nt\private\crt32st\string\strlen.c
1548	.bss	202032	2	0	3	1	D:\nt\private\crt32st\string\strlen.c
1550	FLAT	0	-1	0	3	0	D:\nt\private\crt32st\string\strlen.c
1551	.file	1564	-2	0	103	3	D:\nt\private\crt32st\string\strncmp.c
1555	.text	184944	1	0	3	1	D:\nt\private\crt32st\string\strncmp.c
1557	.data	284816	3	0	3	1	D:\nt\private\crt32st\string\strncmp.c
1559	.data	327728	4	0	3	1	D:\nt\private\crt32st\string\strncmp.c
1561	.bss	202032	2	0	3	1	D:\nt\private\crt32st\string\strncmp.c
1563	FLAT	0	-1	0	3	0	D:\nt\private\crt32st\string\strncmp.c
1564	.file	1577	-2	0	103	3	D:\nt\private\crt32st\string\strncpy.c
1568	.text	185008	1	0	3	1	D:\nt\private\crt32st\string\strncpy.c
1570	.data	284816	3	0	3	1	D:\nt\private\crt32st\string\strncpy.c
1572	.data	327728	4	0	3	1	D:\nt\private\crt32st\string\strncpy.c
1574	.bss	202032	2	0	3	1	D:\nt\private\crt32st\string\strncpy.c
1576	FLAT	0	-1	0	3	0	D:\nt\private\crt32st\string\strncpy.c
1577	.file	1590	-2	0	103	2	D:\nt\private\crt32st\time\time.c
1580	.text	185072	1	0	3	1	D:\nt\private\crt32st\time\time.c
1582	.data	284816	3	0	3	1	D:\nt\private\crt32st\time\time.c
1584	.data	327728	4	0	3	1	D:\nt\private\crt32st\time\time.c
1586	.bss	202032	2	0	3	1	D:\nt\private\crt32st\time\time.c
1588	FLAT	0	-1	0	3	0	D:\nt\private\crt32st\time\time.c
1589	.idata$6	393756	5	0	3	0	D:\nt\private\crt32st\time\time.c
1590	.file	0	-2	0	103	3	D:\nt\private\crt32st\time\dtoxtime.c
1594	.text	185158	1	0	3	1	D:\nt\private\crt32st\time\dtoxtime.c
1596	.data	284816	3	0	3	1	D:\nt\private\crt32st\time\dtoxtime.c
1598	.data	327728	4	0	3	1	D:\nt\private\crt32st\time\dtoxtime.c
1600	.bss	202032	2	0	3	1	D:\nt\private\crt32st\time\dtoxtime.c
1602	FLAT	0	-1	0	3	0	D:\nt\private\crt32st\time\dtoxtime.c
1603	.idata$6	393772	5	0	3	0	D:\nt\private\crt32st\time\dtoxtime.c
1604	.idata$6	393806	5	0	3	0	D:\nt\private\crt32st\time\dtoxtime.c
1605	__except_list	0	-1	0	2	0	D:\nt\private\crt32st\time\dtoxtime.c
1606	header	0	-2	0	2	0	D:\nt\private\crt32st\time\dtoxtime.c
1607	_nextword	65536	1	0	2	0	D:\nt\private\crt32st\time\dtoxtime.c
1608	_main	65572	1	0	2	0	D:\nt\private\crt32st\time\dtoxtime.c
1609	_final	67840	1	0	2	0	D:\nt\private\crt32st\time\dtoxtime.c
1610	_GetSourceLine	68560	1	0	2	0	D:\nt\private\crt32st\time\dtoxtime.c
1611	_mingle	68588	1	0	2	0	D:\nt\private\crt32st\time\dtoxtime.c
1612	_fin_mingle	68740	1	0	2	0	D:\nt\private\crt32st\time\dtoxtime.c
1613	_recover	68848	1	0	2	0	D:\nt\private\crt32st\time\dtoxtime.c
1614	_code_bias	69176	1	0	2	0	D:\nt\private\crt32st\time\dtoxtime.c
1615	_get_node	69208	1	0	2	0	D:\nt\private\crt32st\time\dtoxtime.c
1616	_heap_overflow	69296	1	0	2	0	D:\nt\private\crt32st\time\dtoxtime.c
1617	_freemem	69312	1	0	2	0	D:\nt\private\crt32st\time\dtoxtime.c
1618	_getmem	69432	1	0	2	0	D:\nt\private\crt32st\time\dtoxtime.c
1619	_pcheck	69592	1	0	2	0	D:\nt\private\crt32st\time\dtoxtime.c
1620	_adjust_code_pool	69672	1	0	2	0	D:\nt\private\crt32st\time\dtoxtime.c
1621	_clear	69692	1	0	2	0	D:\nt\private\crt32st\time\dtoxtime.c
1622	_freelst	69736	1	0	2	0	D:\nt\private\crt32st\time\dtoxtime.c
1623	_pstrdup	69780	1	0	2	0	D:\nt\private\crt32st\time\dtoxtime.c
1624	_cpybuf	69860	1	0	2	0	D:\nt\private\crt32st\time\dtoxtime.c
1625	_CheckFarHeap	69892	1	0	2	0	D:\nt\private\crt32st\time\dtoxtime.c
1626	_CheckNearHeap	69932	1	0	2	0	D:\nt\private\crt32st\time\dtoxtime.c
1627	_read_seginfo	69984	1	0	2	0	D:\nt\private\crt32st\time\dtoxtime.c
1628	_init_obj	70852	1	0	2	0	D:\nt\private\crt32st\time\dtoxtime.c
1629	_set_class	72880	1	0	2	0	D:\nt\private\crt32st\time\dtoxtime.c
1630	_calc_fixes	73028	1	0	2	0	D:\nt\private\crt32st\time\dtoxtime.c
1631	_fix_symbol	73412	1	0	2	0	D:\nt\private\crt32st\time\dtoxtime.c
1632	_symbol_fixup	73948	1	0	2	0	D:\nt\private\crt32st\time\dtoxtime.c
1633	_eGRPDEF	74284	1	0	2	0	D:\nt\private\crt32st\time\dtoxtime.c
1634	_emit_comment	74352	1	0	2	0	D:\nt\private\crt32st\time\dtoxtime.c
1635	_emit_huge_array	74804	1	0	2	0	D:\nt\private\crt32st\time\dtoxtime.c
1636	_getnew	74944	1	0	2	0	D:\nt\private\crt32st\time\dtoxtime.c
1637	_findseg	74984	1	0	2	0	D:\nt\private\crt32st\time\dtoxtime.c
1638	_eFIXLIST	75040	1	0	2	0	D:\nt\private\crt32st\time\dtoxtime.c
1639	_emitc	75096	1	0	2	0	D:\nt\private\crt32st\time\dtoxtime.c
1640	_emitw	75152	1	0	2	0	D:\nt\private\crt32st\time\dtoxtime.c
1641	_emitl	75196	1	0	2	0	D:\nt\private\crt32st\time\dtoxtime.c
1642	_emitlp	75228	1	0	2	0	D:\nt\private\crt32st\time\dtoxtime.c
1643	_emitn	75260	1	0	2	0	D:\nt\private\crt32st\time\dtoxtime.c
1644	_StripDname	75336	1	0	2	0	D:\nt\private\crt32st\time\dtoxtime.c
1645	_emitname	75432	1	0	2	0	D:\nt\private\crt32st\time\dtoxtime.c
1646	_emitlongname	75564	1	0	2	0	D:\nt\private\crt32st\time\dtoxtime.c
1647	_emitz	75676	1	0	2	0	D:\nt\private\crt32st\time\dtoxtime.c
1648	_emitindex	75740	1	0	2	0	D:\nt\private\crt32st\time\dtoxtime.c
1649	_emit_leafdescriptor	75804	1	0	2	0	D:\nt\private\crt32st\time\dtoxtime.c
1650	_emit_comdeflength	75916	1	0	2	0	D:\nt\private\crt32st\time\dtoxtime.c
1651	_init_rec	76036	1	0	2	0	D:\nt\private\crt32st\time\dtoxtime.c
1652	_emit_init	76256	1	0	2	0	D:\nt\private\crt32st\time\dtoxtime.c
1653	_uppercasify	76348	1	0	2	0	D:\nt\private\crt32st\time\dtoxtime.c
1654	_put_data	76380	1	0	2	0	D:\nt\private\crt32st\time\dtoxtime.c
1655	_makename	76520	1	0	2	0	D:\nt\private\crt32st\time\dtoxtime.c
1656	_add_segment	77144	1	0	2	0	D:\nt\private\crt32st\time\dtoxtime.c
1657	_init_seg	77208	1	0	2	0	D:\nt\private\crt32st\time\dtoxtime.c
1658	_beginrec	77280	1	0	2	0	D:\nt\private\crt32st\time\dtoxtime.c
1659	_flushn	77444	1	0	2	0	D:\nt\private\crt32st\time\dtoxtime.c
1660	_newrec	77468	1	0	2	0	D:\nt\private\crt32st\time\dtoxtime.c
1661	_endrec	78028	1	0	2	0	D:\nt\private\crt32st\time\dtoxtime.c
1662	_eTHEADR	78232	1	0	2	0	D:\nt\private\crt32st\time\dtoxtime.c
1663	_eCOMENT	78260	1	0	2	0	D:\nt\private\crt32st\time\dtoxtime.c
1664	_eLLNAME	78380	1	0	2	0	D:\nt\private\crt32st\time\dtoxtime.c
1665	_eLNAME	78420	1	0	2	0	D:\nt\private\crt32st\time\dtoxtime.c
1666	_eSEGDEF	78460	1	0	2	0	D:\nt\private\crt32st\time\dtoxtime.c
1667	_eCOMDEF	78692	1	0	2	0	D:\nt\private\crt32st\time\dtoxtime.c
1668	_eEXTDEF	78856	1	0	2	0	D:\nt\private\crt32st\time\dtoxtime.c
1669	_eLEXTDEF	78884	1	0	2	0	D:\nt\private\crt32st\time\dtoxtime.c
1670	_eEDEF	78912	1	0	2	0	D:\nt\private\crt32st\time\dtoxtime.c
1671	_eCEXTDEF	78960	1	0	2	0	D:\nt\private\crt32st\time\dtoxtime.c
1672	_emit_comdat_sym	79028	1	0	2	0	D:\nt\private\crt32st\time\dtoxtime.c
1673	_ePUBDEF	79124	1	0	2	0	D:\nt\private\crt32st\time\dtoxtime.c
1674	_eLPUBDEF	79152	1	0	2	0	D:\nt\private\crt32st\time\dtoxtime.c
1675	_ePDEF	79180	1	0	2	0	D:\nt\private\crt32st\time\dtoxtime.c
1676	_emit_line_number	79232	1	0	2	0	D:\nt\private\crt32st\time\dtoxtime.c
1677	_eLINNUM	79284	1	0	2	0	D:\nt\private\crt32st\time\dtoxtime.c
1678	_eLIDATA	79492	1	0	2	0	D:\nt\private\crt32st\time\dtoxtime.c
1679	_eCOMDAT	79612	1	0	2	0	D:\nt\private\crt32st\time\dtoxtime.c
1680	_eLINSYM	79956	1	0	2	0	D:\nt\private\crt32st\time\dtoxtime.c
1681	_emitnum	80384	1	0	2	0	D:\nt\private\crt32st\time\dtoxtime.c
1682	_eFIXUPP	80516	1	0	2	0	D:\nt\private\crt32st\time\dtoxtime.c
1683	_emit_thread	80692	1	0	2	0	D:\nt\private\crt32st\time\dtoxtime.c
1684	_eMODEND	80768	1	0	2	0	D:\nt\private\crt32st\time\dtoxtime.c
1685	_emit_syms	80796	1	0	2	0	D:\nt\private\crt32st\time\dtoxtime.c
1686	_emit_pubs	81048	1	0	2	0	D:\nt\private\crt32st\time\dtoxtime.c
1687	_common_name	81360	1	0	2	0	D:\nt\private\crt32st\time\dtoxtime.c
1688	_symbols	81404	1	0	2	0	D:\nt\private\crt32st\time\dtoxtime.c
1689	_fin_obj	81552	1	0	2	0	D:\nt\private\crt32st\time\dtoxtime.c
1690	_put_object	81900	1	0	2	0	D:\nt\private\crt32st\time\dtoxtime.c
1691	_put_val	82068	1	0	2	0	D:\nt\private\crt32st\time\dtoxtime.c
1692	_fix_ms	82624	1	0	2	0	D:\nt\private\crt32st\time\dtoxtime.c
1693	_fix_pointer	82836	1	0	2	0	D:\nt\private\crt32st\time\dtoxtime.c
1694	_fix_32_pointer	82864	1	0	2	0	D:\nt\private\crt32st\time\dtoxtime.c
1695	_fix_base	82892	1	0	2	0	D:\nt\private\crt32st\time\dtoxtime.c
1696	_fix_offset	82920	1	0	2	0	D:\nt\private\crt32st\time\dtoxtime.c
1697	_fix_relative	82948	1	0	2	0	D:\nt\private\crt32st\time\dtoxtime.c
1698	_EmitRegVar	82976	1	0	2	0	D:\nt\private\crt32st\time\dtoxtime.c
1699	_new_data_rec	83064	1	0	2	0	D:\nt\private\crt32st\time\dtoxtime.c
1700	_find_comdat_index	83108	1	0	2	0	D:\nt\private\crt32st\time\dtoxtime.c
1701	_create_comdat_index_list	83176	1	0	2	0	D:\nt\private\crt32st\time\dtoxtime.c
1702	_set_offset	83264	1	0	2	0	D:\nt\private\crt32st\time\dtoxtime.c
1703	_calc_offsets	83676	1	0	2	0	D:\nt\private\crt32st\time\dtoxtime.c
1704	_extract_node	83756	1	0	2	0	D:\nt\private\crt32st\time\dtoxtime.c
1705	_ins_node	83800	1	0	2	0	D:\nt\private\crt32st\time\dtoxtime.c
1706	_next_node	83848	1	0	2	0	D:\nt\private\crt32st\time\dtoxtime.c
1707	_next_instr	83872	1	0	2	0	D:\nt\private\crt32st\time\dtoxtime.c
1708	_prev_instr	83896	1	0	2	0	D:\nt\private\crt32st\time\dtoxtime.c
1709	_prev_node	83920	1	0	2	0	D:\nt\private\crt32st\time\dtoxtime.c
1710	_new_instr	83944	1	0	2	0	D:\nt\private\crt32st\time\dtoxtime.c
1711	_label_check	84096	1	0	2	0	D:\nt\private\crt32st\time\dtoxtime.c
1712	_new_label	84160	1	0	2	0	D:\nt\private\crt32st\time\dtoxtime.c
1713	_clear_regtab_struct	84456	1	0	2	0	D:\nt\private\crt32st\time\dtoxtime.c
1714	_add_label	84484	1	0	2	0	D:\nt\private\crt32st\time\dtoxtime.c
1715	_del_ref	84580	1	0	2	0	D:\nt\private\crt32st\time\dtoxtime.c
1716	_attach_refs	84756	1	0	2	0	D:\nt\private\crt32st\time\dtoxtime.c
1717	_lremove	84864	1	0	2	0	D:\nt\private\crt32st\time\dtoxtime.c
1718	_del_group	85088	1	0	2	0	D:\nt\private\crt32st\time\dtoxtime.c
1719	_change_target	85144	1	0	2	0	D:\nt\private\crt32st\time\dtoxtime.c
1720	_post_opt	85280	1	0	2	0	D:\nt\private\crt32st\time\dtoxtime.c
1721	_move_code	85616	1	0	2	0	D:\nt\private\crt32st\time\dtoxtime.c
1722	_sp_indep_opts	85908	1	0	2	0	D:\nt\private\crt32st\time\dtoxtime.c
1723	_sp_dep_opts	86432	1	0	2	0	D:\nt\private\crt32st\time\dtoxtime.c
1724	_br_size	87004	1	0	2	0	D:\nt\private\crt32st\time\dtoxtime.c
1725	_isa_loop	87164	1	0	2	0	D:\nt\private\crt32st\time\dtoxtime.c
1726	_dead_code	87504	1	0	2	0	D:\nt\private\crt32st\time\dtoxtime.c
1727	_br_sequence	87648	1	0	2	0	D:\nt\private\crt32st\time\dtoxtime.c
1728	_cross_jumps	87900	1	0	2	0	D:\nt\private\crt32st\time\dtoxtime.c
1729	_br_self	88168	1	0	2	0	D:\nt\private\crt32st\time\dtoxtime.c
1730	_jmp_next	88224	1	0	2	0	D:\nt\private\crt32st\time\dtoxtime.c
1731	_jmp_jmp	88288	1	0	2	0	D:\nt\private\crt32st\time\dtoxtime.c
1732	_branch_chain	88428	1	0	2	0	D:\nt\private\crt32st\time\dtoxtime.c
1733	_loop_inversion	88672	1	0	2	0	D:\nt\private\crt32st\time\dtoxtime.c
1734	_code_motion	89324	1	0	2	0	D:\nt\private\crt32st\time\dtoxtime.c
1735	_new_ref	89576	1	0	2	0	D:\nt\private\crt32st\time\dtoxtime.c
1736	_new_link_node	89652	1	0	2	0	D:\nt\private\crt32st\time\dtoxtime.c
1737	_unlink_node	89736	1	0	2	0	D:\nt\private\crt32st\time\dtoxtime.c
1738	_remove_labsym	89896	1	0	2	0	D:\nt\private\crt32st\time\dtoxtime.c
1739	_same_instr	90000	1	0	2	0	D:\nt\private\crt32st\time\dtoxtime.c
1740	_preg	90240	1	0	2	0	D:\nt\private\crt32st\time\dtoxtime.c
1741	_EmitTypes	90384	1	0	2	0	D:\nt\private\crt32st\time\dtoxtime.c
1742	_EnterBase	91080	1	0	2	0	D:\nt\private\crt32st\time\dtoxtime.c
1743	_ref_types	91312	1	0	2	0	D:\nt\private\crt32st\time\dtoxtime.c
1744	_post_init	91320	1	0	2	0	D:\nt\private\crt32st\time\dtoxtime.c
1745	_spdep_init	91848	1	0	2	0	D:\nt\private\crt32st\time\dtoxtime.c
1746	_sift_data_nodes	92164	1	0	2	0	D:\nt\private\crt32st\time\dtoxtime.c
1747	_cond_code_not_used	92284	1	0	2	0	D:\nt\private\crt32st\time\dtoxtime.c
1748	_absval	92424	1	0	2	0	D:\nt\private\crt32st\time\dtoxtime.c
1749	_br_span	92440	1	0	2	0	D:\nt\private\crt32st\time\dtoxtime.c
1750	_make_ubranch	92572	1	0	2	0	D:\nt\private\crt32st\time\dtoxtime.c
1751	_same_location	92708	1	0	2	0	D:\nt\private\crt32st\time\dtoxtime.c
1752	_loop_once	92852	1	0	2	0	D:\nt\private\crt32st\time\dtoxtime.c
1753	_loop_type	93084	1	0	2	0	D:\nt\private\crt32st\time\dtoxtime.c
1754	_dis_opls	93500	1	0	2	0	D:\nt\private\crt32st\time\dtoxtime.c
1755	_clear_all	93576	1	0	2	0	D:\nt\private\crt32st\time\dtoxtime.c
1756	_clear_regtab	93756	1	0	2	0	D:\nt\private\crt32st\time\dtoxtime.c
1757	_clear_part_oprs	93780	1	0	2	0	D:\nt\private\crt32st\time\dtoxtime.c
1758	_rm_dep_oprs	93856	1	0	2	0	D:\nt\private\crt32st\time\dtoxtime.c
1759	_ref_class	94060	1	0	2	0	D:\nt\private\crt32st\time\dtoxtime.c
1760	_clear_reg	94156	1	0	2	0	D:\nt\private\crt32st\time\dtoxtime.c
1761	_find_xreg	94600	1	0	2	0	D:\nt\private\crt32st\time\dtoxtime.c
1762	_find_reg	94764	1	0	2	0	D:\nt\private\crt32st\time\dtoxtime.c
1763	_redundancies	94804	1	0	2	0	D:\nt\private\crt32st\time\dtoxtime.c
1764	_rloads	95276	1	0	2	0	D:\nt\private\crt32st\time\dtoxtime.c
1765	_reg_neq_index	99148	1	0	2	0	D:\nt\private\crt32st\time\dtoxtime.c
1766	_removeopl	99236	1	0	2	0	D:\nt\private\crt32st\time\dtoxtime.c
1767	_remove_nonopl	99356	1	0	2	0	D:\nt\private\crt32st\time\dtoxtime.c
1768	_add_zero	99448	1	0	2	0	D:\nt\private\crt32st\time\dtoxtime.c
1769	_remove_indirect_opnd	99528	1	0	2	0	D:\nt\private\crt32st\time\dtoxtime.c
1770	_add_opl	99592	1	0	2	0	D:\nt\private\crt32st\time\dtoxtime.c
1771	_Add_to_clear_list	99844	1	0	2	0	D:\nt\private\crt32st\time\dtoxtime.c
1772	_in_reg	99928	1	0	2	0	D:\nt\private\crt32st\time\dtoxtime.c
1773	_copy_oplist	99980	1	0	2	0	D:\nt\private\crt32st\time\dtoxtime.c
1774	_UpdateLabTab	100032	1	0	2	0	D:\nt\private\crt32st\time\dtoxtime.c
1775	_UpdateLab	100172	1	0	2	0	D:\nt\private\crt32st\time\dtoxtime.c
1776	_RedundantJCC	100312	1	0	2	0	D:\nt\private\crt32st\time\dtoxtime.c
1777	_ExpandJMP	100760	1	0	2	0	D:\nt\private\crt32st\time\dtoxtime.c
1778	_rm_empty_routine	101340	1	0	2	0	D:\nt\private\crt32st\time\dtoxtime.c
1779	_even_align	101488	1	0	2	0	D:\nt\private\crt32st\time\dtoxtime.c
1780	_align	101580	1	0	2	0	D:\nt\private\crt32st\time\dtoxtime.c
1781	_add_nop	101676	1	0	2	0	D:\nt\private\crt32st\time\dtoxtime.c
1782	_clear_mem	101768	1	0	2	0	D:\nt\private\crt32st\time\dtoxtime.c
1783	_check_scheduling	101856	1	0	2	0	D:\nt\private\crt32st\time\dtoxtime.c
1784	_set_W_bit	101872	1	0	2	0	D:\nt\private\crt32st\time\dtoxtime.c
1785	_calc_addr	101920	1	0	2	0	D:\nt\private\crt32st\time\dtoxtime.c
1786	_outb	102092	1	0	2	0	D:\nt\private\crt32st\time\dtoxtime.c
1787	_immed	102124	1	0	2	0	D:\nt\private\crt32st\time\dtoxtime.c
1788	_symimmed	102208	1	0	2	0	D:\nt\private\crt32st\time\dtoxtime.c
1789	_logicals	102520	1	0	2	0	D:\nt\private\crt32st\time\dtoxtime.c
1790	_sreg	102936	1	0	2	0	D:\nt\private\crt32st\time\dtoxtime.c
1791	_seg_reg	102980	1	0	2	0	D:\nt\private\crt32st\time\dtoxtime.c
1792	_mov_mem_to_ax	103016	1	0	2	0	D:\nt\private\crt32st\time\dtoxtime.c
1793	_mov_ax_to_mem	103060	1	0	2	0	D:\nt\private\crt32st\time\dtoxtime.c
1794	_addtype	103104	1	0	2	0	D:\nt\private\crt32st\time\dtoxtime.c
1795	_obj_ea	103188	1	0	2	0	D:\nt\private\crt32st\time\dtoxtime.c
1796	_binop	103792	1	0	2	0	D:\nt\private\crt32st\time\dtoxtime.c
1797	_br_disp	103944	1	0	2	0	D:\nt\private\crt32st\time\dtoxtime.c
1798	_decode	104420	1	0	2	0	D:\nt\private\crt32st\time\dtoxtime.c
1799	_mfbits	111896	1	0	2	0	D:\nt\private\crt32st\time\dtoxtime.c
1800	_emit_dbgsyms	112048	1	0	2	0	D:\nt\private\crt32st\time\dtoxtime.c
1801	_emit_stack_sym	112176	1	0	2	0	D:\nt\private\crt32st\time\dtoxtime.c
1802	_emit_var_dbgrecord	112252	1	0	2	0	D:\nt\private\crt32st\time\dtoxtime.c
1803	_emit_dbconst	112368	1	0	2	0	D:\nt\private\crt32st\time\dtoxtime.c
1804	_wr_block_length	112520	1	0	2	0	D:\nt\private\crt32st\time\dtoxtime.c
1805	_patch_block_length	112588	1	0	2	0	D:\nt\private\crt32st\time\dtoxtime.c
1806	_save_entry_info	112832	1	0	2	0	D:\nt\private\crt32st\time\dtoxtime.c
1807	_emit_dbgseginfo	112908	1	0	2	0	D:\nt\private\crt32st\time\dtoxtime.c
1808	_emit_proc_start	113020	1	0	2	0	D:\nt\private\crt32st\time\dtoxtime.c
1809	_emit_block	113244	1	0	2	0	D:\nt\private\crt32st\time\dtoxtime.c
1810	_emit_end	113332	1	0	2	0	D:\nt\private\crt32st\time\dtoxtime.c
1811	_emit_label	113356	1	0	2	0	D:\nt\private\crt32st\time\dtoxtime.c
1812	_emit_stack_locals	113476	1	0	2	0	D:\nt\private\crt32st\time\dtoxtime.c
1813	_emit_reg_vars	113560	1	0	2	0	D:\nt\private\crt32st\time\dtoxtime.c
1814	_emit_parameters	113620	1	0	2	0	D:\nt\private\crt32st\time\dtoxtime.c
1815	_emit_local_autos	113852	1	0	2	0	D:\nt\private\crt32st\time\dtoxtime.c
1816	_emit_local_statics	113964	1	0	2	0	D:\nt\private\crt32st\time\dtoxtime.c
1817	_emit_dbg_register	114016	1	0	2	0	D:\nt\private\crt32st\time\dtoxtime.c
1818	_StartSymRec	114092	1	0	2	0	D:\nt\private\crt32st\time\dtoxtime.c
1819	_EndSymRec	114152	1	0	2	0	D:\nt\private\crt32st\time\dtoxtime.c
1820	_code_size	114224	1	0	2	0	D:\nt\private\crt32st\time\dtoxtime.c
1821	_c_size	114512	1	0	2	0	D:\nt\private\crt32st\time\dtoxtime.c
1822	_ea_size	116956	1	0	2	0	D:\nt\private\crt32st\time\dtoxtime.c
1823	_imm_size	117236	1	0	2	0	D:\nt\private\crt32st\time\dtoxtime.c
1824	_sign_extend	117276	1	0	2	0	D:\nt\private\crt32st\time\dtoxtime.c
1825	_init_locsymtab	117312	1	0	2	0	D:\nt\private\crt32st\time\dtoxtime.c
1826	_init_globsymtab	117348	1	0	2	0	D:\nt\private\crt32st\time\dtoxtime.c
1827	_find_sym	117432	1	0	2	0	D:\nt\private\crt32st\time\dtoxtime.c
1828	_find_key	117496	1	0	2	0	D:\nt\private\crt32st\time\dtoxtime.c
1829	_add_sym	117544	1	0	2	0	D:\nt\private\crt32st\time\dtoxtime.c
1830	_statsym_add	118164	1	0	2	0	D:\nt\private\crt32st\time\dtoxtime.c
1831	_ls_find	118280	1	0	2	0	D:\nt\private\crt32st\time\dtoxtime.c
1832	_set_loop_flag	118336	1	0	2	0	D:\nt\private\crt32st\time\dtoxtime.c
1833	_check_loop	118432	1	0	2	0	D:\nt\private\crt32st\time\dtoxtime.c
1834	_ubranch_check	118484	1	0	2	0	D:\nt\private\crt32st\time\dtoxtime.c
1835	_insert_in_flow_graph	118568	1	0	2	0	D:\nt\private\crt32st\time\dtoxtime.c
1836	_new_transfer_node	118700	1	0	2	0	D:\nt\private\crt32st\time\dtoxtime.c
1837	_unlink_transfer_node	118764	1	0	2	0	D:\nt\private\crt32st\time\dtoxtime.c
1838	_find_insert_point	118820	1	0	2	0	D:\nt\private\crt32st\time\dtoxtime.c
1839	_update_flow_group	118884	1	0	2	0	D:\nt\private\crt32st\time\dtoxtime.c
1840	_rec_pcheck	119200	1	0	2	0	D:\nt\private\crt32st\time\dtoxtime.c
1841	_readproc	119432	1	0	2	0	D:\nt\private\crt32st\time\dtoxtime.c
1842	_skip_asm	120816	1	0	2	0	D:\nt\private\crt32st\time\dtoxtime.c
1843	_do_backward_check	120856	1	0	2	0	D:\nt\private\crt32st\time\dtoxtime.c
1844	_check_who_first	121256	1	0	2	0	D:\nt\private\crt32st\time\dtoxtime.c
1845	_read_operand	121312	1	0	2	0	D:\nt\private\crt32st\time\dtoxtime.c
1846	_get_operands	121808	1	0	2	0	D:\nt\private\crt32st\time\dtoxtime.c
1847	_read_ail	121912	1	0	2	0	D:\nt\private\crt32st\time\dtoxtime.c
1848	_GetMultiByteBuff	123788	1	0	2	0	D:\nt\private\crt32st\time\dtoxtime.c
1849	_read_value	123892	1	0	2	0	D:\nt\private\crt32st\time\dtoxtime.c
1850	_read_init	124724	1	0	2	0	D:\nt\private\crt32st\time\dtoxtime.c
1851	_read_sil	124984	1	0	2	0	D:\nt\private\crt32st\time\dtoxtime.c
1852	_read_locsil	127864	1	0	2	0	D:\nt\private\crt32st\time\dtoxtime.c
1853	_read_globsil	127884	1	0	2	0	D:\nt\private\crt32st\time\dtoxtime.c
1854	_walk_syms	127904	1	0	2	0	D:\nt\private\crt32st\time\dtoxtime.c
1855	_check_mode	127968	1	0	2	0	D:\nt\private\crt32st\time\dtoxtime.c
1856	_chg_mode	128080	1	0	2	0	D:\nt\private\crt32st\time\dtoxtime.c
1857	_set_val	128100	1	0	2	0	D:\nt\private\crt32st\time\dtoxtime.c
1858	_check_opcode	128272	1	0	2	0	D:\nt\private\crt32st\time\dtoxtime.c
1859	_init_list	128880	1	0	2	0	D:\nt\private\crt32st\time\dtoxtime.c
1860	_fin_list	129104	1	0	2	0	D:\nt\private\crt32st\time\dtoxtime.c
1861	_list_to_here	129328	1	0	2	0	D:\nt\private\crt32st\time\dtoxtime.c
1862	_digits	129608	1	0	2	0	D:\nt\private\crt32st\time\dtoxtime.c
1863	_print_line	129680	1	0	2	0	D:\nt\private\crt32st\time\dtoxtime.c
1864	_whitespace	129816	1	0	2	0	D:\nt\private\crt32st\time\dtoxtime.c
1865	_include_line	129852	1	0	2	0	D:\nt\private\crt32st\time\dtoxtime.c
1866	_print_errs	129972	1	0	2	0	D:\nt\private\crt32st\time\dtoxtime.c
1867	_find_errs	130028	1	0	2	0	D:\nt\private\crt32st\time\dtoxtime.c
1868	_del_err	130116	1	0	2	0	D:\nt\private\crt32st\time\dtoxtime.c
1869	_match	130156	1	0	2	0	D:\nt\private\crt32st\time\dtoxtime.c
1870	_new_page	130320	1	0	2	0	D:\nt\private\crt32st\time\dtoxtime.c
1871	_truncate	130996	1	0	2	0	D:\nt\private\crt32st\time\dtoxtime.c
1872	_to_string	131108	1	0	2	0	D:\nt\private\crt32st\time\dtoxtime.c
1873	_get_date	131156	1	0	2	0	D:\nt\private\crt32st\time\dtoxtime.c
1874	_get_time	131216	1	0	2	0	D:\nt\private\crt32st\time\dtoxtime.c
1875	_read_errors	131276	1	0	2	0	D:\nt\private\crt32st\time\dtoxtime.c
1876	_add_err	131352	1	0	2	0	D:\nt\private\crt32st\time\dtoxtime.c
1877	_list_locals	131532	1	0	2	0	D:\nt\private\crt32st\time\dtoxtime.c
1878	_lst_dynamic	131596	1	0	2	0	D:\nt\private\crt32st\time\dtoxtime.c
1879	_lst_static	131796	1	0	2	0	D:\nt\private\crt32st\time\dtoxtime.c
1880	_sprint	131828	1	0	2	0	D:\nt\private\crt32st\time\dtoxtime.c
1881	_pr_pr_header	132032	1	0	2	0	D:\nt\private\crt32st\time\dtoxtime.c
1882	_pr_gl_header	132076	1	0	2	0	D:\nt\private\crt32st\time\dtoxtime.c
1883	_pr_lc_header	132148	1	0	2	0	D:\nt\private\crt32st\time\dtoxtime.c
1884	_pr_globsym	132240	1	0	2	0	D:\nt\private\crt32st\time\dtoxtime.c
1885	_pr_sym	132268	1	0	2	0	D:\nt\private\crt32st\time\dtoxtime.c
1886	_gettype	132816	1	0	2	0	D:\nt\private\crt32st\time\dtoxtime.c
1887	_sort_sym	133072	1	0	2	0	D:\nt\private\crt32st\time\dtoxtime.c
1888	_newline	133240	1	0	2	0	D:\nt\private\crt32st\time\dtoxtime.c
1889	_list_name	133296	1	0	2	0	D:\nt\private\crt32st\time\dtoxtime.c
1890	_pr_globals	133384	1	0	2	0	D:\nt\private\crt32st\time\dtoxtime.c
1891	_get_list_pragma	133440	1	0	2	0	D:\nt\private\crt32st\time\dtoxtime.c
1892	_exec_list_pragma	133724	1	0	2	0	D:\nt\private\crt32st\time\dtoxtime.c
1893	_Save_List_Vars	133964	1	0	2	0	D:\nt\private\crt32st\time\dtoxtime.c
1894	_Restore_List_Vars	134128	1	0	2	0	D:\nt\private\crt32st\time\dtoxtime.c
1895	_segheader	134240	1	0	2	0	D:\nt\private\crt32st\time\dtoxtime.c
1896	_new_seg	134300	1	0	2	0	D:\nt\private\crt32st\time\dtoxtime.c
1897	_asm_init	134428	1	0	2	0	D:\nt\private\crt32st\time\dtoxtime.c
1898	_name_dict	134460	1	0	2	0	D:\nt\private\crt32st\time\dtoxtime.c
1899	_fin_asm	134484	1	0	2	0	D:\nt\private\crt32st\time\dtoxtime.c
1900	_disasm	134528	1	0	2	0	D:\nt\private\crt32st\time\dtoxtime.c
1901	_disinstr	134968	1	0	2	0	D:\nt\private\crt32st\time\dtoxtime.c
1902	_masm_size	137392	1	0	2	0	D:\nt\private\crt32st\time\dtoxtime.c
1903	_disea	137468	1	0	2	0	D:\nt\private\crt32st\time\dtoxtime.c
1904	_ea_ns	137568	1	0	2	0	D:\nt\private\crt32st\time\dtoxtime.c
1905	_not_sized	138288	1	0	2	0	D:\nt\private\crt32st\time\dtoxtime.c
1906	_display_regs	138340	1	0	2	0	D:\nt\private\crt32st\time\dtoxtime.c
1907	_pdisp	138612	1	0	2	0	D:\nt\private\crt32st\time\dtoxtime.c
1908	_begin_line	138668	1	0	2	0	D:\nt\private\crt32st\time\dtoxtime.c
1909	_end_line	138872	1	0	2	0	D:\nt\private\crt32st\time\dtoxtime.c
1910	_storage	138956	1	0	2	0	D:\nt\private\crt32st\time\dtoxtime.c
1911	_wr_uninit	139040	1	0	2	0	D:\nt\private\crt32st\time\dtoxtime.c
1912	_cm_gcvt	139436	1	0	2	0	D:\nt\private\crt32st\time\dtoxtime.c
1913	_printsingle	139688	1	0	2	0	D:\nt\private\crt32st\time\dtoxtime.c
1914	_print_double	139736	1	0	2	0	D:\nt\private\crt32st\time\dtoxtime.c
1915	_print_treal	139784	1	0	2	0	D:\nt\private\crt32st\time\dtoxtime.c
1916	_pretty_print	139828	1	0	2	0	D:\nt\private\crt32st\time\dtoxtime.c
1917	_wr_val	140344	1	0	2	0	D:\nt\private\crt32st\time\dtoxtime.c
1918	_wr_init	140840	1	0	2	0	D:\nt\private\crt32st\time\dtoxtime.c
1919	_do_init	141048	1	0	2	0	D:\nt\private\crt32st\time\dtoxtime.c
1920	_asm_data	141240	1	0	2	0	D:\nt\private\crt32st\time\dtoxtime.c
1921	_pub_syms	141604	1	0	2	0	D:\nt\private\crt32st\time\dtoxtime.c
1922	_ext_procs	141680	1	0	2	0	D:\nt\private\crt32st\time\dtoxtime.c
1923	_ext_syms	141708	1	0	2	0	D:\nt\private\crt32st\time\dtoxtime.c
1924	_dis_EXTDEF	141744	1	0	2	0	D:\nt\private\crt32st\time\dtoxtime.c
1925	_init_operand	141920	1	0	2	0	D:\nt\private\crt32st\time\dtoxtime.c
1926	_clear_reg_flag	142064	1	0	2	0	D:\nt\private\crt32st\time\dtoxtime.c
1927	_rewrite	142088	1	0	2	0	D:\nt\private\crt32st\time\dtoxtime.c
1928	_free_opndlist	142660	1	0	2	0	D:\nt\private\crt32st\time\dtoxtime.c
1929	_find_operand	142796	1	0	2	0	D:\nt\private\crt32st\time\dtoxtime.c
1930	_create_operand	142964	1	0	2	0	D:\nt\private\crt32st\time\dtoxtime.c
1931	_remove_operand	143168	1	0	2	0	D:\nt\private\crt32st\time\dtoxtime.c
1932	_copy_operands	143264	1	0	2	0	D:\nt\private\crt32st\time\dtoxtime.c
1933	_compare_operand	143300	1	0	2	0	D:\nt\private\crt32st\time\dtoxtime.c
1934	_indirectly_used	143580	1	0	2	0	D:\nt\private\crt32st\time\dtoxtime.c
1935	_set_instr_vars	143760	1	0	2	0	D:\nt\private\crt32st\time\dtoxtime.c
1936	_rm_deadload	143960	1	0	2	0	D:\nt\private\crt32st\time\dtoxtime.c
1937	_rm_deadinstr	144308	1	0	2	0	D:\nt\private\crt32st\time\dtoxtime.c
1938	_Update_offset	148024	1	0	2	0	D:\nt\private\crt32st\time\dtoxtime.c
1939	_remove_entry_exit_sequence	148260	1	0	2	0	D:\nt\private\crt32st\time\dtoxtime.c
1940	_keep_carry_instr	148480	1	0	2	0	D:\nt\private\crt32st\time\dtoxtime.c
1941	_regtopref	148600	1	0	2	0	D:\nt\private\crt32st\time\dtoxtime.c
1942	_mark_ref	148636	1	0	2	0	D:\nt\private\crt32st\time\dtoxtime.c
1943	_mark_changed	148864	1	0	2	0	D:\nt\private\crt32st\time\dtoxtime.c
1944	_set_refmode	149052	1	0	2	0	D:\nt\private\crt32st\time\dtoxtime.c
1945	_same_reg	149172	1	0	2	0	D:\nt\private\crt32st\time\dtoxtime.c
1946	_clear_reference	149236	1	0	2	0	D:\nt\private\crt32st\time\dtoxtime.c
1947	_remove_node	149300	1	0	2	0	D:\nt\private\crt32st\time\dtoxtime.c
1948	_mark_changed_locsym	149416	1	0	2	0	D:\nt\private\crt32st\time\dtoxtime.c
1949	_no_lab_in_between	149680	1	0	2	0	D:\nt\private\crt32st\time\dtoxtime.c
1950	_mark_ref_locsym	149760	1	0	2	0	D:\nt\private\crt32st\time\dtoxtime.c
1951	_clear_locsym_space	150076	1	0	2	0	D:\nt\private\crt32st\time\dtoxtime.c
1952	_rm_dead_store	150112	1	0	2	0	D:\nt\private\crt32st\time\dtoxtime.c
1953	_peephole	150420	1	0	2	0	D:\nt\private\crt32st\time\dtoxtime.c
1954	_carry_not_used	154072	1	0	2	0	D:\nt\private\crt32st\time\dtoxtime.c
1955	_change_to_inc_dec	154144	1	0	2	0	D:\nt\private\crt32st\time\dtoxtime.c
1956	_rem_inv_inst	154284	1	0	2	0	D:\nt\private\crt32st\time\dtoxtime.c
1957	_mov_to_cwd	154404	1	0	2	0	D:\nt\private\crt32st\time\dtoxtime.c
1958	_extra_compare	154520	1	0	2	0	D:\nt\private\crt32st\time\dtoxtime.c
1959	_check_for_byteop	155028	1	0	2	0	D:\nt\private\crt32st\time\dtoxtime.c
1960	_fdload	155204	1	0	2	0	D:\nt\private\crt32st\time\dtoxtime.c
1961	_compress_JCC_seq	155424	1	0	2	0	D:\nt\private\crt32st\time\dtoxtime.c
1962	_compress_TEST_seq	155752	1	0	2	0	D:\nt\private\crt32st\time\dtoxtime.c
1963	_shorten_instr	156060	1	0	2	0	D:\nt\private\crt32st\time\dtoxtime.c
1964	_check_reg_chain	156508	1	0	2	0	D:\nt\private\crt32st\time\dtoxtime.c
1965	_clear_reg_chain	156588	1	0	2	0	D:\nt\private\crt32st\time\dtoxtime.c
1966	_rm_reg_chain	156620	1	0	2	0	D:\nt\private\crt32st\time\dtoxtime.c
1967	_do_forward_check	157648	1	0	2	0	D:\nt\private\crt32st\time\dtoxtime.c
1968	_chread	157840	1	0	2	0	D:\nt\private\crt32st\time\dtoxtime.c
1969	_keyread	157880	1	0	2	0	D:\nt\private\crt32st\time\dtoxtime.c
1970	_shread	157976	1	0	2	0	D:\nt\private\crt32st\time\dtoxtime.c
1971	_loread	158128	1	0	2	0	D:\nt\private\crt32st\time\dtoxtime.c
1972	_flread	158360	1	0	2	0	D:\nt\private\crt32st\time\dtoxtime.c
1973	_doread	158392	1	0	2	0	D:\nt\private\crt32st\time\dtoxtime.c
1974	_rtread	158440	1	0	2	0	D:\nt\private\crt32st\time\dtoxtime.c
1975	_zsread	158488	1	0	2	0	D:\nt\private\crt32st\time\dtoxtime.c
1976	_lsread	158572	1	0	2	0	D:\nt\private\crt32st\time\dtoxtime.c
1977	_lsignore	158684	1	0	2	0	D:\nt\private\crt32st\time\dtoxtime.c
1978	_buff_check	158748	1	0	2	0	D:\nt\private\crt32st\time\dtoxtime.c
1979	_il_file	158768	1	0	2	0	D:\nt\private\crt32st\time\dtoxtime.c
1980	_werr	158960	1	0	2	0	D:\nt\private\crt32st\time\dtoxtime.c
1981	_error	159056	1	0	2	0	D:\nt\private\crt32st\time\dtoxtime.c
1982	_fatal	159132	1	0	2	0	D:\nt\private\crt32st\time\dtoxtime.c
1983	_warning	159204	1	0	2	0	D:\nt\private\crt32st\time\dtoxtime.c
1984	_message	159296	1	0	2	0	D:\nt\private\crt32st\time\dtoxtime.c
1985	_do_format	159692	1	0	2	0	D:\nt\private\crt32st\time\dtoxtime.c
1986	_close_all	159964	1	0	2	0	D:\nt\private\crt32st\time\dtoxtime.c
1987	__close	160016	1	0	2	0	D:\nt\private\crt32st\time\dtoxtime.c
1988	_CloseHandle	160144	1	0	2	0	D:\nt\private\crt32st\time\dtoxtime.c
1989	_GetLastError	160150	1	0	2	0	D:\nt\private\crt32st\time\dtoxtime.c
1990	__chkstk	160156	1	0	2	0	D:\nt\private\crt32st\time\dtoxtime.c
1991	__cinit	160204	1	0	2	0	D:\nt\private\crt32st\time\dtoxtime.c
1992	_exit	160428	1	0	2	0	D:\nt\private\crt32st\time\dtoxtime.c
1993	__exit	160448	1	0	2	0	D:\nt\private\crt32st\time\dtoxtime.c
1994	__cexit	160468	1	0	2	0	D:\nt\private\crt32st\time\dtoxtime.c
1995	__c_exit	160484	1	0	2	0	D:\nt\private\crt32st\time\dtoxtime.c
1996	_ExitProcess	160652	1	0	2	0	D:\nt\private\crt32st\time\dtoxtime.c
1997	_GetFileType	160658	1	0	2	0	D:\nt\private\crt32st\time\dtoxtime.c
1998	_GetStdHandle	160664	1	0	2	0	D:\nt\private\crt32st\time\dtoxtime.c
1999	__dosmaperr	160670	1	0	2	0	D:\nt\private\crt32st\time\dtoxtime.c
2000	__fcvt	160798	1	0	2	0	D:\nt\private\crt32st\time\dtoxtime.c
2001	__ecvt	160846	1	0	2	0	D:\nt\private\crt32st\time\dtoxtime.c
2002	__filbuf	160958	1	0	2	0	D:\nt\private\crt32st\time\dtoxtime.c
2003	__flsbuf	161134	1	0	2	0	D:\nt\private\crt32st\time\dtoxtime.c
2004	__fltout	161438	1	0	2	0	D:\nt\private\crt32st\time\dtoxtime.c
2005	_$I10_OUTPUT	161550	1	0	2	0	D:\nt\private\crt32st\time\dtoxtime.c
2006	___addl	162494	1	0	2	0	D:\nt\private\crt32st\time\dtoxtime.c
2007	___add_12	162570	1	0	2	0	D:\nt\private\crt32st\time\dtoxtime.c
2008	___shl_12	162698	1	0	2	0	D:\nt\private\crt32st\time\dtoxtime.c
2009	___shr_12	162778	1	0	2	0	D:\nt\private\crt32st\time\dtoxtime.c
2010	___mtold12	162870	1	0	2	0	D:\nt\private\crt32st\time\dtoxtime.c
2011	___dtold	163134	1	0	2	0	D:\nt\private\crt32st\time\dtoxtime.c
2012	___ldtod	163402	1	0	2	0	D:\nt\private\crt32st\time\dtoxtime.c
2013	___ld12mul	163758	1	0	2	0	D:\nt\private\crt32st\time\dtoxtime.c
2014	___multtenpow12	164378	1	0	2	0	D:\nt\private\crt32st\time\dtoxtime.c
2015	__fpmath	164510	1	0	2	0	D:\nt\private\crt32st\time\dtoxtime.c
2016	__fpclear	164518	1	0	2	0	D:\nt\private\crt32st\time\dtoxtime.c
2017	__cfltcvt_init	164522	1	0	2	0	D:\nt\private\crt32st\time\dtoxtime.c
2018	__forcdecpt	164574	1	0	2	0	D:\nt\private\crt32st\time\dtoxtime.c
2019	__cropzeros	164690	1	0	2	0	D:\nt\private\crt32st\time\dtoxtime.c
2020	__positive	164802	1	0	2	0	D:\nt\private\crt32st\time\dtoxtime.c
2021	__fassign	164834	1	0	2	0	D:\nt\private\crt32st\time\dtoxtime.c
2022	__cftoe	164902	1	0	2	0	D:\nt\private\crt32st\time\dtoxtime.c
2023	__cftof	165290	1	0	2	0	D:\nt\private\crt32st\time\dtoxtime.c
2024	__cftog	165626	1	0	2	0	D:\nt\private\crt32st\time\dtoxtime.c
2025	__cfltcvt	165818	1	0	2	0	D:\nt\private\crt32st\time\dtoxtime.c
2026	__atold	165950	1	0	2	0	D:\nt\private\crt32st\time\dtoxtime.c
2027	___STRINGTOLD	165998	1	0	2	0	D:\nt\private\crt32st\time\dtoxtime.c
2028	__fptostr	167470	1	0	2	0	D:\nt\private\crt32st\time\dtoxtime.c
2029	__fptrap	167614	1	0	2	0	D:\nt\private\crt32st\time\dtoxtime.c
2030	_mainCRTStartup	167630	1	0	2	0	D:\nt\private\crt32st\time\dtoxtime.c
2031	__amsg_exit	168026	1	0	2	0	D:\nt\private\crt32st\time\dtoxtime.c
2032	_GetCommandLineA	168062	1	0	2	0	D:\nt\private\crt32st\time\dtoxtime.c
2033	_GetEnvironmentStrings	168068	1	0	2	0	D:\nt\private\crt32st\time\dtoxtime.c
2034	_GetStartupInfoA	168074	1	0	2	0	D:\nt\private\crt32st\time\dtoxtime.c
2035	_GetVersion	168080	1	0	2	0	D:\nt\private\crt32st\time\dtoxtime.c
2036	_UnhandledExceptionFilter	168086	1	0	2	0	D:\nt\private\crt32st\time\dtoxtime.c
2037	__FF_MSGBANNER	168092	1	0	2	0	D:\nt\private\crt32st\time\dtoxtime.c
2038	__NMSG_WRITE	168136	1	0	2	0	D:\nt\private\crt32st\time\dtoxtime.c
2039	_WriteFile	168252	1	0	2	0	D:\nt\private\crt32st\time\dtoxtime.c
2040	__except_handler	168258	1	0	2	0	D:\nt\private\crt32st\time\dtoxtime.c
2041	__global_unwind	168356	1	0	2	0	D:\nt\private\crt32st\time\dtoxtime.c
2042	__local_unwind	168356	1	0	2	0	D:\nt\private\crt32st\time\dtoxtime.c
2043	_DbgPrint	168386	1	0	2	0	D:\nt\private\crt32st\time\dtoxtime.c
2044	_RtlUnwind	168392	1	0	2	0	D:\nt\private\crt32st\time\dtoxtime.c
2045	__alloc_osfhnd	168398	1	0	2	0	D:\nt\private\crt32st\time\dtoxtime.c
2046	__set_osfhnd	168462	1	0	2	0	D:\nt\private\crt32st\time\dtoxtime.c
2047	__free_osfhnd	168586	1	0	2	0	D:\nt\private\crt32st\time\dtoxtime.c
2048	__get_osfhandle	168718	1	0	2	0	D:\nt\private\crt32st\time\dtoxtime.c
2049	__open_osfhandle	168778	1	0	2	0	D:\nt\private\crt32st\time\dtoxtime.c
2050	_SetStdHandle	168942	1	0	2	0	D:\nt\private\crt32st\time\dtoxtime.c
2051	__getbuf	168948	1	0	2	0	D:\nt\private\crt32st\time\dtoxtime.c
2052	_fflush	169028	1	0	2	0	D:\nt\private\crt32st\time\dtoxtime.c
2053	__flush	169104	1	0	2	0	D:\nt\private\crt32st\time\dtoxtime.c
2054	__flushall	169220	1	0	2	0	D:\nt\private\crt32st\time\dtoxtime.c
2055	__endstdio	169356	1	0	2	0	D:\nt\private\crt32st\time\dtoxtime.c
2056	__commit	169380	1	0	2	0	D:\nt\private\crt32st\time\dtoxtime.c
2057	_FlushFileBuffers	169492	1	0	2	0	D:\nt\private\crt32st\time\dtoxtime.c
2058	__fcloseall	169498	1	0	2	0	D:\nt\private\crt32st\time\dtoxtime.c
2059	__heap_init	169546	1	0	2	0	D:\nt\private\crt32st\time\dtoxtime.c
2060	__heap_grow_emptylist	169566	1	0	2	0	D:\nt\private\crt32st\time\dtoxtime.c
2061	_VirtualAlloc	169642	1	0	2	0	D:\nt\private\crt32st\time\dtoxtime.c
2062	__heap_abort	169648	1	0	2	0	D:\nt\private\crt32st\time\dtoxtime.c
2063	__isatty	169664	1	0	2	0	D:\nt\private\crt32st\time\dtoxtime.c
2064	__lseek	169712	1	0	2	0	D:\nt\private\crt32st\time\dtoxtime.c
2065	_SetFilePointer	169840	1	0	2	0	D:\nt\private\crt32st\time\dtoxtime.c
2066	__read	169846	1	0	2	0	D:\nt\private\crt32st\time\dtoxtime.c
2067	_ReadFile	170422	1	0	2	0	D:\nt\private\crt32st\time\dtoxtime.c
2068	__setargv	170428	1	0	2	0	D:\nt\private\crt32st\time\dtoxtime.c
2069	_GetModuleFileNameA	170972	1	0	2	0	D:\nt\private\crt32st\time\dtoxtime.c
2070	__setenvp	170978	1	0	2	0	D:\nt\private\crt32st\time\dtoxtime.c
2071	__stricmp	171250	1	0	2	0	D:\nt\private\crt32st\time\dtoxtime.c
2072	__strcmpi	171266	1	0	2	0	D:\nt\private\crt32st\time\dtoxtime.c
2073	__strupr	171362	1	0	2	0	D:\nt\private\crt32st\time\dtoxtime.c
2074	__write	171410	1	0	2	0	D:\nt\private\crt32st\time\dtoxtime.c
2075	_assert	171922	1	0	2	0	D:\nt\private\crt32st\time\dtoxtime.c
2076	_prof_start	171946	1	0	2	0	D:\nt\private\crt32st\time\dtoxtime.c
2077	_prof_end	171950	1	0	2	0	D:\nt\private\crt32st\time\dtoxtime.c
2078	_atof	171954	1	0	2	0	D:\nt\private\crt32st\time\dtoxtime.c
2079	__fltin	172034	1	0	2	0	D:\nt\private\crt32st\time\dtoxtime.c
2080	_atol	172242	1	0	2	0	D:\nt\private\crt32st\time\dtoxtime.c
2081	_atoi	172362	1	0	2	0	D:\nt\private\crt32st\time\dtoxtime.c
2082	_crack_cmd	172386	1	0	2	0	D:\nt\private\crt32st\time\dtoxtime.c
2083	_substr	172654	1	0	2	0	D:\nt\private\crt32st\time\dtoxtime.c
2084	_unconcat	173390	1	0	2	0	D:\nt\private\crt32st\time\dtoxtime.c
2085	__strdup	173538	1	0	2	0	D:\nt\private\crt32st\time\dtoxtime.c
2086	_createlabel	173634	1	0	2	0	D:\nt\private\crt32st\time\dtoxtime.c
2087	_fclose	173746	1	0	2	0	D:\nt\private\crt32st\time\dtoxtime.c
2088	__freebuf	173970	1	0	2	0	D:\nt\private\crt32st\time\dtoxtime.c
2089	__itoa	174126	1	0	2	0	D:\nt\private\crt32st\time\dtoxtime.c
2090	__ltoa	174170	1	0	2	0	D:\nt\private\crt32st\time\dtoxtime.c
2091	__ultoa	174218	1	0	2	0	D:\nt\private\crt32st\time\dtoxtime.c
2092	_remove	174242	1	0	2	0	D:\nt\private\crt32st\time\dtoxtime.c
2093	__unlink	174302	1	0	2	0	D:\nt\private\crt32st\time\dtoxtime.c
2094	_DeleteFileA	174322	1	0	2	0	D:\nt\private\crt32st\time\dtoxtime.c
2095	_fgets	174328	1	0	2	0	D:\nt\private\crt32st\time\dtoxtime.c
2096	__fsopen	174472	1	0	2	0	D:\nt\private\crt32st\time\dtoxtime.c
2097	_fopen	174504	1	0	2	0	D:\nt\private\crt32st\time\dtoxtime.c
2098	__getstream	174536	1	0	2	0	D:\nt\private\crt32st\time\dtoxtime.c
2099	__openfile	174600	1	0	2	0	D:\nt\private\crt32st\time\dtoxtime.c
2100	__open	174904	1	0	2	0	D:\nt\private\crt32st\time\dtoxtime.c
2101	__sopen	174928	1	0	2	0	D:\nt\private\crt32st\time\dtoxtime.c
2102	_CreateFileA	175688	1	0	2	0	D:\nt\private\crt32st\time\dtoxtime.c
2103	_GetFileAttributesA	175694	1	0	2	0	D:\nt\private\crt32st\time\dtoxtime.c
2104	_SetEndOfFile	175700	1	0	2	0	D:\nt\private\crt32st\time\dtoxtime.c
2105	__access	175706	1	0	2	0	D:\nt\private\crt32st\time\dtoxtime.c
2106	__chsize	175802	1	0	2	0	D:\nt\private\crt32st\time\dtoxtime.c
2107	__setmode	176138	1	0	2	0	D:\nt\private\crt32st\time\dtoxtime.c
2108	_fprintf	176282	1	0	2	0	D:\nt\private\crt32st\time\dtoxtime.c
2109	__stbuf	176346	1	0	2	0	D:\nt\private\crt32st\time\dtoxtime.c
2110	__ftbuf	176498	1	0	2	0	D:\nt\private\crt32st\time\dtoxtime.c
2111	__output	176586	1	0	2	0	D:\nt\private\crt32st\time\dtoxtime.c
2112	_fputc	178698	1	0	2	0	D:\nt\private\crt32st\time\dtoxtime.c
2113	_putc	178766	1	0	2	0	D:\nt\private\crt32st\time\dtoxtime.c
2114	_fread	178794	1	0	2	0	D:\nt\private\crt32st\time\dtoxtime.c
2115	_free	179082	1	0	2	0	D:\nt\private\crt32st\time\dtoxtime.c
2116	_freopen	179194	1	0	2	0	D:\nt\private\crt32st\time\dtoxtime.c
2117	_fseek	179290	1	0	2	0	D:\nt\private\crt32st\time\dtoxtime.c
2118	_ftell	179434	1	0	2	0	D:\nt\private\crt32st\time\dtoxtime.c
2119	_fwrite	179786	1	0	2	0	D:\nt\private\crt32st\time\dtoxtime.c
2120	_get_err	180122	1	0	2	0	D:\nt\private\crt32st\time\dtoxtime.c
2121	_getenv	180714	1	0	2	0	D:\nt\private\crt32st\time\dtoxtime.c
2122	_build_symtab	180842	1	0	2	0	D:\nt\private\crt32st\time\dtoxtime.c
2123	_list_globals	180922	1	0	2	0	D:\nt\private\crt32st\time\dtoxtime.c
2124	_localtime	180970	1	0	2	0	D:\nt\private\crt32st\time\dtoxtime.c
2125	___tzset	181082	1	0	2	0	D:\nt\private\crt32st\time\dtoxtime.c
2126	__tzset	181106	1	0	2	0	D:\nt\private\crt32st\time\dtoxtime.c
2127	__isindst	181266	1	0	2	0	D:\nt\private\crt32st\time\dtoxtime.c
2128	_gmtime	181482	1	0	2	0	D:\nt\private\crt32st\time\dtoxtime.c
2129	_malloc	181914	1	0	2	0	D:\nt\private\crt32st\time\dtoxtime.c
2130	__heap_split_block	182066	1	0	2	0	D:\nt\private\crt32st\time\dtoxtime.c
2131	__heap_grow	182170	1	0	2	0	D:\nt\private\crt32st\time\dtoxtime.c
2132	__heap_grow_region	182426	1	0	2	0	D:\nt\private\crt32st\time\dtoxtime.c
2133	__heap_free_region	182638	1	0	2	0	D:\nt\private\crt32st\time\dtoxtime.c
2134	_VirtualFree	182730	1	0	2	0	D:\nt\private\crt32st\time\dtoxtime.c
2135	__heapadd	182736	1	0	2	0	D:\nt\private\crt32st\time\dtoxtime.c
2136	__heap_addblock	182780	1	0	2	0	D:\nt\private\crt32st\time\dtoxtime.c
2137	__heap_findaddr	183408	1	0	2	0	D:\nt\private\crt32st\time\dtoxtime.c
2138	__heap_search	183536	1	0	2	0	D:\nt\private\crt32st\time\dtoxtime.c
2139	_memchr	183824	1	0	2	0	D:\nt\private\crt32st\time\dtoxtime.c
2140	_memmove	183888	1	0	2	0	D:\nt\private\crt32st\time\dtoxtime.c
2141	_memset	183984	1	0	2	0	D:\nt\private\crt32st\time\dtoxtime.c
2142	_our_ltoa	184032	1	0	2	0	D:\nt\private\crt32st\time\dtoxtime.c
2143	_perror	184160	1	0	2	0	D:\nt\private\crt32st\time\dtoxtime.c
2144	_printf	184320	1	0	2	0	D:\nt\private\crt32st\time\dtoxtime.c
2145	_rewind	184384	1	0	2	0	D:\nt\private\crt32st\time\dtoxtime.c
2146	_setvbuf	184464	1	0	2	0	D:\nt\private\crt32st\time\dtoxtime.c
2147	_sprintf	184672	1	0	2	0	D:\nt\private\crt32st\time\dtoxtime.c
2148	_strchr	184784	1	0	2	0	D:\nt\private\crt32st\time\dtoxtime.c
2149	_strcat	184832	1	0	2	0	D:\nt\private\crt32st\time\dtoxtime.c
2150	_strcpy	184872	1	0	2	0	D:\nt\private\crt32st\time\dtoxtime.c
2151	_strlen	184912	1	0	2	0	D:\nt\private\crt32st\time\dtoxtime.c
2152	_strncmp	184944	1	0	2	0	D:\nt\private\crt32st\time\dtoxtime.c
2153	_strncpy	185008	1	0	2	0	D:\nt\private\crt32st\time\dtoxtime.c
2154	_time	185072	1	0	2	0	D:\nt\private\crt32st\time\dtoxtime.c
2155	_GetSystemTime	185152	1	0	2	0	D:\nt\private\crt32st\time\dtoxtime.c
2156	__dtoxtime	185158	1	0	2	0	D:\nt\private\crt32st\time\dtoxtime.c
2157	_CmdDo_pgo	202032	2	0	2	0	D:\nt\private\crt32st\time\dtoxtime.c
2158	_CmdNoExpand	202036	2	0	2	0	D:\nt\private\crt32st\time\dtoxtime.c
2159	_CmdNo_alias	202040	2	0	2	0	D:\nt\private\crt32st\time\dtoxtime.c
2160	_CmdOpt_precision	202044	2	0	2	0	D:\nt\private\crt32st\time\dtoxtime.c
2161	_CmdSpeed	202048	2	0	2	0	D:\nt\private\crt32st\time\dtoxtime.c
2162	_Ail_buffer	202052	2	0	2	0	D:\nt\private\crt32st\time\dtoxtime.c
2163	_Data_buf	203076	2	0	2	0	D:\nt\private\crt32st\time\dtoxtime.c
2164	_GlobSil_buf	204100	2	0	2	0	D:\nt\private\crt32st\time\dtoxtime.c
2165	_LocSil_buf	205124	2	0	2	0	D:\nt\private\crt32st\time\dtoxtime.c
2166	_Str_buf	206148	2	0	2	0	D:\nt\private\crt32st\time\dtoxtime.c
2167	_Mingle_Stack	207172	2	0	2	0	D:\nt\private\crt32st\time\dtoxtime.c
2168	_Key	207292	2	0	2	0	D:\nt\private\crt32st\time\dtoxtime.c
2169	_Argv	207296	2	0	2	0	D:\nt\private\crt32st\time\dtoxtime.c
2170	_Argc	207300	2	0	2	0	D:\nt\private\crt32st\time\dtoxtime.c
2171	_LocSymtab	207304	2	0	2	0	D:\nt\private\crt32st\time\dtoxtime.c
2172	_Intelnames	207560	2	0	2	0	D:\nt\private\crt32st\time\dtoxtime.c
2173	_Free_linknodes	207564	2	0	2	0	D:\nt\private\crt32st\time\dtoxtime.c
2174	_Linebuff	207628	2	0	2	0	D:\nt\private\crt32st\time\dtoxtime.c
2175	_fardata_index	208140	2	0	2	0	D:\nt\private\crt32st\time\dtoxtime.c
2176	_fix_type	208144	2	0	2	0	D:\nt\private\crt32st\time\dtoxtime.c
2177	_Opsize	208148	2	0	2	0	D:\nt\private\crt32st\time\dtoxtime.c
2178	_TTConst	208152	2	0	2	0	D:\nt\private\crt32st\time\dtoxtime.c
2179	_BssSeg_name	208156	2	0	2	0	D:\nt\private\crt32st\time\dtoxtime.c
2180	_NullnameIndex	208196	2	0	2	0	D:\nt\private\crt32st\time\dtoxtime.c
2181	_FTDGroup	208200	2	0	2	0	D:\nt\private\crt32st\time\dtoxtime.c
2182	_TTBss	208204	2	0	2	0	D:\nt\private\crt32st\time\dtoxtime.c
2183	_TTData	208208	2	0	2	0	D:\nt\private\crt32st\time\dtoxtime.c
2184	_FTCode	208212	2	0	2	0	D:\nt\private\crt32st\time\dtoxtime.c
2185	_ConstSeg_name	208216	2	0	2	0	D:\nt\private\crt32st\time\dtoxtime.c
2186	_TTCode	208256	2	0	2	0	D:\nt\private\crt32st\time\dtoxtime.c
2187	_GlobSymtab	208260	2	0	2	0	D:\nt\private\crt32st\time\dtoxtime.c
2188	_LineNumBuffer	208516	2	0	2	0	D:\nt\private\crt32st\time\dtoxtime.c
2189	_Buffer	209016	2	0	2	0	D:\nt\private\crt32st\time\dtoxtime.c
2190	_LinesFileLen	209996	2	0	2	0	D:\nt\private\crt32st\time\dtoxtime.c
2191	_LinesFile	210000	2	0	2	0	D:\nt\private\crt32st\time\dtoxtime.c
2192	_tmpbuf	210004	2	0	2	0	D:\nt\private\crt32st\time\dtoxtime.c
2193	_vbuff	210260	2	0	2	0	D:\nt\private\crt32st\time\dtoxtime.c
2194	_Fixlist	210284	2	0	2	0	D:\nt\private\crt32st\time\dtoxtime.c
2195	_DGroupRec	213884	2	0	2	0	D:\nt\private\crt32st\time\dtoxtime.c
2196	_IGroupRec	213892	2	0	2	0	D:\nt\private\crt32st\time\dtoxtime.c
2197	_Saved_Offset	213900	2	0	2	0	D:\nt\private\crt32st\time\dtoxtime.c
2198	_FTIGroup	213904	2	0	2	0	D:\nt\private\crt32st\time\dtoxtime.c
2199	_frm_deadstore	213908	2	0	2	0	D:\nt\private\crt32st\time\dtoxtime.c
2200	_Nextpn	213912	2	0	2	0	D:\nt\private\crt32st\time\dtoxtime.c
2201	_pLoopJmp	213916	2	0	2	0	D:\nt\private\crt32st\time\dtoxtime.c
2202	_Cloc	213920	2	0	2	0	D:\nt\private\crt32st\time\dtoxtime.c
2203	_Made_opt	213924	2	0	2	0	D:\nt\private\crt32st\time\dtoxtime.c
2204	_Free_refs	213928	2	0	2	0	D:\nt\private\crt32st\time\dtoxtime.c
2205	_Lab_head	213932	2	0	2	0	D:\nt\private\crt32st\time\dtoxtime.c
2206	_Diff	213936	2	0	2	0	D:\nt\private\crt32st\time\dtoxtime.c
2207	_fRemove_entry	213940	2	0	2	0	D:\nt\private\crt32st\time\dtoxtime.c
2208	_Warn_cnt	213944	2	0	2	0	D:\nt\private\crt32st\time\dtoxtime.c
2209	_pPrevSym	213948	2	0	2	0	D:\nt\private\crt32st\time\dtoxtime.c
2210	_fAddToRegTab	213952	2	0	2	0	D:\nt\private\crt32st\time\dtoxtime.c
2211	_Mod1	213956	2	0	2	0	D:\nt\private\crt32st\time\dtoxtime.c
2212	_Mod2	213960	2	0	2	0	D:\nt\private\crt32st\time\dtoxtime.c
2213	_Opcode	213964	2	0	2	0	D:\nt\private\crt32st\time\dtoxtime.c
2214	_Opr1	213968	2	0	2	0	D:\nt\private\crt32st\time\dtoxtime.c
2215	_Opr2	213972	2	0	2	0	D:\nt\private\crt32st\time\dtoxtime.c
2216	_Treg1	213976	2	0	2	0	D:\nt\private\crt32st\time\dtoxtime.c
2217	_Treg2	213980	2	0	2	0	D:\nt\private\crt32st\time\dtoxtime.c
2218	_RegOpnd	213984	2	0	2	0	D:\nt\private\crt32st\time\dtoxtime.c
2219	_Frame_Size	214136	2	0	2	0	D:\nt\private\crt32st\time\dtoxtime.c
2220	_text_offset	214140	2	0	2	0	D:\nt\private\crt32st\time\dtoxtime.c
2221	_Pres_File	214144	2	0	2	0	D:\nt\private\crt32st\time\dtoxtime.c
2222	_Last_File	214148	2	0	2	0	D:\nt\private\crt32st\time\dtoxtime.c
2223	_Codebytes	214152	2	0	2	0	D:\nt\private\crt32st\time\dtoxtime.c
2224	_Nbytes	214156	2	0	2	0	D:\nt\private\crt32st\time\dtoxtime.c
2225	_Operand	214160	2	0	2	0	D:\nt\private\crt32st\time\dtoxtime.c
2226	_Opbyte	214164	2	0	2	0	D:\nt\private\crt32st\time\dtoxtime.c
2227	_Oploc	214168	2	0	2	0	D:\nt\private\crt32st\time\dtoxtime.c
2228	_Part	214172	2	0	2	0	D:\nt\private\crt32st\time\dtoxtime.c
2229	_Segbyte	214176	2	0	2	0	D:\nt\private\crt32st\time\dtoxtime.c
2230	_InCode16	214180	2	0	2	0	D:\nt\private\crt32st\time\dtoxtime.c
2231	_Pn	214184	2	0	2	0	D:\nt\private\crt32st\time\dtoxtime.c
2232	_Template	214188	2	0	2	0	D:\nt\private\crt32st\time\dtoxtime.c
2233	_fix_size	214700	2	0	2	0	D:\nt\private\crt32st\time\dtoxtime.c
2234	_self_rel	214704	2	0	2	0	D:\nt\private\crt32st\time\dtoxtime.c
2235	_Opc_info	214708	2	0	2	0	D:\nt\private\crt32st\time\dtoxtime.c
2236	_Adjust	214712	2	0	2	0	D:\nt\private\crt32st\time\dtoxtime.c
2237	_Entry_List	214716	2	0	2	0	D:\nt\private\crt32st\time\dtoxtime.c
2238	_Proc_sym	215196	2	0	2	0	D:\nt\private\crt32st\time\dtoxtime.c
2239	_Proc_off	215200	2	0	2	0	D:\nt\private\crt32st\time\dtoxtime.c
2240	_Block_stack	215204	2	0	2	0	D:\nt\private\crt32st\time\dtoxtime.c
2241	_fSavedRegs	215332	2	0	2	0	D:\nt\private\crt32st\time\dtoxtime.c
2242	_Oper1	215336	2	0	2	0	D:\nt\private\crt32st\time\dtoxtime.c
2243	_Oper2	215360	2	0	2	0	D:\nt\private\crt32st\time\dtoxtime.c
2244	_fRemove_chkstk	215384	2	0	2	0	D:\nt\private\crt32st\time\dtoxtime.c
2245	_New_FreeForm	215388	2	0	2	0	D:\nt\private\crt32st\time\dtoxtime.c
2246	_New_List_On	215392	2	0	2	0	D:\nt\private\crt32st\time\dtoxtime.c
2247	_New_Page_Size	215396	2	0	2	0	D:\nt\private\crt32st\time\dtoxtime.c
2248	_New_Line_Size	215400	2	0	2	0	D:\nt\private\crt32st\time\dtoxtime.c
2249	_New_Include_File	215404	2	0	2	0	D:\nt\private\crt32st\time\dtoxtime.c
2250	_List_Stack	215408	2	0	2	0	D:\nt\private\crt32st\time\dtoxtime.c
2251	_PageNum	215608	2	0	2	0	D:\nt\private\crt32st\time\dtoxtime.c
2252	_BytePerLine	215612	2	0	2	0	D:\nt\private\crt32st\time\dtoxtime.c
2253	_Pres_proc_name	215616	2	0	2	0	D:\nt\private\crt32st\time\dtoxtime.c
2254	_FltRegOpnd	215620	2	0	2	0	D:\nt\private\crt32st\time\dtoxtime.c
2255	_SpecRegOpnd	215660	2	0	2	0	D:\nt\private\crt32st\time\dtoxtime.c
2256	_EndEntrySeq	215780	2	0	2	0	D:\nt\private\crt32st\time\dtoxtime.c
2257	_fdead_store_done	215784	2	0	2	0	D:\nt\private\crt32st\time\dtoxtime.c
2258	_cRegSavedByte	215788	2	0	2	0	D:\nt\private\crt32st\time\dtoxtime.c
2259	_present_node	215792	2	0	2	0	D:\nt\private\crt32st\time\dtoxtime.c
2260	_fRegMask	215796	2	0	2	0	D:\nt\private\crt32st\time\dtoxtime.c
2261	_fNewRegMask	215800	2	0	2	0	D:\nt\private\crt32st\time\dtoxtime.c
2262	_fStoredInVar	215804	2	0	2	0	D:\nt\private\crt32st\time\dtoxtime.c
2263	_reg_ref	215808	2	0	2	0	D:\nt\private\crt32st\time\dtoxtime.c
2264	_fOptim	216048	2	0	2	0	D:\nt\private\crt32st\time\dtoxtime.c
2265	_frm_deadload	216052	2	0	2	0	D:\nt\private\crt32st\time\dtoxtime.c
2266	_reg_chain	216056	2	0	2	0	D:\nt\private\crt32st\time\dtoxtime.c
2267	__ptermcon	216416	2	0	2	0	D:\nt\private\crt32st\time\dtoxtime.c
2268	__ponexitinit	216420	2	0	2	0	D:\nt\private\crt32st\time\dtoxtime.c
2269	__pFFinit	216424	2	0	2	0	D:\nt\private\crt32st\time\dtoxtime.c
2270	__pgmptr	216428	2	0	2	0	D:\nt\private\crt32st\time\dtoxtime.c
2271	___onexitend	216432	2	0	2	0	D:\nt\private\crt32st\time\dtoxtime.c
2272	__prmtmp	216436	2	0	2	0	D:\nt\private\crt32st\time\dtoxtime.c
2273	__pinitcon	216440	2	0	2	0	D:\nt\private\crt32st\time\dtoxtime.c
2274	__pinittime	216444	2	0	2	0	D:\nt\private\crt32st\time\dtoxtime.c
2275	__atopsp	216448	2	0	2	0	D:\nt\private\crt32st\time\dtoxtime.c
2276	__aenvptr	216452	2	0	2	0	D:\nt\private\crt32st\time\dtoxtime.c
2277	__acmdln	216456	2	0	2	0	D:\nt\private\crt32st\time\dtoxtime.c
2278	__heap_regions	216460	2	0	2	0	D:\nt\private\crt32st\time\dtoxtime.c
2279	__bufin	216652	2	0	2	0	D:\nt\private\crt32st\time\dtoxtime.c
2280	_ErrString	217164	2	0	2	0	D:\nt\private\crt32st\time\dtoxtime.c
2281	_pRegTab	262372	3	0	2	0	D:\nt\private\crt32st\time\dtoxtime.c
2282	_Ail	262376	3	0	2	0	D:\nt\private\crt32st\time\dtoxtime.c
2283	_Ailtmp	262380	3	0	2	0	D:\nt\private\crt32st\time\dtoxtime.c
2284	_DataInit	262384	3	0	2	0	D:\nt\private\crt32st\time\dtoxtime.c
2285	_GlobSil	262388	3	0	2	0	D:\nt\private\crt32st\time\dtoxtime.c
2286	_LocSil	262392	3	0	2	0	D:\nt\private\crt32st\time\dtoxtime.c
2287	_Dbil	262396	3	0	2	0	D:\nt\private\crt32st\time\dtoxtime.c
2288	_Mingle	262400	3	0	2	0	D:\nt\private\crt32st\time\dtoxtime.c
2289	_Source	262404	3	0	2	0	D:\nt\private\crt32st\time\dtoxtime.c
2290	_Obj	262408	3	0	2	0	D:\nt\private\crt32st\time\dtoxtime.c
2291	_Siltmp	262412	3	0	2	0	D:\nt\private\crt32st\time\dtoxtime.c
2292	_StrInit	262416	3	0	2	0	D:\nt\private\crt32st\time\dtoxtime.c
2293	_Errfl	262420	3	0	2	0	D:\nt\private\crt32st\time\dtoxtime.c
2294	_ErrFile	262424	3	0	2	0	D:\nt\private\crt32st\time\dtoxtime.c
2295	_Srcfile	262428	3	0	2	0	D:\nt\private\crt32st\time\dtoxtime.c
2296	_LstPragma	262432	3	0	2	0	D:\nt\private\crt32st\time\dtoxtime.c
2297	_MasmSrc	262436	3	0	2	0	D:\nt\private\crt32st\time\dtoxtime.c
2298	_Proc_head	262440	3	0	2	0	D:\nt\private\crt32st\time\dtoxtime.c
2299	_AsmFile	262444	3	0	2	0	D:\nt\private\crt32st\time\dtoxtime.c
2300	_ConfComment	262448	3	0	2	0	D:\nt\private\crt32st\time\dtoxtime.c
2301	_A_string	262452	3	0	2	0	D:\nt\private\crt32st\time\dtoxtime.c
2302	_Basename	262456	3	0	2	0	D:\nt\private\crt32st\time\dtoxtime.c
2303	_DefaultGroup	262460	3	0	2	0	D:\nt\private\crt32st\time\dtoxtime.c
2304	_DataGroup_name	262464	3	0	2	0	D:\nt\private\crt32st\time\dtoxtime.c
2305	_DataSeg_name	262468	3	0	2	0	D:\nt\private\crt32st\time\dtoxtime.c
2306	_ErrFilName	262472	3	0	2	0	D:\nt\private\crt32st\time\dtoxtime.c
2307	_Listfile	262476	3	0	2	0	D:\nt\private\crt32st\time\dtoxtime.c
2308	_Combfile	262480	3	0	2	0	D:\nt\private\crt32st\time\dtoxtime.c
2309	_Minglename	262484	3	0	2	0	D:\nt\private\crt32st\time\dtoxtime.c
2310	_Srclist	262488	3	0	2	0	D:\nt\private\crt32st\time\dtoxtime.c
2311	_Translator	262492	3	0	2	0	D:\nt\private\crt32st\time\dtoxtime.c
2312	_LanguageId	262496	3	0	2	0	D:\nt\private\crt32st\time\dtoxtime.c
2313	_Module_name	262500	3	0	2	0	D:\nt\private\crt32st\time\dtoxtime.c
2314	_Filename	262504	3	0	2	0	D:\nt\private\crt32st\time\dtoxtime.c
2315	_HeapUsed	262508	3	0	2	0	D:\nt\private\crt32st\time\dtoxtime.c
2316	_PopUpDosErr	262509	3	0	2	0	D:\nt\private\crt32st\time\dtoxtime.c
2317	_Obj_name	262512	3	0	2	0	D:\nt\private\crt32st\time\dtoxtime.c
2318	_TextGroup_name	262516	3	0	2	0	D:\nt\private\crt32st\time\dtoxtime.c
2319	_TextSeg_name	262520	3	0	2	0	D:\nt\private\crt32st\time\dtoxtime.c
2320	_Unknown	262524	3	0	2	0	D:\nt\private\crt32st\time\dtoxtime.c
2321	_Version	262528	3	0	2	0	D:\nt\private\crt32st\time\dtoxtime.c
2322	_Library	262532	3	0	2	0	D:\nt\private\crt32st\time\dtoxtime.c
2323	_Do_link	262536	3	0	2	0	D:\nt\private\crt32st\time\dtoxtime.c
2324	_Do_pgo	262540	3	0	2	0	D:\nt\private\crt32st\time\dtoxtime.c
2325	_Opt_precision	262544	3	0	2	0	D:\nt\private\crt32st\time\dtoxtime.c
2326	_Opt_spdep	262548	3	0	2	0	D:\nt\private\crt32st\time\dtoxtime.c
2327	_Opt_spind	262552	3	0	2	0	D:\nt\private\crt32st\time\dtoxtime.c
2328	_Opt_motion	262556	3	0	2	0	D:\nt\private\crt32st\time\dtoxtime.c
2329	_Linenumber	262560	3	0	2	0	D:\nt\private\crt32st\time\dtoxtime.c
2330	_ByteAdded	262564	3	0	2	0	D:\nt\private\crt32st\time\dtoxtime.c
2331	_BytePadded	262568	3	0	2	0	D:\nt\private\crt32st\time\dtoxtime.c
2332	_Msdos	262572	3	0	2	0	D:\nt\private\crt32st\time\dtoxtime.c
2333	_LineListed_to	262576	3	0	2	0	D:\nt\private\crt32st\time\dtoxtime.c
2334	_list_init	262580	3	0	2	0	D:\nt\private\crt32st\time\dtoxtime.c
2335	_Name_length	262584	3	0	2	0	D:\nt\private\crt32st\time\dtoxtime.c
2336	_Nerrors	262588	3	0	2	0	D:\nt\private\crt32st\time\dtoxtime.c
2337	_No_alias	262592	3	0	2	0	D:\nt\private\crt32st\time\dtoxtime.c
2338	_PadFactor	262596	3	0	2	0	D:\nt\private\crt32st\time\dtoxtime.c
2339	_Speed	262600	3	0	2	0	D:\nt\private\crt32st\time\dtoxtime.c
2340	_Warn_level	262604	3	0	2	0	D:\nt\private\crt32st\time\dtoxtime.c
2341	_Symbolic_debug	262608	3	0	2	0	D:\nt\private\crt32st\time\dtoxtime.c
2342	_Syntax_check	262612	3	0	2	0	D:\nt\private\crt32st\time\dtoxtime.c
2343	_Inteltypes	262616	3	0	2	0	D:\nt\private\crt32st\time\dtoxtime.c
2344	_Do_DebugInfo	262620	3	0	2	0	D:\nt\private\crt32st\time\dtoxtime.c
2345	_Do_asm	262624	3	0	2	0	D:\nt\private\crt32st\time\dtoxtime.c
2346	_Do_disasm	262628	3	0	2	0	D:\nt\private\crt32st\time\dtoxtime.c
2347	_Fltused	262632	3	0	2	0	D:\nt\private\crt32st\time\dtoxtime.c
2348	_Consistency	262633	3	0	2	0	D:\nt\private\crt32st\time\dtoxtime.c
2349	_Profval	262636	3	0	2	0	D:\nt\private\crt32st\time\dtoxtime.c
2350	_Bss_size	262640	3	0	2	0	D:\nt\private\crt32st\time\dtoxtime.c
2351	_Code_offset	262644	3	0	2	0	D:\nt\private\crt32st\time\dtoxtime.c
2352	_pCode_offset	262648	3	0	2	0	D:\nt\private\crt32st\time\dtoxtime.c
2353	_Const_size	262652	3	0	2	0	D:\nt\private\crt32st\time\dtoxtime.c
2354	_Data_size	262656	3	0	2	0	D:\nt\private\crt32st\time\dtoxtime.c
2355	_Text_size	262660	3	0	2	0	D:\nt\private\crt32st\time\dtoxtime.c
2356	_pText_size	262664	3	0	2	0	D:\nt\private\crt32st\time\dtoxtime.c
2357	_NoComment	262668	3	0	2	0	D:\nt\private\crt32st\time\dtoxtime.c
2358	_Windows	262672	3	0	2	0	D:\nt\private\crt32st\time\dtoxtime.c
2359	_GW	262676	3	0	2	0	D:\nt\private\crt32st\time\dtoxtime.c
2360	_NoExpand	262680	3	0	2	0	D:\nt\private\crt32st\time\dtoxtime.c
2361	_CodeSegIndex	262684	3	0	2	0	D:\nt\private\crt32st\time\dtoxtime.c
2362	_AllComdat	262688	3	0	2	0	D:\nt\private\crt32st\time\dtoxtime.c
2363	_cTotalSym	262692	3	0	2	0	D:\nt\private\crt32st\time\dtoxtime.c
2364	_cMaxSym	262696	3	0	2	0	D:\nt\private\crt32st\time\dtoxtime.c
2365	_cGlobSym	262700	3	0	2	0	D:\nt\private\crt32st\time\dtoxtime.c
2366	_Debug	262704	3	0	2	0	D:\nt\private\crt32st\time\dtoxtime.c
2367	_Ignore_pragma_optim	262708	3	0	2	0	D:\nt\private\crt32st\time\dtoxtime.c
2368	_TextSegSpecified	262712	3	0	2	0	D:\nt\private\crt32st\time\dtoxtime.c
2369	_DataSegSpecified	262713	3	0	2	0	D:\nt\private\crt32st\time\dtoxtime.c
2370	_Cpu486	262716	3	0	2	0	D:\nt\private\crt32st\time\dtoxtime.c
2371	_FPa	262720	3	0	2	0	D:\nt\private\crt32st\time\dtoxtime.c
2372	_FPc	262724	3	0	2	0	D:\nt\private\crt32st\time\dtoxtime.c
2373	_FPc87	262728	3	0	2	0	D:\nt\private\crt32st\time\dtoxtime.c
2374	_FPi87	262732	3	0	2	0	D:\nt\private\crt32st\time\dtoxtime.c
2375	_FPi	262736	3	0	2	0	D:\nt\private\crt32st\time\dtoxtime.c
2376	_Cur_proc	262740	3	0	2	0	D:\nt\private\crt32st\time\dtoxtime.c
2377	_CodeDataList	262744	3	0	2	0	D:\nt\private\crt32st\time\dtoxtime.c
2378	_Node	262748	3	0	2	0	D:\nt\private\crt32st\time\dtoxtime.c
2379	_NOP_Node	262780	3	0	2	0	D:\nt\private\crt32st\time\dtoxtime.c
2380	_Ztab	262804	3	0	2	0	D:\nt\private\crt32st\time\dtoxtime.c
2381	_Otab	262876	3	0	2	0	D:\nt\private\crt32st\time\dtoxtime.c
2382	_p3tab	262984	3	0	2	0	D:\nt\private\crt32st\time\dtoxtime.c
2383	_pMingle_Stack	263524	3	0	2	0	D:\nt\private\crt32st\time\dtoxtime.c
2384	_MingleTop	263528	3	0	2	0	D:\nt\private\crt32st\time\dtoxtime.c
2385	_Sline	263532	3	0	2	0	D:\nt\private\crt32st\time\dtoxtime.c
2386	_MaxLineListed	263536	3	0	2	0	D:\nt\private\crt32st\time\dtoxtime.c
2387	_AlreadyRead	263540	3	0	2	0	D:\nt\private\crt32st\time\dtoxtime.c
2388	__fmode	263776	3	0	2	0	D:\nt\private\crt32st\time\dtoxtime.c
2389	_Ail_info	263844	3	0	2	0	D:\nt\private\crt32st\time\dtoxtime.c
2390	_MaxNearHeapUsed	264008	3	0	2	0	D:\nt\private\crt32st\time\dtoxtime.c
2391	_MaxFarHeapUsed	264012	3	0	2	0	D:\nt\private\crt32st\time\dtoxtime.c
2392	_NearHeapUsed	264016	3	0	2	0	D:\nt\private\crt32st\time\dtoxtime.c
2393	_FarHeapUsed	264020	3	0	2	0	D:\nt\private\crt32st\time\dtoxtime.c
2394	_blocksize	264024	3	0	2	0	D:\nt\private\crt32st\time\dtoxtime.c
2395	_fOutOfMemError	264028	3	0	2	0	D:\nt\private\crt32st\time\dtoxtime.c
2396	_Code16Index	264256	3	0	2	0	D:\nt\private\crt32st\time\dtoxtime.c
2397	_ComdatCode_Seg	264260	3	0	2	0	D:\nt\private\crt32st\time\dtoxtime.c
2398	_ComdatData_Seg	264312	3	0	2	0	D:\nt\private\crt32st\time\dtoxtime.c
2399	_fStaticFunction	264364	3	0	2	0	D:\nt\private\crt32st\time\dtoxtime.c
2400	_BeginComdatData	264368	3	0	2	0	D:\nt\private\crt32st\time\dtoxtime.c
2401	_CurCodeSegIndex	264392	3	0	2	0	D:\nt\private\crt32st\time\dtoxtime.c
2402	_LastLine	264520	3	0	2	0	D:\nt\private\crt32st\time\dtoxtime.c
2403	_Len	264524	3	0	2	0	D:\nt\private\crt32st\time\dtoxtime.c
2404	_LinLen	264528	3	0	2	0	D:\nt\private\crt32st\time\dtoxtime.c
2405	_MemModel	264532	3	0	2	0	D:\nt\private\crt32st\time\dtoxtime.c
2406	_ECounter	264536	3	0	2	0	D:\nt\private\crt32st\time\dtoxtime.c
2407	_GCounter	264540	3	0	2	0	D:\nt\private\crt32st\time\dtoxtime.c
2408	_SCounter	264544	3	0	2	0	D:\nt\private\crt32st\time\dtoxtime.c
2409	_TCounter	264548	3	0	2	0	D:\nt\private\crt32st\time\dtoxtime.c
2410	_LCounter	264552	3	0	2	0	D:\nt\private\crt32st\time\dtoxtime.c
2411	_PCounter	264556	3	0	2	0	D:\nt\private\crt32st\time\dtoxtime.c
2412	_FthreadCounter	264560	3	0	2	0	D:\nt\private\crt32st\time\dtoxtime.c
2413	_TthreadCounter	264564	3	0	2	0	D:\nt\private\crt32st\time\dtoxtime.c
2414	_Align	264568	3	0	2	0	D:\nt\private\crt32st\time\dtoxtime.c
2415	_Init_seg	264572	3	0	2	0	D:\nt\private\crt32st\time\dtoxtime.c
2416	_Pres_segment	264576	3	0	2	0	D:\nt\private\crt32st\time\dtoxtime.c
2417	_SegHead	264580	3	0	2	0	D:\nt\private\crt32st\time\dtoxtime.c
2418	_NumSegments	264584	3	0	2	0	D:\nt\private\crt32st\time\dtoxtime.c
2419	_Code	264588	3	0	2	0	D:\nt\private\crt32st\time\dtoxtime.c
2420	_Data	264592	3	0	2	0	D:\nt\private\crt32st\time\dtoxtime.c
2421	_Const	264596	3	0	2	0	D:\nt\private\crt32st\time\dtoxtime.c
2422	_Bss	264600	3	0	2	0	D:\nt\private\crt32st\time\dtoxtime.c
2423	_Types	264604	3	0	2	0	D:\nt\private\crt32st\time\dtoxtime.c
2424	_Symbols	264608	3	0	2	0	D:\nt\private\crt32st\time\dtoxtime.c
2425	_ComSegHead	264612	3	0	2	0	D:\nt\private\crt32st\time\dtoxtime.c
2426	_DataName	264616	3	0	2	0	D:\nt\private\crt32st\time\dtoxtime.c
2427	_BssName	264620	3	0	2	0	D:\nt\private\crt32st\time\dtoxtime.c
2428	_ConstName	264624	3	0	2	0	D:\nt\private\crt32st\time\dtoxtime.c
2429	_Using_IGroup	264784	3	0	2	0	D:\nt\private\crt32st\time\dtoxtime.c
2430	_Zero_GroupRec	264788	3	0	2	0	D:\nt\private\crt32st\time\dtoxtime.c
2431	_DGroup	264796	3	0	2	0	D:\nt\private\crt32st\time\dtoxtime.c
2432	_IGroup	264800	3	0	2	0	D:\nt\private\crt32st\time\dtoxtime.c
2433	_Libc	264804	3	0	2	0	D:\nt\private\crt32st\time\dtoxtime.c
2434	_Libfp	264808	3	0	2	0	D:\nt\private\crt32st\time\dtoxtime.c
2435	_Liba	264812	3	0	2	0	D:\nt\private\crt32st\time\dtoxtime.c
2436	_Libe	264816	3	0	2	0	D:\nt\private\crt32st\time\dtoxtime.c
2437	_Lib87	264820	3	0	2	0	D:\nt\private\crt32st\time\dtoxtime.c
2438	_Entry_Count	264824	3	0	2	0	D:\nt\private\crt32st\time\dtoxtime.c
2439	_Exit_Count	264828	3	0	2	0	D:\nt\private\crt32st\time\dtoxtime.c
2440	_CurOrg	264832	3	0	2	0	D:\nt\private\crt32st\time\dtoxtime.c
2441	_InSymbolSeg	264836	3	0	2	0	D:\nt\private\crt32st\time\dtoxtime.c
2442	_IsCCallFunc	264837	3	0	2	0	D:\nt\private\crt32st\time\dtoxtime.c
2443	_Crt0_sym	264840	3	0	2	0	D:\nt\private\crt32st\time\dtoxtime.c
2444	_Types_Seg	264904	3	0	2	0	D:\nt\private\crt32st\time\dtoxtime.c
2445	_Sym_Seg	264956	3	0	2	0	D:\nt\private\crt32st\time\dtoxtime.c
2446	_Bss_Seg	265008	3	0	2	0	D:\nt\private\crt32st\time\dtoxtime.c
2447	_Const_Seg	265060	3	0	2	0	D:\nt\private\crt32st\time\dtoxtime.c
2448	_Data_Seg	265112	3	0	2	0	D:\nt\private\crt32st\time\dtoxtime.c
2449	_Code_Seg	265164	3	0	2	0	D:\nt\private\crt32st\time\dtoxtime.c
2450	_ComdatIndexTab	265216	3	0	2	0	D:\nt\private\crt32st\time\dtoxtime.c
2451	_PubDefOff	265276	3	0	2	0	D:\nt\private\crt32st\time\dtoxtime.c
2452	_FixlistCount	265280	3	0	2	0	D:\nt\private\crt32st\time\dtoxtime.c
2453	_fardata_classname	265284	3	0	2	0	D:\nt\private\crt32st\time\dtoxtime.c
2454	_Old_lnnum	265300	3	0	2	0	D:\nt\private\crt32st\time\dtoxtime.c
2455	_Old_lnoffset	265304	3	0	2	0	D:\nt\private\crt32st\time\dtoxtime.c
2456	_Ledata_fixup	265308	3	0	2	0	D:\nt\private\crt32st\time\dtoxtime.c
2457	_EmitFloat	265328	3	0	2	0	D:\nt\private\crt32st\time\dtoxtime.c
2458	_Cur_loc	265364	3	0	2	0	D:\nt\private\crt32st\time\dtoxtime.c
2459	_CaseTabCount	265368	3	0	2	0	D:\nt\private\crt32st\time\dtoxtime.c
2460	_pJCC_Node	265372	3	0	2	0	D:\nt\private\crt32st\time\dtoxtime.c
2461	_cJCC_node	265376	3	0	2	0	D:\nt\private\crt32st\time\dtoxtime.c
2462	_StackPush	265380	3	0	2	0	D:\nt\private\crt32st\time\dtoxtime.c
2463	_fFloatInst	265384	3	0	2	0	D:\nt\private\crt32st\time\dtoxtime.c
2464	_Next_label_num	265388	3	0	2	0	D:\nt\private\crt32st\time\dtoxtime.c
2465	_InComdatCode	265392	3	0	2	0	D:\nt\private\crt32st\time\dtoxtime.c
2466	_Comdat_offset	265396	3	0	2	0	D:\nt\private\crt32st\time\dtoxtime.c
2467	_NextTransferNode	265400	3	0	2	0	D:\nt\private\crt32st\time\dtoxtime.c
2468	_Operand_info	265800	3	0	2	0	D:\nt\private\crt32st\time\dtoxtime.c
2469	_Dreg	265968	3	0	2	0	D:\nt\private\crt32st\time\dtoxtime.c
2470	_Wreg	266024	3	0	2	0	D:\nt\private\crt32st\time\dtoxtime.c
2471	_Breg	266080	3	0	2	0	D:\nt\private\crt32st\time\dtoxtime.c
2472	_Error	266112	3	0	2	0	D:\nt\private\crt32st\time\dtoxtime.c
2473	_SpReg	266120	3	0	2	0	D:\nt\private\crt32st\time\dtoxtime.c
2474	_Cond_codes	266216	3	0	2	0	D:\nt\private\crt32st\time\dtoxtime.c
2475	_Bchain_masks	266280	3	0	2	0	D:\nt\private\crt32st\time\dtoxtime.c
2476	_FPregname	266312	3	0	2	0	D:\nt\private\crt32st\time\dtoxtime.c
2477	_PSFreg	266344	3	0	2	0	D:\nt\private\crt32st\time\dtoxtime.c
2478	_FS_Offset	266584	3	0	2	0	D:\nt\private\crt32st\time\dtoxtime.c
2479	_Regparts	266588	3	0	2	0	D:\nt\private\crt32st\time\dtoxtime.c
2480	_Regsztab	266708	3	0	2	0	D:\nt\private\crt32st\time\dtoxtime.c
2481	_jump_table	266740	3	0	2	0	D:\nt\private\crt32st\time\dtoxtime.c
2482	_preserv_regs	266860	3	0	2	0	D:\nt\private\crt32st\time\dtoxtime.c
2483	_reg_tab	266896	3	0	2	0	D:\nt\private\crt32st\time\dtoxtime.c
2484	_Z_opr	267016	3	0	2	0	D:\nt\private\crt32st\time\dtoxtime.c
2485	_MO_opr	267020	3	0	2	0	D:\nt\private\crt32st\time\dtoxtime.c
2486	_Free_opls	267024	3	0	2	0	D:\nt\private\crt32st\time\dtoxtime.c
2487	_pReturn	267028	3	0	2	0	D:\nt\private\crt32st\time\dtoxtime.c
2488	_clear_list	267032	3	0	2	0	D:\nt\private\crt32st\time\dtoxtime.c
2489	_Ref_sizes	268112	3	0	2	0	D:\nt\private\crt32st\time\dtoxtime.c
2490	_class_interference	268144	3	0	2	0	D:\nt\private\crt32st\time\dtoxtime.c
2491	_InlineCode	268276	3	0	2	0	D:\nt\private\crt32st\time\dtoxtime.c
2492	_LocSymHead	268280	3	0	2	0	D:\nt\private\crt32st\time\dtoxtime.c
2493	_ExplicitSegment	268284	3	0	2	0	D:\nt\private\crt32st\time\dtoxtime.c
2494	_Fix_case_jump	268285	3	0	2	0	D:\nt\private\crt32st\time\dtoxtime.c
2495	_tmp_opr	268288	3	0	2	0	D:\nt\private\crt32st\time\dtoxtime.c
2496	_SymRecLen	268344	3	0	2	0	D:\nt\private\crt32st\time\dtoxtime.c
2497	_TOS_Block	268348	3	0	2	0	D:\nt\private\crt32st\time\dtoxtime.c
2498	_Block_Start	268352	3	0	2	0	D:\nt\private\crt32st\time\dtoxtime.c
2499	_dbg_regtab	268356	3	0	2	0	D:\nt\private\crt32st\time\dtoxtime.c
2500	_Convrt_modes	268528	3	0	2	0	D:\nt\private\crt32st\time\dtoxtime.c
2501	_FreeLabSymList	268600	3	0	2	0	D:\nt\private\crt32st\time\dtoxtime.c
2502	_LsSymtab	268604	3	0	2	0	D:\nt\private\crt32st\time\dtoxtime.c
2503	_SsSymtab	268608	3	0	2	0	D:\nt\private\crt32st\time\dtoxtime.c
2504	_ComEqu_List	268612	3	0	2	0	D:\nt\private\crt32st\time\dtoxtime.c
2505	_Flt_ext	268616	3	0	2	0	D:\nt\private\crt32st\time\dtoxtime.c
2506	_LDouble_ext	268680	3	0	2	0	D:\nt\private\crt32st\time\dtoxtime.c
2507	_TextSegSym	268744	3	0	2	0	D:\nt\private\crt32st\time\dtoxtime.c
2508	_ConstSegSym	268792	3	0	2	0	D:\nt\private\crt32st\time\dtoxtime.c
2509	_DataSegSym	268840	3	0	2	0	D:\nt\private\crt32st\time\dtoxtime.c
2510	_BSSSegSym	268888	3	0	2	0	D:\nt\private\crt32st\time\dtoxtime.c
2511	_StackSegSym	268936	3	0	2	0	D:\nt\private\crt32st\time\dtoxtime.c
2512	_CurrentLoc	268984	3	0	2	0	D:\nt\private\crt32st\time\dtoxtime.c
2513	_FlowHead	269076	3	0	2	0	D:\nt\private\crt32st\time\dtoxtime.c
2514	_FlowInsertPt	269080	3	0	2	0	D:\nt\private\crt32st\time\dtoxtime.c
2515	_Free_jmpnode	269084	3	0	2	0	D:\nt\private\crt32st\time\dtoxtime.c
2516	_NulJmpNode	269088	3	0	2	0	D:\nt\private\crt32st\time\dtoxtime.c
2517	_CodeBias	269140	3	0	2	0	D:\nt\private\crt32st\time\dtoxtime.c
2518	_entry_count	269144	3	0	2	0	D:\nt\private\crt32st\time\dtoxtime.c
2519	_StackSymOffset	269172	3	0	2	0	D:\nt\private\crt32st\time\dtoxtime.c
2520	_Empty_oper	269176	3	0	2	0	D:\nt\private\crt32st\time\dtoxtime.c
2521	_Empty_node	269200	3	0	2	0	D:\nt\private\crt32st\time\dtoxtime.c
2522	_Block_Count	269224	3	0	2	0	D:\nt\private\crt32st\time\dtoxtime.c
2523	_fSetFrame_Size	269228	3	0	2	0	D:\nt\private\crt32st\time\dtoxtime.c
2524	_fKeepVal	269229	3	0	2	0	D:\nt\private\crt32st\time\dtoxtime.c
2525	_UserSegList	269232	3	0	2	0	D:\nt\private\crt32st\time\dtoxtime.c
2526	_pEndUserSegList	269236	3	0	2	0	D:\nt\private\crt32st\time\dtoxtime.c
2527	_UserDataList	269240	3	0	2	0	D:\nt\private\crt32st\time\dtoxtime.c
2528	_pExportList	269244	3	0	2	0	D:\nt\private\crt32st\time\dtoxtime.c
2529	_pBig_Buffer	269248	3	0	2	0	D:\nt\private\crt32st\time\dtoxtime.c
2530	_pComment_List	269252	3	0	2	0	D:\nt\private\crt32st\time\dtoxtime.c
2531	_Nul_opnd	269320	3	0	2	0	D:\nt\private\crt32st\time\dtoxtime.c
2532	_MaxLabAllowed	269340	3	0	2	0	D:\nt\private\crt32st\time\dtoxtime.c
2533	_fUserSeg	269344	3	0	2	0	D:\nt\private\crt32st\time\dtoxtime.c
2534	_facrtused	269368	3	0	2	0	D:\nt\private\crt32st\time\dtoxtime.c
2535	_BytePopped	269400	3	0	2	0	D:\nt\private\crt32st\time\dtoxtime.c
2536	_SrcLine	269512	3	0	2	0	D:\nt\private\crt32st\time\dtoxtime.c
2537	_CurLine	269516	3	0	2	0	D:\nt\private\crt32st\time\dtoxtime.c
2538	_Page_Size	269520	3	0	2	0	D:\nt\private\crt32st\time\dtoxtime.c
2539	_Line_Size	269524	3	0	2	0	D:\nt\private\crt32st\time\dtoxtime.c
2540	_MaxCol	269528	3	0	2	0	D:\nt\private\crt32st\time\dtoxtime.c
2541	_Src_Title	269532	3	0	2	0	D:\nt\private\crt32st\time\dtoxtime.c
2542	_Src_Subtitle	269536	3	0	2	0	D:\nt\private\crt32st\time\dtoxtime.c
2543	_Date	269540	3	0	2	0	D:\nt\private\crt32st\time\dtoxtime.c
2544	_Time	269544	3	0	2	0	D:\nt\private\crt32st\time\dtoxtime.c
2545	_VerNum	269548	3	0	2	0	D:\nt\private\crt32st\time\dtoxtime.c
2546	_Dot_string	269552	3	0	2	0	D:\nt\private\crt32st\time\dtoxtime.c
2547	_First_glob	269556	3	0	2	0	D:\nt\private\crt32st\time\dtoxtime.c
2548	_fGlob_Header	269560	3	0	2	0	D:\nt\private\crt32st\time\dtoxtime.c
2549	_fLoc_Header	269564	3	0	2	0	D:\nt\private\crt32st\time\dtoxtime.c
2550	_fParam_Header	269568	3	0	2	0	D:\nt\private\crt32st\time\dtoxtime.c
2551	_fPr_Linenum	269572	3	0	2	0	D:\nt\private\crt32st\time\dtoxtime.c
2552	_List_On	269576	3	0	2	0	D:\nt\private\crt32st\time\dtoxtime.c
2553	_Include_File	269580	3	0	2	0	D:\nt\private\crt32st\time\dtoxtime.c
2554	_C_main_file	269584	3	0	2	0	D:\nt\private\crt32st\time\dtoxtime.c
2555	_FreeForm	269588	3	0	2	0	D:\nt\private\crt32st\time\dtoxtime.c
2556	_get_pragma	269592	3	0	2	0	D:\nt\private\crt32st\time\dtoxtime.c
2557	_FirstEntryLine	269596	3	0	2	0	D:\nt\private\crt32st\time\dtoxtime.c
2558	_New_Src_Title	269600	3	0	2	0	D:\nt\private\crt32st\time\dtoxtime.c
2559	_New_Src_Subtitle	269604	3	0	2	0	D:\nt\private\crt32st\time\dtoxtime.c
2560	_Affect_Line	269608	3	0	2	0	D:\nt\private\crt32st\time\dtoxtime.c
2561	_List_pragma	269612	3	0	2	0	D:\nt\private\crt32st\time\dtoxtime.c
2562	_pList_Stack	269616	3	0	2	0	D:\nt\private\crt32st\time\dtoxtime.c
2563	_First_err	269620	3	0	2	0	D:\nt\private\crt32st\time\dtoxtime.c
2564	_Last_err	269624	3	0	2	0	D:\nt\private\crt32st\time\dtoxtime.c
2565	_cErrors	269628	3	0	2	0	D:\nt\private\crt32st\time\dtoxtime.c
2566	_Repeat_Time	270608	3	0	2	0	D:\nt\private\crt32st\time\dtoxtime.c
2567	_Init_info	270688	3	0	2	0	D:\nt\private\crt32st\time\dtoxtime.c
2568	_LabelPrefix	270892	3	0	2	0	D:\nt\private\crt32st\time\dtoxtime.c
2569	_align_directive	270896	3	0	2	0	D:\nt\private\crt32st\time\dtoxtime.c
2570	_align_to_size	270920	3	0	2	0	D:\nt\private\crt32st\time\dtoxtime.c
2571	_Pres_seg	270944	3	0	2	0	D:\nt\private\crt32st\time\dtoxtime.c
2572	_FreeLabOpnd	272296	3	0	2	0	D:\nt\private\crt32st\time\dtoxtime.c
2573	_Tmp_opnd1	272300	3	0	2	0	D:\nt\private\crt32st\time\dtoxtime.c
2574	_Tmp_opnd2	272320	3	0	2	0	D:\nt\private\crt32st\time\dtoxtime.c
2575	_NulOpnd	272340	3	0	2	0	D:\nt\private\crt32st\time\dtoxtime.c
2576	_pTmp_opnd1	272360	3	0	2	0	D:\nt\private\crt32st\time\dtoxtime.c
2577	_pTmp_opnd2	272364	3	0	2	0	D:\nt\private\crt32st\time\dtoxtime.c
2578	_Operand_List	272368	3	0	2	0	D:\nt\private\crt32st\time\dtoxtime.c
2579	_fldtab	272488	3	0	2	0	D:\nt\private\crt32st\time\dtoxtime.c
2580	_nfldtab	272504	3	0	2	0	D:\nt\private\crt32st\time\dtoxtime.c
2581	_fildtab	272520	3	0	2	0	D:\nt\private\crt32st\time\dtoxtime.c
2582	_nfildtab	272536	3	0	2	0	D:\nt\private\crt32st\time\dtoxtime.c
2583	_Mov_BP_node	272552	3	0	2	0	D:\nt\private\crt32st\time\dtoxtime.c
2584	_Mov_SP_node	272556	3	0	2	0	D:\nt\private\crt32st\time\dtoxtime.c
2585	_Sub_SP_node	272560	3	0	2	0	D:\nt\private\crt32st\time\dtoxtime.c
2586	_Push_BP_node	272564	3	0	2	0	D:\nt\private\crt32st\time\dtoxtime.c
2587	_Pop_BP_node	272568	3	0	2	0	D:\nt\private\crt32st\time\dtoxtime.c
2588	_pRPUSH_pn	272572	3	0	2	0	D:\nt\private\crt32st\time\dtoxtime.c
2589	_locsym_space	272576	3	0	2	0	D:\nt\private\crt32st\time\dtoxtime.c
2590	_pLoc_sym	272580	3	0	2	0	D:\nt\private\crt32st\time\dtoxtime.c
2591	_NumOprs	272584	3	0	2	0	D:\nt\private\crt32st\time\dtoxtime.c
2592	_pChangeDX	272588	3	0	2	0	D:\nt\private\crt32st\time\dtoxtime.c
2593	_pChangeAH	272592	3	0	2	0	D:\nt\private\crt32st\time\dtoxtime.c
2594	_fRetVal	272596	3	0	2	0	D:\nt\private\crt32st\time\dtoxtime.c
2595	_NulChain	272600	3	0	2	0	D:\nt\private\crt32st\time\dtoxtime.c
2596	_MOV_count	272612	3	0	2	0	D:\nt\private\crt32st\time\dtoxtime.c
2597	_DISP_opr	272620	3	0	2	0	D:\nt\private\crt32st\time\dtoxtime.c
2598	_cmptbl	272748	3	0	2	0	D:\nt\private\crt32st\time\dtoxtime.c
2599	_Opcode_info	274504	3	0	2	0	D:\nt\private\crt32st\time\dtoxtime.c
2600	_Pragma_attrs	278156	3	0	2	0	D:\nt\private\crt32st\time\dtoxtime.c
2601	_Rstream	278532	3	0	2	0	D:\nt\private\crt32st\time\dtoxtime.c
2602	_Sil_info	278664	3	0	2	0	D:\nt\private\crt32st\time\dtoxtime.c
2603	_WarningExit	278776	3	0	2	0	D:\nt\private\crt32st\time\dtoxtime.c
2604	__ctype	278832	3	0	2	0	D:\nt\private\crt32st\time\dtoxtime.c
2605	_errno	279104	3	0	2	0	D:\nt\private\crt32st\time\dtoxtime.c
2606	__doserrno	279108	3	0	2	0	D:\nt\private\crt32st\time\dtoxtime.c
2607	__umaskval	279112	3	0	2	0	D:\nt\private\crt32st\time\dtoxtime.c
2608	__osversion	279116	3	0	2	0	D:\nt\private\crt32st\time\dtoxtime.c
2609	__osmajor	279120	3	0	2	0	D:\nt\private\crt32st\time\dtoxtime.c
2610	__osminor	279124	3	0	2	0	D:\nt\private\crt32st\time\dtoxtime.c
2611	__baseversion	279128	3	0	2	0	D:\nt\private\crt32st\time\dtoxtime.c
2612	__basemajor	279132	3	0	2	0	D:\nt\private\crt32st\time\dtoxtime.c
2613	__baseminor	279136	3	0	2	0	D:\nt\private\crt32st\time\dtoxtime.c
2614	__osmode	279140	3	0	2	0	D:\nt\private\crt32st\time\dtoxtime.c
2615	__cpumode	279141	3	0	2	0	D:\nt\private\crt32st\time\dtoxtime.c
2616	__nfile	279144	3	0	2	0	D:\nt\private\crt32st\time\dtoxtime.c
2617	__osfile	279148	3	0	2	0	D:\nt\private\crt32st\time\dtoxtime.c
2618	__osfhnd	279212	3	0	2	0	D:\nt\private\crt32st\time\dtoxtime.c
2619	__pipech	279468	3	0	2	0	D:\nt\private\crt32st\time\dtoxtime.c
2620	___argc	279532	3	0	2	0	D:\nt\private\crt32st\time\dtoxtime.c
2621	___argv	279536	3	0	2	0	D:\nt\private\crt32st\time\dtoxtime.c
2622	__environ	279540	3	0	2	0	D:\nt\private\crt32st\time\dtoxtime.c
2623	__child	279544	3	0	2	0	D:\nt\private\crt32st\time\dtoxtime.c
2624	__exitflag	279548	3	0	2	0	D:\nt\private\crt32st\time\dtoxtime.c
2625	__fltused	279664	3	0	2	0	D:\nt\private\crt32st\time\dtoxtime.c
2626	__ldused	279668	3	0	2	0	D:\nt\private\crt32st\time\dtoxtime.c
2627	__FPinit	279672	3	0	2	0	D:\nt\private\crt32st\time\dtoxtime.c
2628	__FPmtinit	279676	3	0	2	0	D:\nt\private\crt32st\time\dtoxtime.c
2629	__FPmtterm	279680	3	0	2	0	D:\nt\private\crt32st\time\dtoxtime.c
2630	__cfltcvt_tab	279712	3	0	2	0	D:\nt\private\crt32st\time\dtoxtime.c
2631	__sigintoff	279736	3	0	2	0	D:\nt\private\crt32st\time\dtoxtime.c
2632	__aexit_rtn	279744	3	0	2	0	D:\nt\private\crt32st\time\dtoxtime.c
2633	__adbgmsg	280472	3	0	2	0	D:\nt\private\crt32st\time\dtoxtime.c
2634	__cflush	280480	3	0	2	0	D:\nt\private\crt32st\time\dtoxtime.c
2635	__pendstdio	280484	3	0	2	0	D:\nt\private\crt32st\time\dtoxtime.c
2636	__heap_desc	280496	3	0	2	0	D:\nt\private\crt32st\time\dtoxtime.c
2637	__heap_resetsize	280516	3	0	2	0	D:\nt\private\crt32st\time\dtoxtime.c
2638	__amblksiz	280520	3	0	2	0	D:\nt\private\crt32st\time\dtoxtime.c
2639	__heap_regionsize	280524	3	0	2	0	D:\nt\private\crt32st\time\dtoxtime.c
2640	__iob	280528	3	0	2	0	D:\nt\private\crt32st\time\dtoxtime.c
2641	__lastiob	281168	3	0	2	0	D:\nt\private\crt32st\time\dtoxtime.c
2642	__pow10pos	281184	3	0	2	0	D:\nt\private\crt32st\time\dtoxtime.c
2643	__pow10neg	281532	3	0	2	0	D:\nt\private\crt32st\time\dtoxtime.c
2644	_NextArg	281964	3	0	2	0	D:\nt\private\crt32st\time\dtoxtime.c
2645	__commode	283152	3	0	2	0	D:\nt\private\crt32st\time\dtoxtime.c
2646	__stdbuf	283168	3	0	2	0	D:\nt\private\crt32st\time\dtoxtime.c
2647	_Err_Info	283452	3	0	2	0	D:\nt\private\crt32st\time\dtoxtime.c
2648	__timezone	283672	3	0	2	0	D:\nt\private\crt32st\time\dtoxtime.c
2649	__daylight	283676	3	0	2	0	D:\nt\private\crt32st\time\dtoxtime.c
2650	__tzname	283680	3	0	2	0	D:\nt\private\crt32st\time\dtoxtime.c
2651	___dnames	283688	3	0	2	0	D:\nt\private\crt32st\time\dtoxtime.c
2652	___mnames	283712	3	0	2	0	D:\nt\private\crt32st\time\dtoxtime.c
2653	__lpdays	283760	3	0	2	0	D:\nt\private\crt32st\time\dtoxtime.c
2654	__days	283812	3	0	2	0	D:\nt\private\crt32st\time\dtoxtime.c
2655	__sys_errlist	284652	3	0	2	0	D:\nt\private\crt32st\time\dtoxtime.c
2656	__sys_nerr	284804	3	0	2	0	D:\nt\private\crt32st\time\dtoxtime.c
2657	base_IMPORT_DESCRIPTOR	393216	5	0	2	0	D:\nt\private\crt32st\time\dtoxtime.c
2658	ntdll_IMPORT_DESCRIPTOR	393236	5	0	2	0	D:\nt\private\crt32st\time\dtoxtime.c
2659	NULL_IMPORT_DESCRIPTOR	393256	5	0	2	0	D:\nt\private\crt32st\time\dtoxtime.c
2660	base_NULL_THUNK_DATA	393368	5	0	2	0	D:\nt\private\crt32st\time\dtoxtime.c
2661	ntdll_NULL_THUNK_DATA	393380	5	0	2	0	D:\nt\private\crt32st\time\dtoxtime.c
2662	end	589824	-2	0	2	0	D:\nt\private\crt32st\time\dtoxtime.c
