index	virtual_address	value	type	pad	stored	validated
0	0x00010002	0x000329c4	3	0	0x000429c4	True
1	0x00010008	0x000329c4	3	0	0x000429c4	True
2	0x00010011	0x000329c0	3	0	0x000429c0	True
3	0x00010017	0x000329c0	3	0	0x000429c0	True
4	0x00010031	0x000329c4	3	0	0x000429c4	True
5	0x00010039	0x000329c0	3	0	0x000429c0	True
6	0x0001003e	0x00040578	3	0	0x00050578	True
7	0x00010062	0x00040586	3	0	0x00050586	True
8	0x00010068	0x0004017c	3	0	0x0005017c	True
9	0x00010079	0x00010000	3	0	0x00020000	True
10	0x00010084	0x00040348	3	0	0x00050348	True
11	0x00010098	0x00040178	3	0	0x00050178	True
12	0x000100a2	0x00040238	3	0	0x00050238	True
13	0x000100a8	0x00040144	3	0	0x00050144	True
14	0x000100b2	0x00040239	3	0	0x00050239	True
15	0x000100b8	0x000401ac	3	0	0x000501ac	True
16	0x000100bf	0x00040589	3	0	0x00050589	True
17	0x000100c9	0x0004058e	3	0	0x0005058e	True
18	0x000100ce	0x0004013c	3	0	0x0005013c	True
19	0x000100d3	0x00040140	3	0	0x00050140	True
20	0x000100d8	0x0004018c	3	0	0x0005018c	True
21	0x000100dd	0x00031530	3	0	0x00041530	True
22	0x000100e2	0x000401c0	3	0	0x000501c0	True
23	0x000100e7	0x00031538	3	0	0x00041538	True
24	0x000100ec	0x000401c8	3	0	0x000501c8	True
25	0x000100f1	0x00031540	3	0	0x00041540	True
26	0x000100f6	0x00040218	3	0	0x00050218	True
27	0x000100fb	0x00031534	3	0	0x00041534	True
28	0x00010100	0x00040190	3	0	0x00050190	True
29	0x00010105	0x0003153c	3	0	0x0004153c	True
30	0x0001010b	0x000401dc	3	0	0x000501dc	True
31	0x00010113	0x000401d0	3	0	0x000501d0	True
32	0x0001011d	0x00040148	3	0	0x00050148	True
33	0x00010125	0x00040148	3	0	0x00050148	True
34	0x00010129	0x00040595	3	0	0x00050595	True
35	0x0001012f	0x000401ec	3	0	0x000501ec	True
36	0x0001013c	0x0004014c	3	0	0x0005014c	True
37	0x00010144	0x00040150	3	0	0x00050150	True
38	0x0001014c	0x0004012c	3	0	0x0005012c	True
39	0x00010158	0x000401e0	3	0	0x000501e0	True
40	0x00010161	0x000447f0	3	0	0x000547f0	True
41	0x00010166	0x000405a0	3	0	0x000505a0	True
42	0x0001016c	0x0004012c	3	0	0x0005012c	True
43	0x0001017e	0x0004012c	3	0	0x0005012c	True
44	0x0001018a	0x000401e4	3	0	0x000501e4	True
45	0x00010194	0x0004014c	3	0	0x0005014c	True
46	0x0001019c	0x0004014c	3	0	0x0005014c	True
47	0x000101a6	0x00040150	3	0	0x00050150	True
48	0x000101ab	0x000447f0	3	0	0x000547f0	True
49	0x000101b0	0x0004059d	3	0	0x0005059d	True
50	0x000101c3	0x0004014c	3	0	0x0005014c	True
51	0x000101cb	0x0004014c	3	0	0x0005014c	True
52	0x000101d6	0x00040150	3	0	0x00050150	True
53	0x000101e7	0x00040170	3	0	0x00050170	True
54	0x000101f0	0x00040188	3	0	0x00050188	True
55	0x000101ff	0x000400e0	3	0	0x000500e0	True
56	0x0001020c	0x00040130	3	0	0x00050130	True
57	0x0001021f	0x00032ac8	3	0	0x00042ac8	True
58	0x00010231	0x0004023c	3	0	0x0005023c	True
59	0x0001023d	0x00040954	3	0	0x00050954	True
60	0x00010247	0x000401c4	3	0	0x000501c4	True
61	0x00010251	0x000401e9	3	0	0x000501e9	True
62	0x0001025c	0x00040154	3	0	0x00050154	True
63	0x00010264	0x000401e0	3	0	0x000501e0	True
64	0x0001026c	0x000401e4	3	0	0x000501e4	True
65	0x00010273	0x000405ad	3	0	0x000505ad	True
66	0x00010279	0x00040154	3	0	0x00050154	True
67	0x00010286	0x00040100	3	0	0x00050100	True
68	0x00010290	0x00040154	3	0	0x00050154	True
69	0x000102a0	0x00040158	3	0	0x00050158	True
70	0x000102a7	0x000405b0	3	0	0x000505b0	True
71	0x000102ad	0x00040154	3	0	0x00050154	True
72	0x000102ba	0x00040104	3	0	0x00050104	True
73	0x000102c4	0x00040154	3	0	0x00050154	True
74	0x000102d4	0x00040158	3	0	0x00050158	True
75	0x000102db	0x000405b3	3	0	0x000505b3	True
76	0x000102e1	0x00040158	3	0	0x00050158	True
77	0x000102ee	0x0004011c	3	0	0x0005011c	True
78	0x000102f8	0x00040158	3	0	0x00050158	True
79	0x00010307	0x000405b6	3	0	0x000505b6	True
80	0x0001030c	0x000405bb	3	0	0x000505bb	True
81	0x00010311	0x000405bd	3	0	0x000505bd	True
82	0x00010317	0x00040138	3	0	0x00050138	True
83	0x00010324	0x00040120	3	0	0x00050120	True
84	0x00010329	0x000405c0	3	0	0x000505c0	True
85	0x0001032e	0x000405c7	3	0	0x000505c7	True
86	0x00010333	0x000405c9	3	0	0x000505c9	True
87	0x00010339	0x00040138	3	0	0x00050138	True
88	0x00010346	0x00040114	3	0	0x00050114	True
89	0x0001034c	0x00040104	3	0	0x00050104	True
90	0x00010354	0x000401bc	3	0	0x000501bc	True
91	0x0001035c	0x000401d4	3	0	0x000501d4	True
92	0x00010364	0x00040158	3	0	0x00050158	True
93	0x00010371	0x000401b4	3	0	0x000501b4	True
94	0x00010389	0x000405cc	3	0	0x000505cc	True
95	0x0001038e	0x000405d0	3	0	0x000505d0	True
96	0x00010393	0x000405d2	3	0	0x000505d2	True
97	0x00010399	0x00040138	3	0	0x00050138	True
98	0x000103a6	0x000400e8	3	0	0x000500e8	True
99	0x000103ab	0x000405d5	3	0	0x000505d5	True
100	0x000103b0	0x000405de	3	0	0x000505de	True
101	0x000103b5	0x000405e0	3	0	0x000505e0	True
102	0x000103bb	0x00040138	3	0	0x00050138	True
103	0x000103c8	0x000400f4	3	0	0x000500f4	True
104	0x000103d3	0x00031544	3	0	0x00041544	True
105	0x000103d9	0x000400e8	3	0	0x000500e8	True
106	0x000103ec	0x00031d44	3	0	0x00041d44	True
107	0x000103f2	0x000400f4	3	0	0x000500f4	True
108	0x00010400	0x000401e0	3	0	0x000501e0	True
109	0x00010408	0x000401e4	3	0	0x000501e4	True
110	0x0001041f	0x00040224	3	0	0x00050224	True
111	0x00010425	0x0004022c	3	0	0x0005022c	True
112	0x0001042b	0x000400f4	3	0	0x000500f4	True
113	0x00010438	0x000405e3	3	0	0x000505e3	True
114	0x0001043d	0x000405eb	3	0	0x000505eb	True
115	0x00010442	0x000405ed	3	0	0x000505ed	True
116	0x00010448	0x00040138	3	0	0x00050138	True
117	0x00010455	0x000400f8	3	0	0x000500f8	True
118	0x00010460	0x00032144	3	0	0x00042144	True
119	0x0001046e	0x000405f0	3	0	0x000505f0	True
120	0x00010473	0x000405fa	3	0	0x000505fa	True
121	0x00010478	0x000405fc	3	0	0x000505fc	True
122	0x0001047e	0x00040138	3	0	0x00050138	True
123	0x0001048b	0x000400f0	3	0	0x000500f0	True
124	0x00010490	0x000405ff	3	0	0x000505ff	True
125	0x00010495	0x00040608	3	0	0x00050608	True
126	0x0001049a	0x0004060a	3	0	0x0005060a	True
127	0x000104a0	0x00040138	3	0	0x00050138	True
128	0x000104ad	0x00040110	3	0	0x00050110	True
129	0x000104b8	0x00031944	3	0	0x00041944	True
130	0x000104be	0x000400f0	3	0	0x000500f0	True
131	0x000104d1	0x00032544	3	0	0x00042544	True
132	0x000104d7	0x00040110	3	0	0x00050110	True
133	0x000104e5	0x00040188	3	0	0x00050188	True
134	0x000104ec	0x0004060d	3	0	0x0005060d	True
135	0x000104f2	0x00040170	3	0	0x00050170	True
136	0x000104ff	0x00040108	3	0	0x00050108	True
137	0x00010509	0x00040170	3	0	0x00050170	True
138	0x0001051e	0x00040cb0	3	0	0x00050cb0	True
139	0x00010525	0x000401e0	3	0	0x000501e0	True
140	0x0001052d	0x000401e4	3	0	0x000501e4	True
141	0x0001053a	0x000401dc	3	0	0x000501dc	True
142	0x00010545	0x000329c8	3	0	0x000429c8	True
143	0x0001054a	0x0001b5b0	3	0	0x0002b5b0	True
144	0x0001055f	0x0004022c	3	0	0x0005022c	True
145	0x00010564	0x00040224	3	0	0x00050224	True
146	0x0001056a	0x000400f8	3	0	0x000500f8	True
147	0x00010579	0x000401a4	3	0	0x000501a4	True
148	0x0001057e	0x000401a8	3	0	0x000501a8	True
149	0x0001058a	0x000406a8	3	0	0x000506a8	True
150	0x0001059b	0x00040128	3	0	0x00050128	True
151	0x000105a7	0x00040254	3	0	0x00050254	True
152	0x000105b3	0x00040254	3	0	0x00050254	True
153	0x000105c6	0x0004018c	3	0	0x0005018c	True
154	0x000105d3	0x000400e4	3	0	0x000500e4	True
155	0x000105dc	0x000400e4	3	0	0x000500e4	True
156	0x000105e9	0x00040638	3	0	0x00050638	True
157	0x000105ef	0x00040754	3	0	0x00050754	True
158	0x000105f4	0x00040224	3	0	0x00050224	True
159	0x000105fc	0x00040228	3	0	0x00050228	True
160	0x0001060d	0x00040638	3	0	0x00050638	True
161	0x0001061b	0x000400e4	3	0	0x000500e4	True
162	0x00010627	0x00040638	3	0	0x00050638	True
163	0x0001063f	0x00040638	3	0	0x00050638	True
164	0x00010652	0x00040228	3	0	0x00050228	True
165	0x0001065c	0x00040638	3	0	0x00050638	True
166	0x00010666	0x00040254	3	0	0x00050254	True
167	0x00010670	0x000406a8	3	0	0x000506a8	True
168	0x0001067d	0x000401e9	3	0	0x000501e9	True
169	0x00010686	0x000408c8	3	0	0x000508c8	True
170	0x00010691	0x000408c8	3	0	0x000508c8	True
171	0x00010697	0x00040254	3	0	0x00050254	True
172	0x0001069f	0x00040254	3	0	0x00050254	True
173	0x000106b3	0x00040cb0	3	0	0x00050cb0	True
174	0x000106bb	0x00040254	3	0	0x00050254	True
175	0x000106c5	0x00040128	3	0	0x00050128	True
176	0x000106df	0x000401f8	3	0	0x000501f8	True
177	0x000106e6	0x00040c94	3	0	0x00050c94	True
178	0x0001070f	0x00040258	3	0	0x00050258	True
179	0x00010722	0x00040258	3	0	0x00050258	True
180	0x0001072b	0x00032acc	3	0	0x00042acc	True
181	0x0001073a	0x00032b08	3	0	0x00042b08	True
182	0x00010743	0x00041b1c	3	0	0x00051b1c	True
183	0x00010748	0x00041b18	3	0	0x00051b18	True
184	0x0001074d	0x00041b14	3	0	0x00051b14	True
185	0x00010753	0x00040158	3	0	0x00050158	True
186	0x0001075b	0x000401b4	3	0	0x000501b4	True
187	0x00010768	0x000401b4	3	0	0x000501b4	True
188	0x00010771	0x000401b0	3	0	0x000501b0	True
189	0x00010777	0x000401a0	3	0	0x000501a0	True
190	0x0001077e	0x000401a0	3	0	0x000501a0	True
191	0x0001078a	0x0004193c	3	0	0x0005193c	True
192	0x0001078f	0x00041940	3	0	0x00051940	True
193	0x000107a1	0x000400e8	3	0	0x000500e8	True
194	0x000107ae	0x00040128	3	0	0x00050128	True
195	0x000107bc	0x0004018c	3	0	0x0005018c	True
196	0x000107c4	0x000401c8	3	0	0x000501c8	True
197	0x000107cb	0x00040c94	3	0	0x00050c94	True
198	0x000107ec	0x0004027c	3	0	0x0005027c	True
199	0x000107fa	0x000401e4	3	0	0x000501e4	True
200	0x00010803	0x000401e0	3	0	0x000501e0	True
201	0x00010811	0x0004027c	3	0	0x0005027c	True
202	0x0001081e	0x00040208	3	0	0x00050208	True
203	0x00010825	0x000401f8	3	0	0x000501f8	True
204	0x0001082d	0x00040c94	3	0	0x00050c94	True
205	0x00010836	0x00040188	3	0	0x00050188	True
206	0x00010844	0x000401e0	3	0	0x000501e0	True
207	0x0001084d	0x000401e4	3	0	0x000501e4	True
208	0x0001085b	0x00040100	3	0	0x00050100	True
209	0x00010869	0x00040158	3	0	0x00050158	True
210	0x00010877	0x000401ec	3	0	0x000501ec	True
211	0x00010885	0x00040188	3	0	0x00050188	True
212	0x0001088e	0x00040108	3	0	0x00050108	True
213	0x0001089b	0x000401e4	3	0	0x000501e4	True
214	0x000108a1	0x000401e0	3	0	0x000501e0	True
215	0x000108a8	0x000447f0	3	0	0x000547f0	True
216	0x000108b6	0x00040158	3	0	0x00050158	True
217	0x000108bf	0x0004011c	3	0	0x0005011c	True
218	0x000108cd	0x0004016c	3	0	0x0005016c	True
219	0x000108d6	0x0004074c	3	0	0x0005074c	True
220	0x000108dc	0x00040748	3	0	0x00050748	True
221	0x000108e1	0x0004060f	3	0	0x0005060f	True
222	0x000108ef	0x000401bc	3	0	0x000501bc	True
223	0x00010952	0x0004027c	3	0	0x0005027c	True
224	0x0001095e	0x00040188	3	0	0x00050188	True
225	0x00010967	0x000401e9	3	0	0x000501e9	True
226	0x00010976	0x000401f8	3	0	0x000501f8	True
227	0x00010988	0x000400e0	3	0	0x000500e0	True
228	0x0001099a	0x00040254	3	0	0x00050254	True
229	0x000109a8	0x00040254	3	0	0x00050254	True
230	0x000109b8	0x000401a0	3	0	0x000501a0	True
231	0x000109be	0x000401e4	3	0	0x000501e4	True
232	0x000109c7	0x000401e0	3	0	0x000501e0	True
233	0x000109d4	0x0004021c	3	0	0x0005021c	True
234	0x000109e2	0x00040100	3	0	0x00050100	True
235	0x000109fa	0x00040640	3	0	0x00050640	True
236	0x00010a00	0x000401a0	3	0	0x000501a0	True
237	0x00010a1d	0x000401a0	3	0	0x000501a0	True
238	0x00010a22	0x00040640	3	0	0x00050640	True
239	0x00010a2e	0x00040100	3	0	0x00050100	True
240	0x00010a3b	0x00040568	3	0	0x00050568	True
241	0x00010a47	0x00040568	3	0	0x00050568	True
242	0x00010a52	0x0003292c	3	0	0x0004292c	True
243	0x00010a57	0x00040564	3	0	0x00050564	True
244	0x00010a62	0x00040564	3	0	0x00050564	True
245	0x00010a96	0x00040564	3	0	0x00050564	True
246	0x00010aa6	0x00040564	3	0	0x00050564	True
247	0x00010aaf	0x00040100	3	0	0x00050100	True
248	0x00010ab6	0x0004056c	3	0	0x0005056c	True
249	0x00010abc	0x00040568	3	0	0x00050568	True
250	0x00010aca	0x00040568	3	0	0x00050568	True
251	0x00010ad2	0x0004063c	3	0	0x0005063c	True
252	0x00010ae5	0x00040100	3	0	0x00050100	True
253	0x00010aeb	0x00040100	3	0	0x00050100	True
254	0x00010b05	0x00040568	3	0	0x00050568	True
255	0x00010b10	0x00032944	3	0	0x00042944	True
256	0x00010b15	0x00040564	3	0	0x00050564	True
257	0x00010b23	0x00040564	3	0	0x00050564	True
258	0x00010b29	0x00040100	3	0	0x00050100	True
259	0x00010b32	0x00040568	3	0	0x00050568	True
260	0x00010b3a	0x00040564	3	0	0x00050564	True
261	0x00010b40	0x0004056c	3	0	0x0005056c	True
262	0x00010b49	0x0004056c	3	0	0x0005056c	True
263	0x00010b53	0x00040568	3	0	0x00050568	True
264	0x00010b75	0x00040188	3	0	0x00050188	True
265	0x00010b97	0x000401e4	3	0	0x000501e4	True
266	0x00010ba0	0x000401e0	3	0	0x000501e0	True
267	0x00010bbc	0x000401f8	3	0	0x000501f8	True
268	0x00010bd2	0x00040100	3	0	0x00050100	True
269	0x00010bdc	0x00032b0c	3	0	0x00042b0c	True
270	0x00010bf5	0x0004056c	3	0	0x0005056c	True
271	0x00010c01	0x00040100	3	0	0x00050100	True
272	0x00010c0f	0x0004056c	3	0	0x0005056c	True
273	0x00010c28	0x0004056c	3	0	0x0005056c	True
274	0x00010c2e	0x0004056c	3	0	0x0005056c	True
275	0x00010c36	0x00040574	3	0	0x00050574	True
276	0x00010c40	0x0004056c	3	0	0x0005056c	True
277	0x00010c48	0x0004056c	3	0	0x0005056c	True
278	0x00010c56	0x00032b0c	3	0	0x00042b0c	True
279	0x00010c5b	0x00040644	3	0	0x00050644	True
280	0x00010c69	0x0004056c	3	0	0x0005056c	True
281	0x00010c70	0x0004056c	3	0	0x0005056c	True
282	0x00010c76	0x00040570	3	0	0x00050570	True
283	0x00010c7d	0x00040570	3	0	0x00050570	True
284	0x00010c86	0x00040574	3	0	0x00050574	True
285	0x00010c8e	0x00032b0c	3	0	0x00042b0c	True
286	0x00010c93	0x0004064d	3	0	0x0005064d	True
287	0x00010caa	0x0004056c	3	0	0x0005056c	True
288	0x00010caf	0x00040570	3	0	0x00050570	True
289	0x00010cb5	0x0004056c	3	0	0x0005056c	True
290	0x00010cbc	0x00032b0c	3	0	0x00042b0c	True
291	0x00010cc1	0x00040656	3	0	0x00050656	True
292	0x00010cce	0x0004056c	3	0	0x0005056c	True
293	0x00010cd3	0x00040570	3	0	0x00050570	True
294	0x00010ce2	0x00040100	3	0	0x00050100	True
295	0x00010cf6	0x00040128	3	0	0x00050128	True
296	0x00010d16	0x000401f8	3	0	0x000501f8	True
297	0x00010d1d	0x00040c94	3	0	0x00050c94	True
298	0x00010d23	0x0004018c	3	0	0x0005018c	True
299	0x00010d3a	0x000329c8	3	0	0x000429c8	True
300	0x00010d3f	0x00010e38	3	0	0x00020e38	True
301	0x00010d4d	0x00040254	3	0	0x00050254	True
302	0x00010d55	0x00040254	3	0	0x00050254	True
303	0x00010d5b	0x00040c94	3	0	0x00050c94	True
304	0x00010d83	0x000400e8	3	0	0x000500e8	True
305	0x00010d8d	0x0004025c	3	0	0x0005025c	True
306	0x00010dad	0x00040254	3	0	0x00050254	True
307	0x00010db5	0x00040254	3	0	0x00050254	True
308	0x00010dca	0x00040208	3	0	0x00050208	True
309	0x00010dd8	0x00041b58	3	0	0x00051b58	True
310	0x00010de3	0x000400e8	3	0	0x000500e8	True
311	0x00010dfc	0x000400e0	3	0	0x000500e0	True
312	0x00010e0e	0x0004018c	3	0	0x0005018c	True
313	0x00010e17	0x000401e9	3	0	0x000501e9	True
314	0x00010e1f	0x00040208	3	0	0x00050208	True
315	0x00010e25	0x000401f8	3	0	0x000501f8	True
316	0x00010e2e	0x000401f8	3	0	0x000501f8	True
317	0x00010e45	0x00040c94	3	0	0x00050c94	True
318	0x00010e4b	0x00040254	3	0	0x00050254	True
319	0x00010e65	0x00044004	3	0	0x00054004	True
320	0x00010e7d	0x0004025c	3	0	0x0005025c	True
321	0x000400e0	0x00040000	3	0	0x00050000	True
322	0x00040130	0x00040010	3	0	0x00050010	True
323	0x00040138	0x00040014	3	0	0x00050014	True
324	0x000401f8	0x000401f4	3	0	0x000501f4	True
325	0x0004029c	0x000401d0	3	0	0x000501d0	True
326	0x000402a8	0x000401d8	3	0	0x000501d8	True
327	0x000402b4	0x000401dc	3	0	0x000501dc	True
328	0x000402c0	0x0004020c	3	0	0x0005020c	True
329	0x000402cc	0x000401d4	3	0	0x000501d4	True
330	0x000402e4	0x0004018c	3	0	0x0005018c	True
331	0x000402f0	0x000401c0	3	0	0x000501c0	True
332	0x000402fc	0x000401c8	3	0	0x000501c8	True
333	0x00040308	0x000401c8	3	0	0x000501c8	True
334	0x00040314	0x00040190	3	0	0x00050190	True
335	0x00040320	0x00040218	3	0	0x00050218	True
336	0x0004032c	0x00040234	3	0	0x00050234	True
337	0x00040338	0x0004019c	3	0	0x0005019c	True
338	0x00040348	0x00040015	3	0	0x00050015	True
339	0x0004034c	0x00040148	3	0	0x00050148	True
340	0x00040354	0x0004001a	3	0	0x0005001a	True
341	0x00040358	0x00040138	3	0	0x00050138	True
342	0x00040360	0x0004001f	3	0	0x0005001f	True
343	0x00040364	0x00040134	3	0	0x00050134	True
344	0x0004036c	0x00040023	3	0	0x00050023	True
345	0x00040370	0x000401ac	3	0	0x000501ac	True
346	0x00040378	0x00040028	3	0	0x00050028	True
347	0x0004037c	0x00040144	3	0	0x00050144	True
348	0x00040384	0x0004002c	3	0	0x0005002c	True
349	0x00040388	0x00040164	3	0	0x00050164	True
350	0x00040390	0x00040030	3	0	0x00050030	True
351	0x00040394	0x00040178	3	0	0x00050178	True
352	0x0004039c	0x00040034	3	0	0x00050034	True
353	0x000403a0	0x00040130	3	0	0x00050130	True
354	0x000403a8	0x00040038	3	0	0x00050038	True
355	0x000403ac	0x0004018c	3	0	0x0005018c	True
356	0x000403b4	0x0004003d	3	0	0x0005003d	True
357	0x000403b8	0x000402dc	3	0	0x000502dc	True
358	0x000403c0	0x00040041	3	0	0x00050041	True
359	0x000403c4	0x000401e0	3	0	0x000501e0	True
360	0x000403cc	0x00040044	3	0	0x00050044	True
361	0x000403d0	0x0004012c	3	0	0x0005012c	True
362	0x000403d8	0x00040049	3	0	0x00050049	True
363	0x000403dc	0x00040294	3	0	0x00050294	True
364	0x000403e4	0x0004004d	3	0	0x0005004d	True
365	0x000403e8	0x00040170	3	0	0x00050170	True
366	0x000403f0	0x00040050	3	0	0x00050050	True
367	0x000403f4	0x000401e4	3	0	0x000501e4	True
368	0x000403fc	0x00040053	3	0	0x00050053	True
369	0x00040400	0x00040150	3	0	0x00050150	True
370	0x00040408	0x00040057	3	0	0x00050057	True
371	0x0004040c	0x000401c4	3	0	0x000501c4	True
372	0x00040414	0x0004005c	3	0	0x0005005c	True
373	0x00040418	0x00040220	3	0	0x00050220	True
374	0x00040420	0x00040060	3	0	0x00050060	True
375	0x00040424	0x00040184	3	0	0x00050184	True
376	0x0004042c	0x00040065	3	0	0x00050065	True
377	0x00040430	0x000401b8	3	0	0x000501b8	True
378	0x00040438	0x0004006a	3	0	0x0005006a	True
379	0x0004043c	0x000440f8	3	0	0x000540f8	True
380	0x00040444	0x0004006e	3	0	0x0005006e	True
381	0x00040448	0x000401cc	3	0	0x000501cc	True
382	0x00040450	0x00040072	3	0	0x00050072	True
383	0x00040454	0x00040154	3	0	0x00050154	True
384	0x0004045c	0x0004007a	3	0	0x0005007a	True
385	0x00040460	0x000401ec	3	0	0x000501ec	True
386	0x00040468	0x00040084	3	0	0x00050084	True
387	0x0004046c	0x00040180	3	0	0x00050180	True
388	0x00040474	0x00040087	3	0	0x00050087	True
389	0x00040478	0x000401bc	3	0	0x000501bc	True
390	0x00040480	0x0004008b	3	0	0x0005008b	True
391	0x00040484	0x00040158	3	0	0x00050158	True
392	0x0004048c	0x0004008f	3	0	0x0005008f	True
393	0x00040490	0x00040240	3	0	0x00050240	True
394	0x00040498	0x00040094	3	0	0x00050094	True
395	0x0004049c	0x00040244	3	0	0x00050244	True
396	0x000404a4	0x00040099	3	0	0x00050099	True
397	0x000404a8	0x00040248	3	0	0x00050248	True
398	0x000404b0	0x000400a0	3	0	0x000500a0	True
399	0x000404b4	0x0004024c	3	0	0x0005024c	True
400	0x000404bc	0x000400a7	3	0	0x000500a7	True
401	0x000404c0	0x00040250	3	0	0x00050250	True
402	0x000404c8	0x000400ac	3	0	0x000500ac	True
403	0x000404cc	0x0004014c	3	0	0x0005014c	True
404	0x000404d4	0x000400af	3	0	0x000500af	True
405	0x000404d8	0x00041cd4	3	0	0x00051cd4	True
406	0x000404e0	0x000400b4	3	0	0x000500b4	True
407	0x000404e4	0x00041cd0	3	0	0x00051cd0	True
408	0x000404ec	0x000400b9	3	0	0x000500b9	True
409	0x000404f0	0x00041ce0	3	0	0x00051ce0	True
410	0x000404f8	0x000400be	3	0	0x000500be	True
411	0x000404fc	0x00041cdc	3	0	0x00051cdc	True
412	0x00040504	0x000400c3	3	0	0x000500c3	True
413	0x00040508	0x0004020c	3	0	0x0005020c	True
414	0x00040510	0x000400c8	3	0	0x000500c8	True
415	0x00040514	0x00040210	3	0	0x00050210	True
416	0x0004051c	0x000400cc	3	0	0x000500cc	True
417	0x00040520	0x00040210	3	0	0x00050210	True
418	0x00040528	0x000400d0	3	0	0x000500d0	True
419	0x0004052c	0x0004015c	3	0	0x0005015c	True
420	0x00040534	0x000400d4	3	0	0x000500d4	True
421	0x00040538	0x0004016c	3	0	0x0005016c	True
422	0x00040540	0x000400d8	3	0	0x000500d8	True
423	0x00040544	0x0004016d	3	0	0x0005016d	True
424	0x0004054c	0x000400dc	3	0	0x000500dc	True
425	0x00040550	0x0004017c	3	0	0x0005017c	True
426	0x00040564	0x00032944	3	0	0x00042944	True
427	0x000406a0	0x00040670	3	0	0x00050670	True
428	0x000406a4	0x0004067f	3	0	0x0005067f	True
429	0x000406ac	0x00040683	3	0	0x00050683	True
430	0x000406b4	0x00040685	3	0	0x00050685	True
431	0x000406bc	0x00040687	3	0	0x00050687	True
432	0x000406c4	0x00040688	3	0	0x00050688	True
433	0x000406cc	0x0004068b	3	0	0x0005068b	True
434	0x000406d4	0x0004068d	3	0	0x0005068d	True
435	0x000406dc	0x0004068f	3	0	0x0005068f	True
436	0x000406e4	0x00040690	3	0	0x00050690	True
437	0x000406ec	0x00040691	3	0	0x00050691	True
438	0x000406f4	0x00040693	3	0	0x00050693	True
439	0x000406fc	0x00040695	3	0	0x00050695	True
440	0x00040704	0x00040697	3	0	0x00050697	True
441	0x0004070c	0x00040699	3	0	0x00050699	True
442	0x00040714	0x0004069b	3	0	0x0005069b	True
443	0x0004071c	0x0004069d	3	0	0x0005069d	True
444	0x00010ed1	0x00040760	3	0	0x00050760	True
445	0x00010f49	0x00040760	3	0	0x00050760	True
446	0x00010f5c	0x00040744	3	0	0x00050744	True
447	0x00010fe5	0x0004075c	3	0	0x0005075c	True
448	0x00010ffa	0x0004075c	3	0	0x0005075c	True
449	0x0001100c	0x00040760	3	0	0x00050760	True
450	0x00011018	0x0004075c	3	0	0x0005075c	True
451	0x00011030	0x000407c8	3	0	0x000507c8	True
452	0x00011036	0x000407d0	3	0	0x000507d0	True
453	0x00011077	0x00040758	3	0	0x00050758	True
454	0x0001107d	0x00040750	3	0	0x00050750	True
455	0x0001110c	0x00040754	3	0	0x00050754	True
456	0x00011111	0x0004074c	3	0	0x0005074c	True
457	0x00011117	0x00040754	3	0	0x00050754	True
458	0x0001111e	0x00040754	3	0	0x00050754	True
459	0x00011123	0x0004074c	3	0	0x0005074c	True
460	0x00011134	0x00040750	3	0	0x00050750	True
461	0x00011139	0x00040748	3	0	0x00050748	True
462	0x0001113f	0x00040750	3	0	0x00050750	True
463	0x00011146	0x00040750	3	0	0x00050750	True
464	0x0001114b	0x00040748	3	0	0x00050748	True
465	0x00040744	0x00040730	3	0	0x00050730	True
466	0x00040760	0x00030000	3	0	0x00040000	True
467	0x00040768	0x00030004	3	0	0x00040004	True
468	0x0004076c	0x00030000	3	0	0x00040000	True
469	0x00040778	0x0003020c	3	0	0x0004020c	True
470	0x00040780	0x00030210	3	0	0x00040210	True
471	0x00040784	0x0003020c	3	0	0x0004020c	True
472	0x00040790	0x00030788	3	0	0x00040788	True
473	0x00040798	0x0003078c	3	0	0x0004078c	True
474	0x0004079c	0x00030788	3	0	0x00040788	True
475	0x000407a8	0x00030994	3	0	0x00040994	True
476	0x000407b0	0x00030998	3	0	0x00040998	True
477	0x000407b4	0x00030994	3	0	0x00040994	True
478	0x000407c0	0x00030ba0	3	0	0x00040ba0	True
479	0x000407c8	0x00030ba4	3	0	0x00040ba4	True
480	0x000407cc	0x00030ba0	3	0	0x00040ba0	True
481	0x000407d8	0x00030dac	3	0	0x00040dac	True
482	0x000407e0	0x00030db0	3	0	0x00040db0	True
483	0x000407e4	0x00030dac	3	0	0x00040dac	True
484	0x0001116d	0x00040178	3	0	0x00050178	True
485	0x00011176	0x00040178	3	0	0x00050178	True
486	0x00011186	0x00040178	3	0	0x00050178	True
487	0x0001118a	0x00040801	3	0	0x00050801	True
488	0x00011190	0x00040144	3	0	0x00050144	True
489	0x00011199	0x00040144	3	0	0x00050144	True
490	0x0001119f	0x000409a8	3	0	0x000509a8	True
491	0x000111ce	0x00040144	3	0	0x00050144	True
492	0x000111d4	0x00040144	3	0	0x00050144	True
493	0x000111dd	0x00040144	3	0	0x00050144	True
494	0x000111ea	0x00040807	3	0	0x00050807	True
495	0x000111f0	0x00040144	3	0	0x00050144	True
496	0x000111f5	0x0004080e	3	0	0x0005080e	True
497	0x000111fa	0x00032d58	3	0	0x00042d58	True
498	0x00011207	0x00040994	3	0	0x00050994	True
499	0x0001120e	0x00032d58	3	0	0x00042d58	True
500	0x00011213	0x00040813	3	0	0x00050813	True
501	0x00011219	0x00040144	3	0	0x00050144	True
502	0x0001121e	0x00040818	3	0	0x00050818	True
503	0x00011223	0x00032d1c	3	0	0x00042d1c	True
504	0x00011230	0x00040998	3	0	0x00050998	True
505	0x00011237	0x00032d1c	3	0	0x00042d1c	True
506	0x0001123c	0x00040990	3	0	0x00050990	True
507	0x00011242	0x00040144	3	0	0x00050144	True
508	0x0001124a	0x0004098c	3	0	0x0005098c	True
509	0x00011250	0x00040178	3	0	0x00050178	True
510	0x00011263	0x00040988	3	0	0x00050988	True
511	0x0001128e	0x0004081d	3	0	0x0005081d	True
512	0x00011294	0x00041bb8	3	0	0x00051bb8	True
513	0x000112c4	0x00040822	3	0	0x00050822	True
514	0x000112d5	0x00040164	3	0	0x00050164	True
515	0x000112e4	0x00040828	3	0	0x00050828	True
516	0x000112ed	0x00040831	3	0	0x00050831	True
517	0x000112fc	0x00040164	3	0	0x00050164	True
518	0x00011333	0x00040c44	3	0	0x00050c44	True
519	0x00011348	0x00040144	3	0	0x00050144	True
520	0x00011353	0x00040144	3	0	0x00050144	True
521	0x00011387	0x00040144	3	0	0x00050144	True
522	0x00011393	0x000409a8	3	0	0x000509a8	True
523	0x000113c6	0x00032d58	3	0	0x00042d58	True
524	0x000113fe	0x00032d1c	3	0	0x00042d1c	True
525	0x0001143a	0x00040178	3	0	0x00050178	True
526	0x0001146b	0x000401a0	3	0	0x000501a0	True
527	0x000114a6	0x000401dc	3	0	0x000501dc	True
528	0x000114ae	0x0004099c	3	0	0x0005099c	True
529	0x000114b9	0x00040998	3	0	0x00050998	True
530	0x000114de	0x00040168	3	0	0x00050168	True
531	0x000114f0	0x000408b4	3	0	0x000508b4	True
532	0x000114fd	0x00032d44	3	0	0x00042d44	True
533	0x00011502	0x00040a5c	3	0	0x00050a5c	True
534	0x00011509	0x0004095c	3	0	0x0005095c	True
535	0x00011513	0x0004095c	3	0	0x0005095c	True
536	0x00011519	0x00040140	3	0	0x00050140	True
537	0x00011527	0x00040a5c	3	0	0x00050a5c	True
538	0x0001152f	0x0004098c	3	0	0x0005098c	True
539	0x00011536	0x00040978	3	0	0x00050978	True
540	0x0001153f	0x0004098c	3	0	0x0005098c	True
541	0x00011550	0x0004098c	3	0	0x0005098c	True
542	0x00011559	0x0004098c	3	0	0x0005098c	True
543	0x0001156a	0x0004098c	3	0	0x0005098c	True
544	0x00011573	0x00040990	3	0	0x00050990	True
545	0x0001157a	0x00040978	3	0	0x00050978	True
546	0x00011583	0x00040990	3	0	0x00050990	True
547	0x00011589	0x00040200	3	0	0x00050200	True
548	0x00011591	0x00040990	3	0	0x00050990	True
549	0x000115a2	0x00040990	3	0	0x00050990	True
550	0x000115ab	0x00040990	3	0	0x00050990	True
551	0x000115bc	0x00040990	3	0	0x00050990	True
552	0x000115c5	0x00040994	3	0	0x00050994	True
553	0x000115cc	0x00040978	3	0	0x00050978	True
554	0x000115d5	0x00040994	3	0	0x00050994	True
555	0x000115db	0x000401fc	3	0	0x000501fc	True
556	0x000115e3	0x00040994	3	0	0x00050994	True
557	0x000115f4	0x00040994	3	0	0x00050994	True
558	0x000115fd	0x00040994	3	0	0x00050994	True
559	0x0001160a	0x00040998	3	0	0x00050998	True
560	0x00011611	0x00040978	3	0	0x00050978	True
561	0x0001161a	0x00040998	3	0	0x00050998	True
562	0x00011620	0x000401f0	3	0	0x000501f0	True
563	0x00011628	0x00040998	3	0	0x00050998	True
564	0x00011639	0x00040998	3	0	0x00050998	True
565	0x00011642	0x00040998	3	0	0x00050998	True
566	0x00011653	0x00040998	3	0	0x00050998	True
567	0x0001165d	0x000401dc	3	0	0x000501dc	True
568	0x00011665	0x00040998	3	0	0x00050998	True
569	0x0001166b	0x00040afc	3	0	0x00050afc	True
570	0x00011670	0x0004099c	3	0	0x0005099c	True
571	0x00011681	0x0004099c	3	0	0x0005099c	True
572	0x0001168a	0x0004099c	3	0	0x0005099c	True
573	0x0001169b	0x0004099c	3	0	0x0005099c	True
574	0x000116a4	0x000409a0	3	0	0x000509a0	True
575	0x000116b5	0x000409a0	3	0	0x000509a0	True
576	0x000116be	0x000409a0	3	0	0x000509a0	True
577	0x000116cf	0x000409a0	3	0	0x000509a0	True
578	0x000116d9	0x00040988	3	0	0x00050988	True
579	0x000116e2	0x00040144	3	0	0x00050144	True
580	0x000116eb	0x00040c44	3	0	0x00050c44	True
581	0x000116f8	0x00032d0c	3	0	0x00042d0c	True
582	0x000116fe	0x00040144	3	0	0x00050144	True
583	0x00011706	0x00040998	3	0	0x00050998	True
584	0x0001170d	0x00032d0c	3	0	0x00042d0c	True
585	0x00011716	0x00040994	3	0	0x00050994	True
586	0x0001171c	0x00040998	3	0	0x00050998	True
587	0x00011729	0x00040990	3	0	0x00050990	True
588	0x0001172f	0x00040994	3	0	0x00050994	True
589	0x0001173c	0x00040998	3	0	0x00050998	True
590	0x00011742	0x00040c44	3	0	0x00050c44	True
591	0x0001174a	0x00040994	3	0	0x00050994	True
592	0x00011750	0x00040998	3	0	0x00050998	True
593	0x0001175b	0x00040990	3	0	0x00050990	True
594	0x00011761	0x00040994	3	0	0x00050994	True
595	0x0001176d	0x00040984	3	0	0x00050984	True
596	0x00011777	0x000401dc	3	0	0x000501dc	True
597	0x000117b3	0x00040984	3	0	0x00050984	True
598	0x000117d8	0x00041bb0	3	0	0x00051bb0	True
599	0x0001185c	0x00040840	3	0	0x00050840	True
600	0x00011866	0x00040978	3	0	0x00050978	True
601	0x0001188f	0x000401ac	3	0	0x000501ac	True
602	0x00011898	0x00040a5c	3	0	0x00050a5c	True
603	0x0001189e	0x00040994	3	0	0x00050994	True
604	0x000118ac	0x00040a5c	3	0	0x00050a5c	True
605	0x000118b2	0x00040998	3	0	0x00050998	True
606	0x000118c0	0x00040a5c	3	0	0x00050a5c	True
607	0x000118c6	0x00040990	3	0	0x00050990	True
608	0x000118d4	0x00041bb8	3	0	0x00051bb8	True
609	0x000118f3	0x00040984	3	0	0x00050984	True
610	0x0001191a	0x0004083c	3	0	0x0005083c	True
611	0x0001193c	0x000408b5	3	0	0x000508b5	True
612	0x00011970	0x000408bb	3	0	0x000508bb	True
613	0x00011994	0x0004095c	3	0	0x0005095c	True
614	0x0001199e	0x0004095c	3	0	0x0005095c	True
615	0x000119c7	0x00040a5c	3	0	0x00050a5c	True
616	0x000119d4	0x00040a5c	3	0	0x00050a5c	True
617	0x000119e0	0x000401ac	3	0	0x000501ac	True
618	0x00011a08	0x00040974	3	0	0x00050974	True
619	0x00011a0e	0x00040974	3	0	0x00050974	True
620	0x00011a14	0x00040994	3	0	0x00050994	True
621	0x00011a2a	0x00032d18	3	0	0x00042d18	True
622	0x00011a30	0x00040974	3	0	0x00050974	True
623	0x00011a36	0x00040974	3	0	0x00050974	True
624	0x00011a3c	0x00040990	3	0	0x00050990	True
625	0x00011a52	0x00032d50	3	0	0x00042d50	True
626	0x00011a57	0x00040974	3	0	0x00050974	True
627	0x00011a5d	0x00040974	3	0	0x00050974	True
628	0x00011a66	0x0004098c	3	0	0x0005098c	True
629	0x00011a7c	0x00032d80	3	0	0x00042d80	True
630	0x00011a81	0x00040974	3	0	0x00050974	True
631	0x00011a87	0x00040974	3	0	0x00050974	True
632	0x00011a90	0x00040998	3	0	0x00050998	True
633	0x00011aa6	0x00032d4c	3	0	0x00042d4c	True
634	0x00011aab	0x00040970	3	0	0x00050970	True
635	0x00011ab1	0x00040970	3	0	0x00050970	True
636	0x00011aba	0x0004098c	3	0	0x0005098c	True
637	0x00011ad0	0x00032d54	3	0	0x00042d54	True
638	0x00011ad5	0x00040970	3	0	0x00050970	True
639	0x00011adb	0x00040970	3	0	0x00050970	True
640	0x00011ae4	0x00040a5c	3	0	0x00050a5c	True
641	0x00011afa	0x00032d48	3	0	0x00042d48	True
642	0x00011b0a	0x00040108	3	0	0x00050108	True
643	0x00011b17	0x00040c3c	3	0	0x00050c3c	True
644	0x00011b1c	0x00032d84	3	0	0x00042d84	True
645	0x00011b21	0x00013c98	3	0	0x00023c98	True
646	0x00011b2f	0x00041bbc	3	0	0x00051bbc	True
647	0x00011b44	0x00041bbc	3	0	0x00051bbc	True
648	0x00011b55	0x00041bbc	3	0	0x00051bbc	True
649	0x00011b74	0x00041bbc	3	0	0x00051bbc	True
650	0x00011bdc	0x00041bbc	3	0	0x00051bbc	True
651	0x00011c41	0x00041bbc	3	0	0x00051bbc	True
652	0x00011c74	0x00041bbc	3	0	0x00051bbc	True
653	0x00011c7b	0x00041bbc	3	0	0x00051bbc	True
654	0x00011c89	0x00040cb0	3	0	0x00050cb0	True
655	0x00011c92	0x00040220	3	0	0x00050220	True
656	0x00011cb8	0x00040c44	3	0	0x00050c44	True
657	0x00011cc3	0x00032d0c	3	0	0x00042d0c	True
658	0x00011cd2	0x00040984	3	0	0x00050984	True
659	0x00011d65	0x000417fd	3	0	0x000517fd	True
660	0x00011d74	0x00032d10	3	0	0x00042d10	True
661	0x00011d86	0x00032d14	3	0	0x00042d14	True
662	0x00011d8f	0x00032d10	3	0	0x00042d10	True
663	0x00011da3	0x00032d10	3	0	0x00042d10	True
664	0x00011db5	0x000401ac	3	0	0x000501ac	True
665	0x00011dbc	0x00032d48	3	0	0x00042d48	True
666	0x00011dc9	0x0004098c	3	0	0x0005098c	True
667	0x00011dcd	0x00040bcc	3	0	0x00050bcc	True
668	0x00011dd4	0x00032d80	3	0	0x00042d80	True
669	0x00011de6	0x0004098c	3	0	0x0005098c	True
670	0x00011dea	0x00040bcc	3	0	0x00050bcc	True
671	0x00011df2	0x000401ac	3	0	0x000501ac	True
672	0x00011df9	0x00032d54	3	0	0x00042d54	True
673	0x00011e01	0x00032d48	3	0	0x00042d48	True
674	0x00011e09	0x00032d80	3	0	0x00042d80	True
675	0x00011e27	0x0004098c	3	0	0x0005098c	True
676	0x00011e4a	0x00032d10	3	0	0x00042d10	True
677	0x00011e82	0x000401ac	3	0	0x000501ac	True
678	0x00011e8b	0x00040144	3	0	0x00050144	True
679	0x00011e97	0x00032d48	3	0	0x00042d48	True
680	0x00011ea3	0x00032d50	3	0	0x00042d50	True
681	0x00011eb4	0x00032d10	3	0	0x00042d10	True
682	0x00011ed2	0x00032d10	3	0	0x00042d10	True
683	0x00011f12	0x0004083c	3	0	0x0005083c	True
684	0x00011f26	0x000401ac	3	0	0x000501ac	True
685	0x00011f2f	0x00040a84	3	0	0x00050a84	True
686	0x00011f37	0x00032d48	3	0	0x00042d48	True
687	0x00011f73	0x00032d50	3	0	0x00042d50	True
688	0x00011f7f	0x00032d10	3	0	0x00042d10	True
689	0x00011f98	0x00032d18	3	0	0x00042d18	True
690	0x00011fa8	0x00032d4c	3	0	0x00042d4c	True
691	0x00011fb2	0x00032d10	3	0	0x00042d10	True
692	0x00011fc4	0x00032d14	3	0	0x00042d14	True
693	0x00011fcd	0x00032d10	3	0	0x00042d10	True
694	0x00011fea	0x000401ac	3	0	0x000501ac	True
695	0x00011ff3	0x00040a84	3	0	0x00050a84	True
696	0x00011fff	0x00032d48	3	0	0x00042d48	True
697	0x00012008	0x0004098c	3	0	0x0005098c	True
698	0x0001200c	0x00040bcc	3	0	0x00050bcc	True
699	0x00012013	0x00032d80	3	0	0x00042d80	True
700	0x00012050	0x0004098c	3	0	0x0005098c	True
701	0x0001207a	0x000401ac	3	0	0x000501ac	True
702	0x00012083	0x00040a84	3	0	0x00050a84	True
703	0x0001209e	0x00032d48	3	0	0x00042d48	True
704	0x000120cb	0x00032d10	3	0	0x00042d10	True
705	0x00012127	0x000401ac	3	0	0x000501ac	True
706	0x00012130	0x00040a84	3	0	0x00050a84	True
707	0x00012141	0x00032d48	3	0	0x00042d48	True
708	0x00012156	0x00041bb8	3	0	0x00051bb8	True
709	0x00012179	0x00032d48	3	0	0x00042d48	True
710	0x00012190	0x000401ac	3	0	0x000501ac	True
711	0x00012198	0x00040a84	3	0	0x00050a84	True
712	0x000121bd	0x000401ac	3	0	0x000501ac	True
713	0x000121c6	0x00040a84	3	0	0x00050a84	True
714	0x000121d2	0x00032d48	3	0	0x00042d48	True
715	0x00012249	0x000401ac	3	0	0x000501ac	True
716	0x0001227b	0x0004020c	3	0	0x0005020c	True
717	0x00012283	0x000408cc	3	0	0x000508cc	True
718	0x00012295	0x00040184	3	0	0x00050184	True
719	0x0001229e	0x00040184	3	0	0x00050184	True
720	0x000122a2	0x000408da	3	0	0x000508da	True
721	0x000122a7	0x00040184	3	0	0x00050184	True
722	0x000122c2	0x00040130	3	0	0x00050130	True
723	0x000122d6	0x000408df	3	0	0x000508df	True
724	0x000122eb	0x00041bc4	3	0	0x00051bc4	True
725	0x000122f7	0x00041bc4	3	0	0x00051bc4	True
726	0x00012309	0x000408e3	3	0	0x000508e3	True
727	0x0001231e	0x00012324	3	0	0x00022324	True
728	0x00012324	0x0001233c	3	0	0x0002233c	True
729	0x00012328	0x000123d8	3	0	0x000223d8	True
730	0x0001232c	0x000123e4	3	0	0x000223e4	True
731	0x00012330	0x000123f0	3	0	0x000223f0	True
732	0x00012334	0x000123fc	3	0	0x000223fc	True
733	0x00012338	0x00012408	3	0	0x00022408	True
734	0x0001233f	0x000408e4	3	0	0x000508e4	True
735	0x00012345	0x00040180	3	0	0x00050180	True
736	0x0001234d	0x00040180	3	0	0x00050180	True
737	0x00012360	0x000408e4	3	0	0x000508e4	True
738	0x0001238d	0x00040902	3	0	0x00050902	True
739	0x0001239c	0x00040180	3	0	0x00050180	True
740	0x00012419	0x00041bc4	3	0	0x00051bc4	True
741	0x00012420	0x00041bc4	3	0	0x00051bc4	True
742	0x0001244a	0x0004097c	3	0	0x0005097c	True
743	0x0001245d	0x0004094c	3	0	0x0005094c	True
744	0x0001246f	0x0004094c	3	0	0x0005094c	True
745	0x00012492	0x0004097c	3	0	0x0005097c	True
746	0x0004083c	0x000407f0	3	0	0x000507f0	True
747	0x000124c2	0x00040c40	3	0	0x00050c40	True
748	0x000124d2	0x00040c40	3	0	0x00050c40	True
749	0x000124d8	0x00040c40	3	0	0x00050c40	True
750	0x000124e3	0x0003356c	3	0	0x0004356c	True
751	0x000124ee	0x00040984	3	0	0x00050984	True
752	0x0001250f	0x00040944	3	0	0x00050944	True
753	0x00012522	0x00040c40	3	0	0x00050c40	True
754	0x0001252b	0x00040c40	3	0	0x00050c40	True
755	0x00012532	0x00040c40	3	0	0x00050c40	True
756	0x0001253d	0x0003356c	3	0	0x0004356c	True
757	0x0001254e	0x00040c40	3	0	0x00050c40	True
758	0x0001255c	0x0004094c	3	0	0x0005094c	True
759	0x00012565	0x00033078	3	0	0x00043078	True
760	0x0001256b	0x0004094c	3	0	0x0005094c	True
761	0x00012571	0x0004094c	3	0	0x0005094c	True
762	0x00012582	0x00040944	3	0	0x00050944	True
763	0x00012605	0x0004094c	3	0	0x0005094c	True
764	0x00012619	0x00040944	3	0	0x00050944	True
765	0x000126f3	0x0004094c	3	0	0x0005094c	True
766	0x00012708	0x00040944	3	0	0x00050944	True
767	0x00012763	0x0004094c	3	0	0x0005094c	True
768	0x00012778	0x00040944	3	0	0x00050944	True
769	0x000127a4	0x0004094c	3	0	0x0005094c	True
770	0x000127b8	0x00040944	3	0	0x00050944	True
771	0x0001291c	0x00033554	3	0	0x00043554	True
772	0x00012928	0x00033558	3	0	0x00043558	True
773	0x0001294a	0x0003355c	3	0	0x0004355c	True
774	0x00012951	0x00033560	3	0	0x00043560	True
775	0x0001297e	0x0003355c	3	0	0x0004355c	True
776	0x0001298a	0x0003355c	3	0	0x0004355c	True
777	0x00012996	0x0003355c	3	0	0x0004355c	True
778	0x0001299c	0x00033560	3	0	0x00043560	True
779	0x000129c6	0x0004097c	3	0	0x0005097c	True
780	0x000129d7	0x00033554	3	0	0x00043554	True
781	0x000129f9	0x0004097c	3	0	0x0005097c	True
782	0x00012a07	0x00040878	3	0	0x00050878	True
783	0x00012a0d	0x0004097c	3	0	0x0005097c	True
784	0x00012a1d	0x0004097c	3	0	0x0005097c	True
785	0x00012a23	0x00040890	3	0	0x00050890	True
786	0x00012a5f	0x00044004	3	0	0x00054004	True
787	0x00012a69	0x00044004	3	0	0x00054004	True
788	0x00012a71	0x00040110	3	0	0x00050110	True
789	0x00012a79	0x000400f0	3	0	0x000500f0	True
790	0x00012a7e	0x00044004	3	0	0x00054004	True
791	0x00012a92	0x00014094	3	0	0x00024094	True
792	0x00012a97	0x000129e0	3	0	0x000229e0	True
793	0x00012abc	0x000400f0	3	0	0x000500f0	True
794	0x00012ac2	0x00044004	3	0	0x00054004	True
795	0x00012aca	0x00040110	3	0	0x00050110	True
796	0x00012ad8	0x000400f0	3	0	0x000500f0	True
797	0x00012afb	0x00030fc0	3	0	0x00040fc0	True
798	0x00012b26	0x00030fc0	3	0	0x00040fc0	True
799	0x00012b39	0x00030fc1	3	0	0x00040fc1	True
800	0x00012b41	0x00030fc0	3	0	0x00040fc0	True
801	0x00012bd8	0x00032ac8	3	0	0x00042ac8	True
802	0x00012bfa	0x00032ac8	3	0	0x00042ac8	True
803	0x00012c19	0x0004098c	3	0	0x0005098c	True
804	0x00012c44	0x000409b4	3	0	0x000509b4	True
805	0x00012ca9	0x0004222c	3	0	0x0005222c	True
806	0x00012cda	0x00012ce0	3	0	0x00022ce0	True
807	0x00012ce0	0x00012d00	3	0	0x00022d00	True
808	0x00012ce4	0x00012d00	3	0	0x00022d00	True
809	0x00012ce8	0x00012bdf	3	0	0x00022bdf	True
810	0x00012cec	0x00012bdf	3	0	0x00022bdf	True
811	0x00012cf0	0x00012d00	3	0	0x00022d00	True
812	0x00012cf4	0x00012d39	3	0	0x00022d39	True
813	0x00012cf8	0x00012d03	3	0	0x00022d03	True
814	0x00012cfc	0x00012d00	3	0	0x00022d00	True
815	0x00012d05	0x00032ac8	3	0	0x00042ac8	True
816	0x00012d3b	0x000401b8	3	0	0x000501b8	True
817	0x00012d47	0x000401b8	3	0	0x000501b8	True
818	0x00012dcf	0x00040978	3	0	0x00050978	True
819	0x00040944	0x00040920	3	0	0x00050920	True
820	0x00040984	0x00040bcc	3	0	0x00050bcc	True
821	0x0004098c	0x00040bcc	3	0	0x00050bcc	True
822	0x00040990	0x00040b98	3	0	0x00050b98	True
823	0x00040994	0x00040b64	3	0	0x00050b64	True
824	0x00040998	0x00040b30	3	0	0x00050b30	True
825	0x0004099c	0x00040ac8	3	0	0x00050ac8	True
826	0x000409a0	0x00040afc	3	0	0x00050afc	True
827	0x000409a8	0x0004092f	3	0	0x0005092f	True
828	0x000409ac	0x00040935	3	0	0x00050935	True
829	0x000409b0	0x0004093a	3	0	0x0005093a	True
830	0x00012df2	0x00040980	3	0	0x00050980	True
831	0x00012df9	0x00033078	3	0	0x00043078	True
832	0x00012dff	0x0004094c	3	0	0x0005094c	True
833	0x00012e71	0x00040a80	3	0	0x00050a80	True
834	0x00012e86	0x00040980	3	0	0x00050980	True
835	0x00012e8d	0x00033078	3	0	0x00043078	True
836	0x00012eca	0x00012ed0	3	0	0x00022ed0	True
837	0x00012ed0	0x00013067	3	0	0x00023067	True
838	0x00012ed4	0x000130c7	3	0	0x000230c7	True
839	0x00012ed8	0x000130c7	3	0	0x000230c7	True
840	0x00012edc	0x000130c7	3	0	0x000230c7	True
841	0x00012ee0	0x000130c7	3	0	0x000230c7	True
842	0x00012ee4	0x000130c7	3	0	0x000230c7	True
843	0x00012ee8	0x000130c7	3	0	0x000230c7	True
844	0x00012eec	0x000130c7	3	0	0x000230c7	True
845	0x00012ef0	0x00013067	3	0	0x00023067	True
846	0x00012ef4	0x000130c7	3	0	0x000230c7	True
847	0x00012ef8	0x00013067	3	0	0x00023067	True
848	0x00012efc	0x000130c7	3	0	0x000230c7	True
849	0x00012f00	0x00012f80	3	0	0x00022f80	True
850	0x00012f04	0x000130c7	3	0	0x000230c7	True
851	0x00012f08	0x00013067	3	0	0x00023067	True
852	0x00012f0c	0x000130c7	3	0	0x000230c7	True
853	0x00012f10	0x000130c7	3	0	0x000230c7	True
854	0x00012f14	0x00012fa4	3	0	0x00022fa4	True
855	0x00012f18	0x000130c7	3	0	0x000230c7	True
856	0x00012f1c	0x000130c7	3	0	0x000230c7	True
857	0x00012f20	0x000130c7	3	0	0x000230c7	True
858	0x00012f24	0x00012ffc	3	0	0x00022ffc	True
859	0x00012f28	0x00012f80	3	0	0x00022f80	True
860	0x00012f2c	0x000130c7	3	0	0x000230c7	True
861	0x00012f30	0x000130c7	3	0	0x000230c7	True
862	0x00012f34	0x00013067	3	0	0x00023067	True
863	0x00012f85	0x00033078	3	0	0x00043078	True
864	0x00012f91	0x0004094c	3	0	0x0005094c	True
865	0x00012fac	0x00033078	3	0	0x00043078	True
866	0x00012fbd	0x0003307b	3	0	0x0004307b	True
867	0x00012fcf	0x0003307c	3	0	0x0004307c	True
868	0x00012fdf	0x0004094c	3	0	0x0005094c	True
869	0x00012fef	0x00041c20	3	0	0x00051c20	True
870	0x00013001	0x00033078	3	0	0x00043078	True
871	0x0001300d	0x0004094c	3	0	0x0005094c	True
872	0x00013025	0x00033078	3	0	0x00043078	True
873	0x00013039	0x0003307b	3	0	0x0004307b	True
874	0x00013044	0x0004094c	3	0	0x0005094c	True
875	0x00013055	0x00033078	3	0	0x00043078	True
876	0x0001305d	0x0004094c	3	0	0x0005094c	True
877	0x0001306e	0x00040c5c	3	0	0x00050c5c	True
878	0x0001307b	0x00033078	3	0	0x00043078	True
879	0x00013083	0x00040980	3	0	0x00050980	True
880	0x0001308b	0x0004094c	3	0	0x0005094c	True
881	0x00013097	0x00040c40	3	0	0x00050c40	True
882	0x000130a6	0x0004094c	3	0	0x0005094c	True
883	0x000130af	0x00040a80	3	0	0x00050a80	True
884	0x000130d5	0x0004094c	3	0	0x0005094c	True
885	0x000130e2	0x0004094c	3	0	0x0005094c	True
886	0x000130e8	0x0004094c	3	0	0x0005094c	True
887	0x000130fe	0x0004094c	3	0	0x0005094c	True
888	0x0001310a	0x00033078	3	0	0x00043078	True
889	0x00013119	0x0004094c	3	0	0x0005094c	True
890	0x00013124	0x00033078	3	0	0x00043078	True
891	0x0001312a	0x0004094c	3	0	0x0005094c	True
892	0x00013130	0x00040108	3	0	0x00050108	True
893	0x00013136	0x0004094c	3	0	0x0005094c	True
894	0x0001313d	0x00033078	3	0	0x00043078	True
895	0x0001314b	0x0004094c	3	0	0x0005094c	True
896	0x00013152	0x00040c48	3	0	0x00050c48	True
897	0x00013160	0x00040170	3	0	0x00050170	True
898	0x00013170	0x0004094c	3	0	0x0005094c	True
899	0x0001317a	0x00033078	3	0	0x00043078	True
900	0x00013181	0x00040c40	3	0	0x00050c40	True
901	0x00013246	0x00040968	3	0	0x00050968	True
902	0x0001324c	0x00040968	3	0	0x00050968	True
903	0x0001326e	0x00040968	3	0	0x00050968	True
904	0x00013274	0x00040968	3	0	0x00050968	True
905	0x00013289	0x00040960	3	0	0x00050960	True
906	0x00013296	0x00040a4c	3	0	0x00050a4c	True
907	0x000132a4	0x00040960	3	0	0x00050960	True
908	0x000132ab	0x00040a54	3	0	0x00050a54	True
909	0x000132bf	0x00040188	3	0	0x00050188	True
910	0x000132d1	0x00040108	3	0	0x00050108	True
911	0x00013315	0x00040220	3	0	0x00050220	True
912	0x00013353	0x00032d44	3	0	0x00042d44	True
913	0x0001337c	0x00040958	3	0	0x00050958	True
914	0x00013386	0x00040958	3	0	0x00050958	True
915	0x00013448	0x00040958	3	0	0x00050958	True
916	0x00013452	0x00040958	3	0	0x00050958	True
917	0x000134a2	0x00040958	3	0	0x00050958	True
918	0x000134ac	0x00040958	3	0	0x00050958	True
919	0x00013585	0x00040cb0	3	0	0x00050cb0	True
920	0x000135ba	0x00040c54	3	0	0x00050c54	True
921	0x000135c2	0x00040c58	3	0	0x00050c58	True
922	0x000135d3	0x00040c54	3	0	0x00050c54	True
923	0x000135dd	0x00040950	3	0	0x00050950	True
924	0x000135e3	0x00040c54	3	0	0x00050c54	True
925	0x000135ea	0x00032e84	3	0	0x00042e84	True
926	0x000135f0	0x00040950	3	0	0x00050950	True
927	0x000135f5	0x00040950	3	0	0x00050950	True
928	0x000135fb	0x00040c58	3	0	0x00050c58	True
929	0x00013602	0x00032e84	3	0	0x00042e84	True
930	0x00013608	0x00040950	3	0	0x00050950	True
931	0x00013614	0x00040950	3	0	0x00050950	True
932	0x0001361d	0x0004098c	3	0	0x0005098c	True
933	0x00013632	0x00040950	3	0	0x00050950	True
934	0x0001363e	0x00032e84	3	0	0x00042e84	True
935	0x00013650	0x00032e84	3	0	0x00042e84	True
936	0x0001365e	0x00040950	3	0	0x00050950	True
937	0x00013666	0x00040950	3	0	0x00050950	True
938	0x00013672	0x00040c58	3	0	0x00050c58	True
939	0x0001367a	0x00040c54	3	0	0x00050c54	True
940	0x0001370b	0x00040c5c	3	0	0x00050c5c	True
941	0x00013712	0x00033078	3	0	0x00043078	True
942	0x0001371e	0x0004094c	3	0	0x0005094c	True
943	0x0001372a	0x00040c60	3	0	0x00050c60	True
944	0x00013732	0x00040c40	3	0	0x00050c40	True
945	0x00013748	0x000408ac	3	0	0x000508ac	True
946	0x00013758	0x000417fc	3	0	0x000517fc	True
947	0x00013796	0x00040c60	3	0	0x00050c60	True
948	0x000137c6	0x000417fc	3	0	0x000517fc	True
949	0x000137df	0x00040cb4	3	0	0x00050cb4	True
950	0x000137e4	0x00040a80	3	0	0x00050a80	True
951	0x00013800	0x000417fc	3	0	0x000517fc	True
952	0x00013842	0x00040c60	3	0	0x00050c60	True
953	0x00013847	0x0004094c	3	0	0x0005094c	True
954	0x0001384c	0x000408b0	3	0	0x000508b0	True
955	0x0001386f	0x00040c58	3	0	0x00050c58	True
956	0x0001387a	0x00040c54	3	0	0x00050c54	True
957	0x00013882	0x00040c54	3	0	0x00050c54	True
958	0x0001388c	0x00040950	3	0	0x00050950	True
959	0x00013892	0x00040c54	3	0	0x00050c54	True
960	0x00013899	0x00032e84	3	0	0x00042e84	True
961	0x0001389f	0x00040950	3	0	0x00050950	True
962	0x000138a4	0x00040950	3	0	0x00050950	True
963	0x000138aa	0x00040c58	3	0	0x00050c58	True
964	0x000138b1	0x00032e84	3	0	0x00042e84	True
965	0x000138b7	0x00040950	3	0	0x00050950	True
966	0x000138bd	0x00040c64	3	0	0x00050c64	True
967	0x000138c6	0x00040c64	3	0	0x00050c64	True
968	0x000138df	0x00040950	3	0	0x00050950	True
969	0x000138fb	0x00040c6c	3	0	0x00050c6c	True
970	0x0001390b	0x00040c64	3	0	0x00050c64	True
971	0x00013925	0x00040c68	3	0	0x00050c68	True
972	0x00013931	0x00040c64	3	0	0x00050c64	True
973	0x00013948	0x00040c68	3	0	0x00050c68	True
974	0x00013954	0x00040c64	3	0	0x00050c64	True
975	0x00013962	0x00040c68	3	0	0x00050c68	True
976	0x0001397f	0x00040a4c	3	0	0x00050a4c	True
977	0x0001399c	0x00040950	3	0	0x00050950	True
978	0x000139a8	0x00032e84	3	0	0x00042e84	True
979	0x000139ba	0x00032e84	3	0	0x00042e84	True
980	0x000139c8	0x00040950	3	0	0x00050950	True
981	0x000139d0	0x00040950	3	0	0x00050950	True
982	0x000139dc	0x00040c58	3	0	0x00050c58	True
983	0x000139e4	0x00040c54	3	0	0x00050c54	True
984	0x000139ec	0x00040c64	3	0	0x00050c64	True
985	0x000139f3	0x000408ac	3	0	0x000508ac	True
986	0x000139f8	0x00040c6c	3	0	0x00050c6c	True
987	0x00013a04	0x0004098c	3	0	0x0005098c	True
988	0x00013a14	0x00040a4c	3	0	0x00050a4c	True
989	0x00013a20	0x0004098c	3	0	0x0005098c	True
990	0x00013a26	0x000401f8	3	0	0x000501f8	True
991	0x00013a3d	0x0004098c	3	0	0x0005098c	True
992	0x00013a48	0x0004098c	3	0	0x0005098c	True
993	0x00013a51	0x00040cb0	3	0	0x00050cb0	True
994	0x00013a59	0x0004094c	3	0	0x0005094c	True
995	0x00013a5f	0x0004098c	3	0	0x0005098c	True
996	0x00013a68	0x00040a80	3	0	0x00050a80	True
997	0x00013a78	0x00040a4c	3	0	0x00050a4c	True
998	0x00013b52	0x00040a4c	3	0	0x00050a4c	True
999	0x00013c5b	0x00040220	3	0	0x00050220	True
1000	0x00013cae	0x00040220	3	0	0x00050220	True
1001	0x00013dbd	0x0004098c	3	0	0x0005098c	True
1002	0x00013dd4	0x00033454	3	0	0x00043454	True
1003	0x00013df3	0x00033454	3	0	0x00043454	True
1004	0x00013e0a	0x0004015c	3	0	0x0005015c	True
1005	0x00013e13	0x000401e8	3	0	0x000501e8	True
1006	0x00013e1b	0x00041948	3	0	0x00051948	True
1007	0x00013e29	0x000401e8	3	0	0x000501e8	True
1008	0x00013e31	0x00041988	3	0	0x00051988	True
1009	0x00013e3f	0x000401e8	3	0	0x000501e8	True
1010	0x00013e68	0x00041c38	3	0	0x00051c38	True
1011	0x00013e70	0x00040a88	3	0	0x00050a88	True
1012	0x00013e7d	0x00032d84	3	0	0x00042d84	True
1013	0x00013e82	0x00013b9c	3	0	0x00023b9c	True
1014	0x00013e94	0x0004098c	3	0	0x0005098c	True
1015	0x00013e9a	0x0004098c	3	0	0x0005098c	True
1016	0x00013e9e	0x00040bcc	3	0	0x00050bcc	True
1017	0x00013ea9	0x00040108	3	0	0x00050108	True
1018	0x00013ebb	0x00040c3c	3	0	0x00050c3c	True
1019	0x00013ec1	0x00040108	3	0	0x00050108	True
1020	0x00013ece	0x00032d84	3	0	0x00042d84	True
1021	0x00013ed3	0x00013c98	3	0	0x00023c98	True
1022	0x00013ee9	0x00040108	3	0	0x00050108	True
1023	0x00013ef7	0x000401d0	3	0	0x000501d0	True
1024	0x00013f00	0x0004098c	3	0	0x0005098c	True
1025	0x00013f0c	0x00040254	3	0	0x00050254	True
1026	0x00013f1a	0x0004098c	3	0	0x0005098c	True
1027	0x00013f1e	0x00040bcc	3	0	0x00050bcc	True
1028	0x00013f24	0x000401dc	3	0	0x000501dc	True
1029	0x00013f2c	0x00032d84	3	0	0x00042d84	True
1030	0x00013f31	0x0001b5b0	3	0	0x0002b5b0	True
1031	0x00013f3e	0x000409a0	3	0	0x000509a0	True
1032	0x00013f4e	0x00040bec	3	0	0x00050bec	True
1033	0x00013f54	0x00040be4	3	0	0x00050be4	True
1034	0x00013f5b	0x00040be4	3	0	0x00050be4	True
1035	0x00013f60	0x00040bec	3	0	0x00050bec	True
1036	0x00013f6b	0x000401d0	3	0	0x000501d0	True
1037	0x00013f74	0x000401dc	3	0	0x000501dc	True
1038	0x00013f7c	0x000409a0	3	0	0x000509a0	True
1039	0x00013f87	0x0004099c	3	0	0x0005099c	True
1040	0x00013f9d	0x00040220	3	0	0x00050220	True
1041	0x00013fa5	0x0004098c	3	0	0x0005098c	True
1042	0x00013faf	0x00040984	3	0	0x00050984	True
1043	0x00013fbe	0x00040108	3	0	0x00050108	True
1044	0x00013fcf	0x00040960	3	0	0x00050960	True
1045	0x00014018	0x00040a4c	3	0	0x00050a4c	True
1046	0x000140c2	0x0004097c	3	0	0x0005097c	True
1047	0x000140db	0x000140e0	3	0	0x000240e0	True
1048	0x000140e0	0x00014118	3	0	0x00024118	True
1049	0x000140e4	0x00014130	3	0	0x00024130	True
1050	0x000140e8	0x000141f4	3	0	0x000241f4	True
1051	0x000140ec	0x00014210	3	0	0x00024210	True
1052	0x000140f0	0x00014264	3	0	0x00024264	True
1053	0x000140f4	0x00014100	3	0	0x00024100	True
1054	0x000140f8	0x00014100	3	0	0x00024100	True
1055	0x000140fc	0x00014270	3	0	0x00024270	True
1056	0x00014107	0x00040a4c	3	0	0x00050a4c	True
1057	0x00014211	0x0004094c	3	0	0x0005094c	True
1058	0x00014217	0x00040a80	3	0	0x00050a80	True
1059	0x00014231	0x00040a80	3	0	0x00050a80	True
1060	0x00014237	0x0004094c	3	0	0x0005094c	True
1061	0x00014247	0x00040a4c	3	0	0x00050a4c	True
1062	0x00014299	0x0004097c	3	0	0x0005097c	True
1063	0x000142a8	0x0004097c	3	0	0x0005097c	True
1064	0x000142c6	0x00040188	3	0	0x00050188	True
1065	0x000142e0	0x00040c5c	3	0	0x00050c5c	True
1066	0x000142e9	0x0004094c	3	0	0x0005094c	True
1067	0x000142f2	0x0004094c	3	0	0x0005094c	True
1068	0x0001430a	0x0004094c	3	0	0x0005094c	True
1069	0x00014311	0x000408b0	3	0	0x000508b0	True
1070	0x00014399	0x00032d10	3	0	0x00042d10	True
1071	0x000143b5	0x00032d10	3	0	0x00042d10	True
1072	0x000143d1	0x00032d10	3	0	0x00042d10	True
1073	0x000143ed	0x00032d10	3	0	0x00042d10	True
1074	0x00014409	0x00032d10	3	0	0x00042d10	True
1075	0x000144bc	0x00040c00	3	0	0x00050c00	True
1076	0x00014512	0x00040c00	3	0	0x00050c00	True
1077	0x0001451c	0x00040c00	3	0	0x00050c00	True
1078	0x00040a4c	0x000409c0	3	0	0x000509c0	True
1079	0x00040a5c	0x0003437c	3	0	0x0004437c	True
1080	0x00040a60	0x00034384	3	0	0x00044384	True
1081	0x00040a64	0x000409d2	3	0	0x000509d2	True
1082	0x00040a68	0x000409d8	3	0	0x000509d8	True
1083	0x00040a6c	0x000409df	3	0	0x000509df	True
1084	0x00040a70	0x000409e6	3	0	0x000509e6	True
1085	0x00040a74	0x000409e9	3	0	0x000509e9	True
1086	0x00040a8c	0x000409ec	3	0	0x000509ec	True
1087	0x00040acc	0x000409f5	3	0	0x000509f5	True
1088	0x00040ad0	0x000409fd	3	0	0x000509fd	True
1089	0x00040ad4	0x00040a54	3	0	0x00050a54	True
1090	0x00040afc	0x00040ac8	3	0	0x00050ac8	True
1091	0x00040b00	0x00040a04	3	0	0x00050a04	True
1092	0x00040b04	0x00040a0e	3	0	0x00050a0e	True
1093	0x00040b08	0x00040a54	3	0	0x00050a54	True
1094	0x00040b34	0x00040a15	3	0	0x00050a15	True
1095	0x00040b38	0x00040a1a	3	0	0x00050a1a	True
1096	0x00040b3c	0x00040a54	3	0	0x00050a54	True
1097	0x00040b64	0x00040b30	3	0	0x00050b30	True
1098	0x00040b68	0x00040a1e	3	0	0x00050a1e	True
1099	0x00040b6c	0x00040a24	3	0	0x00050a24	True
1100	0x00040b70	0x00040a54	3	0	0x00050a54	True
1101	0x00040b98	0x00040b64	3	0	0x00050b64	True
1102	0x00040b9c	0x00040a2a	3	0	0x00050a2a	True
1103	0x00040ba0	0x00040a30	3	0	0x00050a30	True
1104	0x00040ba4	0x00040a54	3	0	0x00050a54	True
1105	0x00040bcc	0x00040b98	3	0	0x00050b98	True
1106	0x00040bd0	0x00040a35	3	0	0x00050a35	True
1107	0x00040bd4	0x00040a3b	3	0	0x00050a3b	True
1108	0x00040bd8	0x00040a54	3	0	0x00050a54	True
1109	0x00040c44	0x00040a40	3	0	0x00050a40	True
1110	0x0001455b	0x00014560	3	0	0x00024560	True
1111	0x00014560	0x000145a0	3	0	0x000245a0	True
1112	0x00014564	0x000145c4	3	0	0x000245c4	True
1113	0x00014568	0x000145d4	3	0	0x000245d4	True
1114	0x0001456c	0x00014674	3	0	0x00024674	True
1115	0x00014570	0x0001468c	3	0	0x0002468c	True
1116	0x00014574	0x000146d3	3	0	0x000246d3	True
1117	0x00014578	0x000146d3	3	0	0x000246d3	True
1118	0x0001457c	0x000146d3	3	0	0x000246d3	True
1119	0x00014580	0x000146d3	3	0	0x000246d3	True
1120	0x00014584	0x000146d3	3	0	0x000246d3	True
1121	0x00014588	0x000146d3	3	0	0x000246d3	True
1122	0x0001458c	0x000146d3	3	0	0x000246d3	True
1123	0x00014590	0x000146d3	3	0	0x000246d3	True
1124	0x00014594	0x00014694	3	0	0x00024694	True
1125	0x00014598	0x000146d3	3	0	0x000246d3	True
1126	0x0001459c	0x000146b0	3	0	0x000246b0	True
1127	0x000145ee	0x00040cb0	3	0	0x00050cb0	True
1128	0x000145f6	0x00040254	3	0	0x00050254	True
1129	0x00014608	0x00040134	3	0	0x00050134	True
1130	0x0001461c	0x000408c8	3	0	0x000508c8	True
1131	0x00014630	0x000408c8	3	0	0x000508c8	True
1132	0x00014638	0x00040cb4	3	0	0x00050cb4	True
1133	0x0001463d	0x00040cb4	3	0	0x00050cb4	True
1134	0x00014642	0x000401f8	3	0	0x000501f8	True
1135	0x00014647	0x00040208	3	0	0x00050208	True
1136	0x00014654	0x00040208	3	0	0x00050208	True
1137	0x0001465c	0x000401f8	3	0	0x000501f8	True
1138	0x00014664	0x000401a8	3	0	0x000501a8	True
1139	0x00014676	0x00040cb0	3	0	0x00050cb0	True
1140	0x0001467e	0x00040208	3	0	0x00050208	True
1141	0x00014699	0x000408c8	3	0	0x000508c8	True
1142	0x000146c2	0x000417f4	3	0	0x000517f4	True
1143	0x000146ce	0x000417f4	3	0	0x000517f4	True
1144	0x000146e5	0x000408c8	3	0	0x000508c8	True
1145	0x000146ed	0x00040cb0	3	0	0x00050cb0	True
1146	0x000146f6	0x00040128	3	0	0x00050128	True
1147	0x000146fc	0x00040c94	3	0	0x00050c94	True
1148	0x0001471a	0x000408c8	3	0	0x000508c8	True
1149	0x00014722	0x00040cb0	3	0	0x00050cb0	True
1150	0x0001473b	0x00040128	3	0	0x00050128	True
1151	0x00014779	0x00040128	3	0	0x00050128	True
1152	0x00014781	0x00040128	3	0	0x00050128	True
1153	0x0001482f	0x0004304e	3	0	0x0005304e	True
1154	0x0001483a	0x000427ec	3	0	0x000527ec	True
1155	0x00014841	0x000427d4	3	0	0x000527d4	True
1156	0x00014850	0x000427ec	3	0	0x000527ec	True
1157	0x0001485a	0x000427e8	3	0	0x000527e8	True
1158	0x00014861	0x000427d4	3	0	0x000527d4	True
1159	0x00014870	0x000427e8	3	0	0x000527e8	True
1160	0x00014885	0x000406b0	3	0	0x000506b0	True
1161	0x00014898	0x00041938	3	0	0x00051938	True
1162	0x000148a4	0x0004409c	3	0	0x0005409c	True
1163	0x000148cb	0x000310c0	3	0	0x000410c0	True
1164	0x000148d1	0x000310cc	3	0	0x000410cc	True
1165	0x000148d8	0x000329bc	3	0	0x000429bc	True
1166	0x000148e9	0x00040c90	3	0	0x00050c90	True
1167	0x000148f7	0x000329bc	3	0	0x000429bc	True
1168	0x000148fd	0x000310d0	3	0	0x000410d0	True
1169	0x00014903	0x000329bc	3	0	0x000429bc	True
1170	0x0001490a	0x000310d4	3	0	0x000410d4	True
1171	0x00014912	0x000310c4	3	0	0x000410c4	True
1172	0x0001491d	0x000310ce	3	0	0x000410ce	True
1173	0x00014924	0x000329c8	3	0	0x000429c8	True
1174	0x00014929	0x000310c0	3	0	0x000410c0	True
1175	0x00014939	0x000400e4	3	0	0x000500e4	True
1176	0x00014948	0x00040224	3	0	0x00050224	True
1177	0x00014950	0x000400e4	3	0	0x000500e4	True
1178	0x00014965	0x00040224	3	0	0x00050224	True
1179	0x00014982	0x000400e4	3	0	0x000500e4	True
1180	0x000149a1	0x00040228	3	0	0x00050228	True
1181	0x000149a7	0x00040224	3	0	0x00050224	True
1182	0x000149af	0x00040224	3	0	0x00050224	True
1183	0x000149b9	0x00040224	3	0	0x00050224	True
1184	0x000149c9	0x000400e4	3	0	0x000500e4	True
1185	0x00014b03	0x000343a8	3	0	0x000443a8	True
1186	0x00014b0b	0x000343a8	3	0	0x000443a8	True
1187	0x00014b68	0x00040c90	3	0	0x00050c90	True
1188	0x00014b95	0x00014b9c	3	0	0x00024b9c	True
1189	0x00014b9c	0x00014bf4	3	0	0x00024bf4	True
1190	0x00014ba0	0x00014c14	3	0	0x00024c14	True
1191	0x00014ba4	0x00014bdc	3	0	0x00024bdc	True
1192	0x00014ba8	0x00014bdc	3	0	0x00024bdc	True
1193	0x00014bac	0x00014c52	3	0	0x00024c52	True
1194	0x00014bb0	0x00014c52	3	0	0x00024c52	True
1195	0x00014bb4	0x00014c5b	3	0	0x00024c5b	True
1196	0x00014bb8	0x00014bdc	3	0	0x00024bdc	True
1197	0x00014bbc	0x00014bdc	3	0	0x00024bdc	True
1198	0x00014bc0	0x00014c5b	3	0	0x00024c5b	True
1199	0x00014bc4	0x00014c52	3	0	0x00024c52	True
1200	0x00014bc8	0x00014c5b	3	0	0x00024c5b	True
1201	0x00014bcc	0x00014c5b	3	0	0x00024c5b	True
1202	0x00014bd0	0x00014c5b	3	0	0x00024c5b	True
1203	0x00014bd4	0x00014bdc	3	0	0x00024bdc	True
1204	0x00014bd8	0x00014c5b	3	0	0x00024c5b	True
1205	0x00014be3	0x00040c90	3	0	0x00050c90	True
1206	0x00014c19	0x000400e4	3	0	0x000500e4	True
1207	0x00014c34	0x000400e4	3	0	0x000500e4	True
1208	0x00014c6f	0x00034398	3	0	0x00044398	True
1209	0x00014c8d	0x00034398	3	0	0x00044398	True
1210	0x00014d31	0x000408c8	3	0	0x000508c8	True
1211	0x00014d40	0x00040254	3	0	0x00050254	True
1212	0x00014d4a	0x000343b8	3	0	0x000443b8	True
1213	0x00014d59	0x00041314	3	0	0x00051314	True
1214	0x00014d63	0x00040ca8	3	0	0x00050ca8	True
1215	0x00014d6a	0x00040210	3	0	0x00050210	True
1216	0x00014d74	0x000343b4	3	0	0x000443b4	True
1217	0x00014d7a	0x0004019c	3	0	0x0005019c	True
1218	0x00014d83	0x00034394	3	0	0x00044394	True
1219	0x00014d8d	0x00040c98	3	0	0x00050c98	True
1220	0x00014d97	0x00040198	3	0	0x00050198	True
1221	0x00014da5	0x000343a4	3	0	0x000443a4	True
1222	0x00014daa	0x00040ca4	3	0	0x00050ca4	True
1223	0x00014db5	0x000343a4	3	0	0x000443a4	True
1224	0x00014dbb	0x000343a4	3	0	0x000443a4	True
1225	0x00014dc9	0x000343a4	3	0	0x000443a4	True
1226	0x00014dd2	0x000343a4	3	0	0x000443a4	True
1227	0x00014dea	0x000343a4	3	0	0x000443a4	True
1228	0x00014e19	0x000343a4	3	0	0x000443a4	True
1229	0x00014e27	0x000343a4	3	0	0x000443a4	True
1230	0x00014e39	0x000343a4	3	0	0x000443a4	True
1231	0x00014e56	0x00040194	3	0	0x00050194	True
1232	0x00014e66	0x000408c8	3	0	0x000508c8	True
1233	0x00014e73	0x0004019c	3	0	0x0005019c	True
1234	0x00014e80	0x00041b14	3	0	0x00051b14	True
1235	0x00014e90	0x00040cb8	3	0	0x00050cb8	True
1236	0x00014f86	0x00040cb8	3	0	0x00050cb8	True
1237	0x00014f9f	0x00041158	3	0	0x00051158	True
1238	0x00014fa9	0x00040128	3	0	0x00050128	True
1239	0x00014fd0	0x00034398	3	0	0x00044398	True
1240	0x00014fe4	0x00014fe8	3	0	0x00024fe8	True
1241	0x00014fe8	0x00015014	3	0	0x00025014	True
1242	0x00014fec	0x0001505c	3	0	0x0002505c	True
1243	0x00014ff0	0x000150e4	3	0	0x000250e4	True
1244	0x00014ff4	0x0001518c	3	0	0x0002518c	True
1245	0x00014ff8	0x0001510c	3	0	0x0002510c	True
1246	0x00014ffc	0x0001517d	3	0	0x0002517d	True
1247	0x00015000	0x0001518c	3	0	0x0002518c	True
1248	0x00015004	0x0001518c	3	0	0x0002518c	True
1249	0x00015008	0x0001518c	3	0	0x0002518c	True
1250	0x0001500c	0x0001518c	3	0	0x0002518c	True
1251	0x00015010	0x00015160	3	0	0x00025160	True
1252	0x00015039	0x0004304c	3	0	0x0005304c	True
1253	0x00015052	0x00040ca8	3	0	0x00050ca8	True
1254	0x000150a8	0x000400e4	3	0	0x000500e4	True
1255	0x000150c3	0x000400e4	3	0	0x000500e4	True
1256	0x000150e8	0x00040254	3	0	0x00050254	True
1257	0x00015101	0x0004021c	3	0	0x0005021c	True
1258	0x0001512e	0x00041314	3	0	0x00051314	True
1259	0x00015136	0x00041314	3	0	0x00051314	True
1260	0x00015141	0x00034398	3	0	0x00044398	True
1261	0x00015188	0x000401a0	3	0	0x000501a0	True
1262	0x0001518e	0x00034398	3	0	0x00044398	True
1263	0x000151ad	0x00040128	3	0	0x00050128	True
1264	0x000151b4	0x000343b0	3	0	0x000443b0	True
1265	0x000151b9	0x000343a4	3	0	0x000443a4	True
1266	0x000151be	0x00040cb4	3	0	0x00050cb4	True
1267	0x000151c3	0x000401f8	3	0	0x000501f8	True
1268	0x000151ca	0x000343a0	3	0	0x000443a0	True
1269	0x000151e6	0x000151ec	3	0	0x000251ec	True
1270	0x000151ec	0x0001522c	3	0	0x0002522c	True
1271	0x000151f0	0x000152cc	3	0	0x000252cc	True
1272	0x000151f4	0x00015304	3	0	0x00025304	True
1273	0x000151f8	0x00015318	3	0	0x00025318	True
1274	0x000151fc	0x00015330	3	0	0x00025330	True
1275	0x00015200	0x000153b3	3	0	0x000253b3	True
1276	0x00015204	0x000153b3	3	0	0x000253b3	True
1277	0x00015208	0x000153b3	3	0	0x000253b3	True
1278	0x0001520c	0x000153b3	3	0	0x000253b3	True
1279	0x00015210	0x000153b3	3	0	0x000253b3	True
1280	0x00015214	0x000153b3	3	0	0x000253b3	True
1281	0x00015218	0x000153b3	3	0	0x000253b3	True
1282	0x0001521c	0x000153b3	3	0	0x000253b3	True
1283	0x00015220	0x0001533c	3	0	0x0002533c	True
1284	0x00015224	0x00015358	3	0	0x00025358	True
1285	0x00015228	0x00015390	3	0	0x00025390	True
1286	0x00015260	0x000417f4	3	0	0x000517f4	True
1287	0x0001526f	0x000343a0	3	0	0x000443a0	True
1288	0x0001527e	0x000343a0	3	0	0x000443a0	True
1289	0x00015284	0x000401c8	3	0	0x000501c8	True
1290	0x0001529b	0x00040c9c	3	0	0x00050c9c	True
1291	0x000152a3	0x00040c9c	3	0	0x00050c9c	True
1292	0x000152ba	0x00040c9c	3	0	0x00050c9c	True
1293	0x000152c0	0x00040ca0	3	0	0x00050ca0	True
1294	0x000152ce	0x000401c8	3	0	0x000501c8	True
1295	0x000152e3	0x000343a0	3	0	0x000443a0	True
1296	0x000152f5	0x000343a4	3	0	0x000443a4	True
1297	0x00015309	0x000343a0	3	0	0x000443a0	True
1298	0x0001531a	0x000401c8	3	0	0x000501c8	True
1299	0x00015332	0x000343a0	3	0	0x000443a0	True
1300	0x00015341	0x000343a0	3	0	0x000443a0	True
1301	0x00015350	0x000343a0	3	0	0x000443a0	True
1302	0x00015373	0x000343a0	3	0	0x000443a0	True
1303	0x000153a2	0x000417f4	3	0	0x000517f4	True
1304	0x000153ae	0x000417f4	3	0	0x000517f4	True
1305	0x000153bf	0x000343a4	3	0	0x000443a4	True
1306	0x000153cb	0x00040208	3	0	0x00050208	True
1307	0x000153d1	0x000343a0	3	0	0x000443a0	True
1308	0x00015408	0x00041750	3	0	0x00051750	True
1309	0x00015410	0x00041750	3	0	0x00051750	True
1310	0x0001543e	0x00041754	3	0	0x00051754	True
1311	0x00015466	0x000343b0	3	0	0x000443b0	True
1312	0x0001546c	0x000343a4	3	0	0x000443a4	True
1313	0x0001563c	0x00041314	3	0	0x00051314	True
1314	0x00015644	0x00041314	3	0	0x00051314	True
1315	0x00015827	0x000400e4	3	0	0x000500e4	True
1316	0x0001584b	0x000400e4	3	0	0x000500e4	True
1317	0x00015a03	0x00041028	3	0	0x00051028	True
1318	0x00015a49	0x000343a4	3	0	0x000443a4	True
1319	0x00015c8b	0x00040c90	3	0	0x00050c90	True
1320	0x00015c99	0x000400e4	3	0	0x000500e4	True
1321	0x00015cb7	0x000400e4	3	0	0x000500e4	True
1322	0x00015ccf	0x000343a4	3	0	0x000443a4	True
1323	0x00015dc3	0x00040c90	3	0	0x00050c90	True
1324	0x00015dd5	0x000343a4	3	0	0x000443a4	True
1325	0x00015dee	0x000343a8	3	0	0x000443a8	True
1326	0x00015df7	0x000343a8	3	0	0x000443a8	True
1327	0x00015e00	0x000343a8	3	0	0x000443a8	True
1328	0x00015e44	0x00032acc	3	0	0x00042acc	True
1329	0x00015e70	0x000406a8	3	0	0x000506a8	True
1330	0x00015ea3	0x00034398	3	0	0x00044398	True
1331	0x00015eac	0x00034398	3	0	0x00044398	True
1332	0x00015eca	0x00040cb8	3	0	0x00050cb8	True
1333	0x00015ed4	0x00040cb8	3	0	0x00050cb8	True
1334	0x00015ee2	0x00041b1c	3	0	0x00051b1c	True
1335	0x00015eeb	0x00041b1c	3	0	0x00051b1c	True
1336	0x00015efb	0x00032acc	3	0	0x00042acc	True
1337	0x00015f05	0x00032acc	3	0	0x00042acc	True
1338	0x00015f1a	0x000343a4	3	0	0x000443a4	True
1339	0x00015f34	0x00032d84	3	0	0x00042d84	True
1340	0x00015f4e	0x000329c8	3	0	0x000429c8	True
1341	0x00015f61	0x000343bc	3	0	0x000443bc	True
1342	0x00015f69	0x000343bc	3	0	0x000443bc	True
1343	0x00015f80	0x00041938	3	0	0x00051938	True
1344	0x00015f88	0x00041938	3	0	0x00051938	True
1345	0x00015fab	0x0004304e	3	0	0x0005304e	True
1346	0x00040c90	0x00040c80	3	0	0x00050c80	True
1347	0x0001608a	0x00040e3a	3	0	0x00050e3a	True
1348	0x000160a1	0x00040f88	3	0	0x00050f88	True
1349	0x000160b5	0x00040fa8	3	0	0x00050fa8	True
1350	0x000160c9	0x00040f60	3	0	0x00050f60	True
1351	0x000160e3	0x00041030	3	0	0x00051030	True
1352	0x000160f9	0x00040f28	3	0	0x00050f28	True
1353	0x00016107	0x00040ef0	3	0	0x00050ef0	True
1354	0x00040e44	0x00040cc0	3	0	0x00050cc0	True
1355	0x00040e48	0x00040cce	3	0	0x00050cce	True
1356	0x00040e50	0x00040ccf	3	0	0x00050ccf	True
1357	0x00040e58	0x00040cd2	3	0	0x00050cd2	True
1358	0x00040e60	0x00040cd5	3	0	0x00050cd5	True
1359	0x00040e68	0x00040cda	3	0	0x00050cda	True
1360	0x00040e70	0x00040cdf	3	0	0x00050cdf	True
1361	0x00040e78	0x00040ce5	3	0	0x00050ce5	True
1362	0x00040e80	0x00040cec	3	0	0x00050cec	True
1363	0x00040e88	0x00040cf4	3	0	0x00050cf4	True
1364	0x00040e90	0x00040cf8	3	0	0x00050cf8	True
1365	0x00040e98	0x00040cfc	3	0	0x00050cfc	True
1366	0x00040ea0	0x00040cff	3	0	0x00050cff	True
1367	0x00040ea8	0x00040d02	3	0	0x00050d02	True
1368	0x00040eb0	0x00040d05	3	0	0x00050d05	True
1369	0x00040eb8	0x00040d08	3	0	0x00050d08	True
1370	0x00040ec0	0x00040d0b	3	0	0x00050d0b	True
1371	0x00040ec8	0x00040d0e	3	0	0x00050d0e	True
1372	0x00040ed0	0x00040d12	3	0	0x00050d12	True
1373	0x00040ed8	0x00040d16	3	0	0x00050d16	True
1374	0x00040ee0	0x00040d1a	3	0	0x00050d1a	True
1375	0x00040ee8	0x00040d1f	3	0	0x00050d1f	True
1376	0x00040ef0	0x00040d22	3	0	0x00050d22	True
1377	0x00040ef4	0x00040d26	3	0	0x00050d26	True
1378	0x00040ef8	0x00040d2a	3	0	0x00050d2a	True
1379	0x00040efc	0x00040d2e	3	0	0x00050d2e	True
1380	0x00040f00	0x00040d32	3	0	0x00050d32	True
1381	0x00040f04	0x00040d36	3	0	0x00050d36	True
1382	0x00040f08	0x00040d3a	3	0	0x00050d3a	True
1383	0x00040f0c	0x00040d3e	3	0	0x00050d3e	True
1384	0x00040f10	0x00040d42	3	0	0x00050d42	True
1385	0x00040f14	0x00040d45	3	0	0x00050d45	True
1386	0x00040f18	0x00040d48	3	0	0x00050d48	True
1387	0x00040f1c	0x00040d4b	3	0	0x00050d4b	True
1388	0x00040f20	0x00040d4e	3	0	0x00050d4e	True
1389	0x00040f24	0x00040d51	3	0	0x00050d51	True
1390	0x00040f28	0x00040d54	3	0	0x00050d54	True
1391	0x00040f2c	0x00040d57	3	0	0x00050d57	True
1392	0x00040f30	0x00040d5a	3	0	0x00050d5a	True
1393	0x00040f34	0x00040d5d	3	0	0x00050d5d	True
1394	0x00040f38	0x00040d60	3	0	0x00050d60	True
1395	0x00040f3c	0x00040d63	3	0	0x00050d63	True
1396	0x00040f40	0x00040d66	3	0	0x00050d66	True
1397	0x00040f44	0x00040d69	3	0	0x00050d69	True
1398	0x00040f48	0x00040d6c	3	0	0x00050d6c	True
1399	0x00040f4c	0x00040d6f	3	0	0x00050d6f	True
1400	0x00040f50	0x00040d72	3	0	0x00050d72	True
1401	0x00040f54	0x00040d75	3	0	0x00050d75	True
1402	0x00040f58	0x00040d78	3	0	0x00050d78	True
1403	0x00040f5c	0x00040d7b	3	0	0x00050d7b	True
1404	0x00040f60	0x00040d7e	3	0	0x00050d7e	True
1405	0x00040f64	0x00040d81	3	0	0x00050d81	True
1406	0x00040f68	0x00040d84	3	0	0x00050d84	True
1407	0x00040f6c	0x00040d87	3	0	0x00050d87	True
1408	0x00040f70	0x00040d8a	3	0	0x00050d8a	True
1409	0x00040f74	0x00040d8d	3	0	0x00050d8d	True
1410	0x00040f78	0x00040d90	3	0	0x00050d90	True
1411	0x00040f7c	0x00040d93	3	0	0x00050d93	True
1412	0x00040f88	0x00040d96	3	0	0x00050d96	True
1413	0x00040f8c	0x00040f80	3	0	0x00050f80	True
1414	0x00040f90	0x00040d9a	3	0	0x00050d9a	True
1415	0x00040f94	0x00040d9e	3	0	0x00050d9e	True
1416	0x00040f98	0x00040f80	3	0	0x00050f80	True
1417	0x00040f9c	0x00040f80	3	0	0x00050f80	True
1418	0x00040fa0	0x00040f80	3	0	0x00050f80	True
1419	0x00040fa4	0x00040f80	3	0	0x00050f80	True
1420	0x00040fa8	0x00040da2	3	0	0x00050da2	True
1421	0x00040fac	0x00040da6	3	0	0x00050da6	True
1422	0x00040fb0	0x00040daa	3	0	0x00050daa	True
1423	0x00040fb4	0x00040dae	3	0	0x00050dae	True
1424	0x00040fb8	0x00040f80	3	0	0x00050f80	True
1425	0x00040fbc	0x00040f80	3	0	0x00050f80	True
1426	0x00040fc0	0x00040db2	3	0	0x00050db2	True
1427	0x00040fc4	0x00040db6	3	0	0x00050db6	True
1428	0x00040fc8	0x00040f80	3	0	0x00050f80	True
1429	0x00040fcc	0x00040f80	3	0	0x00050f80	True
1430	0x00040fd0	0x00040f80	3	0	0x00050f80	True
1431	0x00040fd4	0x00040f80	3	0	0x00050f80	True
1432	0x00040fd8	0x00040f80	3	0	0x00050f80	True
1433	0x00040fdc	0x00040f80	3	0	0x00050f80	True
1434	0x00040fe0	0x00040dba	3	0	0x00050dba	True
1435	0x00040fe4	0x00040dbe	3	0	0x00050dbe	True
1436	0x00040fe8	0x00040dc2	3	0	0x00050dc2	True
1437	0x00040fec	0x00040dc4	3	0	0x00050dc4	True
1438	0x00040ff0	0x00040dc7	3	0	0x00050dc7	True
1439	0x00040ff4	0x00040dc9	3	0	0x00050dc9	True
1440	0x00040ff8	0x00040dcc	3	0	0x00050dcc	True
1441	0x00040ffc	0x00040dce	3	0	0x00050dce	True
1442	0x00041000	0x00040dd1	3	0	0x00050dd1	True
1443	0x00041004	0x00040dd4	3	0	0x00050dd4	True
1444	0x00041008	0x00040dd6	3	0	0x00050dd6	True
1445	0x0004100c	0x00040dd8	3	0	0x00050dd8	True
1446	0x00041010	0x00040ddb	3	0	0x00050ddb	True
1447	0x00041014	0x00040ddd	3	0	0x00050ddd	True
1448	0x00041018	0x00040de0	3	0	0x00050de0	True
1449	0x0004101c	0x00040de2	3	0	0x00050de2	True
1450	0x00041020	0x00040de5	3	0	0x00050de5	True
1451	0x00041024	0x00040de8	3	0	0x00050de8	True
1452	0x00041048	0x00040dea	3	0	0x00050dea	True
1453	0x0004104c	0x00040df0	3	0	0x00050df0	True
1454	0x00041050	0x00040df6	3	0	0x00050df6	True
1455	0x00041054	0x00040dfc	3	0	0x00050dfc	True
1456	0x00041058	0x00040e02	3	0	0x00050e02	True
1457	0x0004105c	0x00040e08	3	0	0x00050e08	True
1458	0x00041060	0x00040e0e	3	0	0x00050e0e	True
1459	0x00041064	0x00040e14	3	0	0x00050e14	True
1460	0x00041068	0x00040e1a	3	0	0x00050e1a	True
1461	0x0004106c	0x00040e1e	3	0	0x00050e1e	True
1462	0x00041070	0x00040e22	3	0	0x00050e22	True
1463	0x00041074	0x00040e26	3	0	0x00050e26	True
1464	0x00041078	0x00040e2a	3	0	0x00050e2a	True
1465	0x0004107c	0x00040e2e	3	0	0x00050e2e	True
1466	0x00041080	0x00040e32	3	0	0x00050e32	True
1467	0x00041084	0x00040e36	3	0	0x00050e36	True
1468	0x0001611a	0x000410a3	3	0	0x000510a3	True
1469	0x0001611f	0x000410a9	3	0	0x000510a9	True
1470	0x00016124	0x000410ab	3	0	0x000510ab	True
1471	0x0001612a	0x00040138	3	0	0x00050138	True
1472	0x00016137	0x000400fc	3	0	0x000500fc	True
1473	0x0001613d	0x0004099c	3	0	0x0005099c	True
1474	0x0001614f	0x000400fc	3	0	0x000500fc	True
1475	0x00016154	0x00044004	3	0	0x00054004	True
1476	0x00016172	0x0004094c	3	0	0x0005094c	True
1477	0x00016183	0x0004094c	3	0	0x0005094c	True
1478	0x0001618c	0x0004099c	3	0	0x0005099c	True
1479	0x00016192	0x0004094c	3	0	0x0005094c	True
1480	0x0001619e	0x0004099c	3	0	0x0005099c	True
1481	0x000161cb	0x000400fc	3	0	0x000500fc	True
1482	0x000161e2	0x0004094c	3	0	0x0005094c	True
1483	0x000161e8	0x00033078	3	0	0x00043078	True
1484	0x000161f9	0x0004094c	3	0	0x0005094c	True
1485	0x000161fe	0x0004099c	3	0	0x0005099c	True
1486	0x00016204	0x0004094c	3	0	0x0005094c	True
1487	0x00016210	0x0004099c	3	0	0x0005099c	True
1488	0x00016245	0x000400fc	3	0	0x000500fc	True
1489	0x00016250	0x0004094c	3	0	0x0005094c	True
1490	0x00016256	0x00033078	3	0	0x00043078	True
1491	0x00016265	0x0004094c	3	0	0x0005094c	True
1492	0x0001628c	0x000410b0	3	0	0x000510b0	True
1493	0x000162ae	0x000162b4	3	0	0x000262b4	True
1494	0x000162b4	0x000162d0	3	0	0x000262d0	True
1495	0x000162b8	0x0001635c	3	0	0x0002635c	True
1496	0x000162bc	0x00016344	3	0	0x00026344	True
1497	0x000162c0	0x00016158	3	0	0x00026158	True
1498	0x000162c4	0x00016158	3	0	0x00026158	True
1499	0x000162c8	0x0001635c	3	0	0x0002635c	True
1500	0x000162cc	0x0001635c	3	0	0x0002635c	True
1501	0x000162df	0x000410b8	3	0	0x000510b8	True
1502	0x000162e9	0x00032d84	3	0	0x00042d84	True
1503	0x0001632c	0x00033078	3	0	0x00043078	True
1504	0x0001634c	0x00041b74	3	0	0x00051b74	True
1505	0x0001636e	0x0004094c	3	0	0x0005094c	True
1506	0x00016376	0x0004099c	3	0	0x0005099c	True
1507	0x0001637c	0x0004094c	3	0	0x0005094c	True
1508	0x0001638d	0x000400fc	3	0	0x000500fc	True
1509	0x0001639b	0x000410b4	3	0	0x000510b4	True
1510	0x000163a4	0x000410b4	3	0	0x000510b4	True
1511	0x000163b1	0x000410b4	3	0	0x000510b4	True
1512	0x000163b8	0x000410b4	3	0	0x000510b4	True
1513	0x000163cf	0x000410b4	3	0	0x000510b4	True
1514	0x000163d7	0x000410b4	3	0	0x000510b4	True
1515	0x00016423	0x000410b4	3	0	0x000510b4	True
1516	0x0001642b	0x000410b4	3	0	0x000510b4	True
1517	0x0001645d	0x000410b4	3	0	0x000510b4	True
1518	0x000410b0	0x00041090	3	0	0x00051090	True
1519	0x000164c2	0x00040128	3	0	0x00050128	True
1520	0x00016503	0x0003444e	3	0	0x0004444e	True
1521	0x00016530	0x00034408	3	0	0x00044408	True
1522	0x0001653d	0x0004304c	3	0	0x0005304c	True
1523	0x0001656f	0x0004304e	3	0	0x0005304e	True
1524	0x00016595	0x000343e0	3	0	0x000443e0	True
1525	0x000165af	0x00034408	3	0	0x00044408	True
1526	0x000165c0	0x000427ec	3	0	0x000527ec	True
1527	0x000165cd	0x000427ec	3	0	0x000527ec	True
1528	0x000165d5	0x000427ec	3	0	0x000527ec	True
1529	0x000165df	0x000427ec	3	0	0x000527ec	True
1530	0x00016606	0x000343e0	3	0	0x000443e0	True
1531	0x0001661f	0x00034408	3	0	0x00044408	True
1532	0x00016630	0x000427e8	3	0	0x000527e8	True
1533	0x0001663d	0x000427e8	3	0	0x000527e8	True
1534	0x00016645	0x000427e8	3	0	0x000527e8	True
1535	0x0001664f	0x000427e8	3	0	0x000527e8	True
1536	0x0001666f	0x000428c0	3	0	0x000528c0	True
1537	0x00016677	0x00034478	3	0	0x00044478	True
1538	0x00016680	0x000428c0	3	0	0x000528c0	True
1539	0x00016687	0x00034478	3	0	0x00044478	True
1540	0x00016694	0x000428c0	3	0	0x000528c0	True
1541	0x0001669a	0x000428c0	3	0	0x000528c0	True
1542	0x000166a3	0x000428c0	3	0	0x000528c0	True
1543	0x000166ac	0x000428c0	3	0	0x000528c0	True
1544	0x000166bf	0x000428c4	3	0	0x000528c4	True
1545	0x000166d2	0x00040128	3	0	0x00050128	True
1546	0x0001670f	0x00034372	3	0	0x00044372	True
1547	0x0001673c	0x000343b8	3	0	0x000443b8	True
1548	0x00016749	0x0004304c	3	0	0x0005304c	True
1549	0x0001677e	0x0004304e	3	0	0x0005304e	True
1550	0x000167a0	0x000343e0	3	0	0x000443e0	True
1551	0x000167b6	0x000343b8	3	0	0x000443b8	True
1552	0x000167d5	0x000343e0	3	0	0x000443e0	True
1553	0x000167ea	0x000343b8	3	0	0x000443b8	True
1554	0x0001680e	0x00040128	3	0	0x00050128	True
1555	0x0001685b	0x00041154	3	0	0x00051154	True
1556	0x000168f9	0x0004304c	3	0	0x0005304c	True
1557	0x0001692f	0x000343a0	3	0	0x000443a0	True
1558	0x00016948	0x00041154	3	0	0x00051154	True
1559	0x0001697b	0x000343a0	3	0	0x000443a0	True
1560	0x00016981	0x000343b0	3	0	0x000443b0	True
1561	0x0001698a	0x000343a0	3	0	0x000443a0	True
1562	0x000169ca	0x00041154	3	0	0x00051154	True
1563	0x00016ac5	0x00016acc	3	0	0x00026acc	True
1564	0x00016acc	0x00016b18	3	0	0x00026b18	True
1565	0x00016ad0	0x00016b24	3	0	0x00026b24	True
1566	0x00016ad4	0x00016b30	3	0	0x00026b30	True
1567	0x00016ad8	0x00016b40	3	0	0x00026b40	True
1568	0x00016adc	0x00016b50	3	0	0x00026b50	True
1569	0x00016ae0	0x00016b5c	3	0	0x00026b5c	True
1570	0x00016ae4	0x00016b04	3	0	0x00026b04	True
1571	0x00016ae8	0x00016b04	3	0	0x00026b04	True
1572	0x00016aec	0x00016b04	3	0	0x00026b04	True
1573	0x00016af0	0x00016b04	3	0	0x00026b04	True
1574	0x00016af4	0x00016b68	3	0	0x00026b68	True
1575	0x00016af8	0x00016b74	3	0	0x00026b74	True
1576	0x00016afc	0x00016b80	3	0	0x00026b80	True
1577	0x00016b00	0x00016b8c	3	0	0x00026b8c	True
1578	0x00016b0b	0x00041154	3	0	0x00051154	True
1579	0x00016d4b	0x00041290	3	0	0x00051290	True
1580	0x00016d6d	0x00041310	3	0	0x00051310	True
1581	0x00016d79	0x00041310	3	0	0x00051310	True
1582	0x00016d91	0x0004126c	3	0	0x0005126c	True
1583	0x00016d97	0x000343c0	3	0	0x000443c0	True
1584	0x00016dd8	0x0004126c	3	0	0x0005126c	True
1585	0x00016de3	0x00041290	3	0	0x00051290	True
1586	0x00016e08	0x000401c0	3	0	0x000501c0	True
1587	0x00016e3d	0x00041290	3	0	0x00051290	True
1588	0x00016e71	0x0004115c	3	0	0x0005115c	True
1589	0x00016eb6	0x0004131c	3	0	0x0005131c	True
1590	0x00016ebf	0x00041318	3	0	0x00051318	True
1591	0x00016eed	0x00041290	3	0	0x00051290	True
1592	0x00016fe9	0x000411f4	3	0	0x000511f4	True
1593	0x00016ffb	0x00041290	3	0	0x00051290	True
1594	0x0001700c	0x000412b0	3	0	0x000512b0	True
1595	0x00017083	0x000401c0	3	0	0x000501c0	True
1596	0x000170ab	0x00041770	3	0	0x00051770	True
1597	0x00017176	0x00041308	3	0	0x00051308	True
1598	0x000171b0	0x00041154	3	0	0x00051154	True
1599	0x000171ee	0x00041290	3	0	0x00051290	True
1600	0x0001725e	0x000401c0	3	0	0x000501c0	True
1601	0x00017267	0x00040128	3	0	0x00050128	True
1602	0x0001727c	0x00041158	3	0	0x00051158	True
1603	0x0001728f	0x00034398	3	0	0x00044398	True
1604	0x000172cd	0x000400e4	3	0	0x000500e4	True
1605	0x000172f1	0x000400e4	3	0	0x000500e4	True
1606	0x0001730e	0x00041290	3	0	0x00051290	True
1607	0x00017330	0x000412d0	3	0	0x000512d0	True
1608	0x00017341	0x000343c0	3	0	0x000443c0	True
1609	0x0001734d	0x00041290	3	0	0x00051290	True
1610	0x00017384	0x000412d0	3	0	0x000512d0	True
1611	0x00017401	0x00034398	3	0	0x00044398	True
1612	0x00017411	0x00034398	3	0	0x00044398	True
1613	0x00017421	0x000401c0	3	0	0x000501c0	True
1614	0x00017444	0x000343cc	3	0	0x000443cc	True
1615	0x00017458	0x0001745c	3	0	0x0002745c	True
1616	0x0001745c	0x0001777c	3	0	0x0002777c	True
1617	0x00017460	0x00017770	3	0	0x00027770	True
1618	0x00017464	0x00017770	3	0	0x00027770	True
1619	0x00017468	0x00017770	3	0	0x00027770	True
1620	0x0001746c	0x00017770	3	0	0x00027770	True
1621	0x00017470	0x00017a34	3	0	0x00027a34	True
1622	0x00017474	0x00017770	3	0	0x00027770	True
1623	0x00017478	0x00017cb6	3	0	0x00027cb6	True
1624	0x0001747c	0x00017a84	3	0	0x00027a84	True
1625	0x00017480	0x00017aec	3	0	0x00027aec	True
1626	0x00017484	0x00017770	3	0	0x00027770	True
1627	0x00017488	0x00017b00	3	0	0x00027b00	True
1628	0x0001748c	0x00017b5c	3	0	0x00027b5c	True
1629	0x00017490	0x00017cb6	3	0	0x00027cb6	True
1630	0x00017494	0x00017bf4	3	0	0x00027bf4	True
1631	0x00017498	0x00017cb0	3	0	0x00027cb0	True
1632	0x0001749c	0x00017d34	3	0	0x00027d34	True
1633	0x000174a0	0x00017d40	3	0	0x00027d40	True
1634	0x000174a4	0x00017db8	3	0	0x00027db8	True
1635	0x000174a8	0x00017770	3	0	0x00027770	True
1636	0x000174ac	0x00017770	3	0	0x00027770	True
1637	0x000174b0	0x00017770	3	0	0x00027770	True
1638	0x000174b4	0x00017770	3	0	0x00027770	True
1639	0x000174b8	0x00017770	3	0	0x00027770	True
1640	0x000174bc	0x00017770	3	0	0x00027770	True
1641	0x000174c0	0x00017770	3	0	0x00027770	True
1642	0x000174c4	0x00017770	3	0	0x00027770	True
1643	0x000174c8	0x00017770	3	0	0x00027770	True
1644	0x000174cc	0x00017770	3	0	0x00027770	True
1645	0x000174d0	0x0001831c	3	0	0x0002831c	True
1646	0x000174d4	0x00017a34	3	0	0x00027a34	True
1647	0x000174d8	0x00017a34	3	0	0x00027a34	True
1648	0x000174dc	0x0001831c	3	0	0x0002831c	True
1649	0x000174e0	0x00017a34	3	0	0x00027a34	True
1650	0x000174e4	0x0001831c	3	0	0x0002831c	True
1651	0x000174e8	0x0001831c	3	0	0x0002831c	True
1652	0x000174ec	0x0001831c	3	0	0x0002831c	True
1653	0x000174f0	0x0001831c	3	0	0x0002831c	True
1654	0x000174f4	0x0001831c	3	0	0x0002831c	True
1655	0x000174f8	0x0001831c	3	0	0x0002831c	True
1656	0x000174fc	0x0001831c	3	0	0x0002831c	True
1657	0x00017500	0x0001831c	3	0	0x0002831c	True
1658	0x00017504	0x0001831c	3	0	0x0002831c	True
1659	0x00017508	0x00017dc4	3	0	0x00027dc4	True
1660	0x0001750c	0x00017dc4	3	0	0x00027dc4	True
1661	0x00017510	0x00017e04	3	0	0x00027e04	True
1662	0x00017514	0x00017f08	3	0	0x00027f08	True
1663	0x00017518	0x00017e04	3	0	0x00027e04	True
1664	0x0001751c	0x00017dc4	3	0	0x00027dc4	True
1665	0x00017520	0x00017f6c	3	0	0x00027f6c	True
1666	0x00017524	0x00017770	3	0	0x00027770	True
1667	0x00017528	0x00017f6c	3	0	0x00027f6c	True
1668	0x0001752c	0x00018014	3	0	0x00028014	True
1669	0x00017530	0x00017770	3	0	0x00027770	True
1670	0x00017534	0x00018050	3	0	0x00028050	True
1671	0x00017538	0x00018014	3	0	0x00028014	True
1672	0x0001753c	0x00017770	3	0	0x00027770	True
1673	0x00017540	0x00018028	3	0	0x00028028	True
1674	0x00017544	0x00018028	3	0	0x00028028	True
1675	0x00017548	0x00017770	3	0	0x00027770	True
1676	0x0001754c	0x00017770	3	0	0x00027770	True
1677	0x00017550	0x00017770	3	0	0x00027770	True
1678	0x00017554	0x00017770	3	0	0x00027770	True
1679	0x00017558	0x00017770	3	0	0x00027770	True
1680	0x0001755c	0x00017770	3	0	0x00027770	True
1681	0x00017560	0x00017770	3	0	0x00027770	True
1682	0x00017564	0x00017770	3	0	0x00027770	True
1683	0x00017568	0x00017770	3	0	0x00027770	True
1684	0x0001756c	0x00017770	3	0	0x00027770	True
1685	0x00017570	0x00017770	3	0	0x00027770	True
1686	0x00017574	0x00017770	3	0	0x00027770	True
1687	0x00017578	0x00017770	3	0	0x00027770	True
1688	0x0001757c	0x00017770	3	0	0x00027770	True
1689	0x00017580	0x00017770	3	0	0x00027770	True
1690	0x00017584	0x00017770	3	0	0x00027770	True
1691	0x00017588	0x00017770	3	0	0x00027770	True
1692	0x0001758c	0x00017770	3	0	0x00027770	True
1693	0x00017590	0x00017770	3	0	0x00027770	True
1694	0x00017594	0x00017770	3	0	0x00027770	True
1695	0x00017598	0x00017770	3	0	0x00027770	True
1696	0x0001759c	0x00017770	3	0	0x00027770	True
1697	0x000175a0	0x00017770	3	0	0x00027770	True
1698	0x000175a4	0x00017770	3	0	0x00027770	True
1699	0x000175a8	0x00017770	3	0	0x00027770	True
1700	0x000175ac	0x00017770	3	0	0x00027770	True
1701	0x000175b0	0x00017770	3	0	0x00027770	True
1702	0x000175b4	0x00017770	3	0	0x00027770	True
1703	0x000175b8	0x00017770	3	0	0x00027770	True
1704	0x000175bc	0x00017770	3	0	0x00027770	True
1705	0x000175c0	0x000182cc	3	0	0x000282cc	True
1706	0x000175c4	0x000182cc	3	0	0x000282cc	True
1707	0x000175c8	0x00017770	3	0	0x00027770	True
1708	0x000175cc	0x00017770	3	0	0x00027770	True
1709	0x000175d0	0x00017770	3	0	0x00027770	True
1710	0x000175d4	0x00017770	3	0	0x00027770	True
1711	0x000175d8	0x00017770	3	0	0x00027770	True
1712	0x000175dc	0x00017770	3	0	0x00027770	True
1713	0x000175e0	0x000182cc	3	0	0x000282cc	True
1714	0x000175e4	0x000182cc	3	0	0x000282cc	True
1715	0x000175e8	0x00017770	3	0	0x00027770	True
1716	0x000175ec	0x00017770	3	0	0x00027770	True
1717	0x000175f0	0x00017770	3	0	0x00027770	True
1718	0x000175f4	0x00017770	3	0	0x00027770	True
1719	0x000175f8	0x00017770	3	0	0x00027770	True
1720	0x000175fc	0x00017770	3	0	0x00027770	True
1721	0x00017600	0x00017770	3	0	0x00027770	True
1722	0x00017604	0x00017770	3	0	0x00027770	True
1723	0x00017608	0x0001805c	3	0	0x0002805c	True
1724	0x0001760c	0x00017770	3	0	0x00027770	True
1725	0x00017610	0x0001805c	3	0	0x0002805c	True
1726	0x00017614	0x00017770	3	0	0x00027770	True
1727	0x00017618	0x00017770	3	0	0x00027770	True
1728	0x0001761c	0x00017770	3	0	0x00027770	True
1729	0x00017620	0x00017770	3	0	0x00027770	True
1730	0x00017624	0x00017770	3	0	0x00027770	True
1731	0x00017628	0x00017770	3	0	0x00027770	True
1732	0x0001762c	0x00017770	3	0	0x00027770	True
1733	0x00017630	0x00017770	3	0	0x00027770	True
1734	0x00017634	0x00017770	3	0	0x00027770	True
1735	0x00017638	0x00017770	3	0	0x00027770	True
1736	0x0001763c	0x00017770	3	0	0x00027770	True
1737	0x00017640	0x00017770	3	0	0x00027770	True
1738	0x00017644	0x00017770	3	0	0x00027770	True
1739	0x00017648	0x00017770	3	0	0x00027770	True
1740	0x0001764c	0x00017770	3	0	0x00027770	True
1741	0x00017650	0x00017770	3	0	0x00027770	True
1742	0x00017654	0x00017770	3	0	0x00027770	True
1743	0x00017658	0x00017770	3	0	0x00027770	True
1744	0x0001765c	0x00017770	3	0	0x00027770	True
1745	0x00017660	0x00017770	3	0	0x00027770	True
1746	0x00017664	0x00017770	3	0	0x00027770	True
1747	0x00017668	0x00017770	3	0	0x00027770	True
1748	0x0001766c	0x00017770	3	0	0x00027770	True
1749	0x00017670	0x00017770	3	0	0x00027770	True
1750	0x00017674	0x00017770	3	0	0x00027770	True
1751	0x00017678	0x00017770	3	0	0x00027770	True
1752	0x0001767c	0x00017770	3	0	0x00027770	True
1753	0x00017680	0x00017770	3	0	0x00027770	True
1754	0x00017684	0x00017770	3	0	0x00027770	True
1755	0x00017688	0x00017770	3	0	0x00027770	True
1756	0x0001768c	0x00017770	3	0	0x00027770	True
1757	0x00017690	0x00017770	3	0	0x00027770	True
1758	0x00017694	0x00017770	3	0	0x00027770	True
1759	0x00017698	0x00017770	3	0	0x00027770	True
1760	0x0001769c	0x00017770	3	0	0x00027770	True
1761	0x000176a0	0x00017770	3	0	0x00027770	True
1762	0x000176a4	0x00017770	3	0	0x00027770	True
1763	0x000176a8	0x00017770	3	0	0x00027770	True
1764	0x000176ac	0x00017770	3	0	0x00027770	True
1765	0x000176b0	0x00017770	3	0	0x00027770	True
1766	0x000176b4	0x00017770	3	0	0x00027770	True
1767	0x000176b8	0x00017770	3	0	0x00027770	True
1768	0x000176bc	0x00018070	3	0	0x00028070	True
1769	0x000176c0	0x00017770	3	0	0x00027770	True
1770	0x000176c4	0x00017770	3	0	0x00027770	True
1771	0x000176c8	0x00017770	3	0	0x00027770	True
1772	0x000176cc	0x00017770	3	0	0x00027770	True
1773	0x000176d0	0x00017770	3	0	0x00027770	True
1774	0x000176d4	0x00017a7c	3	0	0x00027a7c	True
1775	0x000176d8	0x00017770	3	0	0x00027770	True
1776	0x000176dc	0x00017770	3	0	0x00027770	True
1777	0x000176e0	0x00017770	3	0	0x00027770	True
1778	0x000176e4	0x00018078	3	0	0x00028078	True
1779	0x000176e8	0x00017770	3	0	0x00027770	True
1780	0x000176ec	0x00017770	3	0	0x00027770	True
1781	0x000176f0	0x00018069	3	0	0x00028069	True
1782	0x000176f4	0x00017770	3	0	0x00027770	True
1783	0x000176f8	0x00017770	3	0	0x00027770	True
1784	0x000176fc	0x00017770	3	0	0x00027770	True
1785	0x00017700	0x00017770	3	0	0x00027770	True
1786	0x00017704	0x00017770	3	0	0x00027770	True
1787	0x00017708	0x00017770	3	0	0x00027770	True
1788	0x0001770c	0x00017770	3	0	0x00027770	True
1789	0x00017710	0x00017770	3	0	0x00027770	True
1790	0x00017714	0x00017770	3	0	0x00027770	True
1791	0x00017718	0x00017770	3	0	0x00027770	True
1792	0x0001771c	0x00017770	3	0	0x00027770	True
1793	0x00017720	0x00017770	3	0	0x00027770	True
1794	0x00017724	0x00017770	3	0	0x00027770	True
1795	0x00017728	0x00017770	3	0	0x00027770	True
1796	0x0001772c	0x000180c4	3	0	0x000280c4	True
1797	0x00017730	0x00017770	3	0	0x00027770	True
1798	0x00017734	0x000180c4	3	0	0x000280c4	True
1799	0x00017738	0x000180c4	3	0	0x000280c4	True
1800	0x0001773c	0x00017b00	3	0	0x00027b00	True
1801	0x00017740	0x00017b5c	3	0	0x00027b5c	True
1802	0x00017744	0x00017770	3	0	0x00027770	True
1803	0x00017748	0x000180cc	3	0	0x000280cc	True
1804	0x0001774c	0x00018330	3	0	0x00028330	True
1805	0x00017750	0x000181ac	3	0	0x000281ac	True
1806	0x00017754	0x000181b4	3	0	0x000281b4	True
1807	0x00017758	0x000181bc	3	0	0x000281bc	True
1808	0x0001775c	0x00017770	3	0	0x00027770	True
1809	0x00017760	0x00018330	3	0	0x00028330	True
1810	0x00017764	0x00018330	3	0	0x00028330	True
1811	0x00017768	0x00018330	3	0	0x00028330	True
1812	0x0001776c	0x00018330	3	0	0x00028330	True
1813	0x0001777e	0x000343c4	3	0	0x000443c4	True
1814	0x0001778b	0x000343c8	3	0	0x000443c8	True
1815	0x00017798	0x000343d8	3	0	0x000443d8	True
1816	0x0001779e	0x000343d4	3	0	0x000443d4	True
1817	0x000177b4	0x000343d8	3	0	0x000443d8	True
1818	0x000177b9	0x000343d8	3	0	0x000443d8	True
1819	0x000177c0	0x000411f4	3	0	0x000511f4	True
1820	0x000177c9	0x000343d0	3	0	0x000443d0	True
1821	0x000177db	0x00032d14	3	0	0x00042d14	True
1822	0x000177e1	0x000343d4	3	0	0x000443d4	True
1823	0x000177ee	0x00032d14	3	0	0x00042d14	True
1824	0x000177f4	0x000343d4	3	0	0x000443d4	True
1825	0x00017801	0x000343dc	3	0	0x000443dc	True
1826	0x0001780d	0x000343e0	3	0	0x000443e0	True
1827	0x00017816	0x000343dc	3	0	0x000443dc	True
1828	0x0001781c	0x000343d8	3	0	0x000443d8	True
1829	0x00017832	0x000343c8	3	0	0x000443c8	True
1830	0x0001783e	0x000343d4	3	0	0x000443d4	True
1831	0x00017851	0x000343d0	3	0	0x000443d0	True
1832	0x00017859	0x000343d4	3	0	0x000443d4	True
1833	0x00017865	0x000343d8	3	0	0x000443d8	True
1834	0x0001786b	0x000343dc	3	0	0x000443dc	True
1835	0x00017878	0x000343d4	3	0	0x000443d4	True
1836	0x0001788a	0x000343dc	3	0	0x000443dc	True
1837	0x00017890	0x000343d0	3	0	0x000443d0	True
1838	0x000178a5	0x000343d8	3	0	0x000443d8	True
1839	0x000178ac	0x00041290	3	0	0x00051290	True
1840	0x000178bb	0x000343dc	3	0	0x000443dc	True
1841	0x000178e3	0x000343d8	3	0	0x000443d8	True
1842	0x000178f0	0x000343dc	3	0	0x000443dc	True
1843	0x000178f7	0x00041290	3	0	0x00051290	True
1844	0x0001790e	0x000343d8	3	0	0x000443d8	True
1845	0x00017917	0x000343d8	3	0	0x000443d8	True
1846	0x00017930	0x000343d8	3	0	0x000443d8	True
1847	0x00017939	0x000343dc	3	0	0x000443dc	True
1848	0x00017948	0x000343dc	3	0	0x000443dc	True
1849	0x00017950	0x000343e0	3	0	0x000443e0	True
1850	0x00017958	0x000343d4	3	0	0x000443d4	True
1851	0x0001795e	0x000343dc	3	0	0x000443dc	True
1852	0x00017964	0x000343d8	3	0	0x000443d8	True
1853	0x00017974	0x000343d0	3	0	0x000443d0	True
1854	0x0001797a	0x000343dc	3	0	0x000443dc	True
1855	0x0001798a	0x000343d4	3	0	0x000443d4	True
1856	0x00017990	0x000343d8	3	0	0x000443d8	True
1857	0x000179a6	0x000343c8	3	0	0x000443c8	True
1858	0x000179af	0x000343dc	3	0	0x000443dc	True
1859	0x000179b5	0x000343d0	3	0	0x000443d0	True
1860	0x000179cb	0x00032d14	3	0	0x00042d14	True
1861	0x000179d1	0x000343d0	3	0	0x000443d0	True
1862	0x000179e1	0x000343d0	3	0	0x000443d0	True
1863	0x000179e7	0x000343dc	3	0	0x000443dc	True
1864	0x000179f2	0x00032d14	3	0	0x00042d14	True
1865	0x000179f8	0x000343d0	3	0	0x000443d0	True
1866	0x00017a06	0x00032d14	3	0	0x00042d14	True
1867	0x00017a0c	0x000343d4	3	0	0x000443d4	True
1868	0x00017a19	0x000343dc	3	0	0x000443dc	True
1869	0x00017a29	0x000343e0	3	0	0x000443e0	True
1870	0x00017a36	0x000343c4	3	0	0x000443c4	True
1871	0x00017a3f	0x00032d14	3	0	0x00042d14	True
1872	0x00017a45	0x000343d0	3	0	0x000443d0	True
1873	0x00017a52	0x000343d8	3	0	0x000443d8	True
1874	0x00017a5e	0x000343e0	3	0	0x000443e0	True
1875	0x00017a71	0x00032d14	3	0	0x00042d14	True
1876	0x00017a86	0x000343c4	3	0	0x000443c4	True
1877	0x00017a8f	0x000343c8	3	0	0x000443c8	True
1878	0x00017a97	0x000343dc	3	0	0x000443dc	True
1879	0x00017a9e	0x00041290	3	0	0x00051290	True
1880	0x00017aa4	0x000343d8	3	0	0x000443d8	True
1881	0x00017aab	0x00041290	3	0	0x00051290	True
1882	0x00017ab2	0x00041290	3	0	0x00051290	True
1883	0x00017ab9	0x00041290	3	0	0x00051290	True
1884	0x00017abf	0x000343c4	3	0	0x000443c4	True
1885	0x00017ac8	0x000343d8	3	0	0x000443d8	True
1886	0x00017ad6	0x000343c8	3	0	0x000443c8	True
1887	0x00017ae3	0x000343dc	3	0	0x000443dc	True
1888	0x00017aed	0x00032d14	3	0	0x00042d14	True
1889	0x00017b0c	0x000343c4	3	0	0x000443c4	True
1890	0x00017b3e	0x000343d8	3	0	0x000443d8	True
1891	0x00017b43	0x000343d8	3	0	0x000443d8	True
1892	0x00017b4a	0x000411f4	3	0	0x000511f4	True
1893	0x00017b88	0x000343d0	3	0	0x000443d0	True
1894	0x00017b99	0x000343d0	3	0	0x000443d0	True
1895	0x00017bb6	0x000343c4	3	0	0x000443c4	True
1896	0x00017bc3	0x00032d14	3	0	0x00042d14	True
1897	0x00017bc9	0x000343d0	3	0	0x000443d0	True
1898	0x00017bd6	0x000343dc	3	0	0x000443dc	True
1899	0x00017be6	0x000343e0	3	0	0x000443e0	True
1900	0x00017c3e	0x000343cc	3	0	0x000443cc	True
1901	0x00017c52	0x000343c4	3	0	0x000443c4	True
1902	0x00017c5f	0x000343d8	3	0	0x000443d8	True
1903	0x00017c65	0x000343d4	3	0	0x000443d4	True
1904	0x00017c81	0x000343d8	3	0	0x000443d8	True
1905	0x00017c87	0x000343dc	3	0	0x000443dc	True
1906	0x00017c94	0x00041308	3	0	0x00051308	True
1907	0x00017cb8	0x00040210	3	0	0x00050210	True
1908	0x00017d11	0x00040210	3	0	0x00050210	True
1909	0x00017d2a	0x000343c0	3	0	0x000443c0	True
1910	0x00017d41	0x000343d4	3	0	0x000443d4	True
1911	0x00017d4e	0x000427ec	3	0	0x000527ec	True
1912	0x00017d5b	0x000427ec	3	0	0x000527ec	True
1913	0x00017d65	0x000427ec	3	0	0x000527ec	True
1914	0x00017d75	0x000343d4	3	0	0x000443d4	True
1915	0x00017d7b	0x000343d8	3	0	0x000443d8	True
1916	0x00017d92	0x000343d4	3	0	0x000443d4	True
1917	0x00017da0	0x000343d8	3	0	0x000443d8	True
1918	0x00017da5	0x000343d8	3	0	0x000443d8	True
1919	0x00017dac	0x000411f4	3	0	0x000511f4	True
1920	0x00017dc6	0x000343c4	3	0	0x000443c4	True
1921	0x00017dd3	0x00032d14	3	0	0x00042d14	True
1922	0x00017dd9	0x000343d4	3	0	0x000443d4	True
1923	0x00017de6	0x000343dc	3	0	0x000443dc	True
1924	0x00017df6	0x000343e0	3	0	0x000443e0	True
1925	0x00017e06	0x000343c8	3	0	0x000443c8	True
1926	0x00017e0f	0x00032d14	3	0	0x00042d14	True
1927	0x00017e15	0x000343d4	3	0	0x000443d4	True
1928	0x00017e22	0x000343dc	3	0	0x000443dc	True
1929	0x00017e2e	0x000343e0	3	0	0x000443e0	True
1930	0x00017e36	0x000343d4	3	0	0x000443d4	True
1931	0x00017e3c	0x000343c8	3	0	0x000443c8	True
1932	0x00017e53	0x000343c8	3	0	0x000443c8	True
1933	0x00017e5c	0x000343dc	3	0	0x000443dc	True
1934	0x00017e63	0x000343cc	3	0	0x000443cc	True
1935	0x00017e6b	0x00041308	3	0	0x00051308	True
1936	0x00017e75	0x0004130c	3	0	0x0005130c	True
1937	0x00017e8c	0x000343c4	3	0	0x000443c4	True
1938	0x00017e95	0x000343d8	3	0	0x000443d8	True
1939	0x00017e9c	0x000343cc	3	0	0x000443cc	True
1940	0x00017ea4	0x00041308	3	0	0x00051308	True
1941	0x00017ead	0x0004130c	3	0	0x0005130c	True
1942	0x00017ec4	0x000343a4	3	0	0x000443a4	True
1943	0x00017ece	0x000343c4	3	0	0x000443c4	True
1944	0x00017ed7	0x000343c8	3	0	0x000443c8	True
1945	0x00017edf	0x000343d8	3	0	0x000443d8	True
1946	0x00017ee5	0x000343dc	3	0	0x000443dc	True
1947	0x00017ef1	0x00032d14	3	0	0x00042d14	True
1948	0x00017ef7	0x000343d0	3	0	0x000443d0	True
1949	0x00017f0a	0x00032d14	3	0	0x00042d14	True
1950	0x00017f10	0x000343d0	3	0	0x000443d0	True
1951	0x00017f1d	0x000343d8	3	0	0x000443d8	True
1952	0x00017f29	0x000343e0	3	0	0x000443e0	True
1953	0x00017f31	0x000343d0	3	0	0x000443d0	True
1954	0x00017f37	0x00032d14	3	0	0x00042d14	True
1955	0x00017f3d	0x000343d4	3	0	0x000443d4	True
1956	0x00017f4a	0x000343dc	3	0	0x000443dc	True
1957	0x00017f5a	0x000343e0	3	0	0x000443e0	True
1958	0x00017f62	0x000343d4	3	0	0x000443d4	True
1959	0x00017f6e	0x000343c4	3	0	0x000443c4	True
1960	0x00017f7b	0x000343c8	3	0	0x000443c8	True
1961	0x00017f84	0x00032d14	3	0	0x00042d14	True
1962	0x00017f8a	0x000343d4	3	0	0x000443d4	True
1963	0x00017f97	0x000343dc	3	0	0x000443dc	True
1964	0x00017fa3	0x000343e0	3	0	0x000443e0	True
1965	0x00017fab	0x000343d4	3	0	0x000443d4	True
1966	0x00017fb1	0x000343c8	3	0	0x000443c8	True
1967	0x00017fbb	0x000343c8	3	0	0x000443c8	True
1968	0x00017fc7	0x000343d8	3	0	0x000443d8	True
1969	0x00017fcd	0x000343dc	3	0	0x000443dc	True
1970	0x00017fda	0x00041308	3	0	0x00051308	True
1971	0x00017ff0	0x000343d8	3	0	0x000443d8	True
1972	0x00017ff5	0x000343d8	3	0	0x000443d8	True
1973	0x00017ffc	0x000411f4	3	0	0x000511f4	True
1974	0x00018005	0x000343d8	3	0	0x000443d8	True
1975	0x0001805e	0x000343c4	3	0	0x000443c4	True
1976	0x0001807a	0x000343c4	3	0	0x000443c4	True
1977	0x00018083	0x00032d14	3	0	0x00042d14	True
1978	0x00018089	0x000343d0	3	0	0x000443d0	True
1979	0x00018096	0x000343d8	3	0	0x000443d8	True
1980	0x000180a2	0x000343e0	3	0	0x000443e0	True
1981	0x000180aa	0x000343d4	3	0	0x000443d4	True
1982	0x000180b3	0x000343dc	3	0	0x000443dc	True
1983	0x000180bb	0x000411f4	3	0	0x000511f4	True
1984	0x000180ce	0x000343c4	3	0	0x000443c4	True
1985	0x000180dc	0x00041154	3	0	0x00051154	True
1986	0x000180ea	0x00041158	3	0	0x00051158	True
1987	0x000180f0	0x000427e8	3	0	0x000527e8	True
1988	0x000180f7	0x000427d4	3	0	0x000527d4	True
1989	0x00018106	0x000427e8	3	0	0x000527e8	True
1990	0x0001810f	0x000427e8	3	0	0x000527e8	True
1991	0x00018115	0x00041158	3	0	0x00051158	True
1992	0x0001811b	0x00034478	3	0	0x00044478	True
1993	0x00018128	0x000427e8	3	0	0x000527e8	True
1994	0x00018137	0x000343d8	3	0	0x000443d8	True
1995	0x0001814b	0x000343d8	3	0	0x000443d8	True
1996	0x00018152	0x0004115c	3	0	0x0005115c	True
1997	0x00018165	0x000427e8	3	0	0x000527e8	True
1998	0x0001816d	0x00034478	3	0	0x00044478	True
1999	0x00018173	0x00041158	3	0	0x00051158	True
2000	0x0001817e	0x000427e8	3	0	0x000527e8	True
2001	0x000181c3	0x000343d4	3	0	0x000443d4	True
2002	0x000181c9	0x000427ec	3	0	0x000527ec	True
2003	0x000181d6	0x000427ec	3	0	0x000527ec	True
2004	0x000181e1	0x000427ec	3	0	0x000527ec	True
2005	0x000181ff	0x000343d8	3	0	0x000443d8	True
2006	0x00018205	0x000343d4	3	0	0x000443d4	True
2007	0x0001822a	0x000343d8	3	0	0x000443d8	True
2008	0x0001823d	0x000343d8	3	0	0x000443d8	True
2009	0x00018243	0x000343d4	3	0	0x000443d4	True
2010	0x0001825e	0x000343e0	3	0	0x000443e0	True
2011	0x00018272	0x000343d8	3	0	0x000443d8	True
2012	0x00018277	0x000343d8	3	0	0x000443d8	True
2013	0x0001827e	0x000411f4	3	0	0x000511f4	True
2014	0x00018289	0x000343d4	3	0	0x000443d4	True
2015	0x0001828f	0x000343d8	3	0	0x000443d8	True
2016	0x000182ab	0x000343d8	3	0	0x000443d8	True
2017	0x000182ce	0x000343c4	3	0	0x000443c4	True
2018	0x000182d7	0x00032d14	3	0	0x00042d14	True
2019	0x000182e6	0x000343d0	3	0	0x000443d0	True
2020	0x000182f3	0x000343d0	3	0	0x000443d0	True
2021	0x000182ff	0x000343d0	3	0	0x000443d0	True
2022	0x0001830c	0x000343d0	3	0	0x000443d0	True
2023	0x0001831e	0x00032d14	3	0	0x00042d14	True
2024	0x00018324	0x000343d0	3	0	0x000443d0	True
2025	0x00018332	0x000343c4	3	0	0x000443c4	True
2026	0x0001833b	0x000343d8	3	0	0x000443d8	True
2027	0x0001836b	0x0004115c	3	0	0x0005115c	True
2028	0x000183b6	0x00041290	3	0	0x00051290	True
2029	0x000183de	0x00041154	3	0	0x00051154	True
2030	0x00018401	0x00041310	3	0	0x00051310	True
2031	0x00018414	0x00041310	3	0	0x00051310	True
2032	0x00018434	0x00041290	3	0	0x00051290	True
2033	0x0001845d	0x00041310	3	0	0x00051310	True
2034	0x00018465	0x00041310	3	0	0x00051310	True
2035	0x00018487	0x00041308	3	0	0x00051308	True
2036	0x00018497	0x0004115c	3	0	0x0005115c	True
2037	0x000184af	0x00041308	3	0	0x00051308	True
2038	0x000184d6	0x000427f0	3	0	0x000527f0	True
2039	0x00018522	0x00041290	3	0	0x00051290	True
2040	0x0001853c	0x00041310	3	0	0x00051310	True
2041	0x00018545	0x00041310	3	0	0x00051310	True
2042	0x0001854e	0x00041310	3	0	0x00051310	True
2043	0x000185e5	0x000343b8	3	0	0x000443b8	True
2044	0x000185eb	0x000343b8	3	0	0x000443b8	True
2045	0x0001861b	0x0004131c	3	0	0x0005131c	True
2046	0x00018620	0x00041318	3	0	0x00051318	True
2047	0x00018661	0x00041290	3	0	0x00051290	True
2048	0x00018697	0x00041290	3	0	0x00051290	True
2049	0x000186cb	0x000400e4	3	0	0x000500e4	True
2050	0x000186e7	0x00040228	3	0	0x00050228	True
2051	0x000186f4	0x00041154	3	0	0x00051154	True
2052	0x0001870c	0x000400e4	3	0	0x000500e4	True
2053	0x0001871f	0x000400e4	3	0	0x000500e4	True
2054	0x00018761	0x00041290	3	0	0x00051290	True
2055	0x000187ca	0x000343c0	3	0	0x000443c0	True
2056	0x00018811	0x0004304e	3	0	0x0005304e	True
2057	0x00018869	0x00041308	3	0	0x00051308	True
2058	0x0001887f	0x00041290	3	0	0x00051290	True
2059	0x000188fb	0x00018900	3	0	0x00028900	True
2060	0x00018900	0x00018940	3	0	0x00028940	True
2061	0x00018904	0x0001897c	3	0	0x0002897c	True
2062	0x00018908	0x00018940	3	0	0x00028940	True
2063	0x0001890c	0x0001893c	3	0	0x0002893c	True
2064	0x00018910	0x00018958	3	0	0x00028958	True
2065	0x00018914	0x0001893c	3	0	0x0002893c	True
2066	0x00018918	0x00018958	3	0	0x00028958	True
2067	0x0001891c	0x00018960	3	0	0x00028960	True
2068	0x00018920	0x00018968	3	0	0x00028968	True
2069	0x00018924	0x0001897c	3	0	0x0002897c	True
2070	0x00018928	0x0001897c	3	0	0x0002897c	True
2071	0x0001892c	0x00018960	3	0	0x00028960	True
2072	0x00018930	0x00018968	3	0	0x00028968	True
2073	0x00018934	0x00018970	3	0	0x00028970	True
2074	0x00018938	0x00018978	3	0	0x00028978	True
2075	0x000189a3	0x00040218	3	0	0x00050218	True
2076	0x000189b0	0x00041314	3	0	0x00051314	True
2077	0x000189bd	0x00041314	3	0	0x00051314	True
2078	0x000189d7	0x00041314	3	0	0x00051314	True
2079	0x00018a7c	0x00041314	3	0	0x00051314	True
2080	0x00018a9f	0x00041314	3	0	0x00051314	True
2081	0x00018ac6	0x000401c8	3	0	0x000501c8	True
2082	0x00018b24	0x00041314	3	0	0x00051314	True
2083	0x00018b39	0x00040130	3	0	0x00050130	True
2084	0x00018bb5	0x00041314	3	0	0x00051314	True
2085	0x00018be6	0x00041314	3	0	0x00051314	True
2086	0x00018bf0	0x00041314	3	0	0x00051314	True
2087	0x00018c47	0x00041314	3	0	0x00051314	True
2088	0x00018c65	0x00041314	3	0	0x00051314	True
2089	0x00018c82	0x0004023c	3	0	0x0005023c	True
2090	0x00018cd8	0x000343a0	3	0	0x000443a0	True
2091	0x00018d11	0x000343a0	3	0	0x000443a0	True
2092	0x00018d16	0x00040208	3	0	0x00050208	True
2093	0x00018d9b	0x00041290	3	0	0x00051290	True
2094	0x00041154	0x000410d0	3	0	0x000510d0	True
2095	0x0004115c	0x000410e1	3	0	0x000510e1	True
2096	0x00041160	0x000410e6	3	0	0x000510e6	True
2097	0x00041164	0x000410eb	3	0	0x000510eb	True
2098	0x00041168	0x000410f0	3	0	0x000510f0	True
2099	0x0004116c	0x000410f5	3	0	0x000510f5	True
2100	0x00041170	0x000410f8	3	0	0x000510f8	True
2101	0x00041174	0x000410fb	3	0	0x000510fb	True
2102	0x00041178	0x000410fe	3	0	0x000510fe	True
2103	0x0004117c	0x00041101	3	0	0x00051101	True
2104	0x00041180	0x00041106	3	0	0x00051106	True
2105	0x00041184	0x0004110b	3	0	0x0005110b	True
2106	0x00041188	0x00041110	3	0	0x00051110	True
2107	0x0004118c	0x00041115	3	0	0x00051115	True
2108	0x00041190	0x00041118	3	0	0x00051118	True
2109	0x00041194	0x0004111b	3	0	0x0005111b	True
2110	0x00041198	0x0004111e	3	0	0x0005111e	True
2111	0x0004119c	0x00041121	3	0	0x00051121	True
2112	0x000411a0	0x00041124	3	0	0x00051124	True
2113	0x000411a4	0x00041127	3	0	0x00051127	True
2114	0x000411a8	0x0004112a	3	0	0x0005112a	True
2115	0x000411ac	0x0004112d	3	0	0x0005112d	True
2116	0x000411b0	0x00041130	3	0	0x00051130	True
2117	0x000411b4	0x00041133	3	0	0x00051133	True
2118	0x000411b8	0x00041137	3	0	0x00051137	True
2119	0x000411bc	0x0004113b	3	0	0x0005113b	True
2120	0x000411c0	0x0004113f	3	0	0x0005113f	True
2121	0x000411c4	0x00041143	3	0	0x00051143	True
2122	0x000411c8	0x00041147	3	0	0x00051147	True
2123	0x000411cc	0x0004114b	3	0	0x0005114b	True
2124	0x000411d0	0x0004114f	3	0	0x0005114f	True
2125	0x000411f4	0x00016e54	3	0	0x00026e54	True
2126	0x000411f8	0x00016e54	3	0	0x00026e54	True
2127	0x000411fc	0x00016e54	3	0	0x00026e54	True
2128	0x00041200	0x00016e54	3	0	0x00026e54	True
2129	0x00041204	0x00016ea0	3	0	0x00026ea0	True
2130	0x00041208	0x00016ea0	3	0	0x00026ea0	True
2131	0x0004120c	0x00016e54	3	0	0x00026e54	True
2132	0x00041210	0x00016e54	3	0	0x00026e54	True
2133	0x00041214	0x00016e54	3	0	0x00026e54	True
2134	0x00041218	0x00016e54	3	0	0x00026e54	True
2135	0x0004121c	0x00016e54	3	0	0x00026e54	True
2136	0x00041220	0x00016e54	3	0	0x00026e54	True
2137	0x00041224	0x00016ea0	3	0	0x00026ea0	True
2138	0x00041228	0x00016e54	3	0	0x00026e54	True
2139	0x0004122c	0x00016e54	3	0	0x00026e54	True
2140	0x00041230	0x00016e54	3	0	0x00026e54	True
2141	0x00041234	0x00016ea0	3	0	0x00026ea0	True
2142	0x00041238	0x00016ea0	3	0	0x00026ea0	True
2143	0x0004123c	0x00016ea0	3	0	0x00026ea0	True
2144	0x00041240	0x00016ea0	3	0	0x00026ea0	True
2145	0x00041244	0x00016ea0	3	0	0x00026ea0	True
2146	0x00041248	0x00016ea0	3	0	0x00026ea0	True
2147	0x0004124c	0x00016e54	3	0	0x00026e54	True
2148	0x00041250	0x00016e54	3	0	0x00026e54	True
2149	0x00041254	0x00016e54	3	0	0x00026e54	True
2150	0x00041258	0x00016e54	3	0	0x00026e54	True
2151	0x0004125c	0x00016e54	3	0	0x00026e54	True
2152	0x00041260	0x00016e54	3	0	0x00026e54	True
2153	0x00041264	0x00016e54	3	0	0x00026e54	True
2154	0x00041268	0x00016e54	3	0	0x00026e54	True
2155	0x00018df2	0x00032d14	3	0	0x00042d14	True
2156	0x00018e00	0x000417f0	3	0	0x000517f0	True
2157	0x00018e0e	0x00032d14	3	0	0x00042d14	True
2158	0x00018e17	0x00034494	3	0	0x00044494	True
2159	0x00018e43	0x000417f0	3	0	0x000517f0	True
2160	0x00018ed2	0x0003448c	3	0	0x0004448c	True
2161	0x00018ed8	0x00034488	3	0	0x00044488	True
2162	0x00018ee4	0x0003448c	3	0	0x0004448c	True
2163	0x00018f5c	0x00040cb0	3	0	0x00050cb0	True
2164	0x00018f7b	0x000417fd	3	0	0x000517fd	True
2165	0x00018f85	0x00040254	3	0	0x00050254	True
2166	0x00018f90	0x0003448c	3	0	0x0004448c	True
2167	0x00018fa5	0x000417fd	3	0	0x000517fd	True
2168	0x00018fc6	0x00041ab8	3	0	0x00051ab8	True
2169	0x00018fcc	0x00040254	3	0	0x00050254	True
2170	0x00018fdd	0x00041ad8	3	0	0x00051ad8	True
2171	0x00018fe7	0x00041ae0	3	0	0x00051ae0	True
2172	0x00018ff2	0x00041af0	3	0	0x00051af0	True
2173	0x00018ffb	0x00041ac8	3	0	0x00051ac8	True
2174	0x00019007	0x0003448c	3	0	0x0004448c	True
2175	0x0001901c	0x00040254	3	0	0x00050254	True
2176	0x00019025	0x000401f8	3	0	0x000501f8	True
2177	0x00019036	0x0003448c	3	0	0x0004448c	True
2178	0x00019058	0x0003448c	3	0	0x0004448c	True
2179	0x0001907d	0x000344ac	3	0	0x000444ac	True
2180	0x00019084	0x00034494	3	0	0x00044494	True
2181	0x00019089	0x000343c8	3	0	0x000443c8	True
2182	0x0001908f	0x000418f0	3	0	0x000518f0	True
2183	0x0001909c	0x000343c4	3	0	0x000443c4	True
2184	0x000190a4	0x000343d0	3	0	0x000443d0	True
2185	0x000190b3	0x000343c8	3	0	0x000443c8	True
2186	0x000190c0	0x00032d14	3	0	0x00042d14	True
2187	0x000190c8	0x000343d4	3	0	0x000443d4	True
2188	0x000190dc	0x000344ac	3	0	0x000444ac	True
2189	0x000190e4	0x00034494	3	0	0x00044494	True
2190	0x000190f4	0x000346b4	3	0	0x000446b4	True
2191	0x000190ff	0x000343d0	3	0	0x000443d0	True
2192	0x0001910c	0x000344ac	3	0	0x000444ac	True
2193	0x00019114	0x00034494	3	0	0x00044494	True
2194	0x0001911a	0x000343c8	3	0	0x000443c8	True
2195	0x00019127	0x000343d4	3	0	0x000443d4	True
2196	0x0001913c	0x00034494	3	0	0x00044494	True
2197	0x00019142	0x000343c8	3	0	0x000443c8	True
2198	0x00019151	0x00019158	3	0	0x00029158	True
2199	0x00019158	0x000191a8	3	0	0x000291a8	True
2200	0x0001915c	0x00019190	3	0	0x00029190	True
2201	0x00019160	0x00019190	3	0	0x00029190	True
2202	0x00019164	0x00019190	3	0	0x00029190	True
2203	0x00019168	0x00019190	3	0	0x00029190	True
2204	0x0001916c	0x00019190	3	0	0x00029190	True
2205	0x00019170	0x000191b8	3	0	0x000291b8	True
2206	0x00019174	0x000191b8	3	0	0x000291b8	True
2207	0x00019178	0x000191c8	3	0	0x000291c8	True
2208	0x0001917c	0x000191d8	3	0	0x000291d8	True
2209	0x00019180	0x00019190	3	0	0x00029190	True
2210	0x00019184	0x00019190	3	0	0x00029190	True
2211	0x00019188	0x00019190	3	0	0x00029190	True
2212	0x0001918c	0x000191b8	3	0	0x000291b8	True
2213	0x00019197	0x000417f0	3	0	0x000517f0	True
2214	0x000191a9	0x000343d4	3	0	0x000443d4	True
2215	0x000191ba	0x000343d4	3	0	0x000443d4	True
2216	0x000191ca	0x000343d4	3	0	0x000443d4	True
2217	0x000191d0	0x00032d14	3	0	0x00042d14	True
2218	0x000191d9	0x000343d4	3	0	0x000443d4	True
2219	0x000191e2	0x00032d14	3	0	0x00042d14	True
2220	0x000191f0	0x000343cc	3	0	0x000443cc	True
2221	0x00019200	0x000343c4	3	0	0x000443c4	True
2222	0x00019209	0x00034494	3	0	0x00044494	True
2223	0x0001922b	0x000417f0	3	0	0x000517f0	True
2224	0x00019269	0x000343d0	3	0	0x000443d0	True
2225	0x00019279	0x000343d4	3	0	0x000443d4	True
2226	0x00019282	0x000418f0	3	0	0x000518f0	True
2227	0x00019295	0x000343d4	3	0	0x000443d4	True
2228	0x000192a5	0x000343d0	3	0	0x000443d0	True
2229	0x000192ae	0x000418f0	3	0	0x000518f0	True
2230	0x000192c1	0x00032d14	3	0	0x00042d14	True
2231	0x000192d2	0x000343c4	3	0	0x000443c4	True
2232	0x000192da	0x000343d0	3	0	0x000443d0	True
2233	0x000192e6	0x000343c8	3	0	0x000443c8	True
2234	0x000192ef	0x00032d14	3	0	0x00042d14	True
2235	0x000192f7	0x000343d4	3	0	0x000443d4	True
2236	0x0001930c	0x00034494	3	0	0x00044494	True
2237	0x00019321	0x00034498	3	0	0x00044498	True
2238	0x00019329	0x0003448c	3	0	0x0004448c	True
2239	0x0001933f	0x00019344	3	0	0x00029344	True
2240	0x00019344	0x000193a8	3	0	0x000293a8	True
2241	0x00019348	0x00019390	3	0	0x00029390	True
2242	0x0001934c	0x000193ec	3	0	0x000293ec	True
2243	0x00019350	0x00019408	3	0	0x00029408	True
2244	0x00019354	0x00019408	3	0	0x00029408	True
2245	0x00019358	0x00019438	3	0	0x00029438	True
2246	0x0001935c	0x00019438	3	0	0x00029438	True
2247	0x00019360	0x00019390	3	0	0x00029390	True
2248	0x00019364	0x00019390	3	0	0x00029390	True
2249	0x00019368	0x00019390	3	0	0x00029390	True
2250	0x0001936c	0x00019390	3	0	0x00029390	True
2251	0x00019370	0x00019390	3	0	0x00029390	True
2252	0x00019374	0x00019390	3	0	0x00029390	True
2253	0x00019378	0x00019390	3	0	0x00029390	True
2254	0x0001937c	0x00019390	3	0	0x00029390	True
2255	0x00019380	0x00019544	3	0	0x00029544	True
2256	0x00019384	0x00019390	3	0	0x00029390	True
2257	0x00019388	0x00019390	3	0	0x00029390	True
2258	0x0001938c	0x0001954c	3	0	0x0002954c	True
2259	0x00019397	0x000417f0	3	0	0x000517f0	True
2260	0x000193bc	0x000417f0	3	0	0x000517f0	True
2261	0x0001940b	0x0003448c	3	0	0x0004448c	True
2262	0x00019456	0x000417f0	3	0	0x000517f0	True
2263	0x00019492	0x0003448c	3	0	0x0004448c	True
2264	0x0001952e	0x00034488	3	0	0x00044488	True
2265	0x00019572	0x000343c4	3	0	0x000443c4	True
2266	0x0001957b	0x000343d0	3	0	0x000443d0	True
2267	0x00019592	0x000417f0	3	0	0x000517f0	True
2268	0x0001959f	0x000343d0	3	0	0x000443d0	True
2269	0x000195b1	0x000343d4	3	0	0x000443d4	True
2270	0x000195ba	0x000343c8	3	0	0x000443c8	True
2271	0x000195c3	0x000343d4	3	0	0x000443d4	True
2272	0x000195da	0x000417f0	3	0	0x000517f0	True
2273	0x000195e7	0x000343d4	3	0	0x000443d4	True
2274	0x000195f9	0x000343d0	3	0	0x000443d0	True
2275	0x00019614	0x000343c4	3	0	0x000443c4	True
2276	0x00019627	0x000343d0	3	0	0x000443d0	True
2277	0x00019644	0x000417f0	3	0	0x000517f0	True
2278	0x00019652	0x000343cc	3	0	0x000443cc	True
2279	0x00019669	0x00019670	3	0	0x00029670	True
2280	0x00019670	0x000196b8	3	0	0x000296b8	True
2281	0x00019674	0x000196c0	3	0	0x000296c0	True
2282	0x00019678	0x000196f8	3	0	0x000296f8	True
2283	0x0001967c	0x000196a0	3	0	0x000296a0	True
2284	0x00019680	0x000196a0	3	0	0x000296a0	True
2285	0x00019684	0x000196a0	3	0	0x000296a0	True
2286	0x00019688	0x000196a0	3	0	0x000296a0	True
2287	0x0001968c	0x000196a0	3	0	0x000296a0	True
2288	0x00019690	0x00019718	3	0	0x00029718	True
2289	0x00019694	0x00019718	3	0	0x00029718	True
2290	0x00019698	0x00019718	3	0	0x00029718	True
2291	0x0001969c	0x00019718	3	0	0x00029718	True
2292	0x000196a7	0x000417f0	3	0	0x000517f0	True
2293	0x000196c3	0x000417f4	3	0	0x000517f4	True
2294	0x000196cc	0x00032d14	3	0	0x00042d14	True
2295	0x000196e1	0x00032d14	3	0	0x00042d14	True
2296	0x000196fa	0x00032d14	3	0	0x00042d14	True
2297	0x00019702	0x00032d14	3	0	0x00042d14	True
2298	0x00019724	0x00032d14	3	0	0x00042d14	True
2299	0x0001972e	0x000343cc	3	0	0x000443cc	True
2300	0x00019736	0x000343d0	3	0	0x000443d0	True
2301	0x00019749	0x000343d0	3	0	0x000443d0	True
2302	0x00019751	0x000401f8	3	0	0x000501f8	True
2303	0x0001975d	0x000343d0	3	0	0x000443d0	True
2304	0x0001977e	0x000401f8	3	0	0x000501f8	True
2305	0x000197a2	0x000417f0	3	0	0x000517f0	True
2306	0x000197bf	0x000343d0	3	0	0x000443d0	True
2307	0x000197da	0x000401a4	3	0	0x000501a4	True
2308	0x000197f2	0x00034490	3	0	0x00044490	True
2309	0x000197fc	0x000346b0	3	0	0x000446b0	True
2310	0x00019806	0x0003448c	3	0	0x0004448c	True
2311	0x0001980c	0x000346b8	3	0	0x000446b8	True
2312	0x00019814	0x00034488	3	0	0x00044488	True
2313	0x0001982b	0x00019830	3	0	0x00029830	True
2314	0x00019830	0x00019870	3	0	0x00029870	True
2315	0x00019834	0x0001ae74	3	0	0x0002ae74	True
2316	0x00019838	0x0001aea0	3	0	0x0002aea0	True
2317	0x0001983c	0x0001b0b8	3	0	0x0002b0b8	True
2318	0x00019840	0x0001b1bc	3	0	0x0002b1bc	True
2319	0x00019844	0x0001b294	3	0	0x0002b294	True
2320	0x00019848	0x0001b3c0	3	0	0x0002b3c0	True
2321	0x0001984c	0x0001b510	3	0	0x0002b510	True
2322	0x00019850	0x0001b510	3	0	0x0002b510	True
2323	0x00019854	0x0001b3e0	3	0	0x0002b3e0	True
2324	0x00019858	0x0001b510	3	0	0x0002b510	True
2325	0x0001985c	0x0001b510	3	0	0x0002b510	True
2326	0x00019860	0x0001b510	3	0	0x0002b510	True
2327	0x00019864	0x0001b510	3	0	0x0002b510	True
2328	0x00019868	0x0001b510	3	0	0x0002b510	True
2329	0x0001986c	0x0001b44c	3	0	0x0002b44c	True
2330	0x00019874	0x000344a8	3	0	0x000444a8	True
2331	0x00019886	0x0003449c	3	0	0x0004449c	True
2332	0x0001988c	0x00034498	3	0	0x00044498	True
2333	0x00019893	0x0003448c	3	0	0x0004448c	True
2334	0x0001989c	0x000343cc	3	0	0x000443cc	True
2335	0x000198a4	0x00043048	3	0	0x00053048	True
2336	0x000198a9	0x000346b4	3	0	0x000446b4	True
2337	0x000198b1	0x000344ac	3	0	0x000444ac	True
2338	0x000198b8	0x00034494	3	0	0x00044494	True
2339	0x000198c1	0x000343cc	3	0	0x000443cc	True
2340	0x000198cb	0x00040188	3	0	0x00050188	True
2341	0x0001993a	0x00040188	3	0	0x00050188	True
2342	0x00019942	0x00040cb0	3	0	0x00050cb0	True
2343	0x0001994b	0x00040254	3	0	0x00050254	True
2344	0x00019951	0x0004098c	3	0	0x0005098c	True
2345	0x0001995e	0x0004098c	3	0	0x0005098c	True
2346	0x00019970	0x000346b4	3	0	0x000446b4	True
2347	0x00019981	0x000343cc	3	0	0x000443cc	True
2348	0x00019990	0x000343cc	3	0	0x000443cc	True
2349	0x000199a4	0x000199a8	3	0	0x000299a8	True
2350	0x000199a8	0x00019a11	3	0	0x00029a11	True
2351	0x000199ac	0x00019a2d	3	0	0x00029a2d	True
2352	0x000199b0	0x00019a00	3	0	0x00029a00	True
2353	0x000199b4	0x00019a11	3	0	0x00029a11	True
2354	0x000199b8	0x00019a00	3	0	0x00029a00	True
2355	0x000199bc	0x00019a18	3	0	0x00029a18	True
2356	0x000199c0	0x00019a18	3	0	0x00029a18	True
2357	0x000199c4	0x00019a29	3	0	0x00029a29	True
2358	0x000199c8	0x00019a29	3	0	0x00029a29	True
2359	0x000199cc	0x00019a29	3	0	0x00029a29	True
2360	0x000199d0	0x00019a29	3	0	0x00029a29	True
2361	0x000199d4	0x00019a2d	3	0	0x00029a2d	True
2362	0x000199d8	0x00019a2d	3	0	0x00029a2d	True
2363	0x000199dc	0x00019a2d	3	0	0x00029a2d	True
2364	0x000199e0	0x00019a2d	3	0	0x00029a2d	True
2365	0x000199e4	0x00019a2d	3	0	0x00029a2d	True
2366	0x000199e8	0x00019a11	3	0	0x00029a11	True
2367	0x000199ec	0x00019a2d	3	0	0x00029a2d	True
2368	0x000199f0	0x00019a2d	3	0	0x00029a2d	True
2369	0x000199f4	0x00019a2d	3	0	0x00029a2d	True
2370	0x000199f8	0x00019a2d	3	0	0x00029a2d	True
2371	0x000199fc	0x00019a11	3	0	0x00029a11	True
2372	0x00019a09	0x00032d14	3	0	0x00042d14	True
2373	0x00019a21	0x00032d14	3	0	0x00042d14	True
2374	0x00019a36	0x00034498	3	0	0x00044498	True
2375	0x00019a3c	0x00034488	3	0	0x00044488	True
2376	0x00019a46	0x00034498	3	0	0x00044498	True
2377	0x00019a4d	0x0003448c	3	0	0x0004448c	True
2378	0x00019a58	0x000428c8	3	0	0x000528c8	True
2379	0x00019a64	0x000343d0	3	0	0x000443d0	True
2380	0x00019a74	0x000343d4	3	0	0x000443d4	True
2381	0x00019a7b	0x000343d4	3	0	0x000443d4	True
2382	0x00019a8c	0x0003448c	3	0	0x0004448c	True
2383	0x00019a95	0x00034498	3	0	0x00044498	True
2384	0x00019ab0	0x000417f0	3	0	0x000517f0	True
2385	0x00019acd	0x00034488	3	0	0x00044488	True
2386	0x00019ada	0x00034488	3	0	0x00044488	True
2387	0x00019ae6	0x00034488	3	0	0x00044488	True
2388	0x00019aef	0x00032d14	3	0	0x00042d14	True
2389	0x00019af9	0x000343cc	3	0	0x000443cc	True
2390	0x00019b11	0x00034498	3	0	0x00044498	True
2391	0x00019b17	0x00034488	3	0	0x00044488	True
2392	0x00019b21	0x00034498	3	0	0x00044498	True
2393	0x00019b28	0x0003448c	3	0	0x0004448c	True
2394	0x00019b2e	0x00032d14	3	0	0x00042d14	True
2395	0x00019b3a	0x000346b4	3	0	0x000446b4	True
2396	0x00019b4b	0x000343cc	3	0	0x000443cc	True
2397	0x00019b9a	0x000343c8	3	0	0x000443c8	True
2398	0x00019ba3	0x000343d4	3	0	0x000443d4	True
2399	0x00019bb5	0x000343c4	3	0	0x000443c4	True
2400	0x00019bbe	0x000343d0	3	0	0x000443d0	True
2401	0x00019bd2	0x000343c4	3	0	0x000443c4	True
2402	0x00019bdb	0x000343d0	3	0	0x000443d0	True
2403	0x00019bf2	0x00032d14	3	0	0x00042d14	True
2404	0x00019bfc	0x000343cc	3	0	0x000443cc	True
2405	0x00019c17	0x00034498	3	0	0x00044498	True
2406	0x00019c1d	0x00034488	3	0	0x00044488	True
2407	0x00019c27	0x00034498	3	0	0x00044498	True
2408	0x00019c2e	0x0003448c	3	0	0x0004448c	True
2409	0x00019c33	0x000346b4	3	0	0x000446b4	True
2410	0x00019c40	0x00034498	3	0	0x00044498	True
2411	0x00019c46	0x00034488	3	0	0x00044488	True
2412	0x00019c50	0x00034498	3	0	0x00044498	True
2413	0x00019c57	0x0003448c	3	0	0x0004448c	True
2414	0x00019c5e	0x000343cc	3	0	0x000443cc	True
2415	0x00019c72	0x00019c78	3	0	0x00029c78	True
2416	0x00019c78	0x0001a27c	3	0	0x0002a27c	True
2417	0x00019c7c	0x0001ad5f	3	0	0x0002ad5f	True
2418	0x00019c80	0x0001ad5f	3	0	0x0002ad5f	True
2419	0x00019c84	0x0001a450	3	0	0x0002a450	True
2420	0x00019c88	0x0001a470	3	0	0x0002a470	True
2421	0x00019c8c	0x0001a4ac	3	0	0x0002a4ac	True
2422	0x00019c90	0x0001a500	3	0	0x0002a500	True
2423	0x00019c94	0x0001a544	3	0	0x0002a544	True
2424	0x00019c98	0x0001a584	3	0	0x0002a584	True
2425	0x00019c9c	0x0001a5e0	3	0	0x0002a5e0	True
2426	0x00019ca0	0x0001a5e0	3	0	0x0002a5e0	True
2427	0x00019ca4	0x0001a638	3	0	0x0002a638	True
2428	0x00019ca8	0x0001a638	3	0	0x0002a638	True
2429	0x00019cac	0x0001a76c	3	0	0x0002a76c	True
2430	0x00019cb0	0x0001a94c	3	0	0x0002a94c	True
2431	0x00019cb4	0x0001a9b4	3	0	0x0002a9b4	True
2432	0x00019cb8	0x0001ad5f	3	0	0x0002ad5f	True
2433	0x00019cbc	0x0001ad5f	3	0	0x0002ad5f	True
2434	0x00019cc0	0x0001ad5f	3	0	0x0002ad5f	True
2435	0x00019cc4	0x0001ad5f	3	0	0x0002ad5f	True
2436	0x00019cc8	0x0001ad5f	3	0	0x0002ad5f	True
2437	0x00019ccc	0x0001aa4c	3	0	0x0002aa4c	True
2438	0x00019cd0	0x0001aa64	3	0	0x0002aa64	True
2439	0x00019cd4	0x0001aa64	3	0	0x0002aa64	True
2440	0x00019cd8	0x0001aa64	3	0	0x0002aa64	True
2441	0x00019cdc	0x0001a688	3	0	0x0002a688	True
2442	0x00019ce0	0x0001a688	3	0	0x0002a688	True
2443	0x00019ce4	0x0001a688	3	0	0x0002a688	True
2444	0x00019ce8	0x0001a688	3	0	0x0002a688	True
2445	0x00019cec	0x0001aa70	3	0	0x0002aa70	True
2446	0x00019cf0	0x0001ae10	3	0	0x0002ae10	True
2447	0x00019cf4	0x0001ae10	3	0	0x0002ae10	True
2448	0x00019cf8	0x0001aa70	3	0	0x0002aa70	True
2449	0x00019cfc	0x0001ae10	3	0	0x0002ae10	True
2450	0x00019d00	0x0001ae10	3	0	0x0002ae10	True
2451	0x00019d04	0x0001ae10	3	0	0x0002ae10	True
2452	0x00019d08	0x0001aacc	3	0	0x0002aacc	True
2453	0x00019d0c	0x0001aacc	3	0	0x0002aacc	True
2454	0x00019d10	0x0001aacc	3	0	0x0002aacc	True
2455	0x00019d14	0x0001aacc	3	0	0x0002aacc	True
2456	0x00019d18	0x0001aacc	3	0	0x0002aacc	True
2457	0x00019d1c	0x0001aacc	3	0	0x0002aacc	True
2458	0x00019d20	0x0001aacc	3	0	0x0002aacc	True
2459	0x00019d24	0x0001ab70	3	0	0x0002ab70	True
2460	0x00019d28	0x0001ab70	3	0	0x0002ab70	True
2461	0x00019d2c	0x0001ab70	3	0	0x0002ab70	True
2462	0x00019d30	0x0001ab70	3	0	0x0002ab70	True
2463	0x00019d34	0x0001ab70	3	0	0x0002ab70	True
2464	0x00019d38	0x0001ab70	3	0	0x0002ab70	True
2465	0x00019d3c	0x0001ab70	3	0	0x0002ab70	True
2466	0x00019d40	0x0001a378	3	0	0x0002a378	True
2467	0x00019d44	0x0001ab70	3	0	0x0002ab70	True
2468	0x00019d48	0x0001ae28	3	0	0x0002ae28	True
2469	0x00019d4c	0x0001ae28	3	0	0x0002ae28	True
2470	0x00019d50	0x0001ae28	3	0	0x0002ae28	True
2471	0x00019d54	0x0001ae28	3	0	0x0002ae28	True
2472	0x00019d58	0x0001ae28	3	0	0x0002ae28	True
2473	0x00019d5c	0x0001ae28	3	0	0x0002ae28	True
2474	0x00019d60	0x0001ae28	3	0	0x0002ae28	True
2475	0x00019d64	0x00019fec	3	0	0x00029fec	True
2476	0x00019d68	0x0001a688	3	0	0x0002a688	True
2477	0x00019d6c	0x0001a688	3	0	0x0002a688	True
2478	0x00019d70	0x0001a688	3	0	0x0002a688	True
2479	0x00019d74	0x0001a688	3	0	0x0002a688	True
2480	0x00019d78	0x0001a688	3	0	0x0002a688	True
2481	0x00019d7c	0x0001a688	3	0	0x0002a688	True
2482	0x00019d80	0x0001a688	3	0	0x0002a688	True
2483	0x00019d84	0x0001a688	3	0	0x0002a688	True
2484	0x00019d88	0x00019fec	3	0	0x00029fec	True
2485	0x00019d8c	0x00019fec	3	0	0x00029fec	True
2486	0x00019d90	0x00019fec	3	0	0x00029fec	True
2487	0x00019d94	0x00019fec	3	0	0x00029fec	True
2488	0x00019d98	0x00019fec	3	0	0x00029fec	True
2489	0x00019d9c	0x00019fec	3	0	0x00029fec	True
2490	0x00019da0	0x00019fec	3	0	0x00029fec	True
2491	0x00019da4	0x00019fec	3	0	0x00029fec	True
2492	0x00019da8	0x00019fec	3	0	0x00029fec	True
2493	0x00019dac	0x00019fec	3	0	0x00029fec	True
2494	0x00019db0	0x00019fec	3	0	0x00029fec	True
2495	0x00019db4	0x00019fec	3	0	0x00029fec	True
2496	0x00019db8	0x00019fec	3	0	0x00029fec	True
2497	0x00019dbc	0x00019fec	3	0	0x00029fec	True
2498	0x00019dc0	0x00019fec	3	0	0x00029fec	True
2499	0x00019dc4	0x00019fec	3	0	0x00029fec	True
2500	0x00019dc8	0x00019fec	3	0	0x00029fec	True
2501	0x00019dcc	0x00019fec	3	0	0x00029fec	True
2502	0x00019dd0	0x00019fec	3	0	0x00029fec	True
2503	0x00019dd4	0x00019fec	3	0	0x00029fec	True
2504	0x00019dd8	0x00019fec	3	0	0x00029fec	True
2505	0x00019ddc	0x00019fec	3	0	0x00029fec	True
2506	0x00019de0	0x00019fec	3	0	0x00029fec	True
2507	0x00019de4	0x00019fec	3	0	0x00029fec	True
2508	0x00019de8	0x00019fec	3	0	0x00029fec	True
2509	0x00019dec	0x00019fec	3	0	0x00029fec	True
2510	0x00019df0	0x00019fec	3	0	0x00029fec	True
2511	0x00019df4	0x00019fec	3	0	0x00029fec	True
2512	0x00019df8	0x00019fec	3	0	0x00029fec	True
2513	0x00019dfc	0x00019fec	3	0	0x00029fec	True
2514	0x00019e00	0x00019fec	3	0	0x00029fec	True
2515	0x00019e04	0x00019fec	3	0	0x00029fec	True
2516	0x00019e08	0x00019fec	3	0	0x00029fec	True
2517	0x00019e0c	0x00019fec	3	0	0x00029fec	True
2518	0x00019e10	0x00019fec	3	0	0x00029fec	True
2519	0x00019e14	0x00019fec	3	0	0x00029fec	True
2520	0x00019e18	0x00019fec	3	0	0x00029fec	True
2521	0x00019e1c	0x00019fec	3	0	0x00029fec	True
2522	0x00019e20	0x00019fec	3	0	0x00029fec	True
2523	0x00019e24	0x00019fec	3	0	0x00029fec	True
2524	0x00019e28	0x00019fec	3	0	0x00029fec	True
2525	0x00019e2c	0x00019fec	3	0	0x00029fec	True
2526	0x00019e30	0x00019fec	3	0	0x00029fec	True
2527	0x00019e34	0x00019fec	3	0	0x00029fec	True
2528	0x00019e38	0x00019fec	3	0	0x00029fec	True
2529	0x00019e3c	0x00019fec	3	0	0x00029fec	True
2530	0x00019e40	0x00019fec	3	0	0x00029fec	True
2531	0x00019e44	0x00019fec	3	0	0x00029fec	True
2532	0x00019e48	0x00019fec	3	0	0x00029fec	True
2533	0x00019e4c	0x00019fec	3	0	0x00029fec	True
2534	0x00019e50	0x00019fec	3	0	0x00029fec	True
2535	0x00019e54	0x00019fec	3	0	0x00029fec	True
2536	0x00019e58	0x00019fec	3	0	0x00029fec	True
2537	0x00019e5c	0x00019fec	3	0	0x00029fec	True
2538	0x00019e60	0x00019fec	3	0	0x00029fec	True
2539	0x00019e64	0x00019fec	3	0	0x00029fec	True
2540	0x00019e68	0x00019fec	3	0	0x00029fec	True
2541	0x00019e6c	0x00019fec	3	0	0x00029fec	True
2542	0x00019e70	0x00019fec	3	0	0x00029fec	True
2543	0x00019e74	0x00019fec	3	0	0x00029fec	True
2544	0x00019e78	0x00019fec	3	0	0x00029fec	True
2545	0x00019e7c	0x00019fec	3	0	0x00029fec	True
2546	0x00019e80	0x00019fec	3	0	0x00029fec	True
2547	0x00019e84	0x00019fec	3	0	0x00029fec	True
2548	0x00019e88	0x00019fec	3	0	0x00029fec	True
2549	0x00019e8c	0x00019fec	3	0	0x00029fec	True
2550	0x00019e90	0x00019fec	3	0	0x00029fec	True
2551	0x00019e94	0x00019fec	3	0	0x00029fec	True
2552	0x00019e98	0x00019fec	3	0	0x00029fec	True
2553	0x00019e9c	0x00019fec	3	0	0x00029fec	True
2554	0x00019ea0	0x00019fec	3	0	0x00029fec	True
2555	0x00019ea4	0x00019fec	3	0	0x00029fec	True
2556	0x00019ea8	0x00019fec	3	0	0x00029fec	True
2557	0x00019eac	0x0001ab7c	3	0	0x0002ab7c	True
2558	0x00019eb0	0x00019fec	3	0	0x00029fec	True
2559	0x00019eb4	0x00019fec	3	0	0x00029fec	True
2560	0x00019eb8	0x00019fec	3	0	0x00029fec	True
2561	0x00019ebc	0x00019fec	3	0	0x00029fec	True
2562	0x00019ec0	0x00019fec	3	0	0x00029fec	True
2563	0x00019ec4	0x00019fec	3	0	0x00029fec	True
2564	0x00019ec8	0x00019fec	3	0	0x00029fec	True
2565	0x00019ecc	0x0001ab88	3	0	0x0002ab88	True
2566	0x00019ed0	0x0001ab88	3	0	0x0002ab88	True
2567	0x00019ed4	0x00019fec	3	0	0x00029fec	True
2568	0x00019ed8	0x0001ab9c	3	0	0x0002ab9c	True
2569	0x00019edc	0x00019fec	3	0	0x00029fec	True
2570	0x00019ee0	0x00019fec	3	0	0x00029fec	True
2571	0x00019ee4	0x00019fec	3	0	0x00029fec	True
2572	0x00019ee8	0x0001ae2d	3	0	0x0002ae2d	True
2573	0x00019eec	0x00019fec	3	0	0x00029fec	True
2574	0x00019ef0	0x00019fec	3	0	0x00029fec	True
2575	0x00019ef4	0x00019fec	3	0	0x00029fec	True
2576	0x00019ef8	0x00019fec	3	0	0x00029fec	True
2577	0x00019efc	0x00019fec	3	0	0x00029fec	True
2578	0x00019f00	0x0001abc8	3	0	0x0002abc8	True
2579	0x00019f04	0x00019fec	3	0	0x00029fec	True
2580	0x00019f08	0x00019fec	3	0	0x00029fec	True
2581	0x00019f0c	0x00019fec	3	0	0x00029fec	True
2582	0x00019f10	0x0001ae2d	3	0	0x0002ae2d	True
2583	0x00019f14	0x00019fec	3	0	0x00029fec	True
2584	0x00019f18	0x00019fec	3	0	0x00029fec	True
2585	0x00019f1c	0x00019fec	3	0	0x00029fec	True
2586	0x00019f20	0x00019fec	3	0	0x00029fec	True
2587	0x00019f24	0x00019fec	3	0	0x00029fec	True
2588	0x00019f28	0x00019fec	3	0	0x00029fec	True
2589	0x00019f2c	0x00019fec	3	0	0x00029fec	True
2590	0x00019f30	0x0001abf4	3	0	0x0002abf4	True
2591	0x00019f34	0x00019fec	3	0	0x00029fec	True
2592	0x00019f38	0x00019fec	3	0	0x00029fec	True
2593	0x00019f3c	0x00019fec	3	0	0x00029fec	True
2594	0x00019f40	0x00019fec	3	0	0x00029fec	True
2595	0x00019f44	0x0001ac10	3	0	0x0002ac10	True
2596	0x00019f48	0x00019fec	3	0	0x00029fec	True
2597	0x00019f4c	0x00019fec	3	0	0x00029fec	True
2598	0x00019f50	0x00019fec	3	0	0x00029fec	True
2599	0x00019f54	0x00019fec	3	0	0x00029fec	True
2600	0x00019f58	0x0001a638	3	0	0x0002a638	True
2601	0x00019f5c	0x0001a638	3	0	0x0002a638	True
2602	0x00019f60	0x0001ac2c	3	0	0x0002ac2c	True
2603	0x00019f64	0x0001a638	3	0	0x0002a638	True
2604	0x00019f68	0x0001ac3c	3	0	0x0002ac3c	True
2605	0x00019f6c	0x0001ad5f	3	0	0x0002ad5f	True
2606	0x00019f70	0x0001ad5f	3	0	0x0002ad5f	True
2607	0x00019f74	0x0001ad5f	3	0	0x0002ad5f	True
2608	0x00019f78	0x0001ad5f	3	0	0x0002ad5f	True
2609	0x00019f7c	0x0001ad5f	3	0	0x0002ad5f	True
2610	0x00019f80	0x0001ac4c	3	0	0x0002ac4c	True
2611	0x00019f84	0x0001ad5f	3	0	0x0002ad5f	True
2612	0x00019f88	0x0001ac4c	3	0	0x0002ac4c	True
2613	0x00019f8c	0x0001ac58	3	0	0x0002ac58	True
2614	0x00019f90	0x0001ac94	3	0	0x0002ac94	True
2615	0x00019f94	0x0001ad5f	3	0	0x0002ad5f	True
2616	0x00019f98	0x0001ad5f	3	0	0x0002ad5f	True
2617	0x00019f9c	0x0001acf0	3	0	0x0002acf0	True
2618	0x00019fa0	0x0001acf0	3	0	0x0002acf0	True
2619	0x00019fa4	0x0001ad2c	3	0	0x0002ad2c	True
2620	0x00019fa8	0x0001ad2c	3	0	0x0002ad2c	True
2621	0x00019fac	0x0001ad2c	3	0	0x0002ad2c	True
2622	0x00019fb0	0x0001ad2c	3	0	0x0002ad2c	True
2623	0x00019fb4	0x0001ad6c	3	0	0x0002ad6c	True
2624	0x00019fb8	0x00019fec	3	0	0x00029fec	True
2625	0x00019fbc	0x00019fec	3	0	0x00029fec	True
2626	0x00019fc0	0x00019fec	3	0	0x00029fec	True
2627	0x00019fc4	0x00019fec	3	0	0x00029fec	True
2628	0x00019fc8	0x00019fec	3	0	0x00029fec	True
2629	0x00019fcc	0x00019fec	3	0	0x00029fec	True
2630	0x00019fd0	0x00019fec	3	0	0x00029fec	True
2631	0x00019fd4	0x0001adec	3	0	0x0002adec	True
2632	0x00019fd8	0x0001adf8	3	0	0x0002adf8	True
2633	0x00019fdc	0x0001adf8	3	0	0x0002adf8	True
2634	0x00019fe0	0x0001ae2d	3	0	0x0002ae2d	True
2635	0x00019fe4	0x0001ae2d	3	0	0x0002ae2d	True
2636	0x00019fe8	0x0001a688	3	0	0x0002a688	True
2637	0x00019fed	0x000346b4	3	0	0x000446b4	True
2638	0x0001a007	0x000428c8	3	0	0x000528c8	True
2639	0x0001a015	0x000343cc	3	0	0x000443cc	True
2640	0x0001a01e	0x00032d14	3	0	0x00042d14	True
2641	0x0001a029	0x000343d0	3	0	0x000443d0	True
2642	0x0001a03f	0x000343cc	3	0	0x000443cc	True
2643	0x0001a049	0x000343cc	3	0	0x000443cc	True
2644	0x0001a052	0x000343c4	3	0	0x000443c4	True
2645	0x0001a05b	0x00034494	3	0	0x00044494	True
2646	0x0001a063	0x0003448c	3	0	0x0004448c	True
2647	0x0001a069	0x00034488	3	0	0x00044488	True
2648	0x0001a073	0x0003448c	3	0	0x0004448c	True
2649	0x0001a07e	0x00032d14	3	0	0x00042d14	True
2650	0x0001a087	0x000343c4	3	0	0x000443c4	True
2651	0x0001a091	0x000343cc	3	0	0x000443cc	True
2652	0x0001a09b	0x000343cc	3	0	0x000443cc	True
2653	0x0001a0b2	0x000428c8	3	0	0x000528c8	True
2654	0x0001a0bb	0x000343c8	3	0	0x000443c8	True
2655	0x0001a0c4	0x000343dc	3	0	0x000443dc	True
2656	0x0001a0cc	0x000344ac	3	0	0x000444ac	True
2657	0x0001a0e3	0x000343d4	3	0	0x000443d4	True
2658	0x0001a0ef	0x00034498	3	0	0x00044498	True
2659	0x0001a0f5	0x00034488	3	0	0x00044488	True
2660	0x0001a0fb	0x000346b4	3	0	0x000446b4	True
2661	0x0001a116	0x0003448c	3	0	0x0004448c	True
2662	0x0001a11c	0x00032d14	3	0	0x00042d14	True
2663	0x0001a126	0x00032d14	3	0	0x00042d14	True
2664	0x0001a133	0x000428c8	3	0	0x000528c8	True
2665	0x0001a13c	0x000343c4	3	0	0x000443c4	True
2666	0x0001a14a	0x000343cc	3	0	0x000443cc	True
2667	0x0001a153	0x0004304c	3	0	0x0005304c	True
2668	0x0001a15f	0x000344ac	3	0	0x000444ac	True
2669	0x0001a168	0x00034494	3	0	0x00044494	True
2670	0x0001a16f	0x000343cc	3	0	0x000443cc	True
2671	0x0001a192	0x000428c8	3	0	0x000528c8	True
2672	0x0001a19f	0x000343c4	3	0	0x000443c4	True
2673	0x0001a1a8	0x000343c8	3	0	0x000443c8	True
2674	0x0001a1b1	0x000343dc	3	0	0x000443dc	True
2675	0x0001a1bd	0x000344ac	3	0	0x000444ac	True
2676	0x0001a1e8	0x00032d14	3	0	0x00042d14	True
2677	0x0001a1f6	0x00034494	3	0	0x00044494	True
2678	0x0001a1fd	0x000344ac	3	0	0x000444ac	True
2679	0x0001a204	0x00034494	3	0	0x00044494	True
2680	0x0001a20e	0x00032d14	3	0	0x00042d14	True
2681	0x0001a227	0x000343cc	3	0	0x000443cc	True
2682	0x0001a231	0x000343cc	3	0	0x000443cc	True
2683	0x0001a23a	0x000343c4	3	0	0x000443c4	True
2684	0x0001a243	0x00034494	3	0	0x00044494	True
2685	0x0001a24d	0x000344ac	3	0	0x000444ac	True
2686	0x0001a254	0x00034494	3	0	0x00044494	True
2687	0x0001a25a	0x00034494	3	0	0x00044494	True
2688	0x0001a26b	0x000417f0	3	0	0x000517f0	True
2689	0x0001a27e	0x000343d0	3	0	0x000443d0	True
2690	0x0001a293	0x0003449c	3	0	0x0004449c	True
2691	0x0001a29e	0x000343d4	3	0	0x000443d4	True
2692	0x0001a2b9	0x0003449c	3	0	0x0004449c	True
2693	0x0001a2c0	0x0003449c	3	0	0x0004449c	True
2694	0x0001a2ca	0x0003449c	3	0	0x0004449c	True
2695	0x0001a2d0	0x000344ac	3	0	0x000444ac	True
2696	0x0001a2d7	0x00034494	3	0	0x00044494	True
2697	0x0001a2de	0x0003449c	3	0	0x0004449c	True
2698	0x0001a2e7	0x000343d4	3	0	0x000443d4	True
2699	0x0001a2f2	0x000343d0	3	0	0x000443d0	True
2700	0x0001a30d	0x000343c8	3	0	0x000443c8	True
2701	0x0001a313	0x000418f0	3	0	0x000518f0	True
2702	0x0001a325	0x000343c8	3	0	0x000443c8	True
2703	0x0001a32d	0x000344ac	3	0	0x000444ac	True
2704	0x0001a335	0x00034494	3	0	0x00044494	True
2705	0x0001a33b	0x000343d4	3	0	0x000443d4	True
2706	0x0001a356	0x000344ac	3	0	0x000444ac	True
2707	0x0001a35e	0x00034494	3	0	0x00044494	True
2708	0x0001a364	0x000343d0	3	0	0x000443d0	True
2709	0x0001a36d	0x000344ac	3	0	0x000444ac	True
2710	0x0001a374	0x00034494	3	0	0x00044494	True
2711	0x0001a37a	0x00032d14	3	0	0x00042d14	True
2712	0x0001a38e	0x000343c4	3	0	0x000443c4	True
2713	0x0001a39b	0x00032d14	3	0	0x00042d14	True
2714	0x0001a3a8	0x000344ac	3	0	0x000444ac	True
2715	0x0001a3b1	0x000343d0	3	0	0x000443d0	True
2716	0x0001a3b9	0x00034494	3	0	0x00044494	True
2717	0x0001a3be	0x000343c8	3	0	0x000443c8	True
2718	0x0001a3d1	0x0001a3d8	3	0	0x0002a3d8	True
2719	0x0001a3d8	0x0001a410	3	0	0x0002a410	True
2720	0x0001a3dc	0x0001ae2d	3	0	0x0002ae2d	True
2721	0x0001a3e0	0x0001ae2d	3	0	0x0002ae2d	True
2722	0x0001a3e4	0x0001ae2d	3	0	0x0002ae2d	True
2723	0x0001a3e8	0x0001ae2d	3	0	0x0002ae2d	True
2724	0x0001a3ec	0x0001ae2d	3	0	0x0002ae2d	True
2725	0x0001a3f0	0x0001a428	3	0	0x0002a428	True
2726	0x0001a3f4	0x0001a428	3	0	0x0002a428	True
2727	0x0001a3f8	0x0001a428	3	0	0x0002a428	True
2728	0x0001a3fc	0x0001a410	3	0	0x0002a410	True
2729	0x0001a400	0x0001ae2d	3	0	0x0002ae2d	True
2730	0x0001a404	0x0001ae2d	3	0	0x0002ae2d	True
2731	0x0001a408	0x0001ae2d	3	0	0x0002ae2d	True
2732	0x0001a40c	0x0001a428	3	0	0x0002a428	True
2733	0x0001a411	0x000343d4	3	0	0x000443d4	True
2734	0x0001a41a	0x00032d14	3	0	0x00042d14	True
2735	0x0001a42a	0x000343d4	3	0	0x000443d4	True
2736	0x0001a43e	0x00032d14	3	0	0x00042d14	True
2737	0x0001a451	0x000343d0	3	0	0x000443d0	True
2738	0x0001a463	0x000343d4	3	0	0x000443d4	True
2739	0x0001a471	0x000343d0	3	0	0x000443d0	True
2740	0x0001a486	0x000343d4	3	0	0x000443d4	True
2741	0x0001a493	0x000343d0	3	0	0x000443d0	True
2742	0x0001a4a1	0x00034494	3	0	0x00044494	True
2743	0x0001a4ae	0x000343c4	3	0	0x000443c4	True
2744	0x0001a4ba	0x000344ac	3	0	0x000444ac	True
2745	0x0001a4c2	0x00034494	3	0	0x00044494	True
2746	0x0001a4d4	0x000343d0	3	0	0x000443d0	True
2747	0x0001a4dc	0x00032d14	3	0	0x00042d14	True
2748	0x0001a4f5	0x00034494	3	0	0x00044494	True
2749	0x0001a501	0x000343d0	3	0	0x000443d0	True
2750	0x0001a50c	0x000344ac	3	0	0x000444ac	True
2751	0x0001a514	0x00034494	3	0	0x00044494	True
2752	0x0001a523	0x0003448c	3	0	0x0004448c	True
2753	0x0001a529	0x00034488	3	0	0x00044488	True
2754	0x0001a52f	0x000343d0	3	0	0x000443d0	True
2755	0x0001a53b	0x0003448c	3	0	0x0004448c	True
2756	0x0001a546	0x00034494	3	0	0x00044494	True
2757	0x0001a54c	0x000343d0	3	0	0x000443d0	True
2758	0x0001a558	0x00034494	3	0	0x00044494	True
2759	0x0001a55f	0x00032d14	3	0	0x00042d14	True
2760	0x0001a568	0x00034494	3	0	0x00044494	True
2761	0x0001a586	0x000343c4	3	0	0x000443c4	True
2762	0x0001a58f	0x000343c8	3	0	0x000443c8	True
2763	0x0001a597	0x000343d0	3	0	0x000443d0	True
2764	0x0001a5a2	0x000343d4	3	0	0x000443d4	True
2765	0x0001a5ad	0x000343d0	3	0	0x000443d0	True
2766	0x0001a5b8	0x000343d4	3	0	0x000443d4	True
2767	0x0001a5c1	0x000344ac	3	0	0x000444ac	True
2768	0x0001a5ca	0x00034494	3	0	0x00044494	True
2769	0x0001a5e2	0x000343c4	3	0	0x000443c4	True
2770	0x0001a5ec	0x0003448c	3	0	0x0004448c	True
2771	0x0001a5f2	0x00034488	3	0	0x00044488	True
2772	0x0001a5f8	0x000343d0	3	0	0x000443d0	True
2773	0x0001a604	0x0003448c	3	0	0x0004448c	True
2774	0x0001a60f	0x0003449c	3	0	0x0004449c	True
2775	0x0001a615	0x00032d14	3	0	0x00042d14	True
2776	0x0001a61f	0x0003449c	3	0	0x0004449c	True
2777	0x0001a627	0x0003449c	3	0	0x0004449c	True
2778	0x0001a62d	0x000344ac	3	0	0x000444ac	True
2779	0x0001a639	0x000343c4	3	0	0x000443c4	True
2780	0x0001a647	0x0001a64c	3	0	0x0002a64c	True
2781	0x0001a64c	0x0001a6a0	3	0	0x0002a6a0	True
2782	0x0001a650	0x0001a710	3	0	0x0002a710	True
2783	0x0001a654	0x0001a688	3	0	0x0002a688	True
2784	0x0001a658	0x0001a688	3	0	0x0002a688	True
2785	0x0001a65c	0x0001a688	3	0	0x0002a688	True
2786	0x0001a660	0x0001a688	3	0	0x0002a688	True
2787	0x0001a664	0x0001a688	3	0	0x0002a688	True
2788	0x0001a668	0x0001a730	3	0	0x0002a730	True
2789	0x0001a66c	0x0001a750	3	0	0x0002a750	True
2790	0x0001a670	0x0001a730	3	0	0x0002a730	True
2791	0x0001a674	0x0001a710	3	0	0x0002a710	True
2792	0x0001a678	0x0001a688	3	0	0x0002a688	True
2793	0x0001a67c	0x0001a688	3	0	0x0002a688	True
2794	0x0001a680	0x0001a688	3	0	0x0002a688	True
2795	0x0001a684	0x0001a730	3	0	0x0002a730	True
2796	0x0001a689	0x000346b4	3	0	0x000446b4	True
2797	0x0001a694	0x000343d0	3	0	0x000443d0	True
2798	0x0001a6a2	0x000343d0	3	0	0x000443d0	True
2799	0x0001a6c5	0x000344ac	3	0	0x000444ac	True
2800	0x0001a6d6	0x00034494	3	0	0x00044494	True
2801	0x0001a6dc	0x000344ac	3	0	0x000444ac	True
2802	0x0001a6e6	0x000343d8	3	0	0x000443d8	True
2803	0x0001a6f9	0x000343d0	3	0	0x000443d0	True
2804	0x0001a702	0x000344ac	3	0	0x000444ac	True
2805	0x0001a711	0x000344ac	3	0	0x000444ac	True
2806	0x0001a719	0x00034494	3	0	0x00044494	True
2807	0x0001a71f	0x000343c4	3	0	0x000443c4	True
2808	0x0001a732	0x000343d0	3	0	0x000443d0	True
2809	0x0001a741	0x000344ac	3	0	0x000444ac	True
2810	0x0001a752	0x000343d0	3	0	0x000443d0	True
2811	0x0001a76e	0x000343c4	3	0	0x000443c4	True
2812	0x0001a77b	0x000343c4	3	0	0x000443c4	True
2813	0x0001a788	0x000343c4	3	0	0x000443c4	True
2814	0x0001a791	0x00032d14	3	0	0x00042d14	True
2815	0x0001a7a6	0x0003449c	3	0	0x0004449c	True
2816	0x0001a7ac	0x000344a4	3	0	0x000444a4	True
2817	0x0001a7b6	0x00034498	3	0	0x00044498	True
2818	0x0001a7bc	0x00034488	3	0	0x00044488	True
2819	0x0001a7c6	0x00034498	3	0	0x00044498	True
2820	0x0001a7cb	0x00032d14	3	0	0x00042d14	True
2821	0x0001a7e2	0x00032d14	3	0	0x00042d14	True
2822	0x0001a7f8	0x000343d0	3	0	0x000443d0	True
2823	0x0001a80e	0x000343c4	3	0	0x000443c4	True
2824	0x0001a816	0x000343d0	3	0	0x000443d0	True
2825	0x0001a81f	0x00040cb0	3	0	0x00050cb0	True
2826	0x0001a832	0x000401f8	3	0	0x000501f8	True
2827	0x0001a843	0x000343c4	3	0	0x000443c4	True
2828	0x0001a84b	0x000343d0	3	0	0x000443d0	True
2829	0x0001a85e	0x00032d14	3	0	0x00042d14	True
2830	0x0001a86e	0x00032d14	3	0	0x00042d14	True
2831	0x0001a876	0x00040840	3	0	0x00050840	True
2832	0x0001a87c	0x0004021c	3	0	0x0005021c	True
2833	0x0001a884	0x000343c4	3	0	0x000443c4	True
2834	0x0001a89a	0x00032d14	3	0	0x00042d14	True
2835	0x0001a8aa	0x000417f0	3	0	0x000517f0	True
2836	0x0001a8bb	0x0003449c	3	0	0x0004449c	True
2837	0x0001a8c3	0x00032d14	3	0	0x00042d14	True
2838	0x0001a8d6	0x00032d14	3	0	0x00042d14	True
2839	0x0001a8e2	0x00040188	3	0	0x00050188	True
2840	0x0001a8ea	0x00040840	3	0	0x00050840	True
2841	0x0001a8f0	0x0004021c	3	0	0x0005021c	True
2842	0x0001a8f8	0x000343d0	3	0	0x000443d0	True
2843	0x0001a8ff	0x0003448c	3	0	0x0004448c	True
2844	0x0001a90e	0x00032d14	3	0	0x00042d14	True
2845	0x0001a917	0x000343d0	3	0	0x000443d0	True
2846	0x0001a91e	0x0003448c	3	0	0x0004448c	True
2847	0x0001a92e	0x000343d0	3	0	0x000443d0	True
2848	0x0001a935	0x0003448c	3	0	0x0004448c	True
2849	0x0001a955	0x00034494	3	0	0x00044494	True
2850	0x0001a95b	0x00032d14	3	0	0x00042d14	True
2851	0x0001a976	0x00032d14	3	0	0x00042d14	True
2852	0x0001a981	0x00034498	3	0	0x00044498	True
2853	0x0001a987	0x00034488	3	0	0x00044488	True
2854	0x0001a991	0x00034498	3	0	0x00044498	True
2855	0x0001a997	0x00034494	3	0	0x00044494	True
2856	0x0001a99f	0x0003448c	3	0	0x0004448c	True
2857	0x0001a9a4	0x000344a8	3	0	0x000444a8	True
2858	0x0001a9ad	0x00034494	3	0	0x00044494	True
2859	0x0001a9b6	0x000343c4	3	0	0x000443c4	True
2860	0x0001a9be	0x00032d14	3	0	0x00042d14	True
2861	0x0001a9d6	0x00034494	3	0	0x00044494	True
2862	0x0001a9e2	0x00034494	3	0	0x00044494	True
2863	0x0001a9ee	0x00034494	3	0	0x00044494	True
2864	0x0001a9f5	0x00032d14	3	0	0x00042d14	True
2865	0x0001a9fe	0x00032d14	3	0	0x00042d14	True
2866	0x0001aa08	0x00032d14	3	0	0x00042d14	True
2867	0x0001aa26	0x00034494	3	0	0x00044494	True
2868	0x0001aa2d	0x00032d14	3	0	0x00042d14	True
2869	0x0001aa4e	0x00032d14	3	0	0x00042d14	True
2870	0x0001aa57	0x00034494	3	0	0x00044494	True
2871	0x0001aa72	0x000343d0	3	0	0x000443d0	True
2872	0x0001aa89	0x000417f0	3	0	0x000517f0	True
2873	0x0001aa97	0x000343c4	3	0	0x000443c4	True
2874	0x0001aaa0	0x00032d14	3	0	0x00042d14	True
2875	0x0001aaad	0x000428c8	3	0	0x000528c8	True
2876	0x0001aab7	0x00032d14	3	0	0x00042d14	True
2877	0x0001aac1	0x00034494	3	0	0x00044494	True
2878	0x0001aacd	0x000344ac	3	0	0x000444ac	True
2879	0x0001aad4	0x00034494	3	0	0x00044494	True
2880	0x0001aad9	0x000346b4	3	0	0x000446b4	True
2881	0x0001aae4	0x000343d0	3	0	0x000443d0	True
2882	0x0001aaf2	0x000343c8	3	0	0x000443c8	True
2883	0x0001aafa	0x000343d4	3	0	0x000443d4	True
2884	0x0001ab0b	0x000417f0	3	0	0x000517f0	True
2885	0x0001ab18	0x000344ac	3	0	0x000444ac	True
2886	0x0001ab26	0x000343c8	3	0	0x000443c8	True
2887	0x0001ab34	0x000417f0	3	0	0x000517f0	True
2888	0x0001ab41	0x000343d4	3	0	0x000443d4	True
2889	0x0001ab5d	0x000344ac	3	0	0x000444ac	True
2890	0x0001ab65	0x00034494	3	0	0x00044494	True
2891	0x0001ab7e	0x00034494	3	0	0x00044494	True
2892	0x0001ab89	0x000346b4	3	0	0x000446b4	True
2893	0x0001ab9e	0x00032d14	3	0	0x00042d14	True
2894	0x0001abac	0x00034498	3	0	0x00044498	True
2895	0x0001abb2	0x00034488	3	0	0x00044488	True
2896	0x0001abbc	0x00034498	3	0	0x00044498	True
2897	0x0001abc9	0x000343d4	3	0	0x000443d4	True
2898	0x0001abdb	0x000343d0	3	0	0x000443d0	True
2899	0x0001abe8	0x000343d4	3	0	0x000443d4	True
2900	0x0001abf5	0x000343d0	3	0	0x000443d0	True
2901	0x0001ac11	0x000343d0	3	0	0x000443d0	True
2902	0x0001ac19	0x00034494	3	0	0x00044494	True
2903	0x0001ac20	0x0003448c	3	0	0x0004448c	True
2904	0x0001ac2f	0x0003448c	3	0	0x0004448c	True
2905	0x0001ac3d	0x000344a8	3	0	0x000444a8	True
2906	0x0001ac5b	0x00034498	3	0	0x00044498	True
2907	0x0001ac61	0x00034488	3	0	0x00044488	True
2908	0x0001ac6b	0x00034498	3	0	0x00044498	True
2909	0x0001ac71	0x00034494	3	0	0x00044494	True
2910	0x0001ac78	0x000343d0	3	0	0x000443d0	True
2911	0x0001ac7f	0x0003448c	3	0	0x0004448c	True
2912	0x0001ac86	0x0003448c	3	0	0x0004448c	True
2913	0x0001ac97	0x00034498	3	0	0x00044498	True
2914	0x0001ac9d	0x00034488	3	0	0x00044488	True
2915	0x0001aca7	0x00034498	3	0	0x00044498	True
2916	0x0001acae	0x00034498	3	0	0x00044498	True
2917	0x0001acb4	0x00034488	3	0	0x00044488	True
2918	0x0001acbe	0x00034498	3	0	0x00044498	True
2919	0x0001acc4	0x00034494	3	0	0x00044494	True
2920	0x0001accb	0x000343d0	3	0	0x000443d0	True
2921	0x0001acd2	0x0003448c	3	0	0x0004448c	True
2922	0x0001acda	0x0003448c	3	0	0x0004448c	True
2923	0x0001acf1	0x000343d4	3	0	0x000443d4	True
2924	0x0001ad03	0x000343d0	3	0	0x000443d0	True
2925	0x0001ad11	0x000343c8	3	0	0x000443c8	True
2926	0x0001ad1e	0x00034494	3	0	0x00044494	True
2927	0x0001ad2e	0x000343c8	3	0	0x000443c8	True
2928	0x0001ad37	0x00034494	3	0	0x00044494	True
2929	0x0001ad3d	0x000346b4	3	0	0x000446b4	True
2930	0x0001ad48	0x000343d0	3	0	0x000443d0	True
2931	0x0001ad5a	0x00034494	3	0	0x00044494	True
2932	0x0001ad6f	0x00034498	3	0	0x00044498	True
2933	0x0001ad75	0x00034488	3	0	0x00044488	True
2934	0x0001ad7f	0x00034498	3	0	0x00044498	True
2935	0x0001ad85	0x000343c4	3	0	0x000443c4	True
2936	0x0001ad92	0x00034494	3	0	0x00044494	True
2937	0x0001ad98	0x000343c4	3	0	0x000443c4	True
2938	0x0001ada1	0x000343d4	3	0	0x000443d4	True
2939	0x0001ada7	0x000343d8	3	0	0x000443d8	True
2940	0x0001adb2	0x000343d0	3	0	0x000443d0	True
2941	0x0001adb8	0x000343dc	3	0	0x000443dc	True
2942	0x0001adc6	0x00034494	3	0	0x00044494	True
2943	0x0001adda	0x00034494	3	0	0x00044494	True
2944	0x0001aded	0x000343d8	3	0	0x000443d8	True
2945	0x0001adfa	0x00032d14	3	0	0x00042d14	True
2946	0x0001ae04	0x00034494	3	0	0x00044494	True
2947	0x0001ae11	0x000346b4	3	0	0x000446b4	True
2948	0x0001ae1c	0x000343d0	3	0	0x000443d0	True
2949	0x0001ae30	0x00034498	3	0	0x00044498	True
2950	0x0001ae36	0x00034488	3	0	0x00044488	True
2951	0x0001ae3c	0x00034494	3	0	0x00044494	True
2952	0x0001ae44	0x00040188	3	0	0x00050188	True
2953	0x0001ae4e	0x0003448c	3	0	0x0004448c	True
2954	0x0001ae55	0x00034488	3	0	0x00044488	True
2955	0x0001ae5b	0x0004098c	3	0	0x0005098c	True
2956	0x0001ae6a	0x0003448c	3	0	0x0004448c	True
2957	0x0001ae76	0x000401dc	3	0	0x000501dc	True
2958	0x0001aea1	0x00040254	3	0	0x00050254	True
2959	0x0001aead	0x00040a85	3	0	0x00050a85	True
2960	0x0001aeb2	0x00040254	3	0	0x00050254	True
2961	0x0001aebe	0x000408ac	3	0	0x000508ac	True
2962	0x0001aec3	0x00040254	3	0	0x00050254	True
2963	0x0001aed1	0x00040134	3	0	0x00050134	True
2964	0x0001aedb	0x00040254	3	0	0x00050254	True
2965	0x0001aef7	0x000408ac	3	0	0x000508ac	True
2966	0x0001af04	0x00040238	3	0	0x00050238	True
2967	0x0001af0b	0x00040254	3	0	0x00050254	True
2968	0x0001af17	0x000417fc	3	0	0x000517fc	True
2969	0x0001af22	0x000417fc	3	0	0x000517fc	True
2970	0x0001af29	0x00040cb0	3	0	0x00050cb0	True
2971	0x0001af36	0x000417fc	3	0	0x000517fc	True
2972	0x0001af3e	0x00040254	3	0	0x00050254	True
2973	0x0001af53	0x00040844	3	0	0x00050844	True
2974	0x0001af6b	0x00040854	3	0	0x00050854	True
2975	0x0001af70	0x0004021c	3	0	0x0005021c	True
2976	0x0001af7d	0x00040844	3	0	0x00050844	True
2977	0x0001af84	0x00040bcc	3	0	0x00050bcc	True
2978	0x0001af91	0x0004021c	3	0	0x0005021c	True
2979	0x0001af9a	0x00040844	3	0	0x00050844	True
2980	0x0001af9f	0x0004098c	3	0	0x0005098c	True
2981	0x0001afa4	0x0004097c	3	0	0x0005097c	True
2982	0x0001afaa	0x0004085c	3	0	0x0005085c	True
2983	0x0001afb7	0x00040cb4	3	0	0x00050cb4	True
2984	0x0001afc4	0x000401f8	3	0	0x000501f8	True
2985	0x0001afc8	0x00040cb4	3	0	0x00050cb4	True
2986	0x0001afd1	0x00040254	3	0	0x00050254	True
2987	0x0001afe7	0x0004098c	3	0	0x0005098c	True
2988	0x0001afed	0x0004097c	3	0	0x0005097c	True
2989	0x0001aff7	0x0004021c	3	0	0x0005021c	True
2990	0x0001afff	0x000401f8	3	0	0x000501f8	True
2991	0x0001b004	0x00040254	3	0	0x00050254	True
2992	0x0001b013	0x000344a4	3	0	0x000444a4	True
2993	0x0001b019	0x0004018c	3	0	0x0005018c	True
2994	0x0001b025	0x00040254	3	0	0x00050254	True
2995	0x0001b02b	0x000401f8	3	0	0x000501f8	True
2996	0x0001b036	0x000401dc	3	0	0x000501dc	True
2997	0x0001b042	0x000408c8	3	0	0x000508c8	True
2998	0x0001b048	0x0004021c	3	0	0x0005021c	True
2999	0x0001b04f	0x0004021c	3	0	0x0005021c	True
3000	0x0001b054	0x000408c8	3	0	0x000508c8	True
3001	0x0001b05a	0x00040a78	3	0	0x00050a78	True
3002	0x0001b060	0x00040a78	3	0	0x00050a78	True
3003	0x0001b074	0x00040a78	3	0	0x00050a78	True
3004	0x0001b080	0x000409a0	3	0	0x000509a0	True
3005	0x0001b088	0x0003438c	3	0	0x0004438c	True
3006	0x0001b092	0x000346bc	3	0	0x000446bc	True
3007	0x0001b0a6	0x00040a78	3	0	0x00050a78	True
3008	0x0001b0ba	0x000401dc	3	0	0x000501dc	True
3009	0x0001b0c8	0x000346bc	3	0	0x000446bc	True
3010	0x0001b0d4	0x00040254	3	0	0x00050254	True
3011	0x0001b0e2	0x00040a7c	3	0	0x00050a7c	True
3012	0x0001b0e8	0x0004183c	3	0	0x0005183c	True
3013	0x0001b0fd	0x0004183c	3	0	0x0005183c	True
3014	0x0001b107	0x00041840	3	0	0x00051840	True
3015	0x0001b111	0x0004183c	3	0	0x0005183c	True
3016	0x0001b11f	0x0004183c	3	0	0x0005183c	True
3017	0x0001b128	0x00040a7c	3	0	0x00050a7c	True
3018	0x0001b135	0x00040a7c	3	0	0x00050a7c	True
3019	0x0001b13e	0x000346bc	3	0	0x000446bc	True
3020	0x0001b143	0x000401f8	3	0	0x000501f8	True
3021	0x0001b151	0x00040a7c	3	0	0x00050a7c	True
3022	0x0001b159	0x000409a0	3	0	0x000509a0	True
3023	0x0001b167	0x0003438c	3	0	0x0004438c	True
3024	0x0001b174	0x000346bc	3	0	0x000446bc	True
3025	0x0001b181	0x000409a0	3	0	0x000509a0	True
3026	0x0001b192	0x00040a78	3	0	0x00050a78	True
3027	0x0001b198	0x00040a7c	3	0	0x00050a7c	True
3028	0x0001b1a8	0x00040a78	3	0	0x00050a78	True
3029	0x0001b1ad	0x00040a7c	3	0	0x00050a7c	True
3030	0x0001b1b2	0x00041840	3	0	0x00051840	True
3031	0x0001b1d7	0x00040188	3	0	0x00050188	True
3032	0x0001b1e4	0x00040cb0	3	0	0x00050cb0	True
3033	0x0001b1ed	0x00040254	3	0	0x00050254	True
3034	0x0001b1f3	0x0004098c	3	0	0x0005098c	True
3035	0x0001b206	0x0004098c	3	0	0x0005098c	True
3036	0x0001b21a	0x0003448c	3	0	0x0004448c	True
3037	0x0001b221	0x00034488	3	0	0x00044488	True
3038	0x0001b227	0x0004098c	3	0	0x0005098c	True
3039	0x0001b235	0x00040cb0	3	0	0x00050cb0	True
3040	0x0001b23d	0x00040254	3	0	0x00050254	True
3041	0x0001b242	0x0004180c	3	0	0x0005180c	True
3042	0x0001b248	0x000417fd	3	0	0x000517fd	True
3043	0x0001b24e	0x00041800	3	0	0x00051800	True
3044	0x0001b259	0x0003448c	3	0	0x0004448c	True
3045	0x0001b26a	0x000417fd	3	0	0x000517fd	True
3046	0x0001b27d	0x0003448c	3	0	0x0004448c	True
3047	0x0001b296	0x000401d0	3	0	0x000501d0	True
3048	0x0001b2a3	0x00034484	3	0	0x00044484	True
3049	0x0001b2ab	0x00034480	3	0	0x00044480	True
3050	0x0001b2b1	0x00034484	3	0	0x00044484	True
3051	0x0001b2bb	0x00034484	3	0	0x00044484	True
3052	0x0001b2f0	0x0004098c	3	0	0x0005098c	True
3053	0x0001b2f9	0x000401a0	3	0	0x000501a0	True
3054	0x0001b2ff	0x00040254	3	0	0x00050254	True
3055	0x0001b312	0x00034480	3	0	0x00044480	True
3056	0x0001b326	0x00034484	3	0	0x00044484	True
3057	0x0001b32f	0x00034480	3	0	0x00044480	True
3058	0x0001b338	0x00034480	3	0	0x00044480	True
3059	0x0001b33e	0x00040168	3	0	0x00050168	True
3060	0x0001b378	0x00034480	3	0	0x00044480	True
3061	0x0001b386	0x00040950	3	0	0x00050950	True
3062	0x0001b393	0x0004098c	3	0	0x0005098c	True
3063	0x0001b39c	0x000401a0	3	0	0x000501a0	True
3064	0x0001b3a2	0x00040254	3	0	0x00050254	True
3065	0x0001b3af	0x00034480	3	0	0x00044480	True
3066	0x0001b3b4	0x00034484	3	0	0x00044484	True
3067	0x0001b3c2	0x000401d0	3	0	0x000501d0	True
3068	0x0001b3d4	0x00034480	3	0	0x00044480	True
3069	0x0001b3e2	0x000401dc	3	0	0x000501dc	True
3070	0x0001b3f2	0x000417f8	3	0	0x000517f8	True
3071	0x0001b3fb	0x000417f8	3	0	0x000517f8	True
3072	0x0001b43e	0x000417f8	3	0	0x000517f8	True
3073	0x0001b44e	0x000401dc	3	0	0x000501dc	True
3074	0x0001b47b	0x00041840	3	0	0x00051840	True
3075	0x0001b488	0x00041840	3	0	0x00051840	True
3076	0x0001b493	0x000417f8	3	0	0x000517f8	True
3077	0x0001b4aa	0x00041840	3	0	0x00051840	True
3078	0x0001b4ba	0x00040a78	3	0	0x00050a78	True
3079	0x0001b4c2	0x00040a78	3	0	0x00050a78	True
3080	0x0001b4cb	0x000401f8	3	0	0x000501f8	True
3081	0x0001b4d3	0x000346c4	3	0	0x000446c4	True
3082	0x0001b4e0	0x00040a78	3	0	0x00050a78	True
3083	0x0001b4e7	0x000346c8	3	0	0x000446c8	True
3084	0x0001b4ed	0x000348a8	3	0	0x000448a8	True
3085	0x0001b4f4	0x000401f8	3	0	0x000501f8	True
3086	0x0001b502	0x00040a78	3	0	0x00050a78	True
3087	0x0001b53b	0x000417f0	3	0	0x000517f0	True
3088	0x0001b579	0x000417f0	3	0	0x000517f0	True
3089	0x000417f0	0x000417e0	3	0	0x000517e0	True
3090	0x0001b632	0x00041b74	3	0	0x00051b74	True
3091	0x0001b63a	0x000409a0	3	0	0x000509a0	True
3092	0x0001b642	0x00041b74	3	0	0x00051b74	True
3093	0x0001b68d	0x00040a84	3	0	0x00050a84	True
3094	0x0001b6e5	0x00040a84	3	0	0x00050a84	True
3095	0x0001b734	0x0004094c	3	0	0x0005094c	True
3096	0x0001b794	0x0004183c	3	0	0x0005183c	True
3097	0x0001b79c	0x000348a4	3	0	0x000448a4	True
3098	0x0001b7a4	0x000401f8	3	0	0x000501f8	True
3099	0x0001b7af	0x0004094c	3	0	0x0005094c	True
3100	0x0001b7b5	0x00040a80	3	0	0x00050a80	True
3101	0x0001b7c1	0x00041840	3	0	0x00051840	True
3102	0x0001b7d0	0x0004183c	3	0	0x0005183c	True
3103	0x0001b7d6	0x0004183c	3	0	0x0005183c	True
3104	0x0001b7e3	0x0004183c	3	0	0x0005183c	True
3105	0x0001b7f0	0x0004183c	3	0	0x0005183c	True
3106	0x0001b7f9	0x000348a4	3	0	0x000448a4	True
3107	0x0001b7ff	0x00041840	3	0	0x00051840	True
3108	0x0001b810	0x00041840	3	0	0x00051840	True
3109	0x0001b81c	0x00041840	3	0	0x00051840	True
3110	0x0001b824	0x0004183c	3	0	0x0005183c	True
3111	0x0001b83e	0x00041840	3	0	0x00051840	True
3112	0x0001b84c	0x000409a0	3	0	0x000509a0	True
3113	0x0001b85b	0x000409a0	3	0	0x000509a0	True
3114	0x0001b871	0x000401f8	3	0	0x000501f8	True
3115	0x0001b883	0x000409a0	3	0	0x000509a0	True
3116	0x0001b892	0x0004183c	3	0	0x0005183c	True
3117	0x0001b8ae	0x00041840	3	0	0x00051840	True
3118	0x0001b8b7	0x00041840	3	0	0x00051840	True
3119	0x0001b8c5	0x00040a78	3	0	0x00050a78	True
3120	0x0001b8d3	0x00041834	3	0	0x00051834	True
3121	0x0001b8dd	0x00040a78	3	0	0x00050a78	True
3122	0x0001b8e5	0x000346bc	3	0	0x000446bc	True
3123	0x0001b8ed	0x000401f8	3	0	0x000501f8	True
3124	0x0001b8f5	0x000348a0	3	0	0x000448a0	True
3125	0x0001b903	0x0003489c	3	0	0x0004489c	True
3126	0x0001b92a	0x00040cb0	3	0	0x00050cb0	True
3127	0x0001b935	0x000408c8	3	0	0x000508c8	True
3128	0x0001b951	0x00040254	3	0	0x00050254	True
3129	0x0001b956	0x0004180c	3	0	0x0005180c	True
3130	0x0001b95b	0x00041800	3	0	0x00051800	True
3131	0x0001b988	0x00040a84	3	0	0x00050a84	True
3132	0x0001b9dd	0x000348a0	3	0	0x000448a0	True
3133	0x0001b9ef	0x000348a0	3	0	0x000448a0	True
3134	0x0001ba53	0x00040a84	3	0	0x00050a84	True
3135	0x0001ba5e	0x0004183c	3	0	0x0005183c	True
3136	0x0001ba78	0x000401f8	3	0	0x000501f8	True
3137	0x0001ba80	0x000348a0	3	0	0x000448a0	True
3138	0x0001ba95	0x0003489c	3	0	0x0004489c	True
3139	0x0001baad	0x0004183c	3	0	0x0005183c	True
3140	0x0001bae6	0x000401f8	3	0	0x000501f8	True
3141	0x0001bb1f	0x00041834	3	0	0x00051834	True
3142	0x0001bbde	0x00040a85	3	0	0x00050a85	True
3143	0x0001bbe6	0x000417f8	3	0	0x000517f8	True
3144	0x0001bc42	0x000417f8	3	0	0x000517f8	True
3145	0x0001bcc3	0x000417f8	3	0	0x000517f8	True
3146	0x0001bd32	0x000417f8	3	0	0x000517f8	True
3147	0x0001bd65	0x00041844	3	0	0x00051844	True
3148	0x0001bd6b	0x00041848	3	0	0x00051848	True
3149	0x0001bd8f	0x00041834	3	0	0x00051834	True
3150	0x0001bdae	0x000409a0	3	0	0x000509a0	True
3151	0x0001bdc1	0x0004094c	3	0	0x0005094c	True
3152	0x0001bdd1	0x0004094c	3	0	0x0005094c	True
3153	0x0001bdd6	0x00041838	3	0	0x00051838	True
3154	0x0001bdeb	0x000409a0	3	0	0x000509a0	True
3155	0x0001bdf1	0x0004094c	3	0	0x0005094c	True
3156	0x0001bdf7	0x00040a80	3	0	0x00050a80	True
3157	0x0001be03	0x0004094c	3	0	0x0005094c	True
3158	0x0001be08	0x00041838	3	0	0x00051838	True
3159	0x0001be0d	0x0004094c	3	0	0x0005094c	True
3160	0x0001be23	0x0004094c	3	0	0x0005094c	True
3161	0x00041834	0x00041820	3	0	0x00051820	True
3162	0x0001be50	0x000310f0	3	0	0x000410f0	True
3163	0x0001be57	0x000418e8	3	0	0x000518e8	True
3164	0x0001be5e	0x000310f8	3	0	0x000410f8	True
3165	0x0001be65	0x000418e8	3	0	0x000518e8	True
3166	0x0001be78	0x0004304e	3	0	0x0005304e	True
3167	0x0001be90	0x000310f0	3	0	0x000410f0	True
3168	0x0001be9b	0x000310f2	3	0	0x000410f2	True
3169	0x0001bea3	0x000310f4	3	0	0x000410f4	True
3170	0x0001bec4	0x000310f8	3	0	0x000410f8	True
3171	0x0001becf	0x000310fa	3	0	0x000410fa	True
3172	0x0001bed7	0x000310fc	3	0	0x000410fc	True
3173	0x0001befe	0x000417f4	3	0	0x000517f4	True
3174	0x0001bf13	0x000310f8	3	0	0x000410f8	True
3175	0x0001bf2e	0x000310f0	3	0	0x000410f0	True
3176	0x0001bf88	0x000418e4	3	0	0x000518e4	True
3177	0x0001bfbf	0x0004304f	3	0	0x0005304f	True
3178	0x0001bfe3	0x0004304c	3	0	0x0005304c	True
3179	0x0001c001	0x0001c008	3	0	0x0002c008	True
3180	0x0001c008	0x0001c3b0	3	0	0x0002c3b0	True
3181	0x0001c00c	0x0001c3a7	3	0	0x0002c3a7	True
3182	0x0001c010	0x0001c890	3	0	0x0002c890	True
3183	0x0001c014	0x0001c37c	3	0	0x0002c37c	True
3184	0x0001c018	0x0001c8c4	3	0	0x0002c8c4	True
3185	0x0001c01c	0x0001c474	3	0	0x0002c474	True
3186	0x0001c020	0x0001c494	3	0	0x0002c494	True
3187	0x0001c024	0x0001c4a8	3	0	0x0002c4a8	True
3188	0x0001c028	0x0001c4d8	3	0	0x0002c4d8	True
3189	0x0001c02c	0x0001c51c	3	0	0x0002c51c	True
3190	0x0001c030	0x0001c51c	3	0	0x0002c51c	True
3191	0x0001c034	0x0001c85c	3	0	0x0002c85c	True
3192	0x0001c038	0x0001c568	3	0	0x0002c568	True
3193	0x0001c03c	0x0001c598	3	0	0x0002c598	True
3194	0x0001c040	0x0001c610	3	0	0x0002c610	True
3195	0x0001c044	0x0001c598	3	0	0x0002c598	True
3196	0x0001c048	0x0001c644	3	0	0x0002c644	True
3197	0x0001c04c	0x0001c890	3	0	0x0002c890	True
3198	0x0001c050	0x0001c644	3	0	0x0002c644	True
3199	0x0001c054	0x0001c8aa	3	0	0x0002c8aa	True
3200	0x0001c058	0x0001c8aa	3	0	0x0002c8aa	True
3201	0x0001c05c	0x0001c37c	3	0	0x0002c37c	True
3202	0x0001c060	0x0001c37c	3	0	0x0002c37c	True
3203	0x0001c064	0x0001c37c	3	0	0x0002c37c	True
3204	0x0001c068	0x0001c37c	3	0	0x0002c37c	True
3205	0x0001c06c	0x0001c3a7	3	0	0x0002c3a7	True
3206	0x0001c070	0x0001c3a7	3	0	0x0002c3a7	True
3207	0x0001c074	0x0001c3a7	3	0	0x0002c3a7	True
3208	0x0001c078	0x0001c3a7	3	0	0x0002c3a7	True
3209	0x0001c07c	0x0001c658	3	0	0x0002c658	True
3210	0x0001c080	0x0001c3a7	3	0	0x0002c3a7	True
3211	0x0001c084	0x0001c3a7	3	0	0x0002c3a7	True
3212	0x0001c088	0x0001c658	3	0	0x0002c658	True
3213	0x0001c08c	0x0001c3a7	3	0	0x0002c3a7	True
3214	0x0001c090	0x0001c3a7	3	0	0x0002c3a7	True
3215	0x0001c094	0x0001c3a7	3	0	0x0002c3a7	True
3216	0x0001c098	0x0001c670	3	0	0x0002c670	True
3217	0x0001c09c	0x0001c670	3	0	0x0002c670	True
3218	0x0001c0a0	0x0001c670	3	0	0x0002c670	True
3219	0x0001c0a4	0x0001c670	3	0	0x0002c670	True
3220	0x0001c0a8	0x0001c670	3	0	0x0002c670	True
3221	0x0001c0ac	0x0001c670	3	0	0x0002c670	True
3222	0x0001c0b0	0x0001c670	3	0	0x0002c670	True
3223	0x0001c0b4	0x0001c6d4	3	0	0x0002c6d4	True
3224	0x0001c0b8	0x0001c6d4	3	0	0x0002c6d4	True
3225	0x0001c0bc	0x0001c6d4	3	0	0x0002c6d4	True
3226	0x0001c0c0	0x0001c6d4	3	0	0x0002c6d4	True
3227	0x0001c0c4	0x0001c6d4	3	0	0x0002c6d4	True
3228	0x0001c0c8	0x0001c6d4	3	0	0x0002c6d4	True
3229	0x0001c0cc	0x0001c6d4	3	0	0x0002c6d4	True
3230	0x0001c0d0	0x0001c74c	3	0	0x0002c74c	True
3231	0x0001c0d4	0x0001c6d4	3	0	0x0002c6d4	True
3232	0x0001c0d8	0x0001c37c	3	0	0x0002c37c	True
3233	0x0001c0dc	0x0001c37c	3	0	0x0002c37c	True
3234	0x0001c0e0	0x0001c37c	3	0	0x0002c37c	True
3235	0x0001c0e4	0x0001c37c	3	0	0x0002c37c	True
3236	0x0001c0e8	0x0001c37c	3	0	0x0002c37c	True
3237	0x0001c0ec	0x0001c37c	3	0	0x0002c37c	True
3238	0x0001c0f0	0x0001c37c	3	0	0x0002c37c	True
3239	0x0001c0f4	0x0001c37c	3	0	0x0002c37c	True
3240	0x0001c0f8	0x0001c3a7	3	0	0x0002c3a7	True
3241	0x0001c0fc	0x0001c3a7	3	0	0x0002c3a7	True
3242	0x0001c100	0x0001c3a7	3	0	0x0002c3a7	True
3243	0x0001c104	0x0001c3a7	3	0	0x0002c3a7	True
3244	0x0001c108	0x0001c3a7	3	0	0x0002c3a7	True
3245	0x0001c10c	0x0001c3a7	3	0	0x0002c3a7	True
3246	0x0001c110	0x0001c3a7	3	0	0x0002c3a7	True
3247	0x0001c114	0x0001c3a7	3	0	0x0002c3a7	True
3248	0x0001c118	0x0001c37c	3	0	0x0002c37c	True
3249	0x0001c11c	0x0001c37c	3	0	0x0002c37c	True
3250	0x0001c120	0x0001c37c	3	0	0x0002c37c	True
3251	0x0001c124	0x0001c37c	3	0	0x0002c37c	True
3252	0x0001c128	0x0001c37c	3	0	0x0002c37c	True
3253	0x0001c12c	0x0001c37c	3	0	0x0002c37c	True
3254	0x0001c130	0x0001c37c	3	0	0x0002c37c	True
3255	0x0001c134	0x0001c37c	3	0	0x0002c37c	True
3256	0x0001c138	0x0001c37c	3	0	0x0002c37c	True
3257	0x0001c13c	0x0001c37c	3	0	0x0002c37c	True
3258	0x0001c140	0x0001c37c	3	0	0x0002c37c	True
3259	0x0001c144	0x0001c37c	3	0	0x0002c37c	True
3260	0x0001c148	0x0001c37c	3	0	0x0002c37c	True
3261	0x0001c14c	0x0001c37c	3	0	0x0002c37c	True
3262	0x0001c150	0x0001c37c	3	0	0x0002c37c	True
3263	0x0001c154	0x0001c37c	3	0	0x0002c37c	True
3264	0x0001c158	0x0001c37c	3	0	0x0002c37c	True
3265	0x0001c15c	0x0001c37c	3	0	0x0002c37c	True
3266	0x0001c160	0x0001c37c	3	0	0x0002c37c	True
3267	0x0001c164	0x0001c37c	3	0	0x0002c37c	True
3268	0x0001c168	0x0001c37c	3	0	0x0002c37c	True
3269	0x0001c16c	0x0001c37c	3	0	0x0002c37c	True
3270	0x0001c170	0x0001c37c	3	0	0x0002c37c	True
3271	0x0001c174	0x0001c37c	3	0	0x0002c37c	True
3272	0x0001c178	0x0001c37c	3	0	0x0002c37c	True
3273	0x0001c17c	0x0001c37c	3	0	0x0002c37c	True
3274	0x0001c180	0x0001c37c	3	0	0x0002c37c	True
3275	0x0001c184	0x0001c37c	3	0	0x0002c37c	True
3276	0x0001c188	0x0001c37c	3	0	0x0002c37c	True
3277	0x0001c18c	0x0001c37c	3	0	0x0002c37c	True
3278	0x0001c190	0x0001c37c	3	0	0x0002c37c	True
3279	0x0001c194	0x0001c37c	3	0	0x0002c37c	True
3280	0x0001c198	0x0001c37c	3	0	0x0002c37c	True
3281	0x0001c19c	0x0001c37c	3	0	0x0002c37c	True
3282	0x0001c1a0	0x0001c37c	3	0	0x0002c37c	True
3283	0x0001c1a4	0x0001c78c	3	0	0x0002c78c	True
3284	0x0001c1a8	0x0001c37c	3	0	0x0002c37c	True
3285	0x0001c1ac	0x0001c78c	3	0	0x0002c78c	True
3286	0x0001c1b0	0x0001c78c	3	0	0x0002c78c	True
3287	0x0001c1b4	0x0001c78c	3	0	0x0002c78c	True
3288	0x0001c1b8	0x0001c794	3	0	0x0002c794	True
3289	0x0001c1bc	0x0001c794	3	0	0x0002c794	True
3290	0x0001c1c0	0x0001c794	3	0	0x0002c794	True
3291	0x0001c1c4	0x0001c794	3	0	0x0002c794	True
3292	0x0001c1c8	0x0001c794	3	0	0x0002c794	True
3293	0x0001c1cc	0x0001c794	3	0	0x0002c794	True
3294	0x0001c1d0	0x0001c37c	3	0	0x0002c37c	True
3295	0x0001c1d4	0x0001c37c	3	0	0x0002c37c	True
3296	0x0001c1d8	0x0001c37c	3	0	0x0002c37c	True
3297	0x0001c1dc	0x0001c37c	3	0	0x0002c37c	True
3298	0x0001c1e0	0x0001c37c	3	0	0x0002c37c	True
3299	0x0001c1e4	0x0001c78c	3	0	0x0002c78c	True
3300	0x0001c1e8	0x0001c37c	3	0	0x0002c37c	True
3301	0x0001c1ec	0x0001c37c	3	0	0x0002c37c	True
3302	0x0001c1f0	0x0001c37c	3	0	0x0002c37c	True
3303	0x0001c1f4	0x0001c37c	3	0	0x0002c37c	True
3304	0x0001c1f8	0x0001c78c	3	0	0x0002c78c	True
3305	0x0001c1fc	0x0001c37c	3	0	0x0002c37c	True
3306	0x0001c200	0x0001c37c	3	0	0x0002c37c	True
3307	0x0001c204	0x0001c37c	3	0	0x0002c37c	True
3308	0x0001c208	0x0001c37c	3	0	0x0002c37c	True
3309	0x0001c20c	0x0001c37c	3	0	0x0002c37c	True
3310	0x0001c210	0x0001c37c	3	0	0x0002c37c	True
3311	0x0001c214	0x0001c37c	3	0	0x0002c37c	True
3312	0x0001c218	0x0001c37c	3	0	0x0002c37c	True
3313	0x0001c21c	0x0001c37c	3	0	0x0002c37c	True
3314	0x0001c220	0x0001c37c	3	0	0x0002c37c	True
3315	0x0001c224	0x0001c37c	3	0	0x0002c37c	True
3316	0x0001c228	0x0001c37c	3	0	0x0002c37c	True
3317	0x0001c22c	0x0001c37c	3	0	0x0002c37c	True
3318	0x0001c230	0x0001c37c	3	0	0x0002c37c	True
3319	0x0001c234	0x0001c37c	3	0	0x0002c37c	True
3320	0x0001c238	0x0001c37c	3	0	0x0002c37c	True
3321	0x0001c23c	0x0001c7a0	3	0	0x0002c7a0	True
3322	0x0001c240	0x0001c37c	3	0	0x0002c37c	True
3323	0x0001c244	0x0001c37c	3	0	0x0002c37c	True
3324	0x0001c248	0x0001c37c	3	0	0x0002c37c	True
3325	0x0001c24c	0x0001c37c	3	0	0x0002c37c	True
3326	0x0001c250	0x0001c37c	3	0	0x0002c37c	True
3327	0x0001c254	0x0001c37c	3	0	0x0002c37c	True
3328	0x0001c258	0x0001c37c	3	0	0x0002c37c	True
3329	0x0001c25c	0x0001c37c	3	0	0x0002c37c	True
3330	0x0001c260	0x0001c37c	3	0	0x0002c37c	True
3331	0x0001c264	0x0001c37c	3	0	0x0002c37c	True
3332	0x0001c268	0x0001c7ac	3	0	0x0002c7ac	True
3333	0x0001c26c	0x0001c37c	3	0	0x0002c37c	True
3334	0x0001c270	0x0001c37c	3	0	0x0002c37c	True
3335	0x0001c274	0x0001c37c	3	0	0x0002c37c	True
3336	0x0001c278	0x0001c37c	3	0	0x0002c37c	True
3337	0x0001c27c	0x0001c37c	3	0	0x0002c37c	True
3338	0x0001c280	0x0001c37c	3	0	0x0002c37c	True
3339	0x0001c284	0x0001c37c	3	0	0x0002c37c	True
3340	0x0001c288	0x0001c37c	3	0	0x0002c37c	True
3341	0x0001c28c	0x0001c37c	3	0	0x0002c37c	True
3342	0x0001c290	0x0001c7b4	3	0	0x0002c7b4	True
3343	0x0001c294	0x0001c37c	3	0	0x0002c37c	True
3344	0x0001c298	0x0001c7ac	3	0	0x0002c7ac	True
3345	0x0001c29c	0x0001c37c	3	0	0x0002c37c	True
3346	0x0001c2a0	0x0001c37c	3	0	0x0002c37c	True
3347	0x0001c2a4	0x0001c610	3	0	0x0002c610	True
3348	0x0001c2a8	0x0001c37c	3	0	0x0002c37c	True
3349	0x0001c2ac	0x0001c7ac	3	0	0x0002c7ac	True
3350	0x0001c2b0	0x0001c7ac	3	0	0x0002c7ac	True
3351	0x0001c2b4	0x0001c7ac	3	0	0x0002c7ac	True
3352	0x0001c2b8	0x0001c7ac	3	0	0x0002c7ac	True
3353	0x0001c2bc	0x0001c37c	3	0	0x0002c37c	True
3354	0x0001c2c0	0x0001c37c	3	0	0x0002c37c	True
3355	0x0001c2c4	0x0001c37c	3	0	0x0002c37c	True
3356	0x0001c2c8	0x0001c37c	3	0	0x0002c37c	True
3357	0x0001c2cc	0x0001c37c	3	0	0x0002c37c	True
3358	0x0001c2d0	0x0001c37c	3	0	0x0002c37c	True
3359	0x0001c2d4	0x0001c37c	3	0	0x0002c37c	True
3360	0x0001c2d8	0x0001c37c	3	0	0x0002c37c	True
3361	0x0001c2dc	0x0001c37c	3	0	0x0002c37c	True
3362	0x0001c2e0	0x0001c37c	3	0	0x0002c37c	True
3363	0x0001c2e4	0x0001c37c	3	0	0x0002c37c	True
3364	0x0001c2e8	0x0001c85c	3	0	0x0002c85c	True
3365	0x0001c2ec	0x0001c568	3	0	0x0002c568	True
3366	0x0001c2f0	0x0001c37c	3	0	0x0002c37c	True
3367	0x0001c2f4	0x0001c37c	3	0	0x0002c37c	True
3368	0x0001c2f8	0x0001c7d8	3	0	0x0002c7d8	True
3369	0x0001c2fc	0x0001c644	3	0	0x0002c644	True
3370	0x0001c300	0x0001c644	3	0	0x0002c644	True
3371	0x0001c304	0x0001c644	3	0	0x0002c644	True
3372	0x0001c308	0x0001c8aa	3	0	0x0002c8aa	True
3373	0x0001c30c	0x0001c8aa	3	0	0x0002c8aa	True
3374	0x0001c310	0x0001c8aa	3	0	0x0002c8aa	True
3375	0x0001c314	0x0001c8aa	3	0	0x0002c8aa	True
3376	0x0001c318	0x0001c8aa	3	0	0x0002c8aa	True
3377	0x0001c31c	0x0001c7ec	3	0	0x0002c7ec	True
3378	0x0001c320	0x0001c7f8	3	0	0x0002c7f8	True
3379	0x0001c324	0x0001c8aa	3	0	0x0002c8aa	True
3380	0x0001c328	0x0001c8aa	3	0	0x0002c8aa	True
3381	0x0001c32c	0x0001c804	3	0	0x0002c804	True
3382	0x0001c330	0x0001c804	3	0	0x0002c804	True
3383	0x0001c334	0x0001c828	3	0	0x0002c828	True
3384	0x0001c338	0x0001c828	3	0	0x0002c828	True
3385	0x0001c33c	0x0001c828	3	0	0x0002c828	True
3386	0x0001c340	0x0001c828	3	0	0x0002c828	True
3387	0x0001c344	0x0001c37c	3	0	0x0002c37c	True
3388	0x0001c348	0x0001c37c	3	0	0x0002c37c	True
3389	0x0001c34c	0x0001c37c	3	0	0x0002c37c	True
3390	0x0001c350	0x0001c37c	3	0	0x0002c37c	True
3391	0x0001c354	0x0001c37c	3	0	0x0002c37c	True
3392	0x0001c358	0x0001c37c	3	0	0x0002c37c	True
3393	0x0001c35c	0x0001c37c	3	0	0x0002c37c	True
3394	0x0001c360	0x0001c37c	3	0	0x0002c37c	True
3395	0x0001c364	0x0001c37c	3	0	0x0002c37c	True
3396	0x0001c368	0x0001c3a7	3	0	0x0002c3a7	True
3397	0x0001c36c	0x0001c3a7	3	0	0x0002c3a7	True
3398	0x0001c370	0x0001c37c	3	0	0x0002c37c	True
3399	0x0001c374	0x0001c37c	3	0	0x0002c37c	True
3400	0x0001c378	0x0001c3a7	3	0	0x0002c3a7	True
3401	0x0001c384	0x0004304c	3	0	0x0005304c	True
3402	0x0001c39c	0x0004304e	3	0	0x0005304e	True
3403	0x0001c409	0x000418f0	3	0	0x000518f0	True
3404	0x0001c424	0x000418f0	3	0	0x000518f0	True
3405	0x0001c43e	0x000418f0	3	0	0x000518f0	True
3406	0x0001c4b6	0x000418e4	3	0	0x000518e4	True
3407	0x0001c544	0x000418e4	3	0	0x000518e4	True
3408	0x0001c56e	0x000418f0	3	0	0x000518f0	True
3409	0x0001c5c0	0x000418e4	3	0	0x000518e4	True
3410	0x0001c6a9	0x000418e4	3	0	0x000518e4	True
3411	0x0001c6da	0x000418f0	3	0	0x000518f0	True
3412	0x0001c759	0x000418f0	3	0	0x000518f0	True
3413	0x0001c77c	0x000418f0	3	0	0x000518f0	True
3414	0x0001c852	0x0004304e	3	0	0x0005304e	True
3415	0x0001c89e	0x000418e4	3	0	0x000518e4	True
3416	0x0001c8b8	0x000418e4	3	0	0x000518e4	True
3417	0x0001c8f6	0x0001c8fc	3	0	0x0002c8fc	True
3418	0x0001c8fc	0x0001c9ed	3	0	0x0002c9ed	True
3419	0x0001c900	0x0001c948	3	0	0x0002c948	True
3420	0x0001c904	0x0001c960	3	0	0x0002c960	True
3421	0x0001c908	0x0001c970	3	0	0x0002c970	True
3422	0x0001c90c	0x0001c960	3	0	0x0002c960	True
3423	0x0001c910	0x0001c9b0	3	0	0x0002c9b0	True
3424	0x0001c914	0x0001c9dc	3	0	0x0002c9dc	True
3425	0x0001c918	0x0001c960	3	0	0x0002c960	True
3426	0x0001c91c	0x0001c9e8	3	0	0x0002c9e8	True
3427	0x0001c920	0x0001c960	3	0	0x0002c960	True
3428	0x0001c924	0x0001c948	3	0	0x0002c948	True
3429	0x0001c928	0x0001c948	3	0	0x0002c948	True
3430	0x0001c92c	0x0001c948	3	0	0x0002c948	True
3431	0x0001c930	0x0001c948	3	0	0x0002c948	True
3432	0x0001c934	0x0001c9e8	3	0	0x0002c9e8	True
3433	0x0001c938	0x0001c960	3	0	0x0002c960	True
3434	0x0001c93c	0x0001c948	3	0	0x0002c948	True
3435	0x0001c940	0x0001c948	3	0	0x0002c948	True
3436	0x0001c944	0x0001c960	3	0	0x0002c960	True
3437	0x0001c94f	0x000418e4	3	0	0x000518e4	True
3438	0x000418e4	0x000418d0	3	0	0x000518d0	True
3439	0x0001ca41	0x000329c8	3	0	0x000429c8	True
3440	0x0001ca50	0x00032ac8	3	0	0x00042ac8	True
3441	0x0001ca58	0x00041938	3	0	0x00051938	True
3442	0x0001ca65	0x00032d84	3	0	0x00042d84	True
3443	0x0001ca74	0x00032e84	3	0	0x00042e84	True
3444	0x0001ca7c	0x00032d88	3	0	0x00042d88	True
3445	0x0001ca80	0x00041ab8	3	0	0x00051ab8	True
3446	0x0001ca86	0x00032d98	3	0	0x00042d98	True
3447	0x0001ca8a	0x000419c8	3	0	0x000519c8	True
3448	0x0001ca90	0x00032d8c	3	0	0x00042d8c	True
3449	0x0001ca94	0x00041a28	3	0	0x00051a28	True
3450	0x0001ca9a	0x00032d90	3	0	0x00042d90	True
3451	0x0001ca9e	0x000419f8	3	0	0x000519f8	True
3452	0x0001caa4	0x00032d94	3	0	0x00042d94	True
3453	0x0001caa8	0x00041a58	3	0	0x00051a58	True
3454	0x0001caae	0x00032d9c	3	0	0x00042d9c	True
3455	0x0001cab2	0x00041a88	3	0	0x00051a88	True
3456	0x0001cad3	0x000343bc	3	0	0x000443bc	True
3457	0x0001cae9	0x000343bc	3	0	0x000443bc	True
3458	0x0001cb01	0x00032d84	3	0	0x00042d84	True
3459	0x0001cb15	0x000329c8	3	0	0x000429c8	True
3460	0x0001cb3d	0x000329c8	3	0	0x000429c8	True
3461	0x0001cb72	0x0004408c	3	0	0x0005408c	True
3462	0x0001cb9a	0x00041938	3	0	0x00051938	True
3463	0x0001cba3	0x00041938	3	0	0x00051938	True
3464	0x0001cbac	0x00041938	3	0	0x00051938	True
3465	0x0001cbfd	0x0001cc04	3	0	0x0002cc04	True
3466	0x0001cc04	0x0001cc48	3	0	0x0002cc48	True
3467	0x0001cc08	0x0001cc48	3	0	0x0002cc48	True
3468	0x0001cc0c	0x0001cd08	3	0	0x0002cd08	True
3469	0x0001cc10	0x0001cd1c	3	0	0x0002cd1c	True
3470	0x0001cc14	0x0001cc30	3	0	0x0002cc30	True
3471	0x0001cc18	0x0001cc30	3	0	0x0002cc30	True
3472	0x0001cc1c	0x0001cd8a	3	0	0x0002cd8a	True
3473	0x0001cc20	0x0001cd8a	3	0	0x0002cd8a	True
3474	0x0001cc24	0x0001cd78	3	0	0x0002cd78	True
3475	0x0001cc28	0x0001cc30	3	0	0x0002cc30	True
3476	0x0001cc2c	0x0001cd8a	3	0	0x0002cd8a	True
3477	0x0001cc37	0x00041934	3	0	0x00051934	True
3478	0x0001cca2	0x00041934	3	0	0x00051934	True
3479	0x0001ccec	0x00041934	3	0	0x00051934	True
3480	0x0001cd5a	0x00041934	3	0	0x00051934	True
3481	0x0001cda4	0x00041940	3	0	0x00051940	True
3482	0x0001cdf7	0x00041940	3	0	0x00051940	True
3483	0x0001ce0d	0x0004193c	3	0	0x0005193c	True
3484	0x00041934	0x00041910	3	0	0x00051910	True
3485	0x0004194c	0x00041923	3	0	0x00051923	True
3486	0x0004198c	0x0004192b	3	0	0x0005192b	True
3487	0x000419e4	0x00040bcc	3	0	0x00050bcc	True
3488	0x00041a14	0x00040b64	3	0	0x00050b64	True
3489	0x00041a44	0x00040b98	3	0	0x00050b98	True
3490	0x00041a74	0x00040b30	3	0	0x00050b30	True
3491	0x0001ce68	0x00041b10	3	0	0x00051b10	True
3492	0x0001cea3	0x00041b14	3	0	0x00051b14	True
3493	0x0001ced6	0x000343a8	3	0	0x000443a8	True
3494	0x0001ceef	0x00041b1c	3	0	0x00051b1c	True
3495	0x0001cf0b	0x00040e9c	3	0	0x00050e9c	True
3496	0x0001cf2d	0x00041b14	3	0	0x00051b14	True
3497	0x0001cf39	0x00041b14	3	0	0x00051b14	True
3498	0x0001cf4a	0x00041b18	3	0	0x00051b18	True
3499	0x0001cf55	0x00041b18	3	0	0x00051b18	True
3500	0x0001cf5d	0x00041b18	3	0	0x00051b18	True
3501	0x0001cf68	0x00041b18	3	0	0x00051b18	True
3502	0x0001cf79	0x00041b18	3	0	0x00051b18	True
3503	0x0001cf8f	0x00041b14	3	0	0x00051b14	True
3504	0x0001cf97	0x00041b14	3	0	0x00051b14	True
3505	0x0001cfa0	0x00041b14	3	0	0x00051b14	True
3506	0x0001cfa6	0x00041b18	3	0	0x00051b18	True
3507	0x0001cfb1	0x00041b1c	3	0	0x00051b1c	True
3508	0x0001cfbd	0x00041b1c	3	0	0x00051b1c	True
3509	0x0001cfc4	0x00041b20	3	0	0x00051b20	True
3510	0x0001d003	0x00041b14	3	0	0x00051b14	True
3511	0x0001d00d	0x00041b14	3	0	0x00051b14	True
3512	0x0001d02b	0x00041b14	3	0	0x00051b14	True
3513	0x0001d030	0x00041b18	3	0	0x00051b18	True
3514	0x0001d05c	0x00041b18	3	0	0x00051b18	True
3515	0x0001d0b0	0x00041b10	3	0	0x00051b10	True
3516	0x0001d0de	0x00041b14	3	0	0x00051b14	True
3517	0x0001d104	0x00041b18	3	0	0x00051b18	True
3518	0x0001d10c	0x00041b18	3	0	0x00051b18	True
3519	0x0001d114	0x00041b18	3	0	0x00051b18	True
3520	0x0001d11f	0x00041b18	3	0	0x00051b18	True
3521	0x0001d130	0x00041b18	3	0	0x00051b18	True
3522	0x0001d13d	0x00041b14	3	0	0x00051b14	True
3523	0x0001d145	0x00041b14	3	0	0x00051b14	True
3524	0x0001d14e	0x00041b14	3	0	0x00051b14	True
3525	0x00041b10	0x00041b00	3	0	0x00051b00	True
3526	0x0001d1ad	0x000406a8	3	0	0x000506a8	True
3527	0x0001d1c7	0x0001d1cc	3	0	0x0002d1cc	True
3528	0x0001d1cc	0x0001d20c	3	0	0x0002d20c	True
3529	0x0001d1d0	0x0001d23c	3	0	0x0002d23c	True
3530	0x0001d1d4	0x0001d23c	3	0	0x0002d23c	True
3531	0x0001d1d8	0x0001d23c	3	0	0x0002d23c	True
3532	0x0001d1dc	0x0001d220	3	0	0x0002d220	True
3533	0x0001d1e0	0x0001d23c	3	0	0x0002d23c	True
3534	0x0001d1e4	0x0001d22c	3	0	0x0002d22c	True
3535	0x0001d1e8	0x0001d23c	3	0	0x0002d23c	True
3536	0x0001d1ec	0x0001d23c	3	0	0x0002d23c	True
3537	0x0001d1f0	0x0001d22c	3	0	0x0002d22c	True
3538	0x0001d1f4	0x0001d238	3	0	0x0002d238	True
3539	0x0001d1f8	0x0001d23c	3	0	0x0002d23c	True
3540	0x0001d1fc	0x0001d23c	3	0	0x0002d23c	True
3541	0x0001d200	0x0001d23c	3	0	0x0002d23c	True
3542	0x0001d204	0x0001d23c	3	0	0x0002d23c	True
3543	0x0001d208	0x0001d22c	3	0	0x0002d22c	True
3544	0x0001d297	0x00034924	3	0	0x00044924	True
3545	0x0001d29d	0x00041ba8	3	0	0x00051ba8	True
3546	0x0001d2a7	0x00040128	3	0	0x00050128	True
3547	0x0001d2b0	0x000343a8	3	0	0x000443a8	True
3548	0x0001d2bb	0x00041b54	3	0	0x00051b54	True
3549	0x0001d2c0	0x00034394	3	0	0x00044394	True
3550	0x0001d2c5	0x00034478	3	0	0x00044478	True
3551	0x0001d2ca	0x000428c0	3	0	0x000528c0	True
3552	0x0001d2d9	0x00041b50	3	0	0x00051b50	True
3553	0x0001d2e6	0x00040128	3	0	0x00050128	True
3554	0x0001d2f4	0x00040254	3	0	0x00050254	True
3555	0x0001d2fe	0x00040254	3	0	0x00050254	True
3556	0x0001d307	0x000400e8	3	0	0x000500e8	True
3557	0x0001d30c	0x00044004	3	0	0x00054004	True
3558	0x0001d351	0x000400e8	3	0	0x000500e8	True
3559	0x0001d36d	0x0001d374	3	0	0x0002d374	True
3560	0x0001d374	0x0001d3cc	3	0	0x0002d3cc	True
3561	0x0001d378	0x0001d500	3	0	0x0002d500	True
3562	0x0001d37c	0x0001d53c	3	0	0x0002d53c	True
3563	0x0001d380	0x0001d5c8	3	0	0x0002d5c8	True
3564	0x0001d384	0x0001d5e4	3	0	0x0002d5e4	True
3565	0x0001d388	0x0001d61c	3	0	0x0002d61c	True
3566	0x0001d38c	0x0001d766	3	0	0x0002d766	True
3567	0x0001d390	0x0001d3b4	3	0	0x0002d3b4	True
3568	0x0001d394	0x0001d3b4	3	0	0x0002d3b4	True
3569	0x0001d398	0x0001d62c	3	0	0x0002d62c	True
3570	0x0001d39c	0x0001d766	3	0	0x0002d766	True
3571	0x0001d3a0	0x0001d71f	3	0	0x0002d71f	True
3572	0x0001d3a4	0x0001d650	3	0	0x0002d650	True
3573	0x0001d3a8	0x0001d678	3	0	0x0002d678	True
3574	0x0001d3ac	0x0001d766	3	0	0x0002d766	True
3575	0x0001d3b0	0x0001d6bc	3	0	0x0002d6bc	True
3576	0x0001d3bb	0x00041b50	3	0	0x00051b50	True
3577	0x0001d3eb	0x00041b5c	3	0	0x00051b5c	True
3578	0x0001d483	0x0004304e	3	0	0x0005304e	True
3579	0x0001d4d3	0x00041b5c	3	0	0x00051b5c	True
3580	0x0001d510	0x00041b50	3	0	0x00051b50	True
3581	0x0001d525	0x00041b5c	3	0	0x00051b5c	True
3582	0x0001d53e	0x00040254	3	0	0x00050254	True
3583	0x0001d549	0x00040254	3	0	0x00050254	True
3584	0x0001d55e	0x00040208	3	0	0x00050208	True
3585	0x0001d564	0x00040220	3	0	0x00050220	True
3586	0x0001d571	0x00040254	3	0	0x00050254	True
3587	0x0001d580	0x00040cb0	3	0	0x00050cb0	True
3588	0x0001d586	0x00041d1c	3	0	0x00051d1c	True
3589	0x0001d58e	0x000401a0	3	0	0x000501a0	True
3590	0x0001d593	0x00041d1c	3	0	0x00051d1c	True
3591	0x0001d599	0x0004018c	3	0	0x0005018c	True
3592	0x0001d5a6	0x000401e9	3	0	0x000501e9	True
3593	0x0001d5b3	0x000401dc	3	0	0x000501dc	True
3594	0x0001d5d2	0x00041b58	3	0	0x00051b58	True
3595	0x0001d5f4	0x00041b50	3	0	0x00051b50	True
3596	0x0001d621	0x000401a0	3	0	0x000501a0	True
3597	0x0001d62e	0x0004183c	3	0	0x0005183c	True
3598	0x0001d63a	0x0004183c	3	0	0x0005183c	True
3599	0x0001d642	0x0003489c	3	0	0x0004489c	True
3600	0x0001d652	0x0004183c	3	0	0x0005183c	True
3601	0x0001d660	0x00041b50	3	0	0x00051b50	True
3602	0x0001d66e	0x0004183c	3	0	0x0005183c	True
3603	0x0001d67d	0x00040254	3	0	0x00050254	True
3604	0x0001d691	0x00040254	3	0	0x00050254	True
3605	0x0001d6c5	0x0004183c	3	0	0x0005183c	True
3606	0x0001d6d3	0x00041b50	3	0	0x00051b50	True
3607	0x0001d6e1	0x0004183c	3	0	0x0005183c	True
3608	0x0001d6e7	0x0004183c	3	0	0x0005183c	True
3609	0x0001d6f0	0x0004183c	3	0	0x0005183c	True
3610	0x0001d6f9	0x000348a4	3	0	0x000448a4	True
3611	0x0001d721	0x0004183c	3	0	0x0005183c	True
3612	0x0001d72a	0x0004183c	3	0	0x0005183c	True
3613	0x0001d733	0x000348a4	3	0	0x000448a4	True
3614	0x0001d741	0x0004183c	3	0	0x0005183c	True
3615	0x0001d751	0x00041b5c	3	0	0x00051b5c	True
3616	0x0001d761	0x00041b5c	3	0	0x00051b5c	True
3617	0x0001d773	0x00041b50	3	0	0x00051b50	True
3618	0x0001d792	0x0004183c	3	0	0x0005183c	True
3619	0x0001d79b	0x00040254	3	0	0x00050254	True
3620	0x0001d7af	0x00040c94	3	0	0x00050c94	True
3621	0x0001d7b6	0x00040128	3	0	0x00050128	True
3622	0x0001d7c2	0x0004183c	3	0	0x0005183c	True
3623	0x0001d7cc	0x00040254	3	0	0x00050254	True
3624	0x0001d7d4	0x00040254	3	0	0x00050254	True
3625	0x0001d7e0	0x00034924	3	0	0x00044924	True
3626	0x0001d7e6	0x00040254	3	0	0x00050254	True
3627	0x0001d84a	0x000343cc	3	0	0x000443cc	True
3628	0x0001d864	0x0001d868	3	0	0x0002d868	True
3629	0x0001d868	0x0001d8cd	3	0	0x0002d8cd	True
3630	0x0001d86c	0x0001d8db	3	0	0x0002d8db	True
3631	0x0001d870	0x0001d8db	3	0	0x0002d8db	True
3632	0x0001d874	0x0001d8db	3	0	0x0002d8db	True
3633	0x0001d878	0x0001d8cd	3	0	0x0002d8cd	True
3634	0x0001d87c	0x0001d8cd	3	0	0x0002d8cd	True
3635	0x0001d880	0x0001d8db	3	0	0x0002d8db	True
3636	0x0001d884	0x0001d8cd	3	0	0x0002d8cd	True
3637	0x0001d888	0x0001d8cd	3	0	0x0002d8cd	True
3638	0x0001d88c	0x0001d8ac	3	0	0x0002d8ac	True
3639	0x0001d8c2	0x000428c8	3	0	0x000528c8	True
3640	0x0001d8cf	0x000343d0	3	0	0x000443d0	True
3641	0x0001d8dd	0x000428c8	3	0	0x000528c8	True
3642	0x0001d8e6	0x000343d4	3	0	0x000443d4	True
3643	0x0001d8fa	0x000428c8	3	0	0x000528c8	True
3644	0x0001d908	0x000343cc	3	0	0x000443cc	True
3645	0x0001d911	0x0004304c	3	0	0x0005304c	True
3646	0x0001d91b	0x000343cc	3	0	0x000443cc	True
3647	0x0001d925	0x000343cc	3	0	0x000443cc	True
3648	0x00041b50	0x00041b40	3	0	0x00051b40	True
3649	0x0001d9f0	0x00044004	3	0	0x00054004	True
3650	0x0001da10	0x00041b78	3	0	0x00051b78	True
3651	0x0001da24	0x00041b78	3	0	0x00051b78	True
3652	0x0001da3d	0x00040e48	3	0	0x00050e48	True
3653	0x0001dad0	0x00041b70	3	0	0x00051b70	True
3654	0x0001dbe2	0x0004304e	3	0	0x0005304e	True
3655	0x0001dbef	0x0004025c	3	0	0x0005025c	True
3656	0x0001dbf8	0x00034928	3	0	0x00044928	True
3657	0x0001dc13	0x0004025c	3	0	0x0005025c	True
3658	0x0001dc1c	0x00034940	3	0	0x00044940	True
3659	0x0001dc4b	0x00044004	3	0	0x00054004	True
3660	0x0001dc52	0x000406a4	3	0	0x000506a4	True
3661	0x0001dc5c	0x0004025c	3	0	0x0005025c	True
3662	0x0001dc63	0x00041b90	3	0	0x00051b90	True
3663	0x0001dc76	0x00034940	3	0	0x00044940	True
3664	0x0001dc7d	0x00041b78	3	0	0x00051b78	True
3665	0x0001dc8a	0x00034928	3	0	0x00044928	True
3666	0x0001dcd2	0x0001dcd8	3	0	0x0002dcd8	True
3667	0x0001dcd8	0x0001dd64	3	0	0x0002dd64	True
3668	0x0001dcdc	0x0001dd32	3	0	0x0002dd32	True
3669	0x0001dce0	0x0001dd80	3	0	0x0002dd80	True
3670	0x0001dce4	0x0001dd32	3	0	0x0002dd32	True
3671	0x0001dce8	0x0001dd32	3	0	0x0002dd32	True
3672	0x0001dcec	0x0001dd32	3	0	0x0002dd32	True
3673	0x0001dcf0	0x0001dd32	3	0	0x0002dd32	True
3674	0x0001dcf4	0x0001dd32	3	0	0x0002dd32	True
3675	0x0001dcf8	0x0001dda0	3	0	0x0002dda0	True
3676	0x0001dcfc	0x0001dea8	3	0	0x0002dea8	True
3677	0x0001dd00	0x0001dd32	3	0	0x0002dd32	True
3678	0x0001dd04	0x0001ddb0	3	0	0x0002ddb0	True
3679	0x0001dd08	0x0001ddcc	3	0	0x0002ddcc	True
3680	0x0001dd0c	0x0001dddc	3	0	0x0002dddc	True
3681	0x0001dd39	0x00041b70	3	0	0x00051b70	True
3682	0x0001dd8b	0x00041ba8	3	0	0x00051ba8	True
3683	0x0001dd95	0x00041ba8	3	0	0x00051ba8	True
3684	0x0001ddbe	0x000401a0	3	0	0x000501a0	True
3685	0x0001ddc3	0x000401b0	3	0	0x000501b0	True
3686	0x0001dddd	0x00032d84	3	0	0x00042d84	True
3687	0x0001de1a	0x00041b70	3	0	0x00051b70	True
3688	0x0001de28	0x00041b58	3	0	0x00051b58	True
3689	0x0001de44	0x00041ba8	3	0	0x00051ba8	True
3690	0x0001de4a	0x00041ba8	3	0	0x00051ba8	True
3691	0x0001de6d	0x0004193c	3	0	0x0005193c	True
3692	0x0001de95	0x00032d84	3	0	0x00042d84	True
3693	0x0001def7	0x00041d0c	3	0	0x00051d0c	True
3694	0x0001defd	0x00041d10	3	0	0x00051d10	True
3695	0x0001df0c	0x00041d10	3	0	0x00051d10	True
3696	0x0001df45	0x00040158	3	0	0x00050158	True
3697	0x0001df97	0x000428c0	3	0	0x000528c0	True
3698	0x0001df9f	0x00034394	3	0	0x00044394	True
3699	0x0001dfad	0x000428c0	3	0	0x000528c0	True
3700	0x0001dfc6	0x000401e0	3	0	0x000501e0	True
3701	0x0001dfcf	0x000401e4	3	0	0x000501e4	True
3702	0x0001dfd8	0x00040158	3	0	0x00050158	True
3703	0x0001dfe1	0x000401d0	3	0	0x000501d0	True
3704	0x0001e035	0x00041ba8	3	0	0x00051ba8	True
3705	0x0001e059	0x0004193c	3	0	0x0005193c	True
3706	0x0001e095	0x0004193c	3	0	0x0005193c	True
3707	0x0001e0d4	0x00041ba8	3	0	0x00051ba8	True
3708	0x0001e0da	0x00041ba8	3	0	0x00051ba8	True
3709	0x0001e0e8	0x00041ba8	3	0	0x00051ba8	True
3710	0x0001e0ed	0x00041ba8	3	0	0x00051ba8	True
3711	0x0001e0fb	0x00043e8c	3	0	0x00053e8c	True
3712	0x0001e146	0x00041b70	3	0	0x00051b70	True
3713	0x0001e1a0	0x00031530	3	0	0x00041530	True
3714	0x0001e1a5	0x0004018c	3	0	0x0005018c	True
3715	0x0001e1aa	0x00031538	3	0	0x00041538	True
3716	0x0001e1af	0x000401c0	3	0	0x000501c0	True
3717	0x0001e1b4	0x00031540	3	0	0x00041540	True
3718	0x0001e1b9	0x000401c8	3	0	0x000501c8	True
3719	0x0001e1be	0x00031534	3	0	0x00041534	True
3720	0x0001e1c3	0x00040218	3	0	0x00050218	True
3721	0x0001e1c8	0x0003153c	3	0	0x0004153c	True
3722	0x0001e1cd	0x00040190	3	0	0x00050190	True
3723	0x0001e1da	0x0004018c	3	0	0x0005018c	True
3724	0x0001e1e4	0x000401e9	3	0	0x000501e9	True
3725	0x0001e20b	0x000401c0	3	0	0x000501c0	True
3726	0x0001e21e	0x00040190	3	0	0x00050190	True
3727	0x0001e22e	0x00040218	3	0	0x00050218	True
3728	0x0001e242	0x000401c8	3	0	0x000501c8	True
3729	0x0001e262	0x0004018c	3	0	0x0005018c	True
3730	0x0001e26b	0x000401e9	3	0	0x000501e9	True
3731	0x0001e283	0x0004018c	3	0	0x0005018c	True
3732	0x0001e2a5	0x00041cd4	3	0	0x00051cd4	True
3733	0x0001e2b5	0x00041cd0	3	0	0x00051cd0	True
3734	0x0001e2e0	0x00041ce0	3	0	0x00051ce0	True
3735	0x0001e30c	0x00041cdc	3	0	0x00051cdc	True
3736	0x0001e31a	0x00041c58	3	0	0x00051c58	True
3737	0x0001e339	0x00032d14	3	0	0x00042d14	True
3738	0x0001e354	0x00041b58	3	0	0x00051b58	True
3739	0x0001e362	0x00041b70	3	0	0x00051b70	True
3740	0x0001e370	0x00041b58	3	0	0x00051b58	True
3741	0x0001e381	0x00041bac	3	0	0x00051bac	True
3742	0x0001e3dc	0x00041bc0	3	0	0x00051bc0	True
3743	0x0001e3e4	0x00041bc0	3	0	0x00051bc0	True
3744	0x0001e40a	0x00042164	3	0	0x00052164	True
3745	0x0001e42c	0x00042160	3	0	0x00052160	True
3746	0x0001e44e	0x0001e454	3	0	0x0002e454	True
3747	0x0001e454	0x0001e4c0	3	0	0x0002e4c0	True
3748	0x0001e458	0x0001e4a8	3	0	0x0002e4a8	True
3749	0x0001e45c	0x0001e4a8	3	0	0x0002e4a8	True
3750	0x0001e460	0x0001e4d0	3	0	0x0002e4d0	True
3751	0x0001e464	0x0001e4a8	3	0	0x0002e4a8	True
3752	0x0001e468	0x0001e4a8	3	0	0x0002e4a8	True
3753	0x0001e46c	0x0001e4e0	3	0	0x0002e4e0	True
3754	0x0001e470	0x0001e4a8	3	0	0x0002e4a8	True
3755	0x0001e474	0x0001e51c	3	0	0x0002e51c	True
3756	0x0001e478	0x0001e4a8	3	0	0x0002e4a8	True
3757	0x0001e47c	0x0001e538	3	0	0x0002e538	True
3758	0x0001e480	0x0001e4a8	3	0	0x0002e4a8	True
3759	0x0001e484	0x0001e58c	3	0	0x0002e58c	True
3760	0x0001e488	0x0001e59c	3	0	0x0002e59c	True
3761	0x0001e48c	0x0001e5bc	3	0	0x0002e5bc	True
3762	0x0001e490	0x0001e4a8	3	0	0x0002e4a8	True
3763	0x0001e494	0x0001e5c8	3	0	0x0002e5c8	True
3764	0x0001e498	0x0001e4a8	3	0	0x0002e4a8	True
3765	0x0001e49c	0x0001e4a8	3	0	0x0002e4a8	True
3766	0x0001e4a0	0x0001e4a8	3	0	0x0002e4a8	True
3767	0x0001e4a4	0x0001e6b8	3	0	0x0002e6b8	True
3768	0x0001e4af	0x00041b70	3	0	0x00051b70	True
3769	0x0001e5fb	0x00041b70	3	0	0x00051b70	True
3770	0x0001e6df	0x00041b70	3	0	0x00051b70	True
3771	0x0001e744	0x00042160	3	0	0x00052160	True
3772	0x0001e778	0x00041b70	3	0	0x00051b70	True
3773	0x0001e78d	0x00032d84	3	0	0x00042d84	True
3774	0x0001e7f4	0x00041bad	3	0	0x00051bad	True
3775	0x0001e807	0x00041bc0	3	0	0x00051bc0	True
3776	0x0001e814	0x00041bc0	3	0	0x00051bc0	True
3777	0x0001e848	0x00044004	3	0	0x00054004	True
3778	0x0001e86e	0x00041bc8	3	0	0x00051bc8	True
3779	0x0001e880	0x00044088	3	0	0x00054088	True
3780	0x0001e8a6	0x0001e8ac	3	0	0x0002e8ac	True
3781	0x0001e8ac	0x0001ea6c	3	0	0x0002ea6c	True
3782	0x0001e8b0	0x0001ea54	3	0	0x0002ea54	True
3783	0x0001e8b4	0x0001ea54	3	0	0x0002ea54	True
3784	0x0001e8b8	0x0001ea54	3	0	0x0002ea54	True
3785	0x0001e8bc	0x0001ea54	3	0	0x0002ea54	True
3786	0x0001e8c0	0x0001ea54	3	0	0x0002ea54	True
3787	0x0001e8c4	0x0001ea54	3	0	0x0002ea54	True
3788	0x0001e8c8	0x0001ea54	3	0	0x0002ea54	True
3789	0x0001e8cc	0x0001eaa4	3	0	0x0002eaa4	True
3790	0x0001e8d0	0x0001ea54	3	0	0x0002ea54	True
3791	0x0001e8d4	0x0001ea54	3	0	0x0002ea54	True
3792	0x0001e8d8	0x0001ea54	3	0	0x0002ea54	True
3793	0x0001e8dc	0x0001ea54	3	0	0x0002ea54	True
3794	0x0001e8e0	0x0001ea54	3	0	0x0002ea54	True
3795	0x0001e8e4	0x0001ea54	3	0	0x0002ea54	True
3796	0x0001e8e8	0x0001ea54	3	0	0x0002ea54	True
3797	0x0001e8ec	0x0001ea54	3	0	0x0002ea54	True
3798	0x0001e8f0	0x0001ea54	3	0	0x0002ea54	True
3799	0x0001e8f4	0x0001ea54	3	0	0x0002ea54	True
3800	0x0001e8f8	0x0001ea54	3	0	0x0002ea54	True
3801	0x0001e8fc	0x0001ea54	3	0	0x0002ea54	True
3802	0x0001e900	0x0001ea54	3	0	0x0002ea54	True
3803	0x0001e904	0x0001ea54	3	0	0x0002ea54	True
3804	0x0001e908	0x0001ea54	3	0	0x0002ea54	True
3805	0x0001e90c	0x0001ea54	3	0	0x0002ea54	True
3806	0x0001e910	0x0001ea54	3	0	0x0002ea54	True
3807	0x0001e914	0x0001ea54	3	0	0x0002ea54	True
3808	0x0001e918	0x0001ea54	3	0	0x0002ea54	True
3809	0x0001e91c	0x0001ea54	3	0	0x0002ea54	True
3810	0x0001e920	0x0001ea54	3	0	0x0002ea54	True
3811	0x0001e924	0x0001ea54	3	0	0x0002ea54	True
3812	0x0001e928	0x0001ea54	3	0	0x0002ea54	True
3813	0x0001e92c	0x0001ea54	3	0	0x0002ea54	True
3814	0x0001e930	0x0001ea54	3	0	0x0002ea54	True
3815	0x0001e934	0x0001ea54	3	0	0x0002ea54	True
3816	0x0001e938	0x0001ea54	3	0	0x0002ea54	True
3817	0x0001e93c	0x0001ea54	3	0	0x0002ea54	True
3818	0x0001e940	0x0001ea54	3	0	0x0002ea54	True
3819	0x0001e944	0x0001ea54	3	0	0x0002ea54	True
3820	0x0001e948	0x0001ea54	3	0	0x0002ea54	True
3821	0x0001e94c	0x0001ea54	3	0	0x0002ea54	True
3822	0x0001e950	0x0001ea54	3	0	0x0002ea54	True
3823	0x0001e954	0x0001ea54	3	0	0x0002ea54	True
3824	0x0001e958	0x0001ea54	3	0	0x0002ea54	True
3825	0x0001e95c	0x0001ea54	3	0	0x0002ea54	True
3826	0x0001e960	0x0001ea54	3	0	0x0002ea54	True
3827	0x0001e964	0x0001ea54	3	0	0x0002ea54	True
3828	0x0001e968	0x0001ea54	3	0	0x0002ea54	True
3829	0x0001e96c	0x0001ea54	3	0	0x0002ea54	True
3830	0x0001e970	0x0001ea54	3	0	0x0002ea54	True
3831	0x0001e974	0x0001eab4	3	0	0x0002eab4	True
3832	0x0001e978	0x0001eac4	3	0	0x0002eac4	True
3833	0x0001e97c	0x0001ead4	3	0	0x0002ead4	True
3834	0x0001e980	0x0001eae4	3	0	0x0002eae4	True
3835	0x0001e984	0x0001eaf4	3	0	0x0002eaf4	True
3836	0x0001e988	0x0001eb7c	3	0	0x0002eb7c	True
3837	0x0001e98c	0x0001eb8c	3	0	0x0002eb8c	True
3838	0x0001e990	0x0001f088	3	0	0x0002f088	True
3839	0x0001e994	0x0001ea54	3	0	0x0002ea54	True
3840	0x0001e998	0x0001ea54	3	0	0x0002ea54	True
3841	0x0001e99c	0x0001ec54	3	0	0x0002ec54	True
3842	0x0001e9a0	0x0001ec68	3	0	0x0002ec68	True
3843	0x0001e9a4	0x0001ec7c	3	0	0x0002ec7c	True
3844	0x0001e9a8	0x0001ed28	3	0	0x0002ed28	True
3845	0x0001e9ac	0x0001ea54	3	0	0x0002ea54	True
3846	0x0001e9b0	0x0001ea54	3	0	0x0002ea54	True
3847	0x0001e9b4	0x0001ea54	3	0	0x0002ea54	True
3848	0x0001e9b8	0x0001ea54	3	0	0x0002ea54	True
3849	0x0001e9bc	0x0001edc4	3	0	0x0002edc4	True
3850	0x0001e9c0	0x0001edd0	3	0	0x0002edd0	True
3851	0x0001e9c4	0x0001ea54	3	0	0x0002ea54	True
3852	0x0001e9c8	0x0001ea54	3	0	0x0002ea54	True
3853	0x0001e9cc	0x0001ea54	3	0	0x0002ea54	True
3854	0x0001e9d0	0x0001ea54	3	0	0x0002ea54	True
3855	0x0001e9d4	0x0001ea54	3	0	0x0002ea54	True
3856	0x0001e9d8	0x0001ee10	3	0	0x0002ee10	True
3857	0x0001e9dc	0x0001ea54	3	0	0x0002ea54	True
3858	0x0001e9e0	0x0001ea54	3	0	0x0002ea54	True
3859	0x0001e9e4	0x0001ea54	3	0	0x0002ea54	True
3860	0x0001e9e8	0x0001ea54	3	0	0x0002ea54	True
3861	0x0001e9ec	0x0001ea54	3	0	0x0002ea54	True
3862	0x0001e9f0	0x0001ea54	3	0	0x0002ea54	True
3863	0x0001e9f4	0x0001eec4	3	0	0x0002eec4	True
3864	0x0001e9f8	0x0001ef20	3	0	0x0002ef20	True
3865	0x0001e9fc	0x0001ef44	3	0	0x0002ef44	True
3866	0x0001ea00	0x0001ef64	3	0	0x0002ef64	True
3867	0x0001ea04	0x0001ef64	3	0	0x0002ef64	True
3868	0x0001ea08	0x0001ef74	3	0	0x0002ef74	True
3869	0x0001ea0c	0x0001ef84	3	0	0x0002ef84	True
3870	0x0001ea10	0x0001ef98	3	0	0x0002ef98	True
3871	0x0001ea14	0x0001efa4	3	0	0x0002efa4	True
3872	0x0001ea18	0x0001efb4	3	0	0x0002efb4	True
3873	0x0001ea1c	0x0001efc8	3	0	0x0002efc8	True
3874	0x0001ea20	0x0001efd8	3	0	0x0002efd8	True
3875	0x0001ea24	0x0001efe8	3	0	0x0002efe8	True
3876	0x0001ea28	0x0001eff8	3	0	0x0002eff8	True
3877	0x0001ea2c	0x0001ef64	3	0	0x0002ef64	True
3878	0x0001ea30	0x0001f00c	3	0	0x0002f00c	True
3879	0x0001ea34	0x0001f028	3	0	0x0002f028	True
3880	0x0001ea38	0x0001ef98	3	0	0x0002ef98	True
3881	0x0001ea3c	0x0001f038	3	0	0x0002f038	True
3882	0x0001ea40	0x0001f048	3	0	0x0002f048	True
3883	0x0001ea44	0x0001f054	3	0	0x0002f054	True
3884	0x0001ea48	0x0001eaa4	3	0	0x0002eaa4	True
3885	0x0001ea4c	0x0001ea54	3	0	0x0002ea54	True
3886	0x0001ea50	0x0001f064	3	0	0x0002f064	True
3887	0x0001ea5b	0x00041b70	3	0	0x00051b70	True
3888	0x0001eaca	0x000401f0	3	0	0x000501f0	True
3889	0x0001eada	0x000401fc	3	0	0x000501fc	True
3890	0x0001eaea	0x00040200	3	0	0x00050200	True
3891	0x0001eb82	0x000401e8	3	0	0x000501e8	True
3892	0x0001ec5d	0x000329bc	3	0	0x000429bc	True
3893	0x0001ec71	0x0004015c	3	0	0x0005015c	True
3894	0x0001ec92	0x00040168	3	0	0x00050168	True
3895	0x0001eca9	0x00040168	3	0	0x00050168	True
3896	0x0001ecaf	0x00040164	3	0	0x00050164	True
3897	0x0001ed1d	0x00040164	3	0	0x00050164	True
3898	0x0001ed63	0x000401e0	3	0	0x000501e0	True
3899	0x0001ed6c	0x000401e4	3	0	0x000501e4	True
3900	0x0001edd6	0x00040204	3	0	0x00050204	True
3901	0x0001eddc	0x00041c20	3	0	0x00051c20	True
3902	0x0001ee33	0x00041b70	3	0	0x00051b70	True
3903	0x0001ee4f	0x00040954	3	0	0x00050954	True
3904	0x0001ee87	0x00041b70	3	0	0x00051b70	True
3905	0x0001eed6	0x00040cb0	3	0	0x00050cb0	True
3906	0x0001eefa	0x00041c20	3	0	0x00051c20	True
3907	0x0001f117	0x00041bc4	3	0	0x00051bc4	True
3908	0x0001f11f	0x00041bc4	3	0	0x00051bc4	True
3909	0x0001f147	0x00041b70	3	0	0x00051b70	True
3910	0x0001f17f	0x00041c21	3	0	0x00051c21	True
3911	0x0001f1af	0x00041c26	3	0	0x00051c26	True
3912	0x0001f1c1	0x00041c38	3	0	0x00051c38	True
3913	0x0001f1d9	0x0001f1e0	3	0	0x0002f1e0	True
3914	0x0001f1e0	0x0001f1f8	3	0	0x0002f1f8	True
3915	0x0001f1e4	0x0001f21c	3	0	0x0002f21c	True
3916	0x0001f1e8	0x0001f21c	3	0	0x0002f21c	True
3917	0x0001f1ec	0x0001f200	3	0	0x0002f200	True
3918	0x0001f1f0	0x0001f1f8	3	0	0x0002f1f8	True
3919	0x0001f1f4	0x0001f21c	3	0	0x0002f21c	True
3920	0x0001f201	0x000400f8	3	0	0x000500f8	True
3921	0x0001f20b	0x000329c8	3	0	0x000429c8	True
3922	0x0001f215	0x00032d84	3	0	0x00042d84	True
3923	0x0001f21d	0x000329c8	3	0	0x000429c8	True
3924	0x0001f236	0x00041c1c	3	0	0x00051c1c	True
3925	0x0001f23c	0x00040224	3	0	0x00050224	True
3926	0x0001f244	0x00040224	3	0	0x00050224	True
3927	0x0001f24e	0x00040224	3	0	0x00050224	True
3928	0x0001f282	0x00041bb8	3	0	0x00051bb8	True
3929	0x0001f2aa	0x00041bb8	3	0	0x00051bb8	True
3930	0x0001f2b3	0x00041bb8	3	0	0x00051bb8	True
3931	0x0001f2be	0x00041bb0	3	0	0x00051bb0	True
3932	0x0001f2e0	0x00041bb4	3	0	0x00051bb4	True
3933	0x0001f2e7	0x00041bb4	3	0	0x00051bb4	True
3934	0x0001f2f2	0x00041bb0	3	0	0x00051bb0	True
3935	0x0001f2f8	0x00041bb4	3	0	0x00051bb4	True
3936	0x0001f303	0x00041c2e	3	0	0x00051c2e	True
3937	0x0001f354	0x00041bbc	3	0	0x00051bbc	True
3938	0x0001f35c	0x00041bbc	3	0	0x00051bbc	True
3939	0x0001f393	0x000400f4	3	0	0x000500f4	True
3940	0x00041b70	0x00041b60	3	0	0x00051b60	True
3941	0x0001f408	0x00041c54	3	0	0x00051c54	True
3942	0x0001f424	0x00041c54	3	0	0x00051c54	True
3943	0x0001f43d	0x00034478	3	0	0x00044478	True
3944	0x0001f446	0x000401e9	3	0	0x000501e9	True
3945	0x0001f47f	0x00041c54	3	0	0x00051c54	True
3946	0x0001f4ac	0x00041c54	3	0	0x00051c54	True
3947	0x0001f4c2	0x00034478	3	0	0x00044478	True
3948	0x0001f4c9	0x00040ca4	3	0	0x00050ca4	True
3949	0x0001f4cf	0x00041bac	3	0	0x00051bac	True
3950	0x0001f4d6	0x00034478	3	0	0x00044478	True
3951	0x0001f4e2	0x00034958	3	0	0x00044958	True
3952	0x0001f4fa	0x00041c54	3	0	0x00051c54	True
3953	0x0001f5d2	0x00032d14	3	0	0x00042d14	True
3954	0x0001f5df	0x000343d8	3	0	0x000443d8	True
3955	0x0001f5e8	0x000343dc	3	0	0x000443dc	True
3956	0x0001f5f1	0x000343d8	3	0	0x000443d8	True
3957	0x0001f5fe	0x000343dc	3	0	0x000443dc	True
3958	0x0001f60b	0x00040ca4	3	0	0x00050ca4	True
3959	0x0001f62a	0x00040ca4	3	0	0x00050ca4	True
3960	0x0001f63e	0x000343d8	3	0	0x000443d8	True
3961	0x0001f64a	0x000343d4	3	0	0x000443d4	True
3962	0x0001f65c	0x00040ca4	3	0	0x00050ca4	True
3963	0x0001f66e	0x00032d14	3	0	0x00042d14	True
3964	0x0001f67b	0x000343d8	3	0	0x000443d8	True
3965	0x0001f687	0x000343d4	3	0	0x000443d4	True
3966	0x0001f69e	0x00032d14	3	0	0x00042d14	True
3967	0x0001f6ab	0x000343d8	3	0	0x000443d8	True
3968	0x0001f6b8	0x00041bac	3	0	0x00051bac	True
3969	0x0001f6c4	0x000343d4	3	0	0x000443d4	True
3970	0x0001f731	0x00040ca4	3	0	0x00050ca4	True
3971	0x0001f758	0x00041c58	3	0	0x00051c58	True
3972	0x0001f75e	0x00040ca4	3	0	0x00050ca4	True
3973	0x00041c54	0x00041c40	3	0	0x00051c40	True
3974	0x0001f788	0x00041d40	3	0	0x00051d40	True
3975	0x0001f794	0x00041d40	3	0	0x00051d40	True
3976	0x0001f7ca	0x00034a38	3	0	0x00044a38	True
3977	0x0001f7d4	0x00041cec	3	0	0x00051cec	True
3978	0x0001f7d8	0x00041ca5	3	0	0x00051ca5	True
3979	0x0001f7dd	0x00041cd4	3	0	0x00051cd4	True
3980	0x0001f7e2	0x00034a3c	3	0	0x00044a3c	True
3981	0x0001f7ed	0x00040120	3	0	0x00050120	True
3982	0x0001f7fb	0x00041d28	3	0	0x00051d28	True
3983	0x0001f801	0x00041d1c	3	0	0x00051d1c	True
3984	0x0001f808	0x00041d2c	3	0	0x00051d2c	True
3985	0x0001f857	0x00041d10	3	0	0x00051d10	True
3986	0x0001f85c	0x00041d0c	3	0	0x00051d0c	True
3987	0x0001f873	0x00040104	3	0	0x00050104	True
3988	0x0001f87d	0x00032b0c	3	0	0x00042b0c	True
3989	0x0001f891	0x000401bc	3	0	0x000501bc	True
3990	0x0001f89e	0x00041cf8	3	0	0x00051cf8	True
3991	0x0001f8ad	0x00041cf8	3	0	0x00051cf8	True
3992	0x0001f8b8	0x000401bc	3	0	0x000501bc	True
3993	0x0001f8c0	0x000401bc	3	0	0x000501bc	True
3994	0x0001f8c5	0x00041d44	3	0	0x00051d44	True
3995	0x0001f8d6	0x00040204	3	0	0x00050204	True
3996	0x0001f8dc	0x00040204	3	0	0x00050204	True
3997	0x0001f8e1	0x00041d58	3	0	0x00051d58	True
3998	0x0001f8ee	0x00040200	3	0	0x00050200	True
3999	0x0001f8f4	0x000401fc	3	0	0x000501fc	True
4000	0x0001f8fb	0x00041d71	3	0	0x00051d71	True
4001	0x0001f909	0x000401f0	3	0	0x000501f0	True
4002	0x0001f90f	0x000401f0	3	0	0x000501f0	True
4003	0x0001f914	0x00041d8a	3	0	0x00051d8a	True
4004	0x0001f921	0x00041da4	3	0	0x00051da4	True
4005	0x0001f939	0x00041d18	3	0	0x00051d18	True
4006	0x0001f947	0x00041d10	3	0	0x00051d10	True
4007	0x0001f950	0x00041d0c	3	0	0x00051d0c	True
4008	0x0001f959	0x00041d10	3	0	0x00051d10	True
4009	0x0001f95f	0x00041d0c	3	0	0x00051d0c	True
4010	0x0001f993	0x00041d04	3	0	0x00051d04	True
4011	0x0001f99c	0x00041cc8	3	0	0x00051cc8	True
4012	0x0001f9a2	0x000401a0	3	0	0x000501a0	True
4013	0x0001f9aa	0x00040104	3	0	0x00050104	True
4014	0x0001f9b4	0x00032b0c	3	0	0x00042b0c	True
4015	0x0001f9d1	0x00041d3c	3	0	0x00051d3c	True
4016	0x0001f9ee	0x00041d18	3	0	0x00051d18	True
4017	0x0001fa00	0x00041cc8	3	0	0x00051cc8	True
4018	0x0001fa06	0x000401a0	3	0	0x000501a0	True
4019	0x0001fa0e	0x00041d04	3	0	0x00051d04	True
4020	0x0001fa1b	0x00040104	3	0	0x00050104	True
4021	0x0001fa27	0x00040154	3	0	0x00050154	True
4022	0x0001fa37	0x000401bc	3	0	0x000501bc	True
4023	0x0001faa8	0x00041cc8	3	0	0x00051cc8	True
4024	0x0001faae	0x00041d08	3	0	0x00051d08	True
4025	0x0001fab5	0x00041cd4	3	0	0x00051cd4	True
4026	0x0001faba	0x00034a3c	3	0	0x00044a3c	True
4027	0x0001fabf	0x00041dc7	3	0	0x00051dc7	True
4028	0x0001fac5	0x00041cc8	3	0	0x00051cc8	True
4029	0x0001fad8	0x00041dd0	3	0	0x00051dd0	True
4030	0x0001fae7	0x00041cc8	3	0	0x00051cc8	True
4031	0x0001faec	0x00041dd5	3	0	0x00051dd5	True
4032	0x0001fafb	0x00041d28	3	0	0x00051d28	True
4033	0x0001fb01	0x00041cc8	3	0	0x00051cc8	True
4034	0x0001fb23	0x00044131	3	0	0x00054131	True
4035	0x0001fb30	0x00044131	3	0	0x00054131	True
4036	0x0001fb5d	0x00041ddb	3	0	0x00051ddb	True
4037	0x0001fbd6	0x00041cc8	3	0	0x00051cc8	True
4038	0x0001fbdc	0x00040154	3	0	0x00050154	True
4039	0x0001fbf5	0x00041d34	3	0	0x00051d34	True
4040	0x0001fc18	0x00041de3	3	0	0x00051de3	True
4041	0x0001fc30	0x00041ccc	3	0	0x00051ccc	True
4042	0x0001fc5e	0x00041d34	3	0	0x00051d34	True
4043	0x0001fc64	0x00041d3c	3	0	0x00051d3c	True
4044	0x0001fd1e	0x00041dec	3	0	0x00051dec	True
4045	0x0001fd24	0x0004011c	3	0	0x0005011c	True
4046	0x0001fd32	0x00041cec	3	0	0x00051cec	True
4047	0x0001fd36	0x00041e24	3	0	0x00051e24	True
4048	0x0001fd3c	0x00041cdc	3	0	0x00051cdc	True
4049	0x0001fd45	0x00041cdc	3	0	0x00051cdc	True
4050	0x0001fd4a	0x00041e42	3	0	0x00051e42	True
4051	0x0001fd50	0x0004011c	3	0	0x0005011c	True
4052	0x0001fd5e	0x00041cdc	3	0	0x00051cdc	True
4053	0x0001fd66	0x00041cdc	3	0	0x00051cdc	True
4054	0x0001fd80	0x00041cd4	3	0	0x00051cd4	True
4055	0x0001fd8e	0x0004011c	3	0	0x0005011c	True
4056	0x0001fda5	0x00034a38	3	0	0x00044a38	True
4057	0x0001fdaa	0x00041e45	3	0	0x00051e45	True
4058	0x0001fdaf	0x00041e4a	3	0	0x00051e4a	True
4059	0x0001fdb5	0x0004011c	3	0	0x0005011c	True
4060	0x0001fdc3	0x00041ce0	3	0	0x00051ce0	True
4061	0x0001fdcc	0x00041ce0	3	0	0x00051ce0	True
4062	0x0001fdd1	0x00041e51	3	0	0x00051e51	True
4063	0x0001fdd7	0x0004011c	3	0	0x0005011c	True
4064	0x0001fde5	0x00041ce0	3	0	0x00051ce0	True
4065	0x0001fded	0x00041ce0	3	0	0x00051ce0	True
4066	0x0001fe08	0x00041cd4	3	0	0x00051cd4	True
4067	0x0001fe0d	0x00041ce4	3	0	0x00051ce4	True
4068	0x0001fe2a	0x0004011c	3	0	0x0005011c	True
4069	0x0001fe41	0x00041ce4	3	0	0x00051ce4	True
4070	0x0001fe46	0x00041e54	3	0	0x00051e54	True
4071	0x0001fe4c	0x0004011c	3	0	0x0005011c	True
4072	0x0001fe5a	0x00041cd4	3	0	0x00051cd4	True
4073	0x0001fe5f	0x00041ce8	3	0	0x00051ce8	True
4074	0x0001fe7a	0x0004011c	3	0	0x0005011c	True
4075	0x0001fe91	0x00041ce8	3	0	0x00051ce8	True
4076	0x0001fe96	0x00041e58	3	0	0x00051e58	True
4077	0x0001fe9c	0x0004011c	3	0	0x0005011c	True
4078	0x0001feaa	0x0004011c	3	0	0x0005011c	True
4079	0x0001feba	0x00040180	3	0	0x00050180	True
4080	0x0001fec2	0x00040180	3	0	0x00050180	True
4081	0x0001fee3	0x00041cd4	3	0	0x00051cd4	True
4082	0x0001fee8	0x00041cec	3	0	0x00051cec	True
4083	0x0001ff03	0x00041d04	3	0	0x00051d04	True
4084	0x0001ff0a	0x00041e5c	3	0	0x00051e5c	True
4085	0x0001ff23	0x0004011c	3	0	0x0005011c	True
4086	0x0001ff32	0x0004011c	3	0	0x0005011c	True
4087	0x0001ff49	0x00040180	3	0	0x00050180	True
4088	0x0001ff51	0x00040180	3	0	0x00050180	True
4089	0x0001ff59	0x00041e70	3	0	0x00051e70	True
4090	0x0001ff60	0x00041cec	3	0	0x00051cec	True
4091	0x0001ff65	0x00041e71	3	0	0x00051e71	True
4092	0x0001ff6b	0x0004011c	3	0	0x0005011c	True
4093	0x0001ff79	0x00041ccc	3	0	0x00051ccc	True
4094	0x0001ff83	0x00034a38	3	0	0x00044a38	True
4095	0x0001ff88	0x00041cd4	3	0	0x00051cd4	True
4096	0x0001ff8d	0x00034a3c	3	0	0x00044a3c	True
4097	0x0001ff93	0x00041cfc	3	0	0x00051cfc	True
4098	0x0001ffa1	0x00041cf8	3	0	0x00051cf8	True
4099	0x0001ffd6	0x000401a0	3	0	0x000501a0	True
4100	0x0001ffe0	0x00041d28	3	0	0x00051d28	True
4101	0x0001ffe5	0x000401a0	3	0	0x000501a0	True
4102	0x0001ffeb	0x00040168	3	0	0x00050168	True
4103	0x0001fff3	0x00040154	3	0	0x00050154	True
4104	0x0001fff8	0x00040168	3	0	0x00050168	True
4105	0x00020019	0x000401a0	3	0	0x000501a0	True
4106	0x0002005e	0x00041ce4	3	0	0x00051ce4	True
4107	0x0002009a	0x00041ce8	3	0	0x00051ce8	True
4108	0x000200d7	0x00040114	3	0	0x00050114	True
4109	0x0002010a	0x00040114	3	0	0x00050114	True
4110	0x00020197	0x00041d34	3	0	0x00051d34	True
4111	0x0002019f	0x00041d38	3	0	0x00051d38	True
4112	0x000201b0	0x00041d34	3	0	0x00051d34	True
4113	0x000201b8	0x00041d38	3	0	0x00051d38	True
4114	0x000201be	0x00041d3c	3	0	0x00051d3c	True
4115	0x000201ce	0x0004193c	3	0	0x0005193c	True
4116	0x000201d7	0x00041940	3	0	0x00051940	True
4117	0x000201ea	0x00041cfc	3	0	0x00051cfc	True
4118	0x000201fe	0x00041cfc	3	0	0x00051cfc	True
4119	0x0002020f	0x0004193c	3	0	0x0005193c	True
4120	0x0002022d	0x00041e78	3	0	0x00051e78	True
4121	0x00020232	0x00041e7e	3	0	0x00051e7e	True
4122	0x0002023f	0x00041e83	3	0	0x00051e83	True
4123	0x00020244	0x00041e84	3	0	0x00051e84	True
4124	0x00020254	0x00041e89	3	0	0x00051e89	True
4125	0x00020268	0x00041e8f	3	0	0x00051e8f	True
4126	0x0002026d	0x00041e94	3	0	0x00051e94	True
4127	0x00020280	0x00041e9b	3	0	0x00051e9b	True
4128	0x00020285	0x00041e9f	3	0	0x00051e9f	True
4129	0x00020293	0x00041ea4	3	0	0x00051ea4	True
4130	0x000202b6	0x00041eb9	3	0	0x00051eb9	True
4131	0x000202d7	0x00041940	3	0	0x00051940	True
4132	0x00020300	0x000344ac	3	0	0x000444ac	True
4133	0x00020305	0x00041ccc	3	0	0x00051ccc	True
4134	0x0002030c	0x00041cd0	3	0	0x00051cd0	True
4135	0x00020323	0x000344ac	3	0	0x000444ac	True
4136	0x00020330	0x000344ac	3	0	0x000444ac	True
4137	0x00020348	0x000344b0	3	0	0x000444b0	True
4138	0x00020351	0x000344b0	3	0	0x000444b0	True
4139	0x00020377	0x0004011c	3	0	0x0005011c	True
4140	0x00020389	0x00034a3c	3	0	0x00044a3c	True
4141	0x00020391	0x00034a3c	3	0	0x00044a3c	True
4142	0x000203a2	0x00041ec3	3	0	0x00051ec3	True
4143	0x000203a9	0x00041ecc	3	0	0x00051ecc	True
4144	0x000203c1	0x00041cd0	3	0	0x00051cd0	True
4145	0x000203c7	0x00041ccc	3	0	0x00051ccc	True
4146	0x000203de	0x00041ed2	3	0	0x00051ed2	True
4147	0x000203ed	0x00041cd0	3	0	0x00051cd0	True
4148	0x000203f3	0x00041ccc	3	0	0x00051ccc	True
4149	0x0002040a	0x00041f10	3	0	0x00051f10	True
4150	0x00020417	0x00041f21	3	0	0x00051f21	True
4151	0x00020424	0x00041f65	3	0	0x00051f65	True
4152	0x00020435	0x00041cd0	3	0	0x00051cd0	True
4153	0x0002043b	0x00041ccc	3	0	0x00051ccc	True
4154	0x00020452	0x00040254	3	0	0x00050254	True
4155	0x0002045a	0x00041f68	3	0	0x00051f68	True
4156	0x00020467	0x00041f7c	3	0	0x00051f7c	True
4157	0x00020474	0x00041fc0	3	0	0x00051fc0	True
4158	0x00020481	0x00041fc9	3	0	0x00051fc9	True
4159	0x000204f7	0x00041fcc	3	0	0x00051fcc	True
4160	0x00020506	0x00041fd3	3	0	0x00051fd3	True
4161	0x00020512	0x00041fda	3	0	0x00051fda	True
4162	0x0002051e	0x00041fe1	3	0	0x00051fe1	True
4163	0x0002052b	0x00041cc4	3	0	0x00051cc4	True
4164	0x0002053c	0x00041fec	3	0	0x00051fec	True
4165	0x00020552	0x00041ff1	3	0	0x00051ff1	True
4166	0x00020559	0x00041ffe	3	0	0x00051ffe	True
4167	0x0002055f	0x0004200c	3	0	0x0005200c	True
4168	0x00020578	0x00042024	3	0	0x00052024	True
4169	0x00020588	0x0004201b	3	0	0x0005201b	True
4170	0x000205da	0x00042033	3	0	0x00052033	True
4171	0x000205e8	0x0004203a	3	0	0x0005203a	True
4172	0x000205fb	0x00041cc4	3	0	0x00051cc4	True
4173	0x0002060a	0x00042041	3	0	0x00052041	True
4174	0x00020613	0x0004202c	3	0	0x0005202c	True
4175	0x0002061b	0x00042048	3	0	0x00052048	True
4176	0x00020641	0x0004204f	3	0	0x0005204f	True
4177	0x00020673	0x00041cc4	3	0	0x00051cc4	True
4178	0x00020680	0x00042055	3	0	0x00052055	True
4179	0x00020692	0x0004205d	3	0	0x0005205d	True
4180	0x000206af	0x0004206c	3	0	0x0005206c	True
4181	0x000206b9	0x00042063	3	0	0x00052063	True
4182	0x000206e1	0x000206e8	3	0	0x000306e8	True
4183	0x000206e8	0x00020718	3	0	0x00030718	True
4184	0x000206ec	0x00020744	3	0	0x00030744	True
4185	0x000206f0	0x00020768	3	0	0x00030768	True
4186	0x000206f4	0x00020780	3	0	0x00030780	True
4187	0x000206f8	0x00020788	3	0	0x00030788	True
4188	0x000206fc	0x000207a0	3	0	0x000307a0	True
4189	0x00020700	0x0002070c	3	0	0x0003070c	True
4190	0x00020704	0x000207a8	3	0	0x000307a8	True
4191	0x00020708	0x000207b4	3	0	0x000307b4	True
4192	0x0002070d	0x00042103	3	0	0x00052103	True
4193	0x00020721	0x00042076	3	0	0x00052076	True
4194	0x00020732	0x0004207b	3	0	0x0005207b	True
4195	0x00020739	0x0004207f	3	0	0x0005207f	True
4196	0x0002074d	0x00042084	3	0	0x00052084	True
4197	0x0002075a	0x00042092	3	0	0x00052092	True
4198	0x00020761	0x0004209f	3	0	0x0005209f	True
4199	0x0002076f	0x000420ad	3	0	0x000520ad	True
4200	0x00020779	0x000420ba	3	0	0x000520ba	True
4201	0x00020781	0x000420c6	3	0	0x000520c6	True
4202	0x0002078f	0x000420d3	3	0	0x000520d3	True
4203	0x00020799	0x000420d9	3	0	0x000520d9	True
4204	0x000207a1	0x000420f6	3	0	0x000520f6	True
4205	0x000207ac	0x000420e0	3	0	0x000520e0	True
4206	0x000207b8	0x000420eb	3	0	0x000520eb	True
4207	0x000207bd	0x00031100	3	0	0x00041100	True
4208	0x000207c7	0x00031100	3	0	0x00041100	True
4209	0x000207db	0x00041cf4	3	0	0x00051cf4	True
4210	0x00020834	0x00041cf4	3	0	0x00051cf4	True
4211	0x00020841	0x00041cc4	3	0	0x00051cc4	True
4212	0x00020852	0x00041cf4	3	0	0x00051cf4	True
4213	0x00020879	0x00041ccc	3	0	0x00051ccc	True
4214	0x00020880	0x00041cd0	3	0	0x00051cd0	True
4215	0x0002088f	0x0004011c	3	0	0x0005011c	True
4216	0x0002089f	0x00041ccc	3	0	0x00051ccc	True
4217	0x000208a4	0x00041cd4	3	0	0x00051cd4	True
4218	0x000208a9	0x00034a3c	3	0	0x00044a3c	True
4219	0x000208e2	0x00041cf0	3	0	0x00051cf0	True
4220	0x000208f8	0x00042107	3	0	0x00052107	True
4221	0x00020942	0x00040120	3	0	0x00050120	True
4222	0x0002094e	0x00040120	3	0	0x00050120	True
4223	0x00020953	0x00044004	3	0	0x00054004	True
4224	0x00020960	0x00041d2c	3	0	0x00051d2c	True
4225	0x00020974	0x00041d28	3	0	0x00051d28	True
4226	0x00020979	0x00041d2c	3	0	0x00051d2c	True
4227	0x00020987	0x0002098c	3	0	0x0003098c	True
4228	0x0002098c	0x000209d4	3	0	0x000309d4	True
4229	0x00020990	0x000209bc	3	0	0x000309bc	True
4230	0x00020994	0x000209e4	3	0	0x000309e4	True
4231	0x00020998	0x000209bc	3	0	0x000309bc	True
4232	0x0002099c	0x000209bc	3	0	0x000309bc	True
4233	0x000209a0	0x000209bc	3	0	0x000309bc	True
4234	0x000209a4	0x000209f4	3	0	0x000309f4	True
4235	0x000209a8	0x00020a04	3	0	0x00030a04	True
4236	0x000209ac	0x00020a2c	3	0	0x00030a2c	True
4237	0x000209b0	0x000209bc	3	0	0x000309bc	True
4238	0x000209b4	0x000209bc	3	0	0x000309bc	True
4239	0x000209b8	0x000209e4	3	0	0x000309e4	True
4240	0x000209c3	0x00041cc4	3	0	0x00051cc4	True
4241	0x000209dd	0x00034968	3	0	0x00044968	True
4242	0x000209ed	0x00042110	3	0	0x00052110	True
4243	0x000209fd	0x00034964	3	0	0x00044964	True
4244	0x00020a0a	0x00032b0c	3	0	0x00042b0c	True
4245	0x00020a17	0x00032b0c	3	0	0x00042b0c	True
4246	0x00020a24	0x00041d24	3	0	0x00051d24	True
4247	0x00020a32	0x00032b0c	3	0	0x00042b0c	True
4248	0x00020a3f	0x00032b0c	3	0	0x00042b0c	True
4249	0x00020a4c	0x00041d20	3	0	0x00051d20	True
4250	0x00020a52	0x00041d18	3	0	0x00051d18	True
4251	0x00020a5f	0x00041d18	3	0	0x00051d18	True
4252	0x00020a6c	0x00041d18	3	0	0x00051d18	True
4253	0x00020a75	0x00041d2c	3	0	0x00051d2c	True
4254	0x00020a87	0x00020a8c	3	0	0x00030a8c	True
4255	0x00020a8c	0x00020abc	3	0	0x00030abc	True
4256	0x00020a90	0x00020b47	3	0	0x00030b47	True
4257	0x00020a94	0x00020ac8	3	0	0x00030ac8	True
4258	0x00020a98	0x00020b47	3	0	0x00030b47	True
4259	0x00020a9c	0x00020b47	3	0	0x00030b47	True
4260	0x00020aa0	0x00020b47	3	0	0x00030b47	True
4261	0x00020aa4	0x00020ae8	3	0	0x00030ae8	True
4262	0x00020aa8	0x00020af4	3	0	0x00030af4	True
4263	0x00020aac	0x00020b10	3	0	0x00030b10	True
4264	0x00020ab0	0x00020b47	3	0	0x00030b47	True
4265	0x00020ab4	0x00020b47	3	0	0x00030b47	True
4266	0x00020ab8	0x00020b24	3	0	0x00030b24	True
4267	0x00020abd	0x00034968	3	0	0x00044968	True
4268	0x00020ac2	0x00041cd4	3	0	0x00051cd4	True
4269	0x00020acf	0x00042110	3	0	0x00052110	True
4270	0x00020add	0x00042110	3	0	0x00052110	True
4271	0x00020ae9	0x00034964	3	0	0x00044964	True
4272	0x00020aee	0x00041cd0	3	0	0x00051cd0	True
4273	0x00020afa	0x00041d24	3	0	0x00051d24	True
4274	0x00020aff	0x00041ce0	3	0	0x00051ce0	True
4275	0x00020b16	0x00041d20	3	0	0x00051d20	True
4276	0x00020b1b	0x00041cdc	3	0	0x00051cdc	True
4277	0x00020b2b	0x00042110	3	0	0x00052110	True
4278	0x00020b32	0x00042114	3	0	0x00052114	True
4279	0x00020b41	0x00042110	3	0	0x00052110	True
4280	0x00020b4e	0x00041d30	3	0	0x00051d30	True
4281	0x00020b53	0x00041cc8	3	0	0x00051cc8	True
4282	0x00020b5a	0x000401a0	3	0	0x000501a0	True
4283	0x00020b64	0x00041d28	3	0	0x00051d28	True
4284	0x00020b6e	0x00041d28	3	0	0x00051d28	True
4285	0x00020b75	0x00040104	3	0	0x00050104	True
4286	0x00020b7d	0x00041d0c	3	0	0x00051d0c	True
4287	0x00020b85	0x0003496c	3	0	0x0004496c	True
4288	0x00020b8a	0x00041d0c	3	0	0x00051d0c	True
4289	0x00020b92	0x00041d30	3	0	0x00051d30	True
4290	0x00020b97	0x00034a38	3	0	0x00044a38	True
4291	0x00020ba4	0x00041cc4	3	0	0x00051cc4	True
4292	0x00020bb1	0x00042116	3	0	0x00052116	True
4293	0x00020bb7	0x00041d0c	3	0	0x00051d0c	True
4294	0x00020bc4	0x00040104	3	0	0x00050104	True
4295	0x00020bcd	0x000401a0	3	0	0x000501a0	True
4296	0x00020bd2	0x00041cc8	3	0	0x00051cc8	True
4297	0x00020bda	0x00041cc8	3	0	0x00051cc8	True
4298	0x00020be4	0x000401a0	3	0	0x000501a0	True
4299	0x00020bf3	0x00041d30	3	0	0x00051d30	True
4300	0x00020bfe	0x00041d0c	3	0	0x00051d0c	True
4301	0x00020c04	0x00040104	3	0	0x00050104	True
4302	0x00020c0d	0x00040104	3	0	0x00050104	True
4303	0x00020c1d	0x00040104	3	0	0x00050104	True
4304	0x00020c27	0x00041d28	3	0	0x00051d28	True
4305	0x00020c2f	0x000401a0	3	0	0x000501a0	True
4306	0x00020c36	0x00041cc8	3	0	0x00051cc8	True
4307	0x00020c3c	0x00041d30	3	0	0x00051d30	True
4308	0x00020c42	0x00034970	3	0	0x00044970	True
4309	0x00020c4f	0x00041cc4	3	0	0x00051cc4	True
4310	0x00041cc4	0x00041c60	3	0	0x00051c60	True
4311	0x00041ce4	0x00041c72	3	0	0x00051c72	True
4312	0x00041ce8	0x00041c7b	3	0	0x00051c7b	True
4313	0x00041cf0	0x00041c84	3	0	0x00051c84	True
4314	0x00041d30	0x00034970	3	0	0x00044970	True
4315	0x0004215c	0x00042120	3	0	0x00052120	True
4316	0x00042160	0x00042131	3	0	0x00052131	True
4317	0x00042168	0x00042136	3	0	0x00052136	True
4318	0x00042170	0x0004213b	3	0	0x0005213b	True
4319	0x00042178	0x00042140	3	0	0x00052140	True
4320	0x00042180	0x00042143	3	0	0x00052143	True
4321	0x00042188	0x00042146	3	0	0x00052146	True
4322	0x00042190	0x00042149	3	0	0x00052149	True
4323	0x00042198	0x0004214b	3	0	0x0005214b	True
4324	0x000421a0	0x0004214d	3	0	0x0005214d	True
4325	0x000421a8	0x00042150	3	0	0x00052150	True
4326	0x000421b0	0x00042152	3	0	0x00052152	True
4327	0x000421b8	0x00042156	3	0	0x00052156	True
4328	0x000421c0	0x00042159	3	0	0x00052159	True
4329	0x00020c71	0x000421fd	3	0	0x000521fd	True
4330	0x00020c79	0x00042203	3	0	0x00052203	True
4331	0x00020c85	0x00042230	3	0	0x00052230	True
4332	0x00020c8d	0x00042209	3	0	0x00052209	True
4333	0x00020ca9	0x00042260	3	0	0x00052260	True
4334	0x00020cb1	0x00042260	3	0	0x00052260	True
4335	0x00020cbf	0x00040984	3	0	0x00050984	True
4336	0x00020ce0	0x00042228	3	0	0x00052228	True
4337	0x00020cee	0x00042260	3	0	0x00052260	True
4338	0x00020cf6	0x00042260	3	0	0x00052260	True
4339	0x00020cfe	0x00042264	3	0	0x00052264	True
4340	0x00020d15	0x00042260	3	0	0x00052260	True
4341	0x00020d1e	0x00032ac8	3	0	0x00042ac8	True
4342	0x00020d27	0x0004222c	3	0	0x0005222c	True
4343	0x00020d2d	0x00042272	3	0	0x00052272	True
4344	0x00020d46	0x0004228b	3	0	0x0005228b	True
4345	0x00020d56	0x00042260	3	0	0x00052260	True
4346	0x00020d5e	0x00042260	3	0	0x00052260	True
4347	0x00020d66	0x00042298	3	0	0x00052298	True
4348	0x00020d73	0x000422a1	3	0	0x000522a1	True
4349	0x00020d8b	0x000344a8	3	0	0x000444a8	True
4350	0x00020d9f	0x00020da4	3	0	0x00030da4	True
4351	0x00020da4	0x00020dcc	3	0	0x00030dcc	True
4352	0x00020da8	0x00020de0	3	0	0x00030de0	True
4353	0x00020dac	0x00020e18	3	0	0x00030e18	True
4354	0x00020db0	0x00020e70	3	0	0x00030e70	True
4355	0x00020db4	0x00020e9c	3	0	0x00030e9c	True
4356	0x00020db8	0x00020ec8	3	0	0x00030ec8	True
4357	0x00020dbc	0x00020f33	3	0	0x00030f33	True
4358	0x00020dc0	0x00020f33	3	0	0x00030f33	True
4359	0x00020dc4	0x00020f33	3	0	0x00030f33	True
4360	0x00020dc8	0x00020edc	3	0	0x00030edc	True
4361	0x00020de2	0x000401e4	3	0	0x000501e4	True
4362	0x00020dea	0x000422a6	3	0	0x000522a6	True
4363	0x00020e06	0x000422ac	3	0	0x000522ac	True
4364	0x00020e1a	0x0004021c	3	0	0x0005021c	True
4365	0x00020e2e	0x00034a40	3	0	0x00044a40	True
4366	0x00020e4e	0x000422c0	3	0	0x000522c0	True
4367	0x00020e55	0x000422bc	3	0	0x000522bc	True
4368	0x00020e65	0x000422c5	3	0	0x000522c5	True
4369	0x00020e72	0x00034a40	3	0	0x00044a40	True
4370	0x00020e7b	0x00034a40	3	0	0x00044a40	True
4371	0x00020e8d	0x000422d1	3	0	0x000522d1	True
4372	0x00020e93	0x000422d2	3	0	0x000522d2	True
4373	0x00020ebc	0x000422dc	3	0	0x000522dc	True
4374	0x00020ed1	0x000422b1	3	0	0x000522b1	True
4375	0x00020f07	0x000422e4	3	0	0x000522e4	True
4376	0x00020f17	0x000422f5	3	0	0x000522f5	True
4377	0x00020f27	0x000422f9	3	0	0x000522f9	True
4378	0x00020f47	0x000343cc	3	0	0x000443cc	True
4379	0x00020f50	0x00032d14	3	0	0x00042d14	True
4380	0x00020f57	0x000343cc	3	0	0x000443cc	True
4381	0x00020f61	0x0004304e	3	0	0x0005304e	True
4382	0x00020f6d	0x000343d0	3	0	0x000443d0	True
4383	0x00020f76	0x000343d0	3	0	0x000443d0	True
4384	0x00020f87	0x000343d4	3	0	0x000443d4	True
4385	0x00020f92	0x000343d4	3	0	0x000443d4	True
4386	0x00020f9d	0x000343cc	3	0	0x000443cc	True
4387	0x00020fb4	0x000343d0	3	0	0x000443d0	True
4388	0x00020fc5	0x00042305	3	0	0x00052305	True
4389	0x00020fdd	0x000343d4	3	0	0x000443d4	True
4390	0x00020ff3	0x00042309	3	0	0x00052309	True
4391	0x00021047	0x000343cc	3	0	0x000443cc	True
4392	0x0002108f	0x000343cc	3	0	0x000443cc	True
4393	0x00021098	0x00043048	3	0	0x00053048	True
4394	0x0002109d	0x00042407	3	0	0x00052407	True
4395	0x0002110a	0x00021110	3	0	0x00031110	True
4396	0x00021110	0x00021378	3	0	0x00031378	True
4397	0x00021114	0x0002108c	3	0	0x0003108c	True
4398	0x00021118	0x00021384	3	0	0x00031384	True
4399	0x0002111c	0x0002108c	3	0	0x0003108c	True
4400	0x00021120	0x0002108c	3	0	0x0003108c	True
4401	0x00021124	0x0002108c	3	0	0x0003108c	True
4402	0x00021128	0x0002108c	3	0	0x0003108c	True
4403	0x0002112c	0x00021384	3	0	0x00031384	True
4404	0x00021130	0x00021384	3	0	0x00031384	True
4405	0x00021134	0x00021384	3	0	0x00031384	True
4406	0x00021138	0x00021384	3	0	0x00031384	True
4407	0x0002113c	0x0002108c	3	0	0x0003108c	True
4408	0x00021140	0x000213b8	3	0	0x000313b8	True
4409	0x00021144	0x0002108c	3	0	0x0003108c	True
4410	0x00021148	0x0002108c	3	0	0x0003108c	True
4411	0x0002114c	0x0002108c	3	0	0x0003108c	True
4412	0x00021150	0x0002108c	3	0	0x0003108c	True
4413	0x00021154	0x000213e0	3	0	0x000313e0	True
4414	0x00021158	0x0002108c	3	0	0x0003108c	True
4415	0x0002115c	0x0002108c	3	0	0x0003108c	True
4416	0x00021160	0x0002108c	3	0	0x0003108c	True
4417	0x00021164	0x0002108c	3	0	0x0003108c	True
4418	0x00021168	0x000213ec	3	0	0x000313ec	True
4419	0x0002116c	0x000213f8	3	0	0x000313f8	True
4420	0x00021170	0x0002108c	3	0	0x0003108c	True
4421	0x00021174	0x000213f8	3	0	0x000313f8	True
4422	0x00021178	0x00021404	3	0	0x00031404	True
4423	0x0002117c	0x0002108c	3	0	0x0003108c	True
4424	0x00021180	0x0002108c	3	0	0x0003108c	True
4425	0x00021184	0x0002108c	3	0	0x0003108c	True
4426	0x00021188	0x00021378	3	0	0x00031378	True
4427	0x0002118c	0x0002141c	3	0	0x0003141c	True
4428	0x00021190	0x0002141c	3	0	0x0003141c	True
4429	0x00021194	0x00021428	3	0	0x00031428	True
4430	0x00021198	0x00021428	3	0	0x00031428	True
4431	0x0002119c	0x00021434	3	0	0x00031434	True
4432	0x000211a0	0x00021434	3	0	0x00031434	True
4433	0x000211a4	0x0002108c	3	0	0x0003108c	True
4434	0x000211a8	0x0002108c	3	0	0x0003108c	True
4435	0x000211ac	0x0002108c	3	0	0x0003108c	True
4436	0x000211b0	0x0002108c	3	0	0x0003108c	True
4437	0x000211b4	0x0002108c	3	0	0x0003108c	True
4438	0x000211b8	0x0002108c	3	0	0x0003108c	True
4439	0x000211bc	0x0002108c	3	0	0x0003108c	True
4440	0x000211c0	0x0002108c	3	0	0x0003108c	True
4441	0x000211c4	0x00021440	3	0	0x00031440	True
4442	0x000211ca	0x00032d14	3	0	0x00042d14	True
4443	0x000211d2	0x000423db	3	0	0x000523db	True
4444	0x000211e5	0x000423e1	3	0	0x000523e1	True
4445	0x000211ee	0x00032d14	3	0	0x00042d14	True
4446	0x000211fe	0x00042311	3	0	0x00052311	True
4447	0x0002121a	0x00040fe8	3	0	0x00050fe8	True
4448	0x0002121f	0x00042318	3	0	0x00052318	True
4449	0x0002122a	0x00032d14	3	0	0x00042d14	True
4450	0x00021236	0x000423fb	3	0	0x000523fb	True
4451	0x0002123b	0x00042401	3	0	0x00052401	True
4452	0x0002124e	0x00042460	3	0	0x00052460	True
4453	0x0002125b	0x00032d14	3	0	0x00042d14	True
4454	0x0002126c	0x00042460	3	0	0x00052460	True
4455	0x00021272	0x00042331	3	0	0x00052331	True
4456	0x00021277	0x00033454	3	0	0x00043454	True
4457	0x0002128a	0x00042460	3	0	0x00052460	True
4458	0x00021297	0x00032d14	3	0	0x00042d14	True
4459	0x000212a7	0x00042460	3	0	0x00052460	True
4460	0x000212ad	0x00042350	3	0	0x00052350	True
4461	0x000212ba	0x00042460	3	0	0x00052460	True
4462	0x000212c7	0x00032d14	3	0	0x00042d14	True
4463	0x000212d7	0x00042460	3	0	0x00052460	True
4464	0x000212de	0x00042361	3	0	0x00052361	True
4465	0x000212e6	0x00042460	3	0	0x00052460	True
4466	0x000212f3	0x00032d14	3	0	0x00042d14	True
4467	0x00021303	0x00042460	3	0	0x00052460	True
4468	0x00021309	0x00042380	3	0	0x00052380	True
4469	0x0002130e	0x00033454	3	0	0x00043454	True
4470	0x00021321	0x000423f2	3	0	0x000523f2	True
4471	0x0002132d	0x000423ec	3	0	0x000523ec	True
4472	0x0002133a	0x00032d14	3	0	0x00042d14	True
4473	0x00021342	0x000423b6	3	0	0x000523b6	True
4474	0x0002134d	0x000423bb	3	0	0x000523bb	True
4475	0x0002135a	0x00032d14	3	0	0x00042d14	True
4476	0x00021362	0x000423c1	3	0	0x000523c1	True
4477	0x0002136d	0x000423c6	3	0	0x000523c6	True
4478	0x00021379	0x00042328	3	0	0x00052328	True
4479	0x00021385	0x00032d14	3	0	0x00042d14	True
4480	0x00021399	0x000343cc	3	0	0x000443cc	True
4481	0x000213a2	0x00043048	3	0	0x00053048	True
4482	0x000213a7	0x000423e6	3	0	0x000523e6	True
4483	0x000213bb	0x000343d0	3	0	0x000443d0	True
4484	0x000213cd	0x00042460	3	0	0x00052460	True
4485	0x000213d2	0x0004232f	3	0	0x0005232f	True
4486	0x000213e1	0x000423f7	3	0	0x000523f7	True
4487	0x000213ed	0x000423d1	3	0	0x000523d1	True
4488	0x000213f9	0x000423cb	3	0	0x000523cb	True
4489	0x0002140e	0x00040fe8	3	0	0x00050fe8	True
4490	0x00021413	0x0004231f	3	0	0x0005231f	True
4491	0x0002141d	0x000423a8	3	0	0x000523a8	True
4492	0x00021429	0x000423af	3	0	0x000523af	True
4493	0x00021435	0x000423d6	3	0	0x000523d6	True
4494	0x00021441	0x000423a3	3	0	0x000523a3	True
4495	0x0002144e	0x00032d14	3	0	0x00042d14	True
4496	0x00021456	0x00042395	3	0	0x00052395	True
4497	0x0002145e	0x00032d14	3	0	0x00042d14	True
4498	0x00021466	0x00042397	3	0	0x00052397	True
4499	0x0002146d	0x00042399	3	0	0x00052399	True
4500	0x00021473	0x0004239b	3	0	0x0005239b	True
4501	0x00021478	0x00033454	3	0	0x00043454	True
4502	0x00021485	0x00033454	3	0	0x00043454	True
4503	0x0002148c	0x000343cc	3	0	0x000443cc	True
4504	0x00021495	0x00043048	3	0	0x00053048	True
4505	0x0002149a	0x0004239e	3	0	0x0005239e	True
4506	0x000214a8	0x00042460	3	0	0x00052460	True
4507	0x000214b3	0x000343cc	3	0	0x000443cc	True
4508	0x000214d2	0x000214d8	3	0	0x000314d8	True
4509	0x000214d8	0x0002160c	3	0	0x0003160c	True
4510	0x000214dc	0x00021594	3	0	0x00031594	True
4511	0x000214e0	0x0002162c	3	0	0x0003162c	True
4512	0x000214e4	0x0002162c	3	0	0x0003162c	True
4513	0x000214e8	0x00021594	3	0	0x00031594	True
4514	0x000214ec	0x00021594	3	0	0x00031594	True
4515	0x000214f0	0x00021678	3	0	0x00031678	True
4516	0x000214f4	0x0002169c	3	0	0x0003169c	True
4517	0x000214f8	0x000216b0	3	0	0x000316b0	True
4518	0x0002154a	0x00021550	3	0	0x00031550	True
4519	0x00021550	0x0002170c	3	0	0x0003170c	True
4520	0x00021554	0x0002170c	3	0	0x0003170c	True
4521	0x00021558	0x0002170c	3	0	0x0003170c	True
4522	0x0002155c	0x0002170c	3	0	0x0003170c	True
4523	0x00021560	0x000217fc	3	0	0x000317fc	True
4524	0x00021564	0x000217fc	3	0	0x000317fc	True
4525	0x00021568	0x00021594	3	0	0x00031594	True
4526	0x0002156c	0x00021594	3	0	0x00031594	True
4527	0x00021570	0x00021808	3	0	0x00031808	True
4528	0x00021574	0x00021808	3	0	0x00031808	True
4529	0x00021578	0x00021594	3	0	0x00031594	True
4530	0x0002157c	0x00021594	3	0	0x00031594	True
4531	0x00021580	0x00021594	3	0	0x00031594	True
4532	0x00021584	0x00021594	3	0	0x00031594	True
4533	0x00021588	0x00021594	3	0	0x00031594	True
4534	0x0002158c	0x00021774	3	0	0x00031774	True
4535	0x00021590	0x00021774	3	0	0x00031774	True
4536	0x00021597	0x000343cc	3	0	0x000443cc	True
4537	0x000215a1	0x0004304e	3	0	0x0005304e	True
4538	0x000215be	0x00042228	3	0	0x00052228	True
4539	0x000215cf	0x000343cc	3	0	0x000443cc	True
4540	0x000215d8	0x0004304c	3	0	0x0005304c	True
4541	0x000215e1	0x000343c8	3	0	0x000443c8	True
4542	0x000215ee	0x000343d0	3	0	0x000443d0	True
4543	0x000215fb	0x00042459	3	0	0x00052459	True
4544	0x0002160d	0x000343d0	3	0	0x000443d0	True
4545	0x0002161d	0x000343d0	3	0	0x000443d0	True
4546	0x0002162d	0x000343d0	3	0	0x000443d0	True
4547	0x00021641	0x0004240f	3	0	0x0005240f	True
4548	0x00021650	0x000343cc	3	0	0x000443cc	True
4549	0x0002165d	0x00032d14	3	0	0x00042d14	True
4550	0x0002166d	0x00042412	3	0	0x00052412	True
4551	0x0002167a	0x00040954	3	0	0x00050954	True
4552	0x00021683	0x00040954	3	0	0x00050954	True
4553	0x0002168b	0x00042437	3	0	0x00052437	True
4554	0x0002169e	0x00032d14	3	0	0x00042d14	True
4555	0x000216aa	0x00042430	3	0	0x00052430	True
4556	0x000216b1	0x000343d0	3	0	0x000443d0	True
4557	0x000216bc	0x00032d14	3	0	0x00042d14	True
4558	0x000216c8	0x00042421	3	0	0x00052421	True
4559	0x000216d1	0x000344a8	3	0	0x000444a8	True
4560	0x000216e4	0x00042428	3	0	0x00052428	True
4561	0x000216fa	0x000343d0	3	0	0x000443d0	True
4562	0x0002170e	0x000343d0	3	0	0x000443d0	True
4563	0x0002171d	0x000343cc	3	0	0x000443cc	True
4564	0x00021728	0x000343cc	3	0	0x000443cc	True
4565	0x00021731	0x000344a8	3	0	0x000444a8	True
4566	0x0002173d	0x000344a8	3	0	0x000444a8	True
4567	0x00021746	0x00042456	3	0	0x00052456	True
4568	0x00021754	0x000343d4	3	0	0x000443d4	True
4569	0x00021761	0x000344a8	3	0	0x000444a8	True
4570	0x00021767	0x00032d14	3	0	0x00042d14	True
4571	0x00021776	0x000343dc	3	0	0x000443dc	True
4572	0x00021783	0x000343d4	3	0	0x000443d4	True
4573	0x0002178d	0x000344a8	3	0	0x000444a8	True
4574	0x00021797	0x000343d4	3	0	0x000443d4	True
4575	0x000217aa	0x0004244d	3	0	0x0005244d	True
4576	0x000217b8	0x000343d0	3	0	0x000443d0	True
4577	0x000217c5	0x000343d4	3	0	0x000443d4	True
4578	0x000217cd	0x00042451	3	0	0x00052451	True
4579	0x000217db	0x000343d0	3	0	0x000443d0	True
4580	0x000217ed	0x00042460	3	0	0x00052460	True
4581	0x000217f2	0x0004240d	3	0	0x0005240d	True
4582	0x000217fd	0x00042418	3	0	0x00052418	True
4583	0x0002180a	0x000343d0	3	0	0x000443d0	True
4584	0x00021817	0x000344a8	3	0	0x000444a8	True
4585	0x00021821	0x000343d4	3	0	0x000443d4	True
4586	0x00021834	0x00042440	3	0	0x00052440	True
4587	0x00021842	0x000343c8	3	0	0x000443c8	True
4588	0x0002184a	0x00042444	3	0	0x00052444	True
4589	0x00021859	0x000343d4	3	0	0x000443d4	True
4590	0x00021861	0x00042448	3	0	0x00052448	True
4591	0x0002186f	0x000401e0	3	0	0x000501e0	True
4592	0x00021879	0x000343cc	3	0	0x000443cc	True
4593	0x00021884	0x000343cc	3	0	0x000443cc	True
4594	0x0002188f	0x000343cc	3	0	0x000443cc	True
4595	0x00021898	0x0004245c	3	0	0x0005245c	True
4596	0x000218cb	0x00042464	3	0	0x00052464	True
4597	0x000218d5	0x00042469	3	0	0x00052469	True
4598	0x000218dd	0x0004246e	3	0	0x0005246e	True
4599	0x000218e5	0x00042474	3	0	0x00052474	True
4600	0x000218ed	0x0004247a	3	0	0x0005247a	True
4601	0x000218f5	0x00042480	3	0	0x00052480	True
4602	0x00021928	0x00032d14	3	0	0x00042d14	True
4603	0x00021932	0x000344a8	3	0	0x000444a8	True
4604	0x00021945	0x00042486	3	0	0x00052486	True
4605	0x0002198a	0x00042228	3	0	0x00052228	True
4606	0x000219a7	0x0004248e	3	0	0x0005248e	True
4607	0x000219bf	0x000219c4	3	0	0x000319c4	True
4608	0x000219c4	0x00021a2c	3	0	0x00031a2c	True
4609	0x000219c8	0x00021a70	3	0	0x00031a70	True
4610	0x000219cc	0x00021ae2	3	0	0x00031ae2	True
4611	0x000219d0	0x00021abd	3	0	0x00031abd	True
4612	0x000219d4	0x00021aa4	3	0	0x00031aa4	True
4613	0x000219d8	0x00021abd	3	0	0x00031abd	True
4614	0x000219dc	0x00021aa4	3	0	0x00031aa4	True
4615	0x000219e0	0x00021acc	3	0	0x00031acc	True
4616	0x000219e4	0x00021b0c	3	0	0x00031b0c	True
4617	0x000219e8	0x00021ae2	3	0	0x00031ae2	True
4618	0x000219ec	0x00021a70	3	0	0x00031a70	True
4619	0x000219f0	0x00021a14	3	0	0x00031a14	True
4620	0x000219f4	0x00021b24	3	0	0x00031b24	True
4621	0x000219f8	0x00021a14	3	0	0x00031a14	True
4622	0x000219fc	0x00021b60	3	0	0x00031b60	True
4623	0x00021a00	0x00021bbc	3	0	0x00031bbc	True
4624	0x00021a04	0x00021a14	3	0	0x00031a14	True
4625	0x00021a08	0x00021a14	3	0	0x00031a14	True
4626	0x00021a0c	0x00021abd	3	0	0x00031abd	True
4627	0x00021a10	0x00021bcc	3	0	0x00031bcc	True
4628	0x00021a1b	0x00042228	3	0	0x00052228	True
4629	0x00021a2d	0x000344a8	3	0	0x000444a8	True
4630	0x00021a3a	0x000343cc	3	0	0x000443cc	True
4631	0x00021a65	0x00042492	3	0	0x00052492	True
4632	0x00021a72	0x00032d14	3	0	0x00042d14	True
4633	0x00021a86	0x00032d14	3	0	0x00042d14	True
4634	0x00021a9d	0x000424ea	3	0	0x000524ea	True
4635	0x00021ab1	0x00042495	3	0	0x00052495	True
4636	0x00021ace	0x000401ac	3	0	0x000501ac	True
4637	0x00021ad6	0x000424c3	3	0	0x000524c3	True
4638	0x00021af1	0x000424d8	3	0	0x000524d8	True
4639	0x00021b05	0x000424d0	3	0	0x000524d0	True
4640	0x00021b19	0x000424bc	3	0	0x000524bc	True
4641	0x00021b25	0x000424ee	3	0	0x000524ee	True
4642	0x00021b50	0x000424f3	3	0	0x000524f3	True
4643	0x00021b62	0x000401ac	3	0	0x000501ac	True
4644	0x00021b76	0x00042498	3	0	0x00052498	True
4645	0x00021b81	0x00040990	3	0	0x00050990	True
4646	0x00021b89	0x000424a5	3	0	0x000524a5	True
4647	0x00021ba1	0x000424b2	3	0	0x000524b2	True
4648	0x00021bae	0x00040140	3	0	0x00050140	True
4649	0x00021bb3	0x000424b9	3	0	0x000524b9	True
4650	0x00021bc0	0x000424e6	3	0	0x000524e6	True
4651	0x00021bdd	0x000424fa	3	0	0x000524fa	True
4652	0x00021bf3	0x000424da	3	0	0x000524da	True
4653	0x00021c0f	0x000424dd	3	0	0x000524dd	True
4654	0x00021c19	0x000424df	3	0	0x000524df	True
4655	0x00021c1f	0x000424e0	3	0	0x000524e0	True
4656	0x00021c4e	0x00032d14	3	0	0x00042d14	True
4657	0x00021c6f	0x000424fd	3	0	0x000524fd	True
4658	0x00021c98	0x00042228	3	0	0x00052228	True
4659	0x00021cbd	0x000424ff	3	0	0x000524ff	True
4660	0x00021cd0	0x000344a4	3	0	0x000444a4	True
4661	0x00021ced	0x00042502	3	0	0x00052502	True
4662	0x00021d09	0x00042505	3	0	0x00052505	True
4663	0x00021d17	0x000344a4	3	0	0x000444a4	True
4664	0x00021d34	0x00042507	3	0	0x00052507	True
4665	0x00021d4c	0x0004250a	3	0	0x0005250a	True
4666	0x00021d62	0x0004250e	3	0	0x0005250e	True
4667	0x00021d8b	0x00042510	3	0	0x00052510	True
4668	0x00021d95	0x00042512	3	0	0x00052512	True
4669	0x00021d9b	0x00042513	3	0	0x00052513	True
4670	0x00021db7	0x000401e4	3	0	0x000501e4	True
4671	0x00021dc3	0x000401f8	3	0	0x000501f8	True
4672	0x00021dca	0x00042519	3	0	0x00052519	True
4673	0x00021dfc	0x00042525	3	0	0x00052525	True
4674	0x00021e1a	0x0004253c	3	0	0x0005253c	True
4675	0x00021e23	0x00042538	3	0	0x00052538	True
4676	0x00021e2a	0x0004252b	3	0	0x0005252b	True
4677	0x00021e37	0x000447f4	3	0	0x000547f4	True
4678	0x00021e3e	0x000447f0	3	0	0x000547f0	True
4679	0x00021e47	0x000447f0	3	0	0x000547f0	True
4680	0x00021e51	0x000447f0	3	0	0x000547f0	True
4681	0x00021e65	0x00042534	3	0	0x00052534	True
4682	0x00021e7a	0x0004253c	3	0	0x0005253c	True
4683	0x00021e82	0x00042540	3	0	0x00052540	True
4684	0x00021e91	0x00042538	3	0	0x00052538	True
4685	0x00021e97	0x00042538	3	0	0x00052538	True
4686	0x00021ea0	0x00042547	3	0	0x00052547	True
4687	0x00021ead	0x0004253c	3	0	0x0005253c	True
4688	0x00021eb3	0x0004253c	3	0	0x0005253c	True
4689	0x00021ebc	0x0004254d	3	0	0x0005254d	True
4690	0x00021eeb	0x00042228	3	0	0x00052228	True
4691	0x00021ef9	0x00042552	3	0	0x00052552	True
4692	0x00021f01	0x00042555	3	0	0x00052555	True
4693	0x00021f09	0x00042558	3	0	0x00052558	True
4694	0x00021f11	0x0004255b	3	0	0x0005255b	True
4695	0x00021f19	0x0004254f	3	0	0x0005254f	True
4696	0x00021fac	0x00042228	3	0	0x00052228	True
4697	0x00021ffc	0x0004255e	3	0	0x0005255e	True
4698	0x00022022	0x00042573	3	0	0x00052573	True
4699	0x0002203d	0x00042585	3	0	0x00052585	True
4700	0x00022064	0x00042591	3	0	0x00052591	True
4701	0x0002207b	0x00042260	3	0	0x00052260	True
4702	0x00022083	0x00042260	3	0	0x00052260	True
4703	0x00022095	0x00042248	3	0	0x00052248	True
4704	0x0002209b	0x000425a6	3	0	0x000525a6	True
4705	0x000220d3	0x00031110	3	0	0x00041110	True
4706	0x000220df	0x00031110	3	0	0x00041110	True
4707	0x000220e5	0x00031111	3	0	0x00041111	True
4708	0x0002217d	0x000425b1	3	0	0x000525b1	True
4709	0x0002218e	0x000425b6	3	0	0x000525b6	True
4710	0x0002219c	0x00031110	3	0	0x00041110	True
4711	0x000221c8	0x000425bb	3	0	0x000525bb	True
4712	0x000221f8	0x000425cd	3	0	0x000525cd	True
4713	0x00022222	0x000425e5	3	0	0x000525e5	True
4714	0x00022241	0x00042606	3	0	0x00052606	True
4715	0x0002225f	0x000447f4	3	0	0x000547f4	True
4716	0x00022266	0x000447f0	3	0	0x000547f0	True
4717	0x0002226f	0x000447f0	3	0	0x000547f0	True
4718	0x00022279	0x000447f0	3	0	0x000547f0	True
4719	0x0002228a	0x0004260b	3	0	0x0005260b	True
4720	0x000222aa	0x00044131	3	0	0x00054131	True
4721	0x000222bc	0x000447f4	3	0	0x000547f4	True
4722	0x000222c3	0x000447f0	3	0	0x000547f0	True
4723	0x000222cc	0x000447f0	3	0	0x000547f0	True
4724	0x000222d5	0x000447f0	3	0	0x000547f0	True
4725	0x000222eb	0x00042614	3	0	0x00052614	True
4726	0x0002230d	0x0004261d	3	0	0x0005261d	True
4727	0x00022318	0x00042618	3	0	0x00052618	True
4728	0x00022335	0x00042611	3	0	0x00052611	True
4729	0x00022346	0x000447f4	3	0	0x000547f4	True
4730	0x0002234d	0x000447f0	3	0	0x000547f0	True
4731	0x00022356	0x000447f0	3	0	0x000547f0	True
4732	0x0002235d	0x000447f0	3	0	0x000547f0	True
4733	0x00022379	0x000447f4	3	0	0x000547f4	True
4734	0x00022380	0x000447f0	3	0	0x000547f0	True
4735	0x00022389	0x000447f0	3	0	0x000547f0	True
4736	0x00022391	0x000447f0	3	0	0x000547f0	True
4737	0x000223a2	0x000447f4	3	0	0x000547f4	True
4738	0x000223a9	0x000447f0	3	0	0x000547f0	True
4739	0x000223b4	0x000447f0	3	0	0x000547f0	True
4740	0x000223bd	0x000447f0	3	0	0x000547f0	True
4741	0x000223e1	0x000447f4	3	0	0x000547f4	True
4742	0x000223e8	0x000447f0	3	0	0x000547f0	True
4743	0x000223f1	0x000447f0	3	0	0x000547f0	True
4744	0x000223f9	0x000447f0	3	0	0x000547f0	True
4745	0x00022409	0x000447f4	3	0	0x000547f4	True
4746	0x00022410	0x000447f0	3	0	0x000547f0	True
4747	0x00022419	0x000447f0	3	0	0x000547f0	True
4748	0x00022425	0x000447f0	3	0	0x000547f0	True
4749	0x0002245c	0x00022460	3	0	0x00032460	True
4750	0x00022460	0x00022480	3	0	0x00032480	True
4751	0x00022464	0x00022540	3	0	0x00032540	True
4752	0x00022468	0x000225bc	3	0	0x000325bc	True
4753	0x0002246c	0x000225cc	3	0	0x000325cc	True
4754	0x00022470	0x000225e4	3	0	0x000325e4	True
4755	0x00022474	0x00022622	3	0	0x00032622	True
4756	0x00022478	0x00022618	3	0	0x00032618	True
4757	0x0002247c	0x00022608	3	0	0x00032608	True
4758	0x000224ca	0x00042621	3	0	0x00052621	True
4759	0x000224da	0x0004262d	3	0	0x0005262d	True
4760	0x000224e8	0x00042637	3	0	0x00052637	True
4761	0x00022524	0x00042642	3	0	0x00052642	True
4762	0x00022534	0x0004264d	3	0	0x0005264d	True
4763	0x00022554	0x000401ac	3	0	0x000501ac	True
4764	0x0002255c	0x00042657	3	0	0x00052657	True
4765	0x00022565	0x00042663	3	0	0x00052663	True
4766	0x00022579	0x0004266a	3	0	0x0005266a	True
4767	0x0002258e	0x00042676	3	0	0x00052676	True
4768	0x0002259e	0x00042678	3	0	0x00052678	True
4769	0x000225ab	0x0004267d	3	0	0x0005267d	True
4770	0x000225cd	0x00042260	3	0	0x00052260	True
4771	0x000225d8	0x00042248	3	0	0x00052248	True
4772	0x000225de	0x0004267f	3	0	0x0005267f	True
4773	0x0002260c	0x0004268a	3	0	0x0005268a	True
4774	0x0002263c	0x00042228	3	0	0x00052228	True
4775	0x0002266b	0x00042228	3	0	0x00052228	True
4776	0x000226a7	0x00042228	3	0	0x00052228	True
4777	0x000226c2	0x00042228	3	0	0x00052228	True
4778	0x000226d2	0x00042697	3	0	0x00052697	True
4779	0x000226e9	0x000426a3	3	0	0x000526a3	True
4780	0x00022700	0x00044004	3	0	0x00054004	True
4781	0x0002270a	0x00044004	3	0	0x00054004	True
4782	0x00022712	0x00040110	3	0	0x00050110	True
4783	0x00022719	0x000400f0	3	0	0x000500f0	True
4784	0x0002271e	0x00044004	3	0	0x00054004	True
4785	0x00022743	0x00042228	3	0	0x00052228	True
4786	0x00022750	0x00022438	3	0	0x00032438	True
4787	0x00022755	0x00022628	3	0	0x00032628	True
4788	0x0002276d	0x00042260	3	0	0x00052260	True
4789	0x00022786	0x00042248	3	0	0x00052248	True
4790	0x0002278c	0x000426a6	3	0	0x000526a6	True
4791	0x000227a5	0x00044004	3	0	0x00054004	True
4792	0x000227ab	0x000400f0	3	0	0x000500f0	True
4793	0x000227bb	0x00040164	3	0	0x00050164	True
4794	0x000227c2	0x0004222c	3	0	0x0005222c	True
4795	0x000227c9	0x00032ac8	3	0	0x00042ac8	True
4796	0x000227d1	0x000426b1	3	0	0x000526b1	True
4797	0x000227d9	0x000426b6	3	0	0x000526b6	True
4798	0x000227df	0x000426bc	3	0	0x000526bc	True
4799	0x000227ec	0x000426c8	3	0	0x000526c8	True
4800	0x000227fa	0x00040984	3	0	0x00050984	True
4801	0x0002280f	0x000426d0	3	0	0x000526d0	True
4802	0x00022823	0x000401ac	3	0	0x000501ac	True
4803	0x0002282b	0x00040990	3	0	0x00050990	True
4804	0x00022833	0x00040998	3	0	0x00050998	True
4805	0x0002283b	0x00040994	3	0	0x00050994	True
4806	0x00022844	0x00040140	3	0	0x00050140	True
4807	0x00022849	0x000426de	3	0	0x000526de	True
4808	0x00022857	0x00040a50	3	0	0x00050a50	True
4809	0x00022860	0x00040178	3	0	0x00050178	True
4810	0x00022866	0x00040174	3	0	0x00050174	True
4811	0x0002286b	0x000426f3	3	0	0x000526f3	True
4812	0x00022879	0x00040140	3	0	0x00050140	True
4813	0x0002287f	0x00040140	3	0	0x00050140	True
4814	0x00022885	0x00040178	3	0	0x00050178	True
4815	0x0002288a	0x00042700	3	0	0x00052700	True
4816	0x0002289a	0x00040140	3	0	0x00050140	True
4817	0x000228a0	0x00040140	3	0	0x00050140	True
4818	0x000228a6	0x00040140	3	0	0x00050140	True
4819	0x000228ac	0x00040140	3	0	0x00050140	True
4820	0x000228b1	0x00042722	3	0	0x00052722	True
4821	0x000228be	0x00032d84	3	0	0x00042d84	True
4822	0x000228c3	0x00022924	3	0	0x00032924	True
4823	0x000228d1	0x000401e8	3	0	0x000501e8	True
4824	0x000228d9	0x0004274c	3	0	0x0005274c	True
4825	0x000228e6	0x00032d84	3	0	0x00042d84	True
4826	0x000228eb	0x00022970	3	0	0x00032970	True
4827	0x000228f8	0x00032d84	3	0	0x00042d84	True
4828	0x000228fd	0x0002298c	3	0	0x0003298c	True
4829	0x0002290f	0x00032d84	3	0	0x00042d84	True
4830	0x00022914	0x00021f20	3	0	0x00031f20	True
4831	0x00022962	0x00042761	3	0	0x00052761	True
4832	0x000229c8	0x00040840	3	0	0x00050840	True
4833	0x000229df	0x0004276d	3	0	0x0005276d	True
4834	0x000229ff	0x00042228	3	0	0x00052228	True
4835	0x00022a1d	0x00042784	3	0	0x00052784	True
4836	0x00022a37	0x0004277a	3	0	0x0005277a	True
4837	0x00022a41	0x00042776	3	0	0x00052776	True
4838	0x00022a47	0x0004277f	3	0	0x0005277f	True
4839	0x00042228	0x000421d0	3	0	0x000521d0	True
4840	0x00042230	0x000421e2	3	0	0x000521e2	True
4841	0x00042234	0x000421e3	3	0	0x000521e3	True
4842	0x00042238	0x000421e8	3	0	0x000521e8	True
4843	0x0004223c	0x000421ed	3	0	0x000521ed	True
4844	0x00042240	0x000421f2	3	0	0x000521f2	True
4845	0x00042244	0x000421f7	3	0	0x000521f7	True
4846	0x00022a63	0x000343e0	3	0	0x000443e0	True
4847	0x00022a83	0x00034a44	3	0	0x00044a44	True
4848	0x00022a9c	0x00034a6c	3	0	0x00044a6c	True
4849	0x00022ab3	0x000427e8	3	0	0x000527e8	True
4850	0x00022abc	0x000427e8	3	0	0x000527e8	True
4851	0x00022ac9	0x00041308	3	0	0x00051308	True
4852	0x00022ace	0x000427e8	3	0	0x000527e8	True
4853	0x00022adb	0x000427e8	3	0	0x000527e8	True
4854	0x00022ae8	0x0004130c	3	0	0x0005130c	True
4855	0x00022af1	0x000343e0	3	0	0x000443e0	True
4856	0x00022b51	0x000343a4	3	0	0x000443a4	True
4857	0x00022b9b	0x000343a4	3	0	0x000443a4	True
4858	0x00022bbb	0x00022bc0	3	0	0x00032bc0	True
4859	0x00022bc0	0x00022c1c	3	0	0x00032c1c	True
4860	0x00022bc4	0x00022b99	3	0	0x00032b99	True
4861	0x00022bc8	0x00022c30	3	0	0x00032c30	True
4862	0x00022bcc	0x00022b99	3	0	0x00032b99	True
4863	0x00022bd0	0x00022b99	3	0	0x00032b99	True
4864	0x00022bd4	0x00022c44	3	0	0x00032c44	True
4865	0x00022bd8	0x00022c7c	3	0	0x00032c7c	True
4866	0x00022bdc	0x00022ca0	3	0	0x00032ca0	True
4867	0x00022be0	0x00022b99	3	0	0x00032b99	True
4868	0x00022be4	0x00022cb8	3	0	0x00032cb8	True
4869	0x00022c5c	0x000427a4	3	0	0x000527a4	True
4870	0x00022d06	0x000427a4	3	0	0x000527a4	True
4871	0x00022d31	0x000427a4	3	0	0x000527a4	True
4872	0x00022d47	0x000427f0	3	0	0x000527f0	True
4873	0x00022d5d	0x00041290	3	0	0x00051290	True
4874	0x00022d75	0x00041310	3	0	0x00051310	True
4875	0x00022d7a	0x000427a8	3	0	0x000527a8	True
4876	0x00022d7f	0x000427e8	3	0	0x000527e8	True
4877	0x00022d86	0x000427d4	3	0	0x000527d4	True
4878	0x00022d96	0x000427e8	3	0	0x000527e8	True
4879	0x00022da3	0x00041308	3	0	0x00051308	True
4880	0x00022da8	0x000427e8	3	0	0x000527e8	True
4881	0x00022db5	0x000427e8	3	0	0x000527e8	True
4882	0x00022dc2	0x0004130c	3	0	0x0005130c	True
4883	0x00022deb	0x000427a4	3	0	0x000527a4	True
4884	0x00022e09	0x000343e0	3	0	0x000443e0	True
4885	0x00022e18	0x0003497c	3	0	0x0004497c	True
4886	0x00022e31	0x00034a6c	3	0	0x00044a6c	True
4887	0x00022e41	0x000427f0	3	0	0x000527f0	True
4888	0x00022ed2	0x000427a8	3	0	0x000527a8	True
4889	0x00022eda	0x000427a8	3	0	0x000527a8	True
4890	0x00022ee7	0x000427a8	3	0	0x000527a8	True
4891	0x00022ef9	0x00040e4c	3	0	0x00050e4c	True
4892	0x00022f2c	0x000427f0	3	0	0x000527f0	True
4893	0x00022f35	0x000427f0	3	0	0x000527f0	True
4894	0x00022f53	0x000427a4	3	0	0x000527a4	True
4895	0x00022f61	0x00042818	3	0	0x00052818	True
4896	0x00022f7f	0x00042818	3	0	0x00052818	True
4897	0x00022f91	0x000427a8	3	0	0x000527a8	True
4898	0x00022f99	0x000427a8	3	0	0x000527a8	True
4899	0x00022fae	0x00040e4c	3	0	0x00050e4c	True
4900	0x00022fdb	0x00022fe0	3	0	0x00032fe0	True
4901	0x00022fe0	0x000230a8	3	0	0x000330a8	True
4902	0x00022fe4	0x00023038	3	0	0x00033038	True
4903	0x00022fe8	0x00023064	3	0	0x00033064	True
4904	0x00022fec	0x00023028	3	0	0x00033028	True
4905	0x00022ff0	0x00023090	3	0	0x00033090	True
4906	0x00022ff4	0x00023090	3	0	0x00033090	True
4907	0x00022ff8	0x00023038	3	0	0x00033038	True
4908	0x00022ffc	0x00023038	3	0	0x00033038	True
4909	0x00023000	0x000230c9	3	0	0x000330c9	True
4910	0x00023004	0x000230a8	3	0	0x000330a8	True
4911	0x00023008	0x0002306f	3	0	0x0003306f	True
4912	0x0002300c	0x0002306f	3	0	0x0003306f	True
4913	0x00023010	0x000230a8	3	0	0x000330a8	True
4914	0x00023014	0x0002305b	3	0	0x0003305b	True
4915	0x00023018	0x000230a8	3	0	0x000330a8	True
4916	0x0002301c	0x000230a8	3	0	0x000330a8	True
4917	0x00023020	0x00023048	3	0	0x00033048	True
4918	0x00023024	0x00023064	3	0	0x00033064	True
4919	0x0002304f	0x000427a4	3	0	0x000527a4	True
4920	0x000230f2	0x000230f8	3	0	0x000330f8	True
4921	0x000230f8	0x00023128	3	0	0x00033128	True
4922	0x000230fc	0x00023138	3	0	0x00033138	True
4923	0x00023100	0x00023128	3	0	0x00033128	True
4924	0x00023104	0x00023168	3	0	0x00033168	True
4925	0x00023108	0x00023128	3	0	0x00033128	True
4926	0x0002310c	0x00023128	3	0	0x00033128	True
4927	0x00023117	0x000427a4	3	0	0x000527a4	True
4928	0x000427a4	0x00042790	3	0	0x00052790	True
4929	0x000427e8	0x000427ac	3	0	0x000527ac	True
4930	0x000427ec	0x000427c0	3	0	0x000527c0	True
4931	0x0002319d	0x000343cc	3	0	0x000443cc	True
4932	0x000231aa	0x0004304e	3	0	0x0005304e	True
4933	0x000231af	0x000428c8	3	0	0x000528c8	True
4934	0x000231b9	0x00032d14	3	0	0x00042d14	True
4935	0x000231c4	0x000343dc	3	0	0x000443dc	True
4936	0x000231ca	0x000343d8	3	0	0x000443d8	True
4937	0x000231d0	0x000343c8	3	0	0x000443c8	True
4938	0x000231d6	0x000343c4	3	0	0x000443c4	True
4939	0x000231de	0x000343d4	3	0	0x000443d4	True
4940	0x000231e4	0x000343d0	3	0	0x000443d0	True
4941	0x000231f0	0x000343d0	3	0	0x000443d0	True
4942	0x000231f8	0x000343c4	3	0	0x000443c4	True
4943	0x00023201	0x000343c4	3	0	0x000443c4	True
4944	0x00023209	0x000343d0	3	0	0x000443d0	True
4945	0x00023212	0x000343d8	3	0	0x000443d8	True
4946	0x00023218	0x000428c8	3	0	0x000528c8	True
4947	0x00023223	0x000343d4	3	0	0x000443d4	True
4948	0x0002322b	0x000343c8	3	0	0x000443c8	True
4949	0x00023234	0x000343c8	3	0	0x000443c8	True
4950	0x0002323e	0x000343cc	3	0	0x000443cc	True
4951	0x00023247	0x000343d4	3	0	0x000443d4	True
4952	0x00023250	0x000343dc	3	0	0x000443dc	True
4953	0x00023261	0x00031130	3	0	0x00041130	True
4954	0x0002326a	0x00040254	3	0	0x00050254	True
4955	0x00023279	0x000428d4	3	0	0x000528d4	True
4956	0x0002327f	0x00034af4	3	0	0x00044af4	True
4957	0x00023289	0x00034ae8	3	0	0x00044ae8	True
4958	0x00023290	0x000428bc	3	0	0x000528bc	True
4959	0x0002329f	0x00034ae4	3	0	0x00044ae4	True
4960	0x000232a7	0x000428e4	3	0	0x000528e4	True
4961	0x000232ac	0x00034bf0	3	0	0x00044bf0	True
4962	0x000232b1	0x00041158	3	0	0x00051158	True
4963	0x000232b6	0x00040ca4	3	0	0x00050ca4	True
4964	0x000232bb	0x00034aec	3	0	0x00044aec	True
4965	0x000232c0	0x00034af8	3	0	0x00044af8	True
4966	0x000232c5	0x000428a8	3	0	0x000528a8	True
4967	0x000232ca	0x000428b0	3	0	0x000528b0	True
4968	0x000232cf	0x000428ac	3	0	0x000528ac	True
4969	0x000232d4	0x000428b8	3	0	0x000528b8	True
4970	0x000232d9	0x000428b4	3	0	0x000528b4	True
4971	0x000232de	0x000428d0	3	0	0x000528d0	True
4972	0x000232e3	0x000428cc	3	0	0x000528cc	True
4973	0x000232f8	0x00040128	3	0	0x00050128	True
4974	0x0002331e	0x00034ae4	3	0	0x00044ae4	True
4975	0x0002332a	0x00031130	3	0	0x00041130	True
4976	0x00023334	0x00034af8	3	0	0x00044af8	True
4977	0x0002335a	0x00031130	3	0	0x00041130	True
4978	0x0002337c	0x00040254	3	0	0x00050254	True
4979	0x00023394	0x00034af8	3	0	0x00044af8	True
4980	0x00023399	0x00034af4	3	0	0x00044af4	True
4981	0x0002339f	0x00034bf0	3	0	0x00044bf0	True
4982	0x000233c1	0x00034afc	3	0	0x00044afc	True
4983	0x000233c8	0x00034af0	3	0	0x00044af0	True
4984	0x000233d8	0x000343cc	3	0	0x000443cc	True
4985	0x000233e1	0x0004304c	3	0	0x0005304c	True
4986	0x000233ed	0x0004304c	3	0	0x0005304c	True
4987	0x00023400	0x000343cc	3	0	0x000443cc	True
4988	0x00023414	0x00023418	3	0	0x00033418	True
4989	0x00023418	0x00023718	3	0	0x00033718	True
4990	0x0002341c	0x00024184	3	0	0x00034184	True
4991	0x00023420	0x00024184	3	0	0x00034184	True
4992	0x00023424	0x000237c0	3	0	0x000337c0	True
4993	0x00023428	0x00024184	3	0	0x00034184	True
4994	0x0002342c	0x000237e0	3	0	0x000337e0	True
4995	0x00023430	0x00024184	3	0	0x00034184	True
4996	0x00023434	0x000239f1	3	0	0x000339f1	True
4997	0x00023438	0x00023f68	3	0	0x00033f68	True
4998	0x0002343c	0x00023824	3	0	0x00033824	True
4999	0x00023440	0x00023844	3	0	0x00033844	True
5000	0x00023444	0x00023fac	3	0	0x00033fac	True
5001	0x00023448	0x00023860	3	0	0x00033860	True
5002	0x0002344c	0x000238f0	3	0	0x000338f0	True
5003	0x00023450	0x00023977	3	0	0x00033977	True
5004	0x00023454	0x00023948	3	0	0x00033948	True
5005	0x00023458	0x00023bac	3	0	0x00033bac	True
5006	0x0002345c	0x00023f74	3	0	0x00033f74	True
5007	0x00023460	0x00023bb8	3	0	0x00033bb8	True
5008	0x00023464	0x00024184	3	0	0x00034184	True
5009	0x00023468	0x00024184	3	0	0x00034184	True
5010	0x0002346c	0x00023bc4	3	0	0x00033bc4	True
5011	0x00023470	0x00023bc4	3	0	0x00033bc4	True
5012	0x00023474	0x00023bc4	3	0	0x00033bc4	True
5013	0x00023478	0x00023bc4	3	0	0x00033bc4	True
5014	0x0002347c	0x00024184	3	0	0x00034184	True
5015	0x00023480	0x00024184	3	0	0x00034184	True
5016	0x00023484	0x00024184	3	0	0x00034184	True
5017	0x00023488	0x00024184	3	0	0x00034184	True
5018	0x0002348c	0x00023bcc	3	0	0x00033bcc	True
5019	0x00023490	0x000237e0	3	0	0x000337e0	True
5020	0x00023494	0x000237e0	3	0	0x000337e0	True
5021	0x00023498	0x00023bf8	3	0	0x00033bf8	True
5022	0x0002349c	0x000237e0	3	0	0x000337e0	True
5023	0x000234a0	0x00024184	3	0	0x00034184	True
5024	0x000234a4	0x00024184	3	0	0x00034184	True
5025	0x000234a8	0x00023c10	3	0	0x00033c10	True
5026	0x000234ac	0x00023c10	3	0	0x00033c10	True
5027	0x000234b0	0x00023c10	3	0	0x00033c10	True
5028	0x000234b4	0x00023c10	3	0	0x00033c10	True
5029	0x000234b8	0x00023c10	3	0	0x00033c10	True
5030	0x000234bc	0x00023c10	3	0	0x00033c10	True
5031	0x000234c0	0x00023c10	3	0	0x00033c10	True
5032	0x000234c4	0x00023c7c	3	0	0x00033c7c	True
5033	0x000234c8	0x00023ce7	3	0	0x00033ce7	True
5034	0x000234cc	0x00024184	3	0	0x00034184	True
5035	0x000234d0	0x00023c8c	3	0	0x00033c8c	True
5036	0x000234d4	0x00024184	3	0	0x00034184	True
5037	0x000234d8	0x00023c7c	3	0	0x00033c7c	True
5038	0x000234dc	0x00023cc8	3	0	0x00033cc8	True
5039	0x000234e0	0x00023c8c	3	0	0x00033c8c	True
5040	0x000234e4	0x00023cc8	3	0	0x00033cc8	True
5041	0x000234e8	0x00023d32	3	0	0x00033d32	True
5042	0x000234ec	0x00024184	3	0	0x00034184	True
5043	0x000234f0	0x00023d28	3	0	0x00033d28	True
5044	0x000234f4	0x00023d32	3	0	0x00033d32	True
5045	0x000234f8	0x00024184	3	0	0x00034184	True
5046	0x000234fc	0x00023d5c	3	0	0x00033d5c	True
5047	0x00023500	0x00023d5c	3	0	0x00033d5c	True
5048	0x00023504	0x00024184	3	0	0x00034184	True
5049	0x00023508	0x00024184	3	0	0x00034184	True
5050	0x0002350c	0x00024184	3	0	0x00034184	True
5051	0x00023510	0x00024184	3	0	0x00034184	True
5052	0x00023514	0x00024184	3	0	0x00034184	True
5053	0x00023518	0x00024184	3	0	0x00034184	True
5054	0x0002351c	0x00024184	3	0	0x00034184	True
5055	0x00023520	0x00024184	3	0	0x00034184	True
5056	0x00023524	0x00024184	3	0	0x00034184	True
5057	0x00023528	0x00024184	3	0	0x00034184	True
5058	0x0002352c	0x00024184	3	0	0x00034184	True
5059	0x00023530	0x00024184	3	0	0x00034184	True
5060	0x00023534	0x00024184	3	0	0x00034184	True
5061	0x00023538	0x00024184	3	0	0x00034184	True
5062	0x0002353c	0x00024184	3	0	0x00034184	True
5063	0x00023540	0x00024184	3	0	0x00034184	True
5064	0x00023544	0x00024184	3	0	0x00034184	True
5065	0x00023548	0x00024184	3	0	0x00034184	True
5066	0x0002354c	0x00024184	3	0	0x00034184	True
5067	0x00023550	0x00024184	3	0	0x00034184	True
5068	0x00023554	0x00024184	3	0	0x00034184	True
5069	0x00023558	0x00024184	3	0	0x00034184	True
5070	0x0002355c	0x00023c8c	3	0	0x00033c8c	True
5071	0x00023560	0x00023c8c	3	0	0x00033c8c	True
5072	0x00023564	0x00024184	3	0	0x00034184	True
5073	0x00023568	0x00024184	3	0	0x00034184	True
5074	0x0002356c	0x00024184	3	0	0x00034184	True
5075	0x00023570	0x00024184	3	0	0x00034184	True
5076	0x00023574	0x00024184	3	0	0x00034184	True
5077	0x00023578	0x00024184	3	0	0x00034184	True
5078	0x0002357c	0x00024184	3	0	0x00034184	True
5079	0x00023580	0x00024184	3	0	0x00034184	True
5080	0x00023584	0x00023c8c	3	0	0x00033c8c	True
5081	0x00023588	0x00023c8c	3	0	0x00033c8c	True
5082	0x0002358c	0x00024184	3	0	0x00034184	True
5083	0x00023590	0x00024184	3	0	0x00034184	True
5084	0x00023594	0x00024184	3	0	0x00034184	True
5085	0x00023598	0x00024184	3	0	0x00034184	True
5086	0x0002359c	0x00024184	3	0	0x00034184	True
5087	0x000235a0	0x00024184	3	0	0x00034184	True
5088	0x000235a4	0x00024184	3	0	0x00034184	True
5089	0x000235a8	0x00024184	3	0	0x00034184	True
5090	0x000235ac	0x00024184	3	0	0x00034184	True
5091	0x000235b0	0x00024184	3	0	0x00034184	True
5092	0x000235b4	0x00024184	3	0	0x00034184	True
5093	0x000235b8	0x00024184	3	0	0x00034184	True
5094	0x000235bc	0x00024184	3	0	0x00034184	True
5095	0x000235c0	0x00024184	3	0	0x00034184	True
5096	0x000235c4	0x00024184	3	0	0x00034184	True
5097	0x000235c8	0x00024184	3	0	0x00034184	True
5098	0x000235cc	0x00024184	3	0	0x00034184	True
5099	0x000235d0	0x00024184	3	0	0x00034184	True
5100	0x000235d4	0x00024184	3	0	0x00034184	True
5101	0x000235d8	0x00024184	3	0	0x00034184	True
5102	0x000235dc	0x00024184	3	0	0x00034184	True
5103	0x000235e0	0x00024184	3	0	0x00034184	True
5104	0x000235e4	0x00024184	3	0	0x00034184	True
5105	0x000235e8	0x00024184	3	0	0x00034184	True
5106	0x000235ec	0x00024184	3	0	0x00034184	True
5107	0x000235f0	0x00024184	3	0	0x00034184	True
5108	0x000235f4	0x00024184	3	0	0x00034184	True
5109	0x000235f8	0x00024184	3	0	0x00034184	True
5110	0x000235fc	0x00024184	3	0	0x00034184	True
5111	0x00023600	0x00024184	3	0	0x00034184	True
5112	0x00023604	0x00024184	3	0	0x00034184	True
5113	0x00023608	0x00024184	3	0	0x00034184	True
5114	0x0002360c	0x00024184	3	0	0x00034184	True
5115	0x00023610	0x00024184	3	0	0x00034184	True
5116	0x00023614	0x00024184	3	0	0x00034184	True
5117	0x00023618	0x00024184	3	0	0x00034184	True
5118	0x0002361c	0x00024184	3	0	0x00034184	True
5119	0x00023620	0x00024184	3	0	0x00034184	True
5120	0x00023624	0x00024184	3	0	0x00034184	True
5121	0x00023628	0x00024184	3	0	0x00034184	True
5122	0x0002362c	0x00024184	3	0	0x00034184	True
5123	0x00023630	0x00024184	3	0	0x00034184	True
5124	0x00023634	0x00024184	3	0	0x00034184	True
5125	0x00023638	0x00024184	3	0	0x00034184	True
5126	0x0002363c	0x00024184	3	0	0x00034184	True
5127	0x00023640	0x00024184	3	0	0x00034184	True
5128	0x00023644	0x00024184	3	0	0x00034184	True
5129	0x00023648	0x00024184	3	0	0x00034184	True
5130	0x0002364c	0x00024184	3	0	0x00034184	True
5131	0x00023650	0x00024184	3	0	0x00034184	True
5132	0x00023654	0x00024184	3	0	0x00034184	True
5133	0x00023658	0x00024184	3	0	0x00034184	True
5134	0x0002365c	0x00024184	3	0	0x00034184	True
5135	0x00023660	0x00024184	3	0	0x00034184	True
5136	0x00023664	0x00024184	3	0	0x00034184	True
5137	0x00023668	0x00024184	3	0	0x00034184	True
5138	0x0002366c	0x00024184	3	0	0x00034184	True
5139	0x00023670	0x00024184	3	0	0x00034184	True
5140	0x00023674	0x00024184	3	0	0x00034184	True
5141	0x00023678	0x00023d74	3	0	0x00033d74	True
5142	0x0002367c	0x00024184	3	0	0x00034184	True
5143	0x00023680	0x00024184	3	0	0x00034184	True
5144	0x00023684	0x00024184	3	0	0x00034184	True
5145	0x00023688	0x00024184	3	0	0x00034184	True
5146	0x0002368c	0x00024184	3	0	0x00034184	True
5147	0x00023690	0x00023d8c	3	0	0x00033d8c	True
5148	0x00023694	0x00024184	3	0	0x00034184	True
5149	0x00023698	0x00024184	3	0	0x00034184	True
5150	0x0002369c	0x00024184	3	0	0x00034184	True
5151	0x000236a0	0x00023da4	3	0	0x00033da4	True
5152	0x000236a4	0x00024184	3	0	0x00034184	True
5153	0x000236a8	0x00023afc	3	0	0x00033afc	True
5154	0x000236ac	0x00024184	3	0	0x00034184	True
5155	0x000236b0	0x00023dd4	3	0	0x00033dd4	True
5156	0x000236b4	0x00024184	3	0	0x00034184	True
5157	0x000236b8	0x00024184	3	0	0x00034184	True
5158	0x000236bc	0x00024184	3	0	0x00034184	True
5159	0x000236c0	0x00024184	3	0	0x00034184	True
5160	0x000236c4	0x00024184	3	0	0x00034184	True
5161	0x000236c8	0x00024184	3	0	0x00034184	True
5162	0x000236cc	0x00024184	3	0	0x00034184	True
5163	0x000236d0	0x00024184	3	0	0x00034184	True
5164	0x000236d4	0x00024184	3	0	0x00034184	True
5165	0x000236d8	0x00024184	3	0	0x00034184	True
5166	0x000236dc	0x00024184	3	0	0x00034184	True
5167	0x000236e0	0x00024184	3	0	0x00034184	True
5168	0x000236e4	0x00024184	3	0	0x00034184	True
5169	0x000236e8	0x00023bc4	3	0	0x00033bc4	True
5170	0x000236ec	0x00024184	3	0	0x00034184	True
5171	0x000236f0	0x00023bc4	3	0	0x00033bc4	True
5172	0x000236f4	0x00023bc4	3	0	0x00033bc4	True
5173	0x000236f8	0x00023e30	3	0	0x00033e30	True
5174	0x000236fc	0x00023e70	3	0	0x00033e70	True
5175	0x00023700	0x00024184	3	0	0x00034184	True
5176	0x00023704	0x00023eb0	3	0	0x00033eb0	True
5177	0x00023708	0x00024184	3	0	0x00034184	True
5178	0x0002370c	0x00023f20	3	0	0x00033f20	True
5179	0x00023710	0x00023f28	3	0	0x00033f28	True
5180	0x00023714	0x00023f30	3	0	0x00033f30	True
5181	0x0002371a	0x000343d8	3	0	0x000443d8	True
5182	0x00023723	0x000343dc	3	0	0x000443dc	True
5183	0x0002372b	0x00034af0	3	0	0x00044af0	True
5184	0x00023730	0x000428a8	3	0	0x000528a8	True
5185	0x00023736	0x00040ca4	3	0	0x00050ca4	True
5186	0x00023746	0x000343d8	3	0	0x000443d8	True
5187	0x00023753	0x000343dc	3	0	0x000443dc	True
5188	0x00023760	0x00031130	3	0	0x00041130	True
5189	0x00023769	0x00034394	3	0	0x00044394	True
5190	0x00023772	0x00034ae8	3	0	0x00044ae8	True
5191	0x0002377b	0x00034b24	3	0	0x00044b24	True
5192	0x00023784	0x00034b20	3	0	0x00044b20	True
5193	0x000237a0	0x000343b4	3	0	0x000443b4	True
5194	0x000237ad	0x00034af0	3	0	0x00044af0	True
5195	0x000237b2	0x000428ac	3	0	0x000528ac	True
5196	0x000237c1	0x00034af0	3	0	0x00044af0	True
5197	0x000237c6	0x000428b0	3	0	0x000528b0	True
5198	0x000237cb	0x000343d0	3	0	0x000443d0	True
5199	0x000237d5	0x00040ca4	3	0	0x00050ca4	True
5200	0x000237ec	0x00032d14	3	0	0x00042d14	True
5201	0x00023812	0x000343d0	3	0	0x000443d0	True
5202	0x00023830	0x000343c8	3	0	0x000443c8	True
5203	0x00023846	0x000343c4	3	0	0x000443c4	True
5204	0x00023861	0x00031130	3	0	0x00041130	True
5205	0x00023874	0x000343d0	3	0	0x000443d0	True
5206	0x00023882	0x000343d0	3	0	0x000443d0	True
5207	0x0002389b	0x000343d8	3	0	0x000443d8	True
5208	0x000238cc	0x00040ca4	3	0	0x00050ca4	True
5209	0x000238d2	0x000343d8	3	0	0x000443d8	True
5210	0x000238df	0x000428b4	3	0	0x000528b4	True
5211	0x000238e7	0x00031130	3	0	0x00041130	True
5212	0x00023906	0x000343c4	3	0	0x000443c4	True
5213	0x00023912	0x000343d0	3	0	0x000443d0	True
5214	0x00023936	0x00034478	3	0	0x00044478	True
5215	0x0002393c	0x00034aec	3	0	0x00044aec	True
5216	0x00023950	0x000428d4	3	0	0x000528d4	True
5217	0x0002396e	0x000428cc	3	0	0x000528cc	True
5218	0x00023973	0x000428d0	3	0	0x000528d0	True
5219	0x00023989	0x000343cc	3	0	0x000443cc	True
5220	0x000239d5	0x00031130	3	0	0x00041130	True
5221	0x000239e0	0x00034478	3	0	0x00044478	True
5222	0x000239e6	0x00034aec	3	0	0x00044aec	True
5223	0x000239ed	0x00040ca4	3	0	0x00050ca4	True
5224	0x000239f4	0x000343cc	3	0	0x000443cc	True
5225	0x000239fd	0x000428d4	3	0	0x000528d4	True
5226	0x00023a1b	0x000428cc	3	0	0x000528cc	True
5227	0x00023a20	0x000428d0	3	0	0x000528d0	True
5228	0x00023a3c	0x000343d8	3	0	0x000443d8	True
5229	0x00023a46	0x000343d8	3	0	0x000443d8	True
5230	0x00023a50	0x000343cc	3	0	0x000443cc	True
5231	0x00023a5b	0x000343d8	3	0	0x000443d8	True
5232	0x00023a6f	0x000343d8	3	0	0x000443d8	True
5233	0x00023a83	0x000343d8	3	0	0x000443d8	True
5234	0x00023a95	0x000343d8	3	0	0x000443d8	True
5235	0x00023aa3	0x000343d8	3	0	0x000443d8	True
5236	0x00023aa9	0x000343d8	3	0	0x000443d8	True
5237	0x00023ab2	0x000428d0	3	0	0x000528d0	True
5238	0x00023abb	0x000428d0	3	0	0x000528d0	True
5239	0x00023ac9	0x000428d0	3	0	0x000528d0	True
5240	0x00023ad3	0x000428cc	3	0	0x000528cc	True
5241	0x00023adc	0x000428cc	3	0	0x000528cc	True
5242	0x00023aea	0x000428cc	3	0	0x000528cc	True
5243	0x00023aff	0x000343cc	3	0	0x000443cc	True
5244	0x00023b08	0x00034394	3	0	0x00044394	True
5245	0x00023b16	0x00034394	3	0	0x00044394	True
5246	0x00023b25	0x000343cc	3	0	0x000443cc	True
5247	0x00023b2b	0x000343cc	3	0	0x000443cc	True
5248	0x00023b46	0x000343b4	3	0	0x000443b4	True
5249	0x00023b5c	0x00031130	3	0	0x00041130	True
5250	0x00023b72	0x000343d0	3	0	0x000443d0	True
5251	0x00023b80	0x000343d0	3	0	0x000443d0	True
5252	0x00023c12	0x000343d4	3	0	0x000443d4	True
5253	0x00023c20	0x000343d4	3	0	0x000443d4	True
5254	0x00023c2e	0x000343d0	3	0	0x000443d0	True
5255	0x00023c49	0x000343d0	3	0	0x000443d0	True
5256	0x00023c56	0x000343d0	3	0	0x000443d0	True
5257	0x00023c64	0x000343d8	3	0	0x000443d8	True
5258	0x00023c71	0x000343d8	3	0	0x000443d8	True
5259	0x00023c8e	0x000343d0	3	0	0x000443d0	True
5260	0x00023c9c	0x000343d0	3	0	0x000443d0	True
5261	0x00023caa	0x000343d4	3	0	0x000443d4	True
5262	0x00023cb8	0x000343d4	3	0	0x000443d4	True
5263	0x00023cca	0x000343c4	3	0	0x000443c4	True
5264	0x00023cd2	0x000343d8	3	0	0x000443d8	True
5265	0x00023cd8	0x000343dc	3	0	0x000443dc	True
5266	0x00023ce9	0x000343d8	3	0	0x000443d8	True
5267	0x00023cf7	0x000343cc	3	0	0x000443cc	True
5268	0x00023d03	0x000343d4	3	0	0x000443d4	True
5269	0x00023d0c	0x00040ca4	3	0	0x00050ca4	True
5270	0x00023d12	0x00034ae4	3	0	0x00044ae4	True
5271	0x00023d1f	0x000428b0	3	0	0x000528b0	True
5272	0x00023d80	0x000428d0	3	0	0x000528d0	True
5273	0x00023d98	0x000428cc	3	0	0x000528cc	True
5274	0x00023da6	0x000343d0	3	0	0x000443d0	True
5275	0x00023db4	0x000343d0	3	0	0x000443d0	True
5276	0x00023dc1	0x000343d4	3	0	0x000443d4	True
5277	0x00023dd6	0x00031130	3	0	0x00041130	True
5278	0x00023ddf	0x00034ae8	3	0	0x00044ae8	True
5279	0x00023de8	0x00034394	3	0	0x00044394	True
5280	0x00023df1	0x00034b24	3	0	0x00044b24	True
5281	0x00023dfa	0x00034b20	3	0	0x00044b20	True
5282	0x00023e0c	0x00034af0	3	0	0x00044af0	True
5283	0x00023e21	0x00034af0	3	0	0x00044af0	True
5284	0x00023e26	0x000428b8	3	0	0x000528b8	True
5285	0x00023e32	0x000343d8	3	0	0x000443d8	True
5286	0x00023e40	0x000343d8	3	0	0x000443d8	True
5287	0x00023e48	0x00034af4	3	0	0x00044af4	True
5288	0x00023e58	0x00034aec	3	0	0x00044aec	True
5289	0x00023e62	0x00040ca4	3	0	0x00050ca4	True
5290	0x00023e72	0x000343d8	3	0	0x000443d8	True
5291	0x00023e80	0x000343d8	3	0	0x000443d8	True
5292	0x00023e88	0x00034af4	3	0	0x00044af4	True
5293	0x00023e9e	0x00034aec	3	0	0x00044aec	True
5294	0x00023ea5	0x00040ca4	3	0	0x00050ca4	True
5295	0x00023eb2	0x00041158	3	0	0x00051158	True
5296	0x00023eb9	0x000428bc	3	0	0x000528bc	True
5297	0x00023eca	0x00041158	3	0	0x00051158	True
5298	0x00023ed1	0x000428bc	3	0	0x000528bc	True
5299	0x00023ee6	0x00031130	3	0	0x00041130	True
5300	0x00023ef6	0x00034aec	3	0	0x00044aec	True
5301	0x00023efd	0x00040ca4	3	0	0x00050ca4	True
5302	0x00023f03	0x00041158	3	0	0x00051158	True
5303	0x00023f09	0x00034478	3	0	0x00044478	True
5304	0x00023f10	0x000428f4	3	0	0x000528f4	True
5305	0x00023f15	0x000428ec	3	0	0x000528ec	True
5306	0x00023f40	0x000343d4	3	0	0x000443d4	True
5307	0x00023f4e	0x000343d4	3	0	0x000443d4	True
5308	0x00023f5c	0x000343d8	3	0	0x000443d8	True
5309	0x00023f6a	0x000343d8	3	0	0x000443d8	True
5310	0x00023f76	0x000343d4	3	0	0x000443d4	True
5311	0x00023f84	0x000343d4	3	0	0x000443d4	True
5312	0x00023f92	0x00040210	3	0	0x00050210	True
5313	0x00023f9b	0x000343d8	3	0	0x000443d8	True
5314	0x00023fae	0x000428e4	3	0	0x000528e4	True
5315	0x00023fb4	0x00034afc	3	0	0x00044afc	True
5316	0x00023fbb	0x000343c4	3	0	0x000443c4	True
5317	0x00023fc8	0x000343d8	3	0	0x000443d8	True
5318	0x00023fd7	0x000343cc	3	0	0x000443cc	True
5319	0x00023fe0	0x00031130	3	0	0x00041130	True
5320	0x00023ff0	0x000343d8	3	0	0x000443d8	True
5321	0x00023ffe	0x000343d8	3	0	0x000443d8	True
5322	0x00024006	0x00034af0	3	0	0x00044af0	True
5323	0x0002400b	0x000428b8	3	0	0x000528b8	True
5324	0x00024011	0x00031130	3	0	0x00041130	True
5325	0x00024022	0x00040ca4	3	0	0x00050ca4	True
5326	0x00024033	0x000343d8	3	0	0x000443d8	True
5327	0x0002403b	0x00034af8	3	0	0x00044af8	True
5328	0x00024041	0x000343d8	3	0	0x000443d8	True
5329	0x0002404a	0x000343d8	3	0	0x000443d8	True
5330	0x00024053	0x000343d8	3	0	0x000443d8	True
5331	0x00024062	0x000343d8	3	0	0x000443d8	True
5332	0x0002406f	0x000343d8	3	0	0x000443d8	True
5333	0x0002407e	0x00034af0	3	0	0x00044af0	True
5334	0x00024084	0x00034c00	3	0	0x00044c00	True
5335	0x0002408a	0x000428e4	3	0	0x000528e4	True
5336	0x00024090	0x00034bfc	3	0	0x00044bfc	True
5337	0x00024096	0x00034bf8	3	0	0x00044bf8	True
5338	0x0002409d	0x000343c8	3	0	0x000443c8	True
5339	0x000240a9	0x000343dc	3	0	0x000443dc	True
5340	0x000240af	0x00034bf9	3	0	0x00044bf9	True
5341	0x000240ba	0x000343c8	3	0	0x000443c8	True
5342	0x000240d1	0x00034bf9	3	0	0x00044bf9	True
5343	0x000240de	0x000343d0	3	0	0x000443d0	True
5344	0x000240ec	0x000343d0	3	0	0x000443d0	True
5345	0x000240fe	0x00040210	3	0	0x00050210	True
5346	0x00024107	0x00031130	3	0	0x00041130	True
5347	0x00024110	0x00034394	3	0	0x00044394	True
5348	0x00024119	0x00034ae8	3	0	0x00044ae8	True
5349	0x00024122	0x00034aec	3	0	0x00044aec	True
5350	0x0002412b	0x00034478	3	0	0x00044478	True
5351	0x00024133	0x000343d4	3	0	0x000443d4	True
5352	0x0002413c	0x00040ca4	3	0	0x00050ca4	True
5353	0x00024147	0x000428e8	3	0	0x000528e8	True
5354	0x00024156	0x000343b4	3	0	0x000443b4	True
5355	0x0002415c	0x000343d4	3	0	0x000443d4	True
5356	0x00024165	0x00040ca4	3	0	0x00050ca4	True
5357	0x0002416b	0x00040ca4	3	0	0x00050ca4	True
5358	0x00024173	0x00034478	3	0	0x00044478	True
5359	0x00024179	0x00034aec	3	0	0x00044aec	True
5360	0x00024180	0x00040ca4	3	0	0x00050ca4	True
5361	0x00024186	0x000428c8	3	0	0x000528c8	True
5362	0x0002418f	0x000343c4	3	0	0x000443c4	True
5363	0x0002419e	0x000343d8	3	0	0x000443d8	True
5364	0x000241ae	0x000343d0	3	0	0x000443d0	True
5365	0x000241bc	0x000343d0	3	0	0x000443d0	True
5366	0x000241d0	0x000343d0	3	0	0x000443d0	True
5367	0x000241de	0x000428c8	3	0	0x000528c8	True
5368	0x000241e7	0x000343c8	3	0	0x000443c8	True
5369	0x000241f6	0x000343c4	3	0	0x000443c4	True
5370	0x000241fe	0x000343d8	3	0	0x000443d8	True
5371	0x00024204	0x000343dc	3	0	0x000443dc	True
5372	0x0002420c	0x000343dc	3	0	0x000443dc	True
5373	0x0002421a	0x000343d4	3	0	0x000443d4	True
5374	0x00024228	0x000343d4	3	0	0x000443d4	True
5375	0x00024245	0x00041158	3	0	0x00051158	True
5376	0x0002424b	0x00034478	3	0	0x00044478	True
5377	0x00024264	0x000343c4	3	0	0x000443c4	True
5378	0x0002426c	0x000343d0	3	0	0x000443d0	True
5379	0x0002427f	0x000343cc	3	0	0x000443cc	True
5380	0x0002428e	0x000427e8	3	0	0x000527e8	True
5381	0x0002429b	0x000427e8	3	0	0x000527e8	True
5382	0x000242a5	0x000427e8	3	0	0x000527e8	True
5383	0x000242ba	0x000343c8	3	0	0x000443c8	True
5384	0x000242c2	0x000343d4	3	0	0x000443d4	True
5385	0x000242d5	0x000343cc	3	0	0x000443cc	True
5386	0x000242e4	0x000427ec	3	0	0x000527ec	True
5387	0x000242f1	0x000427ec	3	0	0x000527ec	True
5388	0x000242fb	0x000427ec	3	0	0x000527ec	True
5389	0x00024327	0x000343a4	3	0	0x000443a4	True
5390	0x0002432d	0x000343a4	3	0	0x000443a4	True
5391	0x00024337	0x000428b0	3	0	0x000528b0	True
5392	0x00024340	0x000428b0	3	0	0x000528b0	True
5393	0x0002434e	0x00034478	3	0	0x00044478	True
5394	0x00024358	0x00034478	3	0	0x00044478	True
5395	0x00024365	0x000428ac	3	0	0x000528ac	True
5396	0x0002436e	0x000428ac	3	0	0x000528ac	True
5397	0x0002437c	0x000428ac	3	0	0x000528ac	True
5398	0x00024385	0x000428b8	3	0	0x000528b8	True
5399	0x0002438d	0x000428b8	3	0	0x000528b8	True
5400	0x00024399	0x000343b4	3	0	0x000443b4	True
5401	0x000243a2	0x000428b8	3	0	0x000528b8	True
5402	0x000243ab	0x000428b8	3	0	0x000528b8	True
5403	0x000243b9	0x000428b4	3	0	0x000528b4	True
5404	0x000243c2	0x000428b4	3	0	0x000528b4	True
5405	0x000243d0	0x000428a8	3	0	0x000528a8	True
5406	0x000243d9	0x000428a8	3	0	0x000528a8	True
5407	0x000243e6	0x000343a4	3	0	0x000443a4	True
5408	0x000243eb	0x00034bf0	3	0	0x00044bf0	True
5409	0x000243f5	0x000343a4	3	0	0x000443a4	True
5410	0x0002440e	0x00032d14	3	0	0x00042d14	True
5411	0x0002442c	0x00032d14	3	0	0x00042d14	True
5412	0x00024439	0x0004304c	3	0	0x0005304c	True
5413	0x0002446f	0x00032d14	3	0	0x00042d14	True
5414	0x000244c0	0x00034bf8	3	0	0x00044bf8	True
5415	0x000244d6	0x000428cc	3	0	0x000528cc	True
5416	0x000244e9	0x000428d0	3	0	0x000528d0	True
5417	0x000244f8	0x00034af8	3	0	0x00044af8	True
5418	0x00024503	0x00034b04	3	0	0x00044b04	True
5419	0x0002450a	0x00034af0	3	0	0x00044af0	True
5420	0x00024510	0x00034b00	3	0	0x00044b00	True
5421	0x00024517	0x0004115c	3	0	0x0005115c	True
5422	0x0002452b	0x00034b00	3	0	0x00044b00	True
5423	0x0002455a	0x00031130	3	0	0x00041130	True
5424	0x00024562	0x00034b84	3	0	0x00044b84	True
5425	0x00024569	0x00034b9c	3	0	0x00044b9c	True
5426	0x00024576	0x00034b94	3	0	0x00044b94	True
5427	0x0002459e	0x000343e4	3	0	0x000443e4	True
5428	0x000245b3	0x00034bf9	3	0	0x00044bf9	True
5429	0x000245bf	0x00034b00	3	0	0x00044b00	True
5430	0x000245ca	0x00040210	3	0	0x00050210	True
5431	0x000245e5	0x00034af8	3	0	0x00044af8	True
5432	0x000245eb	0x0004019c	3	0	0x0005019c	True
5433	0x00024606	0x00034af0	3	0	0x00044af0	True
5434	0x0002460f	0x0004115c	3	0	0x0005115c	True
5435	0x00024623	0x00034b00	3	0	0x00044b00	True
5436	0x00024654	0x00024658	3	0	0x00034658	True
5437	0x00024658	0x0002467c	3	0	0x0003467c	True
5438	0x0002465c	0x000246b1	3	0	0x000346b1	True
5439	0x00024660	0x0002469e	3	0	0x0003469e	True
5440	0x00024664	0x00024691	3	0	0x00034691	True
5441	0x00024668	0x00024691	3	0	0x00034691	True
5442	0x0002466c	0x00024684	3	0	0x00034684	True
5443	0x00024670	0x00024684	3	0	0x00034684	True
5444	0x00024674	0x0002469e	3	0	0x0003469e	True
5445	0x00024678	0x0002469e	3	0	0x0003469e	True
5446	0x000246be	0x0004115c	3	0	0x0005115c	True
5447	0x000246f9	0x00034b00	3	0	0x00044b00	True
5448	0x00024725	0x000428cc	3	0	0x000528cc	True
5449	0x0002472a	0x000428d0	3	0	0x000528d0	True
5450	0x00024743	0x00034b00	3	0	0x00044b00	True
5451	0x00024771	0x00034bf0	3	0	0x00044bf0	True
5452	0x00024785	0x0004115c	3	0	0x0005115c	True
5453	0x000247b2	0x00032d14	3	0	0x00042d14	True
5454	0x000247bd	0x00034394	3	0	0x00044394	True
5455	0x000247d6	0x000428c4	3	0	0x000528c4	True
5456	0x00024802	0x000428c0	3	0	0x000528c0	True
5457	0x00024814	0x000428c4	3	0	0x000528c4	True
5458	0x00024827	0x00034afc	3	0	0x00044afc	True
5459	0x0002482f	0x00034af0	3	0	0x00044af0	True
5460	0x0002485a	0x00031130	3	0	0x00041130	True
5461	0x0002488e	0x000428c4	3	0	0x000528c4	True
5462	0x00024893	0x00034af0	3	0	0x00044af0	True
5463	0x000248a7	0x00031130	3	0	0x00041130	True
5464	0x0002490c	0x00032d14	3	0	0x00042d14	True
5465	0x00024912	0x00034394	3	0	0x00044394	True
5466	0x00024935	0x00034394	3	0	0x00044394	True
5467	0x00024946	0x000428c4	3	0	0x000528c4	True
5468	0x0002496e	0x000343cc	3	0	0x000443cc	True
5469	0x00024978	0x000428c0	3	0	0x000528c0	True
5470	0x00024981	0x000343cc	3	0	0x000443cc	True
5471	0x00024993	0x000343cc	3	0	0x000443cc	True
5472	0x000249a7	0x000428c4	3	0	0x000528c4	True
5473	0x000249d5	0x000343cc	3	0	0x000443cc	True
5474	0x000249df	0x000343cc	3	0	0x000443cc	True
5475	0x000249e9	0x000343cc	3	0	0x000443cc	True
5476	0x000249f4	0x000343cc	3	0	0x000443cc	True
5477	0x00024a05	0x000428c0	3	0	0x000528c0	True
5478	0x00024a0e	0x000428c4	3	0	0x000528c4	True
5479	0x00024a1b	0x000428c4	3	0	0x000528c4	True
5480	0x00024a23	0x000428c0	3	0	0x000528c0	True
5481	0x00024a3e	0x000428c4	3	0	0x000528c4	True
5482	0x00024a46	0x000428c0	3	0	0x000528c0	True
5483	0x00024a58	0x000428c0	3	0	0x000528c0	True
5484	0x00024a69	0x000428c4	3	0	0x000528c4	True
5485	0x00024a74	0x00034ae8	3	0	0x00044ae8	True
5486	0x00024a7e	0x000428c0	3	0	0x000528c0	True
5487	0x00024ac4	0x000428bc	3	0	0x000528bc	True
5488	0x00024ad7	0x00034ae8	3	0	0x00044ae8	True
5489	0x00024ade	0x00031130	3	0	0x00041130	True
5490	0x00024ae4	0x00034bf0	3	0	0x00044bf0	True
5491	0x00024b0d	0x0004304c	3	0	0x0005304c	True
5492	0x00024b46	0x00034bf0	3	0	0x00044bf0	True
5493	0x00024b50	0x00034ae8	3	0	0x00044ae8	True
5494	0x00024b57	0x00031130	3	0	0x00041130	True
5495	0x00024b63	0x00034a44	3	0	0x00044a44	True
5496	0x00024b81	0x000428c0	3	0	0x000528c0	True
5497	0x00024bac	0x000343cc	3	0	0x000443cc	True
5498	0x00024bb5	0x0004304c	3	0	0x0005304c	True
5499	0x00024bbf	0x000343cc	3	0	0x000443cc	True
5500	0x00024bc9	0x00040ca8	3	0	0x00050ca8	True
5501	0x00024bd1	0x000343cc	3	0	0x000443cc	True
5502	0x00024ce2	0x000343c4	3	0	0x000443c4	True
5503	0x00024cea	0x000343d4	3	0	0x000443d4	True
5504	0x00024cfb	0x000343d8	3	0	0x000443d8	True
5505	0x00024d02	0x0004294f	3	0	0x0005294f	True
5506	0x00024d11	0x000343d8	3	0	0x000443d8	True
5507	0x00024d1e	0x000343c8	3	0	0x000443c8	True
5508	0x00024d26	0x000343d4	3	0	0x000443d4	True
5509	0x00024d36	0x000343c8	3	0	0x000443c8	True
5510	0x00024d43	0x000343d4	3	0	0x000443d4	True
5511	0x00024d59	0x000343d0	3	0	0x000443d0	True
5512	0x00024d68	0x000343d4	3	0	0x000443d4	True
5513	0x00024d95	0x00042949	3	0	0x00052949	True
5514	0x00024da7	0x0004294c	3	0	0x0005294c	True
5515	0x00024dc2	0x00041314	3	0	0x00051314	True
5516	0x00024dc7	0x00040254	3	0	0x00050254	True
5517	0x00024dee	0x000343c4	3	0	0x000443c4	True
5518	0x00024dfa	0x000343d0	3	0	0x000443d0	True
5519	0x00024e0d	0x000343d0	3	0	0x000443d0	True
5520	0x00024e18	0x0004293c	3	0	0x0005293c	True
5521	0x00024e3a	0x00034958	3	0	0x00044958	True
5522	0x00024e45	0x00034958	3	0	0x00044958	True
5523	0x00024e4a	0x000427ec	3	0	0x000527ec	True
5524	0x00024e55	0x00034478	3	0	0x00044478	True
5525	0x00024e5e	0x00042943	3	0	0x00052943	True
5526	0x00024e86	0x000343c4	3	0	0x000443c4	True
5527	0x00024e93	0x000343c8	3	0	0x000443c8	True
5528	0x00024e9f	0x000343d4	3	0	0x000443d4	True
5529	0x00024ea9	0x000343d8	3	0	0x000443d8	True
5530	0x00024eb4	0x000343d4	3	0	0x000443d4	True
5531	0x00024ebe	0x00042953	3	0	0x00052953	True
5532	0x00024ed1	0x000343d4	3	0	0x000443d4	True
5533	0x00024ef9	0x000343d4	3	0	0x000443d4	True
5534	0x00024f0a	0x00042957	3	0	0x00052957	True
5535	0x00024f1a	0x000343c4	3	0	0x000443c4	True
5536	0x00024f27	0x000343d8	3	0	0x000443d8	True
5537	0x00024f34	0x000343d8	3	0	0x000443d8	True
5538	0x00024f86	0x000427e8	3	0	0x000527e8	True
5539	0x00024f8d	0x000427d4	3	0	0x000527d4	True
5540	0x00024f9e	0x000343cc	3	0	0x000443cc	True
5541	0x00024fa6	0x000427e8	3	0	0x000527e8	True
5542	0x00024fb9	0x000427e8	3	0	0x000527e8	True
5543	0x00024fc8	0x000427e8	3	0	0x000527e8	True
5544	0x00024fce	0x000343d8	3	0	0x000443d8	True
5545	0x00024fd7	0x000427e8	3	0	0x000527e8	True
5546	0x00025034	0x000343d0	3	0	0x000443d0	True
5547	0x00025043	0x000343c8	3	0	0x000443c8	True
5548	0x0002504f	0x000343d4	3	0	0x000443d4	True
5549	0x0002506c	0x000343d4	3	0	0x000443d4	True
5550	0x0002507e	0x00042968	3	0	0x00052968	True
5551	0x0002509a	0x000343d0	3	0	0x000443d0	True
5552	0x000250a0	0x000427e8	3	0	0x000527e8	True
5553	0x000250ae	0x000343c4	3	0	0x000443c4	True
5554	0x000250b6	0x000427e8	3	0	0x000527e8	True
5555	0x000250bc	0x000343d8	3	0	0x000443d8	True
5556	0x000250c3	0x0004115c	3	0	0x0005115c	True
5557	0x000250d1	0x000427e8	3	0	0x000527e8	True
5558	0x000250da	0x000427e8	3	0	0x000527e8	True
5559	0x000250e7	0x000343d0	3	0	0x000443d0	True
5560	0x000250ef	0x000343d4	3	0	0x000443d4	True
5561	0x00025102	0x00042964	3	0	0x00052964	True
5562	0x00025111	0x000343c4	3	0	0x000443c4	True
5563	0x0002511e	0x000343c8	3	0	0x000443c8	True
5564	0x0002512a	0x000343d4	3	0	0x000443d4	True
5565	0x0002514a	0x000343d4	3	0	0x000443d4	True
5566	0x0002516a	0x000343c8	3	0	0x000443c8	True
5567	0x00025177	0x000343d8	3	0	0x000443d8	True
5568	0x0002517f	0x000343d4	3	0	0x000443d4	True
5569	0x0002518e	0x000343d8	3	0	0x000443d8	True
5570	0x00025196	0x000343d4	3	0	0x000443d4	True
5571	0x000251ca	0x000343d8	3	0	0x000443d8	True
5572	0x000251e9	0x000343d4	3	0	0x000443d4	True
5573	0x000251fb	0x000343d8	3	0	0x000443d8	True
5574	0x00025204	0x000343dc	3	0	0x000443dc	True
5575	0x00025219	0x0004295b	3	0	0x0005295b	True
5576	0x00025228	0x000343dc	3	0	0x000443dc	True
5577	0x00025231	0x000343d4	3	0	0x000443d4	True
5578	0x00025242	0x000343c4	3	0	0x000443c4	True
5579	0x0002524b	0x000343d0	3	0	0x000443d0	True
5580	0x00025252	0x0004295e	3	0	0x0005295e	True
5581	0x00025274	0x00042962	3	0	0x00052962	True
5582	0x00025294	0x000343c4	3	0	0x000443c4	True
5583	0x0002529c	0x000343d8	3	0	0x000443d8	True
5584	0x000252a2	0x000343dc	3	0	0x000443dc	True
5585	0x000252b2	0x00032d14	3	0	0x00042d14	True
5586	0x000252ba	0x000343d4	3	0	0x000443d4	True
5587	0x000252cd	0x000343d4	3	0	0x000443d4	True
5588	0x000252de	0x00032d14	3	0	0x00042d14	True
5589	0x00025303	0x000343c8	3	0	0x000443c8	True
5590	0x0002530b	0x000343d4	3	0	0x000443d4	True
5591	0x00025328	0x000343c4	3	0	0x000443c4	True
5592	0x00025330	0x000343d4	3	0	0x000443d4	True
5593	0x000253ce	0x000343c4	3	0	0x000443c4	True
5594	0x000253d6	0x000343d0	3	0	0x000443d0	True
5595	0x000253dc	0x000343d4	3	0	0x000443d4	True
5596	0x00025405	0x000343d4	3	0	0x000443d4	True
5597	0x0002541b	0x000343cc	3	0	0x000443cc	True
5598	0x00025428	0x000343c4	3	0	0x000443c4	True
5599	0x00025434	0x000343d8	3	0	0x000443d8	True
5600	0x0002543a	0x000343dc	3	0	0x000443dc	True
5601	0x0002545a	0x000343d4	3	0	0x000443d4	True
5602	0x0002546f	0x000343c8	3	0	0x000443c8	True
5603	0x00025478	0x000343d4	3	0	0x000443d4	True
5604	0x0002547e	0x000427ec	3	0	0x000527ec	True
5605	0x0002548b	0x000427ec	3	0	0x000527ec	True
5606	0x00025493	0x000427ec	3	0	0x000527ec	True
5607	0x0002549b	0x000343c8	3	0	0x000443c8	True
5608	0x000254a1	0x000427ec	3	0	0x000527ec	True
5609	0x000254ae	0x000343d4	3	0	0x000443d4	True
5610	0x000254b7	0x000343c4	3	0	0x000443c4	True
5611	0x000254c4	0x000343c8	3	0	0x000443c8	True
5612	0x000254d0	0x000343d4	3	0	0x000443d4	True
5613	0x000254f0	0x000343d4	3	0	0x000443d4	True
5614	0x00025535	0x000343d4	3	0	0x000443d4	True
5615	0x00025553	0x000343d4	3	0	0x000443d4	True
5616	0x0002556b	0x000343c4	3	0	0x000443c4	True
5617	0x00025579	0x000343d8	3	0	0x000443d8	True
5618	0x00025586	0x000343d8	3	0	0x000443d8	True
5619	0x0002558f	0x000343d8	3	0	0x000443d8	True
5620	0x0002559c	0x000343c4	3	0	0x000443c4	True
5621	0x000255a5	0x000343c4	3	0	0x000443c4	True
5622	0x000255ca	0x000343d0	3	0	0x000443d0	True
5623	0x000255d0	0x000427e8	3	0	0x000527e8	True
5624	0x000255dd	0x000427e8	3	0	0x000527e8	True
5625	0x000255e6	0x000427e8	3	0	0x000527e8	True
5626	0x000255f6	0x000343d0	3	0	0x000443d0	True
5627	0x000255fc	0x000343d4	3	0	0x000443d4	True
5628	0x00025602	0x000427ec	3	0	0x000527ec	True
5629	0x0002560f	0x000427ec	3	0	0x000527ec	True
5630	0x0002561d	0x000427ec	3	0	0x000527ec	True
5631	0x0002562d	0x000343d4	3	0	0x000443d4	True
5632	0x0002563d	0x000343d8	3	0	0x000443d8	True
5633	0x00025644	0x0004115c	3	0	0x0005115c	True
5634	0x00025651	0x000343e0	3	0	0x000443e0	True
5635	0x00025659	0x00042898	3	0	0x00052898	True
5636	0x0002565e	0x00042888	3	0	0x00052888	True
5637	0x0002568a	0x000343d0	3	0	0x000443d0	True
5638	0x000256bf	0x000343c4	3	0	0x000443c4	True
5639	0x000256c8	0x000343d8	3	0	0x000443d8	True
5640	0x0002571a	0x00034977	3	0	0x00044977	True
5641	0x00025736	0x000343c4	3	0	0x000443c4	True
5642	0x00025752	0x000343d0	3	0	0x000443d0	True
5643	0x00025785	0x00042878	3	0	0x00052878	True
5644	0x0002578a	0x00042868	3	0	0x00052868	True
5645	0x0002579e	0x000343c4	3	0	0x000443c4	True
5646	0x000257a7	0x000343d8	3	0	0x000443d8	True
5647	0x000257ea	0x00040190	3	0	0x00050190	True
5648	0x0002580c	0x000343c4	3	0	0x000443c4	True
5649	0x00025818	0x000343d0	3	0	0x000443d0	True
5650	0x0002584a	0x0004304c	3	0	0x0005304c	True
5651	0x0002591f	0x00040ca8	3	0	0x00050ca8	True
5652	0x00025962	0x000343d8	3	0	0x000443d8	True
5653	0x0002596b	0x000343d8	3	0	0x000443d8	True
5654	0x00025974	0x000343d8	3	0	0x000443d8	True
5655	0x0002597c	0x00040254	3	0	0x00050254	True
5656	0x00025987	0x000343d8	3	0	0x000443d8	True
5657	0x00025995	0x000343cc	3	0	0x000443cc	True
5658	0x000259b6	0x00041158	3	0	0x00051158	True
5659	0x00025a47	0x000343d8	3	0	0x000443d8	True
5660	0x00025a60	0x000401c8	3	0	0x000501c8	True
5661	0x00025a82	0x000343d8	3	0	0x000443d8	True
5662	0x00025a8a	0x000343e0	3	0	0x000443e0	True
5663	0x00025ad0	0x00034b00	3	0	0x00044b00	True
5664	0x00025b8d	0x000343a4	3	0	0x000443a4	True
5665	0x00025bdf	0x000343a4	3	0	0x000443a4	True
5666	0x00025c5f	0x00025c64	3	0	0x00035c64	True
5667	0x00025c64	0x00025c94	3	0	0x00035c94	True
5668	0x00025c68	0x00025c94	3	0	0x00035c94	True
5669	0x00025c6c	0x00025d8b	3	0	0x00035d8b	True
5670	0x00025c70	0x00025d8b	3	0	0x00035d8b	True
5671	0x00025c74	0x00025d8b	3	0	0x00035d8b	True
5672	0x00025c78	0x00025d8b	3	0	0x00035d8b	True
5673	0x00025c7c	0x00025d8b	3	0	0x00035d8b	True
5674	0x00025c80	0x00025d8b	3	0	0x00035d8b	True
5675	0x00025c84	0x00025c9c	3	0	0x00035c9c	True
5676	0x00025c88	0x00025ca4	3	0	0x00035ca4	True
5677	0x00025c8c	0x00025cac	3	0	0x00035cac	True
5678	0x00025c90	0x00025cac	3	0	0x00035cac	True
5679	0x00025cc2	0x00025cc8	3	0	0x00035cc8	True
5680	0x00025cc8	0x00025d24	3	0	0x00035d24	True
5681	0x00025ccc	0x00025d8b	3	0	0x00035d8b	True
5682	0x00025cd0	0x00025d8b	3	0	0x00035d8b	True
5683	0x00025cd4	0x00025d24	3	0	0x00035d24	True
5684	0x00025cd8	0x00025d8b	3	0	0x00035d8b	True
5685	0x00025cdc	0x00025d8b	3	0	0x00035d8b	True
5686	0x00025ce0	0x00025d8b	3	0	0x00035d8b	True
5687	0x00025ce4	0x00025d8b	3	0	0x00035d8b	True
5688	0x00025ce8	0x00025d8b	3	0	0x00035d8b	True
5689	0x00025cec	0x00025d8b	3	0	0x00035d8b	True
5690	0x00025cf0	0x00025d8b	3	0	0x00035d8b	True
5691	0x00025cf4	0x00025d8b	3	0	0x00035d8b	True
5692	0x00025cf8	0x00025d8b	3	0	0x00035d8b	True
5693	0x00025cfc	0x00025d8b	3	0	0x00035d8b	True
5694	0x00025d00	0x00025d24	3	0	0x00035d24	True
5695	0x00025d04	0x00025d24	3	0	0x00035d24	True
5696	0x00025d08	0x00025d2c	3	0	0x00035d2c	True
5697	0x00025d0c	0x00025d8b	3	0	0x00035d8b	True
5698	0x00025d10	0x00025d2c	3	0	0x00035d2c	True
5699	0x00025d14	0x00025d24	3	0	0x00035d24	True
5700	0x00025d18	0x00025d24	3	0	0x00035d24	True
5701	0x00025d1c	0x00025d8b	3	0	0x00035d8b	True
5702	0x00025d20	0x00025d2c	3	0	0x00035d2c	True
5703	0x00025d38	0x0004296c	3	0	0x0005296c	True
5704	0x00025d61	0x00042864	3	0	0x00052864	True
5705	0x00025e4e	0x00040190	3	0	0x00050190	True
5706	0x00025f2a	0x00040ca0	3	0	0x00050ca0	True
5707	0x00025f36	0x00040c9c	3	0	0x00050c9c	True
5708	0x00025f99	0x00040c9c	3	0	0x00050c9c	True
5709	0x00025fc6	0x00040c9c	3	0	0x00050c9c	True
5710	0x00025fd3	0x00040c9c	3	0	0x00050c9c	True
5711	0x00025fe0	0x00040c9c	3	0	0x00050c9c	True
5712	0x00025fea	0x00040c9c	3	0	0x00050c9c	True
5713	0x00025ffa	0x00040ca0	3	0	0x00050ca0	True
5714	0x00026038	0x00040ca0	3	0	0x00050ca0	True
5715	0x0002603e	0x00040ca0	3	0	0x00050ca0	True
5716	0x00026047	0x000343a4	3	0	0x000443a4	True
5717	0x00026051	0x00040ca0	3	0	0x00050ca0	True
5718	0x0002605b	0x00040c9c	3	0	0x00050c9c	True
5719	0x00026072	0x000343d4	3	0	0x000443d4	True
5720	0x000260c9	0x000343d0	3	0	0x000443d0	True
5721	0x0002612c	0x000343d4	3	0	0x000443d4	True
5722	0x00026132	0x000427ec	3	0	0x000527ec	True
5723	0x0002613f	0x000427ec	3	0	0x000527ec	True
5724	0x00026151	0x000427ec	3	0	0x000527ec	True
5725	0x00026161	0x000343d4	3	0	0x000443d4	True
5726	0x000261bd	0x000343d0	3	0	0x000443d0	True
5727	0x000261d9	0x000343d0	3	0	0x000443d0	True
5728	0x0002620e	0x000343c4	3	0	0x000443c4	True
5729	0x00026216	0x000343d8	3	0	0x000443d8	True
5730	0x0002621d	0x0004115c	3	0	0x0005115c	True
5731	0x0002622b	0x000343e0	3	0	0x000443e0	True
5732	0x00026233	0x000343d0	3	0	0x000443d0	True
5733	0x00026246	0x000343c4	3	0	0x000443c4	True
5734	0x0002624e	0x000343d8	3	0	0x000443d8	True
5735	0x00026255	0x0004115c	3	0	0x0005115c	True
5736	0x00026263	0x000343e0	3	0	0x000443e0	True
5737	0x0002626b	0x000343d0	3	0	0x000443d0	True
5738	0x00026279	0x000343d4	3	0	0x000443d4	True
5739	0x0002628d	0x000343c4	3	0	0x000443c4	True
5740	0x00026295	0x000343d8	3	0	0x000443d8	True
5741	0x0002629c	0x0004115c	3	0	0x0005115c	True
5742	0x000262aa	0x000343e0	3	0	0x000443e0	True
5743	0x000262b2	0x000343d0	3	0	0x000443d0	True
5744	0x000262ba	0x000343d0	3	0	0x000443d0	True
5745	0x000262c0	0x000427e8	3	0	0x000527e8	True
5746	0x000262cd	0x000427e8	3	0	0x000527e8	True
5747	0x000262d6	0x000427e8	3	0	0x000527e8	True
5748	0x000262eb	0x00042974	3	0	0x00052974	True
5749	0x00026302	0x000343c4	3	0	0x000443c4	True
5750	0x0002630a	0x000343d4	3	0	0x000443d4	True
5751	0x0002631c	0x000343d0	3	0	0x000443d0	True
5752	0x00026322	0x000427e8	3	0	0x000527e8	True
5753	0x0002632f	0x000427e8	3	0	0x000527e8	True
5754	0x00026339	0x000427e8	3	0	0x000527e8	True
5755	0x0002634c	0x00042978	3	0	0x00052978	True
5756	0x0002637d	0x00034bf8	3	0	0x00044bf8	True
5757	0x00026384	0x000428d8	3	0	0x000528d8	True
5758	0x00026390	0x00034d60	3	0	0x00044d60	True
5759	0x000263af	0x00034bf8	3	0	0x00044bf8	True
5760	0x000263b6	0x000428d8	3	0	0x000528d8	True
5761	0x000263c2	0x00034d60	3	0	0x00044d60	True
5762	0x000263df	0x000343e0	3	0	0x000443e0	True
5763	0x000263e6	0x0004115c	3	0	0x0005115c	True
5764	0x000263ed	0x00034bf8	3	0	0x00044bf8	True
5765	0x000263f4	0x00034c34	3	0	0x00044c34	True
5766	0x00026401	0x00034c28	3	0	0x00044c28	True
5767	0x0002640e	0x00034cb8	3	0	0x00044cb8	True
5768	0x00026417	0x00034cdc	3	0	0x00044cdc	True
5769	0x0002642a	0x00034c40	3	0	0x00044c40	True
5770	0x00026437	0x00034c4c	3	0	0x00044c4c	True
5771	0x00026444	0x00034c1c	3	0	0x00044c1c	True
5772	0x000264a7	0x00034bf8	3	0	0x00044bf8	True
5773	0x00026519	0x000343d8	3	0	0x000443d8	True
5774	0x00026522	0x000343c4	3	0	0x000443c4	True
5775	0x0002652b	0x000343c4	3	0	0x000443c4	True
5776	0x00026534	0x000343c4	3	0	0x000443c4	True
5777	0x0002653d	0x000343c4	3	0	0x000443c4	True
5778	0x00026545	0x000343d0	3	0	0x000443d0	True
5779	0x0002654e	0x000343d8	3	0	0x000443d8	True
5780	0x00026554	0x000343dc	3	0	0x000443dc	True
5781	0x0002655d	0x000343c8	3	0	0x000443c8	True
5782	0x00026566	0x000343c8	3	0	0x000443c8	True
5783	0x0002656f	0x000343c8	3	0	0x000443c8	True
5784	0x00026578	0x000343c8	3	0	0x000443c8	True
5785	0x00026580	0x000343d4	3	0	0x000443d4	True
5786	0x00026589	0x000343dc	3	0	0x000443dc	True
5787	0x0002658f	0x000343d8	3	0	0x000443d8	True
5788	0x00026598	0x000343dc	3	0	0x000443dc	True
5789	0x000265a5	0x000343d8	3	0	0x000443d8	True
5790	0x000265b2	0x000343dc	3	0	0x000443dc	True
5791	0x000265c0	0x000343cc	3	0	0x000443cc	True
5792	0x000265ce	0x000343cc	3	0	0x000443cc	True
5793	0x000265dc	0x000343cc	3	0	0x000443cc	True
5794	0x000265e8	0x000343d8	3	0	0x000443d8	True
5795	0x000265f6	0x000343dc	3	0	0x000443dc	True
5796	0x00026605	0x000343d8	3	0	0x000443d8	True
5797	0x00026619	0x000343d8	3	0	0x000443d8	True
5798	0x00026621	0x000343d8	3	0	0x000443d8	True
5799	0x00026628	0x0004115c	3	0	0x0005115c	True
5800	0x00026658	0x000343dc	3	0	0x000443dc	True
5801	0x00026660	0x000343dc	3	0	0x000443dc	True
5802	0x00026667	0x0004115c	3	0	0x0005115c	True
5803	0x000266bb	0x00034bf8	3	0	0x00044bf8	True
5804	0x000266d3	0x0004115c	3	0	0x0005115c	True
5805	0x000266eb	0x00034bf8	3	0	0x00044bf8	True
5806	0x00026721	0x000343cc	3	0	0x000443cc	True
5807	0x0002672b	0x000343cc	3	0	0x000443cc	True
5808	0x00026735	0x000343cc	3	0	0x000443cc	True
5809	0x0002673e	0x000343c8	3	0	0x000443c8	True
5810	0x00026747	0x000343dc	3	0	0x000443dc	True
5811	0x00026795	0x000428d8	3	0	0x000528d8	True
5812	0x0002679d	0x000428d8	3	0	0x000528d8	True
5813	0x000267b9	0x00034d60	3	0	0x00044d60	True
5814	0x0002680d	0x0004304c	3	0	0x0005304c	True
5815	0x0002681a	0x0004304e	3	0	0x0005304e	True
5816	0x00026848	0x00034c00	3	0	0x00044c00	True
5817	0x0002685a	0x00034bf8	3	0	0x00044bf8	True
5818	0x0002685f	0x000428d8	3	0	0x000528d8	True
5819	0x00042864	0x00042850	3	0	0x00052850	True
5820	0x00043048	0x00042980	3	0	0x00052980	True
5821	0x00043058	0x00042988	3	0	0x00052988	True
5822	0x00043064	0x0004298c	3	0	0x0005298c	True
5823	0x00043068	0x00042994	3	0	0x00052994	True
5824	0x00043074	0x00042999	3	0	0x00052999	True
5825	0x00043078	0x0004299b	3	0	0x0005299b	True
5826	0x00043084	0x000429a1	3	0	0x000529a1	True
5827	0x00043088	0x000429a3	3	0	0x000529a3	True
5828	0x00043094	0x000429a9	3	0	0x000529a9	True
5829	0x00043098	0x000429ab	3	0	0x000529ab	True
5830	0x000430a4	0x000429af	3	0	0x000529af	True
5831	0x000430a8	0x000429b1	3	0	0x000529b1	True
5832	0x000430b4	0x000429b6	3	0	0x000529b6	True
5833	0x000430b8	0x000429b9	3	0	0x000529b9	True
5834	0x000430c4	0x000429bd	3	0	0x000529bd	True
5835	0x000430c8	0x000429c0	3	0	0x000529c0	True
5836	0x000430d4	0x000429c4	3	0	0x000529c4	True
5837	0x000430d8	0x000429c9	3	0	0x000529c9	True
5838	0x000430e4	0x000429ce	3	0	0x000529ce	True
5839	0x000430e8	0x000429d1	3	0	0x000529d1	True
5840	0x000430f4	0x000429d4	3	0	0x000529d4	True
5841	0x000430f8	0x000429d9	3	0	0x000529d9	True
5842	0x00043104	0x000429dd	3	0	0x000529dd	True
5843	0x00043108	0x000429e2	3	0	0x000529e2	True
5844	0x00043114	0x000429e6	3	0	0x000529e6	True
5845	0x00043118	0x000429eb	3	0	0x000529eb	True
5846	0x00043124	0x000429f0	3	0	0x000529f0	True
5847	0x00043128	0x000429f6	3	0	0x000529f6	True
5848	0x00043134	0x000429fb	3	0	0x000529fb	True
5849	0x00043138	0x00042a00	3	0	0x00052a00	True
5850	0x00043144	0x00042a04	3	0	0x00052a04	True
5851	0x00043148	0x00042a07	3	0	0x00052a07	True
5852	0x00043154	0x00042a0b	3	0	0x00052a0b	True
5853	0x00043158	0x00042a11	3	0	0x00052a11	True
5854	0x00043164	0x00042a15	3	0	0x00052a15	True
5855	0x00043168	0x00042a17	3	0	0x00052a17	True
5856	0x00043174	0x00042a1b	3	0	0x00052a1b	True
5857	0x00043178	0x00042a1d	3	0	0x00052a1d	True
5858	0x00043184	0x00042a21	3	0	0x00052a21	True
5859	0x00043188	0x00042a23	3	0	0x00052a23	True
5860	0x00043194	0x00042a27	3	0	0x00052a27	True
5861	0x00043198	0x00042a29	3	0	0x00052a29	True
5862	0x000431a4	0x00042a2d	3	0	0x00052a2d	True
5863	0x000431a8	0x00042a2f	3	0	0x00052a2f	True
5864	0x000431b4	0x00042a34	3	0	0x00052a34	True
5865	0x000431b8	0x00042a36	3	0	0x00052a36	True
5866	0x000431c4	0x00042a3b	3	0	0x00052a3b	True
5867	0x000431c8	0x00042a3d	3	0	0x00052a3d	True
5868	0x000431d4	0x00042a44	3	0	0x00052a44	True
5869	0x000431d8	0x00042a46	3	0	0x00052a46	True
5870	0x000431e4	0x00042a4c	3	0	0x00052a4c	True
5871	0x000431e8	0x00042a4e	3	0	0x00052a4e	True
5872	0x000431f4	0x00042a53	3	0	0x00052a53	True
5873	0x000431f8	0x00042a55	3	0	0x00052a55	True
5874	0x00043204	0x00042a5a	3	0	0x00052a5a	True
5875	0x00043208	0x00042a5c	3	0	0x00052a5c	True
5876	0x00043214	0x00042a61	3	0	0x00052a61	True
5877	0x00043218	0x00042a63	3	0	0x00052a63	True
5878	0x00043224	0x00042a68	3	0	0x00052a68	True
5879	0x00043228	0x00042a6a	3	0	0x00052a6a	True
5880	0x00043234	0x00042a6e	3	0	0x00052a6e	True
5881	0x00043238	0x00042a71	3	0	0x00052a71	True
5882	0x00043244	0x00042a75	3	0	0x00052a75	True
5883	0x00043248	0x00042a77	3	0	0x00052a77	True
5884	0x00043254	0x00042a7c	3	0	0x00052a7c	True
5885	0x00043258	0x00042a7e	3	0	0x00052a7e	True
5886	0x00043264	0x00042a82	3	0	0x00052a82	True
5887	0x00043268	0x00042a85	3	0	0x00052a85	True
5888	0x00043274	0x00042a89	3	0	0x00052a89	True
5889	0x00043278	0x00042a8b	3	0	0x00052a8b	True
5890	0x00043284	0x00042a8f	3	0	0x00052a8f	True
5891	0x00043288	0x00042a91	3	0	0x00052a91	True
5892	0x00043294	0x00042a95	3	0	0x00052a95	True
5893	0x00043298	0x00042a97	3	0	0x00052a97	True
5894	0x000432a4	0x00042a9b	3	0	0x00052a9b	True
5895	0x000432a8	0x00042a9f	3	0	0x00052a9f	True
5896	0x000432b4	0x00042aa3	3	0	0x00052aa3	True
5897	0x000432b8	0x00042aa7	3	0	0x00052aa7	True
5898	0x000432c4	0x00042aab	3	0	0x00052aab	True
5899	0x000432c8	0x00042aaf	3	0	0x00052aaf	True
5900	0x000432d4	0x00042ab3	3	0	0x00052ab3	True
5901	0x000432d8	0x00042ab7	3	0	0x00052ab7	True
5902	0x000432e4	0x00042abb	3	0	0x00052abb	True
5903	0x000432e8	0x00042abf	3	0	0x00052abf	True
5904	0x000432f4	0x00042ac3	3	0	0x00052ac3	True
5905	0x000432f8	0x00042ac7	3	0	0x00052ac7	True
5906	0x00043304	0x00042acb	3	0	0x00052acb	True
5907	0x00043308	0x00042acf	3	0	0x00052acf	True
5908	0x00043314	0x00042ad3	3	0	0x00052ad3	True
5909	0x00043318	0x00042ad7	3	0	0x00052ad7	True
5910	0x00043324	0x00042adb	3	0	0x00052adb	True
5911	0x00043328	0x00042adf	3	0	0x00052adf	True
5912	0x00043334	0x00042ae3	3	0	0x00052ae3	True
5913	0x00043338	0x00042ae7	3	0	0x00052ae7	True
5914	0x00043344	0x00042aeb	3	0	0x00052aeb	True
5915	0x00043348	0x00042aef	3	0	0x00052aef	True
5916	0x00043354	0x00042af2	3	0	0x00052af2	True
5917	0x00043358	0x00042af6	3	0	0x00052af6	True
5918	0x00043364	0x00042afa	3	0	0x00052afa	True
5919	0x00043368	0x00042afe	3	0	0x00052afe	True
5920	0x00043374	0x00042b02	3	0	0x00052b02	True
5921	0x00043378	0x00042b06	3	0	0x00052b06	True
5922	0x00043384	0x00042b0b	3	0	0x00052b0b	True
5923	0x00043388	0x00042b0f	3	0	0x00052b0f	True
5924	0x00043394	0x00042b13	3	0	0x00052b13	True
5925	0x00043398	0x00042b17	3	0	0x00052b17	True
5926	0x000433a4	0x00042b1c	3	0	0x00052b1c	True
5927	0x000433a8	0x00042b1e	3	0	0x00052b1e	True
5928	0x000433b4	0x00042b22	3	0	0x00052b22	True
5929	0x000433b8	0x00042b24	3	0	0x00052b24	True
5930	0x000433c4	0x00042b29	3	0	0x00052b29	True
5931	0x000433c8	0x00042b2b	3	0	0x00052b2b	True
5932	0x000433d4	0x00042b30	3	0	0x00052b30	True
5933	0x000433d8	0x00042b32	3	0	0x00052b32	True
5934	0x000433e4	0x00042b37	3	0	0x00052b37	True
5935	0x000433e8	0x00042b39	3	0	0x00052b39	True
5936	0x000433f4	0x00042b3e	3	0	0x00052b3e	True
5937	0x000433f8	0x00042b40	3	0	0x00052b40	True
5938	0x00043404	0x00042b45	3	0	0x00052b45	True
5939	0x00043408	0x00042b47	3	0	0x00052b47	True
5940	0x00043414	0x00042b4c	3	0	0x00052b4c	True
5941	0x00043418	0x00042b4e	3	0	0x00052b4e	True
5942	0x00043424	0x00042b53	3	0	0x00052b53	True
5943	0x00043428	0x00042b55	3	0	0x00052b55	True
5944	0x00043434	0x00042b5a	3	0	0x00052b5a	True
5945	0x00043438	0x00042b5c	3	0	0x00052b5c	True
5946	0x00043444	0x00042b60	3	0	0x00052b60	True
5947	0x00043448	0x00042b62	3	0	0x00052b62	True
5948	0x00043454	0x00042b67	3	0	0x00052b67	True
5949	0x00043458	0x00042b69	3	0	0x00052b69	True
5950	0x00043464	0x00042b6e	3	0	0x00052b6e	True
5951	0x00043468	0x00042b70	3	0	0x00052b70	True
5952	0x00043474	0x00042b74	3	0	0x00052b74	True
5953	0x00043478	0x00042b76	3	0	0x00052b76	True
5954	0x00043484	0x00042b7b	3	0	0x00052b7b	True
5955	0x00043488	0x00042b7d	3	0	0x00052b7d	True
5956	0x00043494	0x00042b82	3	0	0x00052b82	True
5957	0x00043498	0x00042b84	3	0	0x00052b84	True
5958	0x000434a4	0x00042b89	3	0	0x00052b89	True
5959	0x000434a8	0x00042b8d	3	0	0x00052b8d	True
5960	0x000434b4	0x00042b92	3	0	0x00052b92	True
5961	0x000434b8	0x00042b96	3	0	0x00052b96	True
5962	0x000434c4	0x00042b9b	3	0	0x00052b9b	True
5963	0x000434c8	0x00042b9f	3	0	0x00052b9f	True
5964	0x000434d4	0x00042ba5	3	0	0x00052ba5	True
5965	0x000434d8	0x00042ba9	3	0	0x00052ba9	True
5966	0x000434e4	0x00042bae	3	0	0x00052bae	True
5967	0x000434e8	0x00042bb2	3	0	0x00052bb2	True
5968	0x000434f4	0x00042bb8	3	0	0x00052bb8	True
5969	0x000434f8	0x00042bbc	3	0	0x00052bbc	True
5970	0x00043504	0x00042bc2	3	0	0x00052bc2	True
5971	0x00043508	0x00042bc6	3	0	0x00052bc6	True
5972	0x00043514	0x00042bcc	3	0	0x00052bcc	True
5973	0x00043518	0x00042bd0	3	0	0x00052bd0	True
5974	0x00043524	0x00042bd6	3	0	0x00052bd6	True
5975	0x00043528	0x00042bda	3	0	0x00052bda	True
5976	0x00043534	0x00042be1	3	0	0x00052be1	True
5977	0x00043538	0x00042be5	3	0	0x00052be5	True
5978	0x00043544	0x00042beb	3	0	0x00052beb	True
5979	0x00043548	0x00042bef	3	0	0x00052bef	True
5980	0x00043554	0x00042bf6	3	0	0x00052bf6	True
5981	0x00043558	0x00042bfa	3	0	0x00052bfa	True
5982	0x00043564	0x00042c00	3	0	0x00052c00	True
5983	0x00043568	0x00042c02	3	0	0x00052c02	True
5984	0x00043574	0x00042c08	3	0	0x00052c08	True
5985	0x00043578	0x00042c0a	3	0	0x00052c0a	True
5986	0x00043584	0x00042c11	3	0	0x00052c11	True
5987	0x00043588	0x00042c13	3	0	0x00052c13	True
5988	0x00043594	0x00042c19	3	0	0x00052c19	True
5989	0x00043598	0x00042c1b	3	0	0x00052c1b	True
5990	0x000435a4	0x00042c22	3	0	0x00052c22	True
5991	0x000435a8	0x00042c24	3	0	0x00052c24	True
5992	0x000435b4	0x00042c29	3	0	0x00052c29	True
5993	0x000435b8	0x00042c2b	3	0	0x00052c2b	True
5994	0x000435c4	0x00042c31	3	0	0x00052c31	True
5995	0x000435c8	0x00042c33	3	0	0x00052c33	True
5996	0x000435d4	0x00042c39	3	0	0x00052c39	True
5997	0x000435d8	0x00042c3b	3	0	0x00052c3b	True
5998	0x000435e4	0x00042c42	3	0	0x00052c42	True
5999	0x000435e8	0x00042c44	3	0	0x00052c44	True
6000	0x000435f4	0x00042c49	3	0	0x00052c49	True
6001	0x000435f8	0x00042c4b	3	0	0x00052c4b	True
6002	0x00043604	0x00042c51	3	0	0x00052c51	True
6003	0x00043608	0x00042c53	3	0	0x00052c53	True
6004	0x00043614	0x00042c58	3	0	0x00052c58	True
6005	0x00043618	0x00042c5c	3	0	0x00052c5c	True
6006	0x00043624	0x00042c62	3	0	0x00052c62	True
6007	0x00043628	0x00042c66	3	0	0x00052c66	True
6008	0x00043634	0x00042c6d	3	0	0x00052c6d	True
6009	0x00043638	0x00042c6f	3	0	0x00052c6f	True
6010	0x00043644	0x00042c74	3	0	0x00052c74	True
6011	0x00043648	0x00042c76	3	0	0x00052c76	True
6012	0x00043654	0x00042c7a	3	0	0x00052c7a	True
6013	0x00043658	0x00042c7c	3	0	0x00052c7c	True
6014	0x00043664	0x00042c82	3	0	0x00052c82	True
6015	0x00043668	0x00042c84	3	0	0x00052c84	True
6016	0x00043674	0x00042c88	3	0	0x00052c88	True
6017	0x00043678	0x00042c8a	3	0	0x00052c8a	True
6018	0x00043684	0x00042c8f	3	0	0x00052c8f	True
6019	0x00043688	0x00042c91	3	0	0x00052c91	True
6020	0x00043694	0x00042c96	3	0	0x00052c96	True
6021	0x00043698	0x00042c98	3	0	0x00052c98	True
6022	0x000436a4	0x00042c9e	3	0	0x00052c9e	True
6023	0x000436a8	0x00042ca0	3	0	0x00052ca0	True
6024	0x000436b4	0x00042ca7	3	0	0x00052ca7	True
6025	0x000436b8	0x00042ca9	3	0	0x00052ca9	True
6026	0x000436c4	0x00042cb0	3	0	0x00052cb0	True
6027	0x000436c8	0x00042cb2	3	0	0x00052cb2	True
6028	0x000436d4	0x00042cb8	3	0	0x00052cb8	True
6029	0x000436d8	0x00042cba	3	0	0x00052cba	True
6030	0x000436e4	0x00042cc0	3	0	0x00052cc0	True
6031	0x000436e8	0x00042cc2	3	0	0x00052cc2	True
6032	0x000436f4	0x00042cc8	3	0	0x00052cc8	True
6033	0x000436f8	0x00042cca	3	0	0x00052cca	True
6034	0x00043704	0x00042cd1	3	0	0x00052cd1	True
6035	0x00043708	0x00042cd3	3	0	0x00052cd3	True
6036	0x00043714	0x00042cd9	3	0	0x00052cd9	True
6037	0x00043718	0x00042cdb	3	0	0x00052cdb	True
6038	0x00043724	0x00042ce2	3	0	0x00052ce2	True
6039	0x00043728	0x00042ce4	3	0	0x00052ce4	True
6040	0x00043734	0x00042ceb	3	0	0x00052ceb	True
6041	0x00043738	0x00042ced	3	0	0x00052ced	True
6042	0x00043744	0x00042cf4	3	0	0x00052cf4	True
6043	0x00043748	0x00042cf6	3	0	0x00052cf6	True
6044	0x00043754	0x00042cfe	3	0	0x00052cfe	True
6045	0x00043758	0x00042d00	3	0	0x00052d00	True
6046	0x00043764	0x00042d07	3	0	0x00052d07	True
6047	0x00043768	0x00042d09	3	0	0x00052d09	True
6048	0x00043774	0x00042d10	3	0	0x00052d10	True
6049	0x00043778	0x00042d12	3	0	0x00052d12	True
6050	0x00043784	0x00042d19	3	0	0x00052d19	True
6051	0x00043788	0x00042d1b	3	0	0x00052d1b	True
6052	0x00043794	0x00042d21	3	0	0x00052d21	True
6053	0x00043798	0x00042d23	3	0	0x00052d23	True
6054	0x000437a4	0x00042d29	3	0	0x00052d29	True
6055	0x000437a8	0x00042d2b	3	0	0x00052d2b	True
6056	0x000437b4	0x00042d30	3	0	0x00052d30	True
6057	0x000437b8	0x00042d32	3	0	0x00052d32	True
6058	0x000437c4	0x00042d37	3	0	0x00052d37	True
6059	0x000437c8	0x00042d39	3	0	0x00052d39	True
6060	0x000437d4	0x00042d3f	3	0	0x00052d3f	True
6061	0x000437d8	0x00042d41	3	0	0x00052d41	True
6062	0x000437e4	0x00042d49	3	0	0x00052d49	True
6063	0x000437e8	0x00042d4b	3	0	0x00052d4b	True
6064	0x000437f4	0x00042d51	3	0	0x00052d51	True
6065	0x000437f8	0x00042d53	3	0	0x00052d53	True
6066	0x00043804	0x00042d58	3	0	0x00052d58	True
6067	0x00043808	0x00042d5a	3	0	0x00052d5a	True
6068	0x00043814	0x00042d62	3	0	0x00052d62	True
6069	0x00043818	0x00042d64	3	0	0x00052d64	True
6070	0x00043824	0x00042d6a	3	0	0x00052d6a	True
6071	0x00043828	0x00042d6c	3	0	0x00052d6c	True
6072	0x00043834	0x00042d71	3	0	0x00052d71	True
6073	0x00043838	0x00042d73	3	0	0x00052d73	True
6074	0x00043844	0x00042d78	3	0	0x00052d78	True
6075	0x00043848	0x00042d7a	3	0	0x00052d7a	True
6076	0x00043854	0x00042d80	3	0	0x00052d80	True
6077	0x00043858	0x00042d82	3	0	0x00052d82	True
6078	0x00043864	0x00042d89	3	0	0x00052d89	True
6079	0x00043868	0x00042d8b	3	0	0x00052d8b	True
6080	0x00043874	0x00042d92	3	0	0x00052d92	True
6081	0x00043878	0x00042d94	3	0	0x00052d94	True
6082	0x00043884	0x00042d9b	3	0	0x00052d9b	True
6083	0x00043888	0x00042d9d	3	0	0x00052d9d	True
6084	0x00043894	0x00042da4	3	0	0x00052da4	True
6085	0x00043898	0x00042da6	3	0	0x00052da6	True
6086	0x000438a4	0x00042dab	3	0	0x00052dab	True
6087	0x000438a8	0x00042dad	3	0	0x00052dad	True
6088	0x000438b4	0x00042db4	3	0	0x00052db4	True
6089	0x000438b8	0x00042db6	3	0	0x00052db6	True
6090	0x000438c4	0x00042dbc	3	0	0x00052dbc	True
6091	0x000438c8	0x00042dbe	3	0	0x00052dbe	True
6092	0x000438d4	0x00042dc4	3	0	0x00052dc4	True
6093	0x000438d8	0x00042dc6	3	0	0x00052dc6	True
6094	0x000438e4	0x00042dce	3	0	0x00052dce	True
6095	0x000438e8	0x00042dd0	3	0	0x00052dd0	True
6096	0x000438f4	0x00042dd7	3	0	0x00052dd7	True
6097	0x000438f8	0x00042dd9	3	0	0x00052dd9	True
6098	0x00043904	0x00042de0	3	0	0x00052de0	True
6099	0x00043908	0x00042de2	3	0	0x00052de2	True
6100	0x00043914	0x00042de8	3	0	0x00052de8	True
6101	0x00043918	0x00042dea	3	0	0x00052dea	True
6102	0x00043924	0x00042def	3	0	0x00052def	True
6103	0x00043928	0x00042df1	3	0	0x00052df1	True
6104	0x00043934	0x00042df7	3	0	0x00052df7	True
6105	0x00043938	0x00042df9	3	0	0x00052df9	True
6106	0x00043944	0x00042dfe	3	0	0x00052dfe	True
6107	0x00043948	0x00042e00	3	0	0x00052e00	True
6108	0x00043954	0x00042e08	3	0	0x00052e08	True
6109	0x00043958	0x00042e0a	3	0	0x00052e0a	True
6110	0x00043964	0x00042e10	3	0	0x00052e10	True
6111	0x00043968	0x00042e12	3	0	0x00052e12	True
6112	0x00043974	0x00042e1a	3	0	0x00052e1a	True
6113	0x00043978	0x00042e1c	3	0	0x00052e1c	True
6114	0x00043984	0x00042e22	3	0	0x00052e22	True
6115	0x00043988	0x00042e24	3	0	0x00052e24	True
6116	0x00043994	0x00042e29	3	0	0x00052e29	True
6117	0x00043998	0x00042e2b	3	0	0x00052e2b	True
6118	0x000439a4	0x00042e2f	3	0	0x00052e2f	True
6119	0x000439a8	0x00042e31	3	0	0x00052e31	True
6120	0x000439b4	0x00042e35	3	0	0x00052e35	True
6121	0x000439b8	0x00042e37	3	0	0x00052e37	True
6122	0x000439c4	0x00042e3b	3	0	0x00052e3b	True
6123	0x000439c8	0x00042e3d	3	0	0x00052e3d	True
6124	0x000439d4	0x00042e41	3	0	0x00052e41	True
6125	0x000439d8	0x00042e43	3	0	0x00052e43	True
6126	0x000439e4	0x00042e47	3	0	0x00052e47	True
6127	0x000439e8	0x00042e49	3	0	0x00052e49	True
6128	0x000439f4	0x00042e4d	3	0	0x00052e4d	True
6129	0x000439f8	0x00042e4f	3	0	0x00052e4f	True
6130	0x00043a04	0x00042e53	3	0	0x00052e53	True
6131	0x00043a08	0x00042e55	3	0	0x00052e55	True
6132	0x00043a14	0x00042e59	3	0	0x00052e59	True
6133	0x00043a18	0x00042e5b	3	0	0x00052e5b	True
6134	0x00043a24	0x00042e60	3	0	0x00052e60	True
6135	0x00043a28	0x00042e62	3	0	0x00052e62	True
6136	0x00043a34	0x00042e66	3	0	0x00052e66	True
6137	0x00043a38	0x00042e68	3	0	0x00052e68	True
6138	0x00043a44	0x00042e6c	3	0	0x00052e6c	True
6139	0x00043a48	0x00042e6e	3	0	0x00052e6e	True
6140	0x00043a54	0x00042e72	3	0	0x00052e72	True
6141	0x00043a58	0x00042e74	3	0	0x00052e74	True
6142	0x00043a64	0x00042e78	3	0	0x00052e78	True
6143	0x00043a68	0x00042e7a	3	0	0x00052e7a	True
6144	0x00043a74	0x00042e7e	3	0	0x00052e7e	True
6145	0x00043a78	0x00042e80	3	0	0x00052e80	True
6146	0x00043a84	0x00042e86	3	0	0x00052e86	True
6147	0x00043a88	0x00042e88	3	0	0x00052e88	True
6148	0x00043a94	0x00042e8d	3	0	0x00052e8d	True
6149	0x00043a98	0x00042e8f	3	0	0x00052e8f	True
6150	0x00043aa4	0x00042e94	3	0	0x00052e94	True
6151	0x00043aa8	0x00042e96	3	0	0x00052e96	True
6152	0x00043ab4	0x00042e9b	3	0	0x00052e9b	True
6153	0x00043ab8	0x00042e9d	3	0	0x00052e9d	True
6154	0x00043ac4	0x00042ea3	3	0	0x00052ea3	True
6155	0x00043ac8	0x00042ea5	3	0	0x00052ea5	True
6156	0x00043ad4	0x00042eaa	3	0	0x00052eaa	True
6157	0x00043ad8	0x00042eac	3	0	0x00052eac	True
6158	0x00043ae4	0x00042eb0	3	0	0x00052eb0	True
6159	0x00043ae8	0x00042eb2	3	0	0x00052eb2	True
6160	0x00043af4	0x00042eb7	3	0	0x00052eb7	True
6161	0x00043af8	0x00042eb9	3	0	0x00052eb9	True
6162	0x00043b04	0x00042ebe	3	0	0x00052ebe	True
6163	0x00043b08	0x00042ec0	3	0	0x00052ec0	True
6164	0x00043b14	0x00042ec6	3	0	0x00052ec6	True
6165	0x00043b18	0x00042ec8	3	0	0x00052ec8	True
6166	0x00043b24	0x00042ece	3	0	0x00052ece	True
6167	0x00043b28	0x00042ed0	3	0	0x00052ed0	True
6168	0x00043b34	0x00042ed5	3	0	0x00052ed5	True
6169	0x00043b38	0x00042ed7	3	0	0x00052ed7	True
6170	0x00043b44	0x00042edb	3	0	0x00052edb	True
6171	0x00043b48	0x00042edd	3	0	0x00052edd	True
6172	0x00043b54	0x00042ee1	3	0	0x00052ee1	True
6173	0x00043b58	0x00042ee3	3	0	0x00052ee3	True
6174	0x00043b64	0x00042ee7	3	0	0x00052ee7	True
6175	0x00043b68	0x00042ee9	3	0	0x00052ee9	True
6176	0x00043b74	0x00042eed	3	0	0x00052eed	True
6177	0x00043b78	0x00042eef	3	0	0x00052eef	True
6178	0x00043b84	0x00042ef4	3	0	0x00052ef4	True
6179	0x00043b88	0x00042ef6	3	0	0x00052ef6	True
6180	0x00043b94	0x00042efb	3	0	0x00052efb	True
6181	0x00043b98	0x00042efc	3	0	0x00052efc	True
6182	0x00043ba4	0x00042f00	3	0	0x00052f00	True
6183	0x00043ba8	0x00042f02	3	0	0x00052f02	True
6184	0x00043bb4	0x00042f07	3	0	0x00052f07	True
6185	0x00043bb8	0x00042f09	3	0	0x00052f09	True
6186	0x00043bc4	0x00042f0f	3	0	0x00052f0f	True
6187	0x00043bc8	0x00042f11	3	0	0x00052f11	True
6188	0x00043bd4	0x00042f16	3	0	0x00052f16	True
6189	0x00043bd8	0x00042f18	3	0	0x00052f18	True
6190	0x00043be4	0x00042f1d	3	0	0x00052f1d	True
6191	0x00043be8	0x00042f21	3	0	0x00052f21	True
6192	0x00043bf4	0x00042f27	3	0	0x00052f27	True
6193	0x00043bf8	0x00042f2c	3	0	0x00052f2c	True
6194	0x00043c04	0x00042f31	3	0	0x00052f31	True
6195	0x00043c08	0x00042f32	3	0	0x00052f32	True
6196	0x00043c14	0x00042f38	3	0	0x00052f38	True
6197	0x00043c18	0x00042f3d	3	0	0x00052f3d	True
6198	0x00043c24	0x00042f41	3	0	0x00052f41	True
6199	0x00043c28	0x00042f43	3	0	0x00052f43	True
6200	0x00043c34	0x00042f47	3	0	0x00052f47	True
6201	0x00043c38	0x00042f49	3	0	0x00052f49	True
6202	0x00043c44	0x00042f4d	3	0	0x00052f4d	True
6203	0x00043c48	0x00042f4f	3	0	0x00052f4f	True
6204	0x00043c54	0x00042f53	3	0	0x00052f53	True
6205	0x00043c58	0x00042f55	3	0	0x00052f55	True
6206	0x00043c64	0x00042f5b	3	0	0x00052f5b	True
6207	0x00043c68	0x00042f5d	3	0	0x00052f5d	True
6208	0x00043c74	0x00042f63	3	0	0x00052f63	True
6209	0x00043c78	0x00042f65	3	0	0x00052f65	True
6210	0x00043c84	0x00042f6c	3	0	0x00052f6c	True
6211	0x00043c88	0x00042f6e	3	0	0x00052f6e	True
6212	0x00043c94	0x00042f74	3	0	0x00052f74	True
6213	0x00043c98	0x00042f76	3	0	0x00052f76	True
6214	0x00043ca4	0x00042f7d	3	0	0x00052f7d	True
6215	0x00043ca8	0x00042f7f	3	0	0x00052f7f	True
6216	0x00043cb4	0x00042f87	3	0	0x00052f87	True
6217	0x00043cb8	0x00042f88	3	0	0x00052f88	True
6218	0x00043cc4	0x00042f90	3	0	0x00052f90	True
6219	0x00043cc8	0x00042f91	3	0	0x00052f91	True
6220	0x00043cd4	0x00042f95	3	0	0x00052f95	True
6221	0x00043cd8	0x00042f97	3	0	0x00052f97	True
6222	0x00043ce4	0x00042f9b	3	0	0x00052f9b	True
6223	0x00043ce8	0x00042f9d	3	0	0x00052f9d	True
6224	0x00043cf4	0x00042fa2	3	0	0x00052fa2	True
6225	0x00043cf8	0x00042fa4	3	0	0x00052fa4	True
6226	0x00043d04	0x00042fa9	3	0	0x00052fa9	True
6227	0x00043d08	0x00042fab	3	0	0x00052fab	True
6228	0x00043d14	0x00042fae	3	0	0x00052fae	True
6229	0x00043d18	0x00042fb0	3	0	0x00052fb0	True
6230	0x00043d24	0x00042fb4	3	0	0x00052fb4	True
6231	0x00043d28	0x00042fb6	3	0	0x00052fb6	True
6232	0x00043d34	0x00042fba	3	0	0x00052fba	True
6233	0x00043d38	0x00042fbc	3	0	0x00052fbc	True
6234	0x00043d44	0x00042fc0	3	0	0x00052fc0	True
6235	0x00043d48	0x00042fc2	3	0	0x00052fc2	True
6236	0x00043d54	0x00042fc8	3	0	0x00052fc8	True
6237	0x00043d58	0x00042fca	3	0	0x00052fca	True
6238	0x00043d64	0x00042fd0	3	0	0x00052fd0	True
6239	0x00043d68	0x00042fd4	3	0	0x00052fd4	True
6240	0x00043d74	0x00042fdb	3	0	0x00052fdb	True
6241	0x00043d78	0x00042fdf	3	0	0x00052fdf	True
6242	0x00043d84	0x00042fe7	3	0	0x00052fe7	True
6243	0x00043d88	0x00042fe9	3	0	0x00052fe9	True
6244	0x00043d94	0x00042ff0	3	0	0x00052ff0	True
6245	0x00043d98	0x00042ff3	3	0	0x00052ff3	True
6246	0x00043da4	0x00042ffb	3	0	0x00052ffb	True
6247	0x00043da8	0x00042ffe	3	0	0x00052ffe	True
6248	0x00043db4	0x00043003	3	0	0x00053003	True
6249	0x00043db8	0x00043006	3	0	0x00053006	True
6250	0x00043dc4	0x0004300b	3	0	0x0005300b	True
6251	0x00043dc8	0x0004300e	3	0	0x0005300e	True
6252	0x00043dd4	0x00043014	3	0	0x00053014	True
6253	0x00043dd8	0x00043016	3	0	0x00053016	True
6254	0x00043de4	0x0004301b	3	0	0x0005301b	True
6255	0x00043de8	0x0004301d	3	0	0x0005301d	True
6256	0x00043df4	0x00043025	3	0	0x00053025	True
6257	0x00043df8	0x00043027	3	0	0x00053027	True
6258	0x00043e04	0x0004302c	3	0	0x0005302c	True
6259	0x00043e08	0x0004302e	3	0	0x0005302e	True
6260	0x00043e14	0x00043035	3	0	0x00053035	True
6261	0x00043e18	0x00043037	3	0	0x00053037	True
6262	0x00043e24	0x0004303e	3	0	0x0005303e	True
6263	0x00043e28	0x00043040	3	0	0x00053040	True
6264	0x00043e34	0x00043047	3	0	0x00053047	True
6265	0x00043e88	0x00043e40	3	0	0x00053e40	True
6266	0x00043e94	0x00043e52	3	0	0x00053e52	True
6267	0x00043e9c	0x00043e54	3	0	0x00053e54	True
6268	0x00043ea4	0x00043e56	3	0	0x00053e56	True
6269	0x00043ecc	0x00043e58	3	0	0x00053e58	True
6270	0x00043ed4	0x00043e5a	3	0	0x00053e5a	True
6271	0x00043edc	0x00043e5c	3	0	0x00053e5c	True
6272	0x00043ee4	0x00043e5e	3	0	0x00053e5e	True
6273	0x00043eec	0x00043e61	3	0	0x00053e61	True
6274	0x00043ef4	0x00043e63	3	0	0x00053e63	True
6275	0x00043efc	0x00043e65	3	0	0x00053e65	True
6276	0x00043f04	0x00043e67	3	0	0x00053e67	True
6277	0x00043f0c	0x00043e69	3	0	0x00053e69	True
6278	0x00043f14	0x00043e6b	3	0	0x00053e6b	True
6279	0x00043f1c	0x00043e6d	3	0	0x00053e6d	True
6280	0x00043f34	0x00043e6e	3	0	0x00053e6e	True
6281	0x00043f3c	0x00043e70	3	0	0x00053e70	True
6282	0x00043f44	0x00043e72	3	0	0x00053e72	True
6283	0x00043f4c	0x00043e74	3	0	0x00053e74	True
6284	0x00043f54	0x00043e76	3	0	0x00053e76	True
6285	0x00043f7c	0x00043e78	3	0	0x00053e78	True
6286	0x00043f84	0x00043e7a	3	0	0x00053e7a	True
6287	0x00043f8c	0x00043e7c	3	0	0x00053e7c	True
6288	0x00043f94	0x00043e7e	3	0	0x00053e7e	True
6289	0x00043f9c	0x00043e80	3	0	0x00053e80	True
6290	0x00043fa4	0x00043e82	3	0	0x00053e82	True
6291	0x00043fcc	0x00043e84	3	0	0x00053e84	True
6292	0x00043fdc	0x00043e86	3	0	0x00053e86	True
6293	0x00026891	0x00044004	3	0	0x00054004	True
6294	0x00026899	0x00044004	3	0	0x00054004	True
6295	0x000268c5	0x00044004	3	0	0x00054004	True
6296	0x000268cd	0x00044004	3	0	0x00054004	True
6297	0x000268ed	0x00044004	3	0	0x00054004	True
6298	0x000268f5	0x00044004	3	0	0x00054004	True
6299	0x0002691f	0x00044004	3	0	0x00054004	True
6300	0x00026927	0x00044004	3	0	0x00054004	True
6301	0x0002695b	0x00044004	3	0	0x00054004	True
6302	0x00026963	0x00044004	3	0	0x00054004	True
6303	0x00026985	0x00044004	3	0	0x00054004	True
6304	0x0002698d	0x00044004	3	0	0x00054004	True
6305	0x000269b7	0x00044004	3	0	0x00054004	True
6306	0x000269bf	0x00044004	3	0	0x00054004	True
6307	0x000269f3	0x00044004	3	0	0x00054004	True
6308	0x000269fb	0x00044004	3	0	0x00054004	True
6309	0x00026a1d	0x00044004	3	0	0x00054004	True
6310	0x00026a25	0x00044004	3	0	0x00054004	True
6311	0x00026a45	0x00044004	3	0	0x00054004	True
6312	0x00026a4d	0x00044004	3	0	0x00054004	True
6313	0x00026a6d	0x00044004	3	0	0x00054004	True
6314	0x00026a75	0x00044004	3	0	0x00054004	True
6315	0x00026aa0	0x00044004	3	0	0x00054004	True
6316	0x00026ac2	0x00044004	3	0	0x00054004	True
6317	0x00026af2	0x00044004	3	0	0x00054004	True
6318	0x00026b29	0x00044004	3	0	0x00054004	True
6319	0x00026b31	0x00044004	3	0	0x00054004	True
6320	0x00026ba4	0x00044004	3	0	0x00054004	True
6321	0x00026bac	0x00044004	3	0	0x00054004	True
6322	0x00026bed	0x00044004	3	0	0x00054004	True
6323	0x00026bf5	0x00044004	3	0	0x00054004	True
6324	0x00026ca2	0x00044000	3	0	0x00054000	True
6325	0x00026cc4	0x00044240	3	0	0x00054240	True
6326	0x00026d28	0x00044240	3	0	0x00054240	True
6327	0x00044000	0x00043ff0	3	0	0x00053ff0	True
6328	0x00044084	0x00044010	3	0	0x00054010	True
6329	0x00044088	0x0004401f	3	0	0x0005401f	True
6330	0x00044090	0x0004402d	3	0	0x0005402d	True
6331	0x00044098	0x0004403b	3	0	0x0005403b	True
6332	0x000440a0	0x00044042	3	0	0x00054042	True
6333	0x000440a8	0x00044052	3	0	0x00054052	True
6334	0x000440b0	0x00044054	3	0	0x00054054	True
6335	0x000440b8	0x00044060	3	0	0x00054060	True
6336	0x000440c0	0x0004406b	3	0	0x0005406b	True
6337	0x000440c8	0x00044073	3	0	0x00054073	True
6338	0x000440d0	0x0004407a	3	0	0x0005407a	True
6339	0x000440d8	0x0004407e	3	0	0x0005407e	True
6340	0x00026d7e	0x000401bc	3	0	0x000501bc	True
6341	0x00026d84	0x000401bc	3	0	0x000501bc	True
6342	0x00026dcf	0x000401bc	3	0	0x000501bc	True
6343	0x00026dd5	0x000401bc	3	0	0x000501bc	True
6344	0x00026ded	0x000401cc	3	0	0x000501cc	True
6345	0x00026e1d	0x000440f8	3	0	0x000540f8	True
6346	0x00026e26	0x000401bc	3	0	0x000501bc	True
6347	0x00026e56	0x000401a0	3	0	0x000501a0	True
6348	0x00026e66	0x00040168	3	0	0x00050168	True
6349	0x00026e70	0x00040168	3	0	0x00050168	True
6350	0x00026e75	0x000440fc	3	0	0x000540fc	True
6351	0x00026ec7	0x00044114	3	0	0x00054114	True
6352	0x00026ed3	0x0004410e	3	0	0x0005410e	True
6353	0x00026edf	0x00044106	3	0	0x00054106	True
6354	0x00026f11	0x00044120	3	0	0x00054120	True
6355	0x00026f5e	0x00044810	3	0	0x00054810	True
6356	0x00026f87	0x00044810	3	0	0x00054810	True
6357	0x00026f90	0x00044128	3	0	0x00054128	True
6358	0x00026f9e	0x00040158	3	0	0x00050158	True
6359	0x000270e4	0x00040118	3	0	0x00050118	True
6360	0x000270f2	0x00040118	3	0	0x00050118	True
6361	0x000440f4	0x000440e0	3	0	0x000540e0	True
6362	0x0002711a	0x00044268	3	0	0x00054268	True
6363	0x00027122	0x00044240	3	0	0x00054240	True
6364	0x0002712c	0x00044244	3	0	0x00054244	True
6365	0x0002717e	0x0004426c	3	0	0x0005426c	True
6366	0x00027192	0x0006003c	3	0	0x0007003c	True
6367	0x00027198	0x00060040	3	0	0x00070040	True
6368	0x000271df	0x000442ac	3	0	0x000542ac	True
6369	0x000271ee	0x000442b0	3	0	0x000542b0	True
6370	0x000271fd	0x000442b4	3	0	0x000542b4	True
6371	0x00027206	0x000442ac	3	0	0x000542ac	True
6372	0x0002720c	0x0004426c	3	0	0x0005426c	True
6373	0x00027232	0x0004426c	3	0	0x0005426c	True
6374	0x00027249	0x0004426c	3	0	0x0005426c	True
6375	0x00027256	0x000442b4	3	0	0x000542b4	True
6376	0x0002725e	0x00044478	3	0	0x00054478	True
6377	0x00027267	0x00044478	3	0	0x00054478	True
6378	0x0002726d	0x00034d68	3	0	0x00044d68	True
6379	0x00027276	0x00034d68	3	0	0x00044d68	True
6380	0x0002727c	0x00034d78	3	0	0x00044d78	True
6381	0x00027285	0x00034d78	3	0	0x00044d78	True
6382	0x0002728b	0x00034d64	3	0	0x00044d64	True
6383	0x00027294	0x00034d64	3	0	0x00044d64	True
6384	0x0002729a	0x00034d7c	3	0	0x00044d7c	True
6385	0x000272a3	0x00034d7c	3	0	0x00044d7c	True
6386	0x000272fe	0x000443fc	3	0	0x000543fc	True
6387	0x0002730a	0x00034d70	3	0	0x00044d70	True
6388	0x00027313	0x00034d70	3	0	0x00044d70	True
6389	0x00027321	0x00034d60	3	0	0x00044d60	True
6390	0x0002732a	0x00034d60	3	0	0x00044d60	True
6391	0x00027330	0x000447a4	3	0	0x000547a4	True
6392	0x00027339	0x000447a4	3	0	0x000547a4	True
6393	0x0002733f	0x00034d74	3	0	0x00044d74	True
6394	0x00027348	0x00034d74	3	0	0x00044d74	True
6395	0x0002738e	0x00060044	3	0	0x00070044	True
6396	0x00027394	0x00060048	3	0	0x00070048	True
6397	0x0002739a	0x0006004c	3	0	0x0007004c	True
6398	0x000273a7	0x00044244	3	0	0x00054244	True
6399	0x000273ae	0x00044400	3	0	0x00054400	True
6400	0x000273bf	0x0004444a	3	0	0x0005444a	True
6401	0x000273d1	0x00044240	3	0	0x00054240	True
6402	0x000273e2	0x00044401	3	0	0x00054401	True
6403	0x000273e7	0x00044240	3	0	0x00054240	True
6404	0x00027400	0x00044240	3	0	0x00054240	True
6405	0x00027410	0x00044240	3	0	0x00054240	True
6406	0x0002748b	0x00031140	3	0	0x00041140	True
6407	0x000274b1	0x00031140	3	0	0x00041140	True
6408	0x0002752f	0x0004426c	3	0	0x0005426c	True
6409	0x000275ce	0x000447f0	3	0	0x000547f0	True
6410	0x000275d6	0x00044810	3	0	0x00054810	True
6411	0x00027632	0x0004426c	3	0	0x0005426c	True
6412	0x000276c2	0x000312a0	3	0	0x000412a0	True
6413	0x000276dc	0x000312c4	3	0	0x000412c4	True
6414	0x000276e3	0x000312a2	3	0	0x000412a2	True
6415	0x000276e8	0x000312bc	3	0	0x000412bc	True
6416	0x000276ef	0x000312a0	3	0	0x000412a0	True
6417	0x000276f4	0x000312c0	3	0	0x000412c0	True
6418	0x000276fa	0x000312c8	3	0	0x000412c8	True
6419	0x000276fe	0x000312a4	3	0	0x000412a4	True
6420	0x00027703	0x000312bc	3	0	0x000412bc	True
6421	0x000277fe	0x00044450	3	0	0x00054450	True
6422	0x0002782d	0x00044456	3	0	0x00054456	True
6423	0x0002786c	0x0004445c	3	0	0x0005445c	True
6424	0x00027873	0x00044463	3	0	0x00054463	True
6425	0x00028225	0x00044a00	3	0	0x00054a00	True
6426	0x00028237	0x00044b5c	3	0	0x00054b5c	True
6427	0x000282ac	0x000444a0	3	0	0x000544a0	True
6428	0x000282b0	0x000287ba	3	0	0x000387ba	True
6429	0x000282b6	0x000444a4	3	0	0x000544a4	True
6430	0x000282ba	0x00028352	3	0	0x00038352	True
6431	0x000282c0	0x000444a8	3	0	0x000544a8	True
6432	0x000282c4	0x000283e2	3	0	0x000383e2	True
6433	0x000282ca	0x000444ac	3	0	0x000544ac	True
6434	0x000282ce	0x000282de	3	0	0x000382de	True
6435	0x000282d4	0x000444b0	3	0	0x000544b0	True
6436	0x000282d8	0x000283c2	3	0	0x000383c2	True
6437	0x00044478	0x0002829e	3	0	0x0003829e	True
6438	0x0004447c	0x000282a6	3	0	0x000382a6	True
6439	0x00044480	0x000282a6	3	0	0x000382a6	True
6440	0x000282ec	0x00044131	3	0	0x00054131	True
6441	0x00028314	0x00044131	3	0	0x00054131	True
6442	0x0002842e	0x00044496	3	0	0x00054496	True
6443	0x00028436	0x000312d0	3	0	0x000412d0	True
6444	0x000284df	0x00044490	3	0	0x00054490	True
6445	0x000284e5	0x00044496	3	0	0x00054496	True
6446	0x0002858a	0x00044496	3	0	0x00054496	True
6447	0x000285a2	0x00044496	3	0	0x00054496	True
6448	0x000285b2	0x00044496	3	0	0x00054496	True
6449	0x000285ba	0x000312d0	3	0	0x000412d0	True
6450	0x000285d8	0x00044498	3	0	0x00054498	True
6451	0x000285df	0x00044498	3	0	0x00054498	True
6452	0x00028697	0x00044496	3	0	0x00054496	True
6453	0x000286de	0x00044496	3	0	0x00054496	True
6454	0x000286f3	0x00044496	3	0	0x00054496	True
6455	0x00028711	0x000312d0	3	0	0x000412d0	True
6456	0x0002871a	0x00044498	3	0	0x00054498	True
6457	0x0002871f	0x000312d0	3	0	0x000412d0	True
6458	0x00028737	0x000312d0	3	0	0x000412d0	True
6459	0x00028748	0x000312d0	3	0	0x000412d0	True
6460	0x00028752	0x00044498	3	0	0x00054498	True
6461	0x0002875a	0x0004449c	3	0	0x0005449c	True
6462	0x0002875f	0x000312d0	3	0	0x000412d0	True
6463	0x00028768	0x00044498	3	0	0x00054498	True
6464	0x00028790	0x0004449c	3	0	0x0005449c	True
6465	0x00028877	0x000312e0	3	0	0x000412e0	True
6466	0x00028a0a	0x00044131	3	0	0x00054131	True
6467	0x00028a77	0x00044131	3	0	0x00054131	True
6468	0x00028acc	0x00044131	3	0	0x00054131	True
6469	0x00028bb3	0x00044131	3	0	0x00054131	True
6470	0x00028bf7	0x00044131	3	0	0x00054131	True
6471	0x00028c0f	0x00028c16	3	0	0x00038c16	True
6472	0x00028c16	0x00028902	3	0	0x00038902	True
6473	0x00028c1a	0x00028976	3	0	0x00038976	True
6474	0x00028c1e	0x000289ba	3	0	0x000389ba	True
6475	0x00028c22	0x000289ea	3	0	0x000389ea	True
6476	0x00028c26	0x00028a3e	3	0	0x00038a3e	True
6477	0x00028c2a	0x00028ac6	3	0	0x00038ac6	True
6478	0x00028c2e	0x00028ae6	3	0	0x00038ae6	True
6479	0x00028c32	0x00028b62	3	0	0x00038b62	True
6480	0x00028c36	0x00028b45	3	0	0x00038b45	True
6481	0x00028c3a	0x00028b96	3	0	0x00038b96	True
6482	0x00028c76	0x000312f7	3	0	0x000412f7	True
6483	0x00028c7f	0x000312f7	3	0	0x000412f7	True
6484	0x00028cb7	0x000312e0	3	0	0x000412e0	True
6485	0x000444a0	0x00028ebe	3	0	0x00038ebe	True
6486	0x000444a4	0x00028ebe	3	0	0x00038ebe	True
6487	0x000444a8	0x00028ebe	3	0	0x00038ebe	True
6488	0x000444ac	0x00028ebe	3	0	0x00038ebe	True
6489	0x000444b0	0x00028ebe	3	0	0x00038ebe	True
6490	0x000444b4	0x00028ebe	3	0	0x00038ebe	True
6491	0x00028ee0	0x00034d88	3	0	0x00044d88	True
6492	0x00028eea	0x00034d84	3	0	0x00044d84	True
6493	0x00028ef4	0x0004424c	3	0	0x0005424c	True
6494	0x00028efc	0x00044258	3	0	0x00054258	True
6495	0x00028f08	0x00044260	3	0	0x00054260	True
6496	0x00028f17	0x0004425c	3	0	0x0005425c	True
6497	0x00028f1d	0x0004424c	3	0	0x0005424c	True
6498	0x00028f26	0x0004424c	3	0	0x0005424c	True
6499	0x00028f30	0x00044250	3	0	0x00054250	True
6500	0x00028f35	0x0004424c	3	0	0x0005424c	True
6501	0x00028f42	0x00044254	3	0	0x00054254	True
6502	0x00000000	0x00000000	0	0		False
6503	0x00028f6b	0x00029142	3	0	0x00039142	True
6504	0x00028f72	0x00028fc2	3	0	0x00038fc2	True
6505	0x00000000	0x00000000	0	0		False
6506	0x00028f84	0x000443f4	3	0	0x000543f4	True
6507	0x00028f8a	0x000443f0	3	0	0x000543f0	True
6508	0x00028f90	0x000443ec	3	0	0x000543ec	True
6509	0x00000000	0x00000000	0	0		False
6510	0x00029015	0x0004426c	3	0	0x0005426c	True
6511	0x00029032	0x000442ac	3	0	0x000542ac	True
6512	0x00029073	0x000444c0	3	0	0x000544c0	True
6513	0x000444c0	0x000272c0	3	0	0x000372c0	True
6514	0x00029080	0x00060050	3	0	0x00070050	True
6515	0x00029086	0x00060054	3	0	0x00070054	True
6516	0x0002908c	0x00060058	3	0	0x00070058	True
6517	0x00029092	0x0006005c	3	0	0x0007005c	True
6518	0x00029098	0x00060060	3	0	0x00070060	True
6519	0x000290ab	0x00044798	3	0	0x00054798	True
6520	0x000290b4	0x00044798	3	0	0x00054798	True
6521	0x000290d3	0x00044708	3	0	0x00054708	True
6522	0x000290e4	0x00044798	3	0	0x00054798	True
6523	0x000290f4	0x00044708	3	0	0x00054708	True
6524	0x00029105	0x0004470c	3	0	0x0005470c	True
6525	0x0002911d	0x000442b4	3	0	0x000542b4	True
6526	0x0004470c	0x000444d0	3	0	0x000544d0	True
6527	0x00044714	0x000444ea	3	0	0x000544ea	True
6528	0x0004471c	0x0004450f	3	0	0x0005450f	True
6529	0x00044724	0x0004452e	3	0	0x0005452e	True
6530	0x0004472c	0x00044558	3	0	0x00054558	True
6531	0x00044734	0x00044584	3	0	0x00054584	True
6532	0x0004473c	0x000445a5	3	0	0x000545a5	True
6533	0x00044744	0x000445d1	3	0	0x000545d1	True
6534	0x0004474c	0x000445fe	3	0	0x000545fe	True
6535	0x00044754	0x0004461f	3	0	0x0005461f	True
6536	0x0004475c	0x00044648	3	0	0x00054648	True
6537	0x00044764	0x0004466d	3	0	0x0005466d	True
6538	0x0004476c	0x00044696	3	0	0x00054696	True
6539	0x00044774	0x000446c9	3	0	0x000546c9	True
6540	0x0004477c	0x000446d8	3	0	0x000546d8	True
6541	0x00044784	0x000446e5	3	0	0x000546e5	True
6542	0x0004478c	0x000446f3	3	0	0x000546f3	True
6543	0x00044794	0x000446f6	3	0	0x000546f6	True
6544	0x0002913e	0x00060064	3	0	0x00070064	True
6545	0x000291a8	0x000291b2	3	0	0x000391b2	True
6546	0x000291c4	0x0006009c	3	0	0x0007009c	True
6547	0x000291ca	0x000600a0	3	0	0x000700a0	True
6548	0x000291d2	0x00044268	3	0	0x00054268	True
6549	0x000291da	0x0004426c	3	0	0x0005426c	True
6550	0x000291e4	0x00044268	3	0	0x00054268	True
6551	0x000291f1	0x000442ac	3	0	0x000542ac	True
6552	0x000291fb	0x00044268	3	0	0x00054268	True
6553	0x0002921a	0x00044268	3	0	0x00054268	True
6554	0x00029226	0x000442ac	3	0	0x000542ac	True
6555	0x00029270	0x00044240	3	0	0x00054240	True
6556	0x0002927a	0x00044244	3	0	0x00054244	True
6557	0x00029296	0x00044268	3	0	0x00054268	True
6558	0x0002929e	0x0004426c	3	0	0x0005426c	True
6559	0x000292ab	0x000442ac	3	0	0x000542ac	True
6560	0x000292f4	0x00044240	3	0	0x00054240	True
6561	0x000292fe	0x00044244	3	0	0x00054244	True
6562	0x00029316	0x00044268	3	0	0x00054268	True
6563	0x0002931e	0x0004426c	3	0	0x0005426c	True
6564	0x00029328	0x000442ac	3	0	0x000542ac	True
6565	0x00029330	0x00044240	3	0	0x00054240	True
6566	0x0002933a	0x00044244	3	0	0x00054244	True
6567	0x000293b9	0x00044240	3	0	0x00054240	True
6568	0x000293c3	0x00044244	3	0	0x00054244	True
6569	0x000293e1	0x0004426c	3	0	0x0005426c	True
6570	0x000293f0	0x00060068	3	0	0x00070068	True
6571	0x000293fa	0x000447a0	3	0	0x000547a0	True
6572	0x00029521	0x000447d0	3	0	0x000547d0	True
6573	0x00029527	0x00044a50	3	0	0x00054a50	True
6574	0x0002956e	0x00044a50	3	0	0x00054a50	True
6575	0x00029593	0x000443fc	3	0	0x000543fc	True
6576	0x000447a4	0x0002958c	3	0	0x0003958c	True
6577	0x000295b1	0x00044268	3	0	0x00054268	True
6578	0x000295b9	0x0004426c	3	0	0x0005426c	True
6579	0x000295e8	0x00044244	3	0	0x00054244	True
6580	0x000295ee	0x00044240	3	0	0x00054240	True
6581	0x00029602	0x00044240	3	0	0x00054240	True
6582	0x00029616	0x0006006c	3	0	0x0007006c	True
6583	0x0002961f	0x00044830	3	0	0x00054830	True
6584	0x00029625	0x00044a50	3	0	0x00054a50	True
6585	0x0002963d	0x00044a50	3	0	0x00054a50	True
6586	0x0002964c	0x00044250	3	0	0x00054250	True
6587	0x00029655	0x000447cc	3	0	0x000547cc	True
6588	0x00029684	0x000447b8	3	0	0x000547b8	True
6589	0x000447b0	0x000447bc	3	0	0x000547bc	True
6590	0x000447b4	0x000447bc	3	0	0x000547bc	True
6591	0x000296ac	0x00060070	3	0	0x00070070	True
6592	0x000447d0	0x00034e4c	3	0	0x00044e4c	True
6593	0x000447d8	0x00034e4c	3	0	0x00044e4c	True
6594	0x00044a50	0x00044a30	3	0	0x00054a30	True
6595	0x000296c8	0x00044268	3	0	0x00054268	True
6596	0x000296d6	0x0004426c	3	0	0x0005426c	True
6597	0x000296fd	0x00044268	3	0	0x00054268	True
6598	0x00029705	0x00044240	3	0	0x00054240	True
6599	0x0002970f	0x00044244	3	0	0x00054244	True
6600	0x0002975e	0x0004426c	3	0	0x0005426c	True
6601	0x00029772	0x00060074	3	0	0x00070074	True
6602	0x00029784	0x00044268	3	0	0x00054268	True
6603	0x0002978c	0x00044240	3	0	0x00054240	True
6604	0x00029796	0x00044244	3	0	0x00054244	True
6605	0x000297bd	0x0004426c	3	0	0x0005426c	True
6606	0x000297ca	0x0004426c	3	0	0x0005426c	True
6607	0x000297d3	0x000443ac	3	0	0x000543ac	True
6608	0x000297df	0x000443ac	3	0	0x000543ac	True
6609	0x000297ef	0x000443ac	3	0	0x000543ac	True
6610	0x00029806	0x000442ac	3	0	0x000542ac	True
6611	0x00029832	0x00044240	3	0	0x00054240	True
6612	0x0002983b	0x00044244	3	0	0x00054244	True
6613	0x0002985b	0x0004426c	3	0	0x0005426c	True
6614	0x00029870	0x0004426c	3	0	0x0005426c	True
6615	0x0002987c	0x0004426c	3	0	0x0005426c	True
6616	0x00029920	0x0004426c	3	0	0x0005426c	True
6617	0x00029939	0x000443ac	3	0	0x000543ac	True
6618	0x00029989	0x0004426c	3	0	0x0005426c	True
6619	0x00029992	0x0004426c	3	0	0x0005426c	True
6620	0x000299b8	0x00060078	3	0	0x00070078	True
6621	0x000299cb	0x00031300	3	0	0x00041300	True
6622	0x000299db	0x00034d6c	3	0	0x00044d6c	True
6623	0x000299df	0x00031300	3	0	0x00041300	True
6624	0x000299e4	0x00034d88	3	0	0x00044d88	True
6625	0x000299ee	0x00031300	3	0	0x00041300	True
6626	0x00029a51	0x000443ec	3	0	0x000543ec	True
6627	0x00029a57	0x000443f0	3	0	0x000543f0	True
6628	0x00029bde	0x0006007c	3	0	0x0007007c	True
6629	0x00029bef	0x00034d84	3	0	0x00044d84	True
6630	0x00029c21	0x000443f4	3	0	0x000543f4	True
6631	0x00029c26	0x00034d84	3	0	0x00044d84	True
6632	0x00029d13	0x00044131	3	0	0x00054131	True
6633	0x00029d2c	0x00044131	3	0	0x00054131	True
6634	0x00029da3	0x00044268	3	0	0x00054268	True
6635	0x00029dab	0x00044240	3	0	0x00054240	True
6636	0x00029db5	0x00044244	3	0	0x00054244	True
6637	0x00029de0	0x0004426c	3	0	0x0005426c	True
6638	0x00029df5	0x0004426c	3	0	0x0005426c	True
6639	0x00029e93	0x000442ac	3	0	0x000542ac	True
6640	0x00029ef4	0x000442ac	3	0	0x000542ac	True
6641	0x00029f32	0x00044240	3	0	0x00054240	True
6642	0x00029f3e	0x00044244	3	0	0x00054244	True
6643	0x00029f5f	0x0004426c	3	0	0x0005426c	True
6644	0x00029f74	0x00044240	3	0	0x00054240	True
6645	0x00029f97	0x000401bc	3	0	0x000501bc	True
6646	0x00044d34	0x00044d20	3	0	0x00054d20	True
6647	0x00029fbf	0x00044131	3	0	0x00054131	True
6648	0x00029fcc	0x00044131	3	0	0x00054131	True
6649	0x0002a037	0x00050010	3	0	0x00060010	True
6650	0x0002a0a4	0x00044d40	3	0	0x00054d40	True
6651	0x0002a0ae	0x00044d40	3	0	0x00054d40	True
6652	0x0002a0bc	0x00044d40	3	0	0x00054d40	True
6653	0x0002a0c9	0x00044d40	3	0	0x00054d40	True
6654	0x00044d40	0x00031410	3	0	0x00041410	True
6655	0x0002a0e2	0x00044131	3	0	0x00054131	True
6656	0x0002a0ef	0x00044131	3	0	0x00054131	True
6657	0x0002a111	0x00044131	3	0	0x00054131	True
6658	0x0002a12b	0x00044131	3	0	0x00054131	True
6659	0x0002a177	0x0003504c	3	0	0x0004504c	True
6660	0x0002a1b6	0x00044d64	3	0	0x00054d64	True
6661	0x0002a1e0	0x00044d6c	3	0	0x00054d6c	True
6662	0x0002a253	0x00044d6c	3	0	0x00054d6c	True
6663	0x0002a29e	0x00044d68	3	0	0x00054d68	True
6664	0x0002a3f8	0x00044d68	3	0	0x00054d68	True
6665	0x0002a422	0x0003504c	3	0	0x0004504c	True
6666	0x0002a44f	0x00044131	3	0	0x00054131	True
6667	0x0002a45c	0x00044131	3	0	0x00054131	True
6668	0x0002a468	0x00044131	3	0	0x00054131	True
6669	0x0002a524	0x000329c0	3	0	0x000429c0	True
6670	0x0002a529	0x00031430	3	0	0x00041430	True
6671	0x0002a542	0x000329c0	3	0	0x000429c0	True
6672	0x0002a546	0x00031430	3	0	0x00041430	True
6673	0x0002a588	0x000329c4	3	0	0x000429c4	True
6674	0x00044d68	0x00044d50	3	0	0x00054d50	True
6675	0x0002a657	0x000450d2	3	0	0x000550d2	True
6676	0x0002a668	0x000450d8	3	0	0x000550d8	True
6677	0x0002a6a0	0x0004222c	3	0	0x0005222c	True
6678	0x000450d4	0x00044d70	3	0	0x00054d70	True
6679	0x000450d8	0x00044d82	3	0	0x00054d82	True
6680	0x000450dc	0x00044d89	3	0	0x00054d89	True
6681	0x000450e0	0x00044d91	3	0	0x00054d91	True
6682	0x000450e4	0x00044d9a	3	0	0x00054d9a	True
6683	0x000450e8	0x00044da3	3	0	0x00054da3	True
6684	0x000450ec	0x00044dac	3	0	0x00054dac	True
6685	0x000450f0	0x00044db4	3	0	0x00054db4	True
6686	0x000450f4	0x00044dbd	3	0	0x00054dbd	True
6687	0x000450f8	0x00044dc6	3	0	0x00054dc6	True
6688	0x000450fc	0x00044dce	3	0	0x00054dce	True
6689	0x00045100	0x00044dd7	3	0	0x00054dd7	True
6690	0x00045104	0x00044de0	3	0	0x00054de0	True
6691	0x00045108	0x00044de9	3	0	0x00054de9	True
6692	0x0004510c	0x00044df2	3	0	0x00054df2	True
6693	0x00045110	0x00044dfb	3	0	0x00054dfb	True
6694	0x00045114	0x00044e03	3	0	0x00054e03	True
6695	0x00045118	0x00044e0c	3	0	0x00054e0c	True
6696	0x0004511c	0x00044e15	3	0	0x00054e15	True
6697	0x00045120	0x00044e1d	3	0	0x00054e1d	True
6698	0x00045124	0x00044e26	3	0	0x00054e26	True
6699	0x00045128	0x00044e2f	3	0	0x00054e2f	True
6700	0x0004512c	0x00044e38	3	0	0x00054e38	True
6701	0x00045130	0x00044e40	3	0	0x00054e40	True
6702	0x00045134	0x00044e49	3	0	0x00054e49	True
6703	0x00045138	0x00044e52	3	0	0x00054e52	True
6704	0x0004513c	0x00044e5b	3	0	0x00054e5b	True
6705	0x00045140	0x00044e5e	3	0	0x00054e5e	True
6706	0x00045144	0x00044e66	3	0	0x00054e66	True
6707	0x00045148	0x00044e6f	3	0	0x00054e6f	True
6708	0x0004514c	0x00044e78	3	0	0x00054e78	True
6709	0x00045150	0x00044e80	3	0	0x00054e80	True
6710	0x00045154	0x00044e88	3	0	0x00054e88	True
6711	0x00045158	0x00044e91	3	0	0x00054e91	True
6712	0x0004515c	0x00044e99	3	0	0x00054e99	True
6713	0x00045160	0x00044ea2	3	0	0x00054ea2	True
6714	0x00045164	0x00044eab	3	0	0x00054eab	True
6715	0x00045168	0x00044eb4	3	0	0x00054eb4	True
6716	0x0004516c	0x00044ebc	3	0	0x00054ebc	True
6717	0x00045170	0x00044ec5	3	0	0x00054ec5	True
6718	0x00045174	0x00044ecd	3	0	0x00054ecd	True
6719	0x00045178	0x00044edb	3	0	0x00054edb	True
6720	0x0004517c	0x00044eea	3	0	0x00054eea	True
6721	0x00045180	0x00044efc	3	0	0x00054efc	True
6722	0x00045184	0x00044f0d	3	0	0x00054f0d	True
6723	0x00045188	0x00044f1e	3	0	0x00054f1e	True
6724	0x0004518c	0x00044f2e	3	0	0x00054f2e	True
6725	0x00045190	0x00044f3e	3	0	0x00054f3e	True
6726	0x00045194	0x00044f51	3	0	0x00054f51	True
6727	0x00045198	0x00044f61	3	0	0x00054f61	True
6728	0x0004519c	0x00044f6f	3	0	0x00054f6f	True
6729	0x000451a0	0x00044f7c	3	0	0x00054f7c	True
6730	0x000451a4	0x00044f8c	3	0	0x00054f8c	True
6731	0x000451a8	0x00044f9b	3	0	0x00054f9b	True
6732	0x000451ac	0x00044faa	3	0	0x00054faa	True
6733	0x000451b0	0x00044fb9	3	0	0x00054fb9	True
6734	0x000451b4	0x00044fc6	3	0	0x00054fc6	True
6735	0x000451b8	0x00044fd3	3	0	0x00054fd3	True
6736	0x000451bc	0x00044fe0	3	0	0x00054fe0	True
6737	0x000451c0	0x00044fed	3	0	0x00054fed	True
6738	0x000451c4	0x00044ffd	3	0	0x00054ffd	True
6739	0x000451c8	0x0004500c	3	0	0x0005500c	True
6740	0x000451cc	0x0004501b	3	0	0x0005501b	True
6741	0x000451d0	0x0004502c	3	0	0x0005502c	True
6742	0x000451d4	0x0004503b	3	0	0x0005503b	True
6743	0x000451d8	0x00045049	3	0	0x00055049	True
6744	0x000451dc	0x0004505a	3	0	0x0005505a	True
6745	0x000451e0	0x0004506b	3	0	0x0005506b	True
6746	0x000451e4	0x0004507b	3	0	0x0005507b	True
6747	0x000451e8	0x00045089	3	0	0x00055089	True
6748	0x000451ec	0x00045099	3	0	0x00055099	True
6749	0x000451f0	0x000450ab	3	0	0x000550ab	True
6750	0x000451f4	0x000450bc	3	0	0x000550bc	True
6751	0x000451f8	0x000450c7	3	0	0x000550c7	True
6752	0x0002a709	0x00045200	3	0	0x00055200	True
6753	0x0002a71e	0x00045202	3	0	0x00055202	True
6754	0x0002a8f4	0x00060080	3	0	0x00070080	True
6755	0x0002a9cb	0x000447d0	3	0	0x000547d0	True
6756	0x0002a9d1	0x00044a50	3	0	0x00054a50	True
6757	0x0002a9e2	0x00044a50	3	0	0x00054a50	True
6758	0x0002aa15	0x00045210	3	0	0x00055210	True
6759	0x0002ab0e	0x000447a0	3	0	0x000547a0	True
6760	0x0002ab8d	0x00040660	3	0	0x00050660	True
6761	0x0002ac08	0x00044240	3	0	0x00054240	True
6762	0x0002ac27	0x00044240	3	0	0x00054240	True
6763	0x0002ac31	0x00044244	3	0	0x00054244	True
6764	0x0002ace9	0x00044240	3	0	0x00054240	True
6765	0x0002ad05	0x00044248	3	0	0x00054248	True
6766	0x0002ad89	0x0004426c	3	0	0x0005426c	True
6767	0x0002adb3	0x00044244	3	0	0x00054244	True
6768	0x0002ae0e	0x0004426c	3	0	0x0005426c	True
6769	0x0002ae1b	0x0004426c	3	0	0x0005426c	True
6770	0x0002ae4a	0x00060084	3	0	0x00070084	True
6771	0x0002ae50	0x00060088	3	0	0x00070088	True
6772	0x0002ae56	0x0006008c	3	0	0x0007008c	True
6773	0x0002ae96	0x00044240	3	0	0x00054240	True
6774	0x0002aea0	0x00044244	3	0	0x00054244	True
6775	0x0002aee3	0x00044268	3	0	0x00054268	True
6776	0x0002af84	0x00044244	3	0	0x00054244	True
6777	0x0002af8d	0x00044240	3	0	0x00054240	True
6778	0x0002aff4	0x00044240	3	0	0x00054240	True
6779	0x0002b017	0x00044268	3	0	0x00054268	True
6780	0x0002b01f	0x0004426c	3	0	0x0005426c	True
6781	0x0002b028	0x0004426c	3	0	0x0005426c	True
6782	0x0002b042	0x0004426c	3	0	0x0005426c	True
6783	0x0002b054	0x0004426c	3	0	0x0005426c	True
6784	0x0002b070	0x00044240	3	0	0x00054240	True
6785	0x0002b07c	0x00044240	3	0	0x00054240	True
6786	0x0002b0f6	0x000447f0	3	0	0x000547f0	True
6787	0x0002b104	0x00044810	3	0	0x00054810	True
6788	0x0002b111	0x000447a0	3	0	0x000547a0	True
6789	0x0002b124	0x00045220	3	0	0x00055220	True
6790	0x0002b202	0x0004521c	3	0	0x0005521c	True
6791	0x0002b216	0x0004523c	3	0	0x0005523c	True
6792	0x0002b230	0x0002b236	3	0	0x0003b236	True
6793	0x0002b236	0x0002b256	3	0	0x0003b256	True
6794	0x0002b23a	0x0002b272	3	0	0x0003b272	True
6795	0x0002b23e	0x0002b28e	3	0	0x0003b28e	True
6796	0x0002b242	0x0002b2de	3	0	0x0003b2de	True
6797	0x0002b246	0x0002b326	3	0	0x0003b326	True
6798	0x0002b24a	0x0002b332	3	0	0x0003b332	True
6799	0x0002b24e	0x0002b372	3	0	0x0003b372	True
6800	0x0002b252	0x0002b3aa	3	0	0x0003b3aa	True
6801	0x0002b3be	0x0002b3c2	3	0	0x0003b3c2	True
6802	0x0002b3c2	0x0002b5a5	3	0	0x0003b5a5	True
6803	0x0002b3c6	0x0002b5a5	3	0	0x0003b5a5	True
6804	0x0002b3ca	0x0002b7fa	3	0	0x0003b7fa	True
6805	0x0002b3ce	0x0002b49e	3	0	0x0003b49e	True
6806	0x0002b3d2	0x0002b7fa	3	0	0x0003b7fa	True
6807	0x0002b3d6	0x0002b49e	3	0	0x0003b49e	True
6808	0x0002b3da	0x0002b7fa	3	0	0x0003b7fa	True
6809	0x0002b3de	0x0002b7fa	3	0	0x0003b7fa	True
6810	0x0002b3e2	0x0002b7fa	3	0	0x0003b7fa	True
6811	0x0002b3e6	0x0002b7fa	3	0	0x0003b7fa	True
6812	0x0002b3ea	0x0002b7fa	3	0	0x0003b7fa	True
6813	0x0002b3ee	0x0002b7fa	3	0	0x0003b7fa	True
6814	0x0002b3f2	0x0002b7fa	3	0	0x0003b7fa	True
6815	0x0002b3f6	0x0002b7fa	3	0	0x0003b7fa	True
6816	0x0002b3fa	0x0002b7fa	3	0	0x0003b7fa	True
6817	0x0002b3fe	0x0002b7fa	3	0	0x0003b7fa	True
6818	0x0002b402	0x0002b7fa	3	0	0x0003b7fa	True
6819	0x0002b406	0x0002b4ce	3	0	0x0003b4ce	True
6820	0x0002b40a	0x0002b7fa	3	0	0x0003b7fa	True
6821	0x0002b40e	0x0002b7fa	3	0	0x0003b7fa	True
6822	0x0002b412	0x0002b7fa	3	0	0x0003b7fa	True
6823	0x0002b416	0x0002b7fa	3	0	0x0003b7fa	True
6824	0x0002b41a	0x0002b5a5	3	0	0x0003b5a5	True
6825	0x0002b41e	0x0002b7fa	3	0	0x0003b7fa	True
6826	0x0002b422	0x0002b7fa	3	0	0x0003b7fa	True
6827	0x0002b426	0x0002b7fa	3	0	0x0003b7fa	True
6828	0x0002b42a	0x0002b7fa	3	0	0x0003b7fa	True
6829	0x0002b42e	0x0002b7fa	3	0	0x0003b7fa	True
6830	0x0002b432	0x0002b7fa	3	0	0x0003b7fa	True
6831	0x0002b436	0x0002b7fa	3	0	0x0003b7fa	True
6832	0x0002b43a	0x0002b7fa	3	0	0x0003b7fa	True
6833	0x0002b43e	0x0002b7fa	3	0	0x0003b7fa	True
6834	0x0002b442	0x0002b7fa	3	0	0x0003b7fa	True
6835	0x0002b446	0x0002b532	3	0	0x0003b532	True
6836	0x0002b44a	0x0002b55a	3	0	0x0003b55a	True
6837	0x0002b44e	0x0002b4a9	3	0	0x0003b4a9	True
6838	0x0002b452	0x0002b4a9	3	0	0x0003b4a9	True
6839	0x0002b456	0x0002b4a9	3	0	0x0003b4a9	True
6840	0x0002b45a	0x0002b7fa	3	0	0x0003b7fa	True
6841	0x0002b45e	0x0002b55a	3	0	0x0003b55a	True
6842	0x0002b462	0x0002b7fa	3	0	0x0003b7fa	True
6843	0x0002b466	0x0002b7fa	3	0	0x0003b7fa	True
6844	0x0002b46a	0x0002b7fa	3	0	0x0003b7fa	True
6845	0x0002b46e	0x0002b7fa	3	0	0x0003b7fa	True
6846	0x0002b472	0x0002b566	3	0	0x0003b566	True
6847	0x0002b476	0x0002b586	3	0	0x0003b586	True
6848	0x0002b47a	0x0002b59e	3	0	0x0003b59e	True
6849	0x0002b47e	0x0002b7fa	3	0	0x0003b7fa	True
6850	0x0002b482	0x0002b7fa	3	0	0x0003b7fa	True
6851	0x0002b486	0x0002b5ea	3	0	0x0003b5ea	True
6852	0x0002b48a	0x0002b7fa	3	0	0x0003b7fa	True
6853	0x0002b48e	0x0002b55d	3	0	0x0003b55d	True
6854	0x0002b492	0x0002b7fa	3	0	0x0003b7fa	True
6855	0x0002b496	0x0002b7fa	3	0	0x0003b7fa	True
6856	0x0002b49a	0x0002b66e	3	0	0x0003b66e	True
6857	0x0002b514	0x00045238	3	0	0x00055238	True
6858	0x0002b5ff	0x00045238	3	0	0x00055238	True
6859	0x0002b764	0x000444b4	3	0	0x000544b4	True
6860	0x0002b789	0x000444a0	3	0	0x000544a0	True
6861	0x0002b7ab	0x000444ac	3	0	0x000544ac	True
6862	0x0002b7c9	0x000444a4	3	0	0x000544a4	True
6863	0x00045238	0x00045230	3	0	0x00055230	True
6864	0x0002bbb9	0x000447c4	3	0	0x000547c4	True
6865	0x0002bbc1	0x000447b4	3	0	0x000547b4	True
6866	0x0002bbdf	0x000447c4	3	0	0x000547c4	True
6867	0x0002bbe7	0x000447b4	3	0	0x000547b4	True
6868	0x0002bccc	0x00044240	3	0	0x00054240	True
6869	0x0002bd4c	0x0004426c	3	0	0x0005426c	True
6870	0x0002bd86	0x00044240	3	0	0x00054240	True
6871	0x0002bdbf	0x0004426c	3	0	0x0005426c	True
6872	0x0002be2d	0x0004426c	3	0	0x0005426c	True
6873	0x0002bf9f	0x00040118	3	0	0x00050118	True
6874	0x0002bfa8	0x00040148	3	0	0x00050148	True
6875	0x0002bfb0	0x000452b2	3	0	0x000552b2	True
6876	0x0002bfb6	0x00040148	3	0	0x00050148	True
6877	0x0002bfc2	0x00040118	3	0	0x00050118	True
6878	0x0002bfcc	0x00040118	3	0	0x00050118	True
6879	0x0002bfd5	0x000452b4	3	0	0x000552b4	True
6880	0x0002bfe0	0x00040118	3	0	0x00050118	True
6881	0x0002bfe8	0x000452b5	3	0	0x000552b5	True
6882	0x0002bffe	0x00040118	3	0	0x00050118	True
6883	0x0002c00a	0x000452bc	3	0	0x000552bc	True
6884	0x0002c02b	0x00040118	3	0	0x00050118	True
6885	0x0002c03c	0x00040118	3	0	0x00050118	True
6886	0x0002c10c	0x00044131	3	0	0x00054131	True
6887	0x0002c128	0x00044131	3	0	0x00054131	True
6888	0x0002c141	0x0004533c	3	0	0x0005533c	True
6889	0x0002c157	0x000453dc	3	0	0x000553dc	True
6890	0x0002c167	0x0004533c	3	0	0x0005533c	True
6891	0x0002c170	0x00045340	3	0	0x00055340	True
6892	0x0002c191	0x0004533c	3	0	0x0005533c	True
6893	0x0002c1b9	0x000453dc	3	0	0x000553dc	True
6894	0x0002c1cf	0x00045340	3	0	0x00055340	True
6895	0x000452b8	0x000452a0	3	0	0x000552a0	True
6896	0x0002c1f5	0x000443f4	3	0	0x000543f4	True
6897	0x0002c2bb	0x00032d84	3	0	0x00042d84	True
6898	0x0002c2c0	0x0002c26a	3	0	0x0003c26a	True
6899	0x0002c2ce	0x00041cf4	3	0	0x00051cf4	True
6900	0x0002c2d7	0x00041cf4	3	0	0x00051cf4	True
6901	0x000453f4	0x000453e0	3	0	0x000553e0	True
6902	0x0002c2fd	0x00045418	3	0	0x00055418	True
6903	0x0002c320	0x0004541c	3	0	0x0005541c	True
6904	0x0002c35c	0x00031500	3	0	0x00041500	True
6905	0x0002c36a	0x00031500	3	0	0x00041500	True
6906	0x0002c375	0x00045400	3	0	0x00055400	True
6907	0x0002c395	0x00045420	3	0	0x00055420	True
6908	0x0002c3b4	0x00045418	3	0	0x00055418	True
6909	0x0002c3c6	0x00044131	3	0	0x00054131	True
6910	0x0002c3e6	0x00045424	3	0	0x00055424	True
6911	0x0002c3f7	0x00045424	3	0	0x00055424	True
6912	0x0002c3ff	0x00045424	3	0	0x00055424	True
6913	0x0002c40a	0x0004541c	3	0	0x0005541c	True
6914	0x0002c463	0x000454a4	3	0	0x000554a4	True
6915	0x0002c474	0x000454a8	3	0	0x000554a8	True
6916	0x00045420	0x00045410	3	0	0x00055410	True
6917	0x00045424	0x00045414	3	0	0x00055414	True
6918	0x0002c512	0x000454f4	3	0	0x000554f4	True
6919	0x0002c543	0x000454f4	3	0	0x000554f4	True
6920	0x0002c55f	0x000454f4	3	0	0x000554f4	True
6921	0x0002c569	0x000454f4	3	0	0x000554f4	True
6922	0x0002c572	0x000454f4	3	0	0x000554f4	True
6923	0x0002c585	0x000454f4	3	0	0x000554f4	True
6924	0x0002c598	0x000454f4	3	0	0x000554f4	True
6925	0x0002c5ab	0x00045470	3	0	0x00055470	True
6926	0x0002c5b3	0x000454a4	3	0	0x000554a4	True
6927	0x0002c5b9	0x000454f4	3	0	0x000554f4	True
6928	0x0002c5ce	0x000454fc	3	0	0x000554fc	True
6929	0x0002c5db	0x000454f0	3	0	0x000554f0	True
6930	0x0002c5e4	0x000454fc	3	0	0x000554fc	True
6931	0x0002c5ef	0x000454f0	3	0	0x000554f0	True
6932	0x0002c5f4	0x000454f0	3	0	0x000554f0	True
6933	0x0002c5fa	0x000454fc	3	0	0x000554fc	True
6934	0x0002c605	0x000454f0	3	0	0x000554f0	True
6935	0x0002c60a	0x000454fc	3	0	0x000554fc	True
6936	0x0002c610	0x000454f0	3	0	0x000554f0	True
6937	0x0002c61c	0x000454ec	3	0	0x000554ec	True
6938	0x0002c62d	0x000454e8	3	0	0x000554e8	True
6939	0x0002c645	0x000454e4	3	0	0x000554e4	True
6940	0x0002c650	0x000454e0	3	0	0x000554e0	True
6941	0x0002c656	0x000454f4	3	0	0x000554f4	True
6942	0x0002c662	0x000454fc	3	0	0x000554fc	True
6943	0x0002c676	0x000454f8	3	0	0x000554f8	True
6944	0x0002c67c	0x00045500	3	0	0x00055500	True
6945	0x0002c685	0x000454e0	3	0	0x000554e0	True
6946	0x0002c721	0x000447b4	3	0	0x000547b4	True
6947	0x0002c756	0x000447b8	3	0	0x000547b8	True
6948	0x0002c764	0x000447b8	3	0	0x000547b8	True
6949	0x0002c76d	0x000447b8	3	0	0x000547b8	True
6950	0x0002c7ba	0x00034d94	3	0	0x00044d94	True
6951	0x0002c7dd	0x00034e54	3	0	0x00044e54	True
6952	0x0002c815	0x000447cc	3	0	0x000547cc	True
6953	0x0002c858	0x00034d8c	3	0	0x00044d8c	True
6954	0x0002c861	0x00034d94	3	0	0x00044d94	True
6955	0x0002c867	0x00034d90	3	0	0x00044d90	True
6956	0x0002c8b1	0x00034d94	3	0	0x00044d94	True
6957	0x0002c8b8	0x00034d90	3	0	0x00044d90	True
6958	0x0002c8c7	0x00034d8c	3	0	0x00044d8c	True
6959	0x0002c8da	0x000447c8	3	0	0x000547c8	True
6960	0x0002c98c	0x00034d8c	3	0	0x00044d8c	True
6961	0x0002c9a6	0x00034d8c	3	0	0x00044d8c	True
6962	0x0002c9b2	0x00034d94	3	0	0x00044d94	True
6963	0x0002c9b8	0x00034d90	3	0	0x00044d90	True
6964	0x0002c9cc	0x00060090	3	0	0x00070090	True
6965	0x0002ca36	0x000447b8	3	0	0x000547b8	True
6966	0x0002ca44	0x000447b8	3	0	0x000547b8	True
6967	0x0002ca4d	0x000447b8	3	0	0x000547b8	True
6968	0x0002ca8e	0x000447b8	3	0	0x000547b8	True
6969	0x0002ca96	0x000447b8	3	0	0x000547b8	True
6970	0x0002cada	0x000447c0	3	0	0x000547c0	True
6971	0x0002cadf	0x000447bc	3	0	0x000547bc	True
6972	0x0002caef	0x000447b4	3	0	0x000547b4	True
6973	0x0002caf5	0x000447b0	3	0	0x000547b0	True
6974	0x0002cb08	0x000447c0	3	0	0x000547c0	True
6975	0x0002cb38	0x000447c0	3	0	0x000547c0	True
6976	0x0002cb41	0x000447bc	3	0	0x000547bc	True
6977	0x0002cb5a	0x000447b0	3	0	0x000547b0	True
6978	0x0002cb71	0x000447bc	3	0	0x000547bc	True
6979	0x0002cb81	0x000447c0	3	0	0x000547c0	True
6980	0x0002cb97	0x000447b4	3	0	0x000547b4	True
6981	0x0002cbbb	0x000447c4	3	0	0x000547c4	True
6982	0x0002cbc3	0x000447b4	3	0	0x000547b4	True
6983	0x0002cc2e	0x000447b8	3	0	0x000547b8	True
6984	0x0002cc3c	0x000447b8	3	0	0x000547b8	True
6985	0x0002cc45	0x000447b8	3	0	0x000547b8	True
6986	0x0002cc75	0x000447b0	3	0	0x000547b0	True
6987	0x0002cc79	0x000447bc	3	0	0x000547bc	True
6988	0x0002cc8c	0x000447b0	3	0	0x000547b0	True
6989	0x0002cca5	0x000447c0	3	0	0x000547c0	True
6990	0x0002ccba	0x000447b0	3	0	0x000547b0	True
6991	0x0002ccfc	0x000447b4	3	0	0x000547b4	True
6992	0x0002cd02	0x000447bc	3	0	0x000547bc	True
6993	0x0002cd4b	0x000447b8	3	0	0x000547b8	True
6994	0x0002cd53	0x000447b8	3	0	0x000547b8	True
6995	0x0002cd60	0x000447bc	3	0	0x000547bc	True
6996	0x0002cd68	0x000447b0	3	0	0x000547b0	True
6997	0x0002cd6e	0x000447b4	3	0	0x000547b4	True
6998	0x0002cdb7	0x000447b8	3	0	0x000547b8	True
6999	0x0002cdbf	0x000447b8	3	0	0x000547b8	True
7000	0x0002cdc5	0x000447b4	3	0	0x000547b4	True
7001	0x0002cdd4	0x000447b4	3	0	0x000547b4	True
7002	0x0002cde2	0x000447b4	3	0	0x000547b4	True
7003	0x0002cf30	0x00045524	3	0	0x00055524	True
7004	0x00045520	0x00045510	3	0	0x00055510	True
7005	0x0002cf91	0x00045540	3	0	0x00055540	True
7006	0x0002cfa1	0x00044240	3	0	0x00054240	True
7007	0x0002cfa9	0x00044240	3	0	0x00054240	True
7008	0x0002cfaf	0x00045884	3	0	0x00055884	True
7009	0x0002cfbe	0x00045884	3	0	0x00055884	True
7010	0x0002cfc5	0x000457ec	3	0	0x000557ec	True
7011	0x0002cfeb	0x00045543	3	0	0x00055543	True
7012	0x000457ec	0x00045550	3	0	0x00055550	True
7013	0x000457f0	0x00045558	3	0	0x00055558	True
7014	0x000457f4	0x00045562	3	0	0x00055562	True
7015	0x000457f8	0x0004557c	3	0	0x0005557c	True
7016	0x000457fc	0x0004558c	3	0	0x0005558c	True
7017	0x00045800	0x000455a4	3	0	0x000555a4	True
7018	0x00045804	0x000455ae	3	0	0x000555ae	True
7019	0x00045808	0x000455c8	3	0	0x000555c8	True
7020	0x0004580c	0x000455da	3	0	0x000555da	True
7021	0x00045810	0x000455ec	3	0	0x000555ec	True
7022	0x00045814	0x000455fc	3	0	0x000555fc	True
7023	0x00045818	0x00045608	3	0	0x00055608	True
7024	0x0004581c	0x0004561a	3	0	0x0005561a	True
7025	0x00045820	0x0004562c	3	0	0x0005562c	True
7026	0x00045824	0x0004563e	3	0	0x0005563e	True
7027	0x00045828	0x0004564a	3	0	0x0005564a	True
7028	0x0004582c	0x00045660	3	0	0x00055660	True
7029	0x00045830	0x0004567f	3	0	0x0005567f	True
7030	0x00045834	0x0004568b	3	0	0x0005568b	True
7031	0x00045838	0x0004569d	3	0	0x0005569d	True
7032	0x0004583c	0x000456ac	3	0	0x000556ac	True
7033	0x00045840	0x000456bc	3	0	0x000556bc	True
7034	0x00045844	0x000456cb	3	0	0x000556cb	True
7035	0x00045848	0x000456dc	3	0	0x000556dc	True
7036	0x0004584c	0x000456f0	3	0	0x000556f0	True
7037	0x00045850	0x00045704	3	0	0x00055704	True
7038	0x00045854	0x00045715	3	0	0x00055715	True
7039	0x00045858	0x00045724	3	0	0x00055724	True
7040	0x0004585c	0x00045733	3	0	0x00055733	True
7041	0x00045860	0x0004574b	3	0	0x0005574b	True
7042	0x00045864	0x00045758	3	0	0x00055758	True
7043	0x00045868	0x0004576e	3	0	0x0005576e	True
7044	0x0004586c	0x0004577d	3	0	0x0005577d	True
7045	0x00045870	0x00045789	3	0	0x00055789	True
7046	0x00045874	0x00045797	3	0	0x00055797	True
7047	0x00045878	0x000457a8	3	0	0x000557a8	True
7048	0x0004587c	0x000457be	3	0	0x000557be	True
7049	0x00045880	0x000457dc	3	0	0x000557dc	True
7050	0x0002d006	0x000447f0	3	0	0x000547f0	True
7051	0x0002d01c	0x000447f0	3	0	0x000547f0	True
7052	0x0002d02b	0x000447f0	3	0	0x000547f0	True
7053	0x0002d067	0x0004426c	3	0	0x0005426c	True
7054	0x0002d11e	0x000447a0	3	0	0x000547a0	True
7055	0x0002d16c	0x0003151c	3	0	0x0004151c	True
7056	0x0002d176	0x00031518	3	0	0x00041518	True
7057	0x0002d17b	0x00031510	3	0	0x00041510	True
7058	0x0002d183	0x00031514	3	0	0x00041514	True
7059	0x0002d19f	0x00031514	3	0	0x00041514	True
7060	0x0002d1a6	0x00031510	3	0	0x00041510	True
7061	0x0002d1af	0x00031510	3	0	0x00041510	True
7062	0x0002d1b9	0x00031510	3	0	0x00041510	True
7063	0x0002d342	0x00060094	3	0	0x00070094	True
7064	0x0002d36a	0x000454a0	3	0	0x000554a0	True
7065	0x0002d3c5	0x00045418	3	0	0x00055418	True
7066	0x0002d3e6	0x0004541c	3	0	0x0005541c	True
