index	rva	line	source	source_raw
0	0x00027110	92	D:\nt\private\crt32st\lowio\close.c	D:\nt\private\crt32st\lowio\close.c
1	0x00027118	96	D:\nt\private\crt32st\lowio\close.c	D:\nt\private\crt32st\lowio\close.c
2	0x00027120	98	D:\nt\private\crt32st\lowio\close.c	D:\nt\private\crt32st\lowio\close.c
3	0x0002712a	99	D:\nt\private\crt32st\lowio\close.c	D:\nt\private\crt32st\lowio\close.c
4	0x00027134	100	D:\nt\private\crt32st\lowio\close.c	D:\nt\private\crt32st\lowio\close.c
5	0x00027140	112	D:\nt\private\crt32st\lowio\close.c	D:\nt\private\crt32st\lowio\close.c
6	0x00027162	117	D:\nt\private\crt32st\lowio\close.c	D:\nt\private\crt32st\lowio\close.c
7	0x0002716b	135	D:\nt\private\crt32st\lowio\close.c	D:\nt\private\crt32st\lowio\close.c
8	0x0002716f	138	D:\nt\private\crt32st\lowio\close.c	D:\nt\private\crt32st\lowio\close.c
9	0x0002717c	141	D:\nt\private\crt32st\lowio\close.c	D:\nt\private\crt32st\lowio\close.c
10	0x00027183	143	D:\nt\private\crt32st\lowio\close.c	D:\nt\private\crt32st\lowio\close.c
11	0x00027185	144	D:\nt\private\crt32st\lowio\close.c	D:\nt\private\crt32st\lowio\close.c
12	0x000271cc	276	D:\nt\private\crt32st\startup\crt0dat.c	D:\nt\private\crt32st\startup\crt0dat.c
13	0x000271d4	322	D:\nt\private\crt32st\startup\crt0dat.c	D:\nt\private\crt32st\startup\crt0dat.c
14	0x000271e3	323	D:\nt\private\crt32st\startup\crt0dat.c	D:\nt\private\crt32st\startup\crt0dat.c
15	0x000271f2	324	D:\nt\private\crt32st\startup\crt0dat.c	D:\nt\private\crt32st\startup\crt0dat.c
16	0x00027201	327	D:\nt\private\crt32st\startup\crt0dat.c	D:\nt\private\crt32st\startup\crt0dat.c
17	0x0002720a	329	D:\nt\private\crt32st\startup\crt0dat.c	D:\nt\private\crt32st\startup\crt0dat.c
18	0x00027220	335	D:\nt\private\crt32st\startup\crt0dat.c	D:\nt\private\crt32st\startup\crt0dat.c
19	0x00027230	336	D:\nt\private\crt32st\startup\crt0dat.c	D:\nt\private\crt32st\startup\crt0dat.c
20	0x00027237	337	D:\nt\private\crt32st\startup\crt0dat.c	D:\nt\private\crt32st\startup\crt0dat.c
21	0x00027247	338	D:\nt\private\crt32st\startup\crt0dat.c	D:\nt\private\crt32st\startup\crt0dat.c
22	0x0002724e	327	D:\nt\private\crt32st\startup\crt0dat.c	D:\nt\private\crt32st\startup\crt0dat.c
23	0x0002725c	351	D:\nt\private\crt32st\startup\crt0dat.c	D:\nt\private\crt32st\startup\crt0dat.c
24	0x00027265	352	D:\nt\private\crt32st\startup\crt0dat.c	D:\nt\private\crt32st\startup\crt0dat.c
25	0x0002726b	358	D:\nt\private\crt32st\startup\crt0dat.c	D:\nt\private\crt32st\startup\crt0dat.c
26	0x00027274	359	D:\nt\private\crt32st\startup\crt0dat.c	D:\nt\private\crt32st\startup\crt0dat.c
27	0x0002727a	364	D:\nt\private\crt32st\startup\crt0dat.c	D:\nt\private\crt32st\startup\crt0dat.c
28	0x00027283	365	D:\nt\private\crt32st\startup\crt0dat.c	D:\nt\private\crt32st\startup\crt0dat.c
29	0x00027289	370	D:\nt\private\crt32st\startup\crt0dat.c	D:\nt\private\crt32st\startup\crt0dat.c
30	0x00027292	371	D:\nt\private\crt32st\startup\crt0dat.c	D:\nt\private\crt32st\startup\crt0dat.c
31	0x00027298	376	D:\nt\private\crt32st\startup\crt0dat.c	D:\nt\private\crt32st\startup\crt0dat.c
32	0x000272a1	377	D:\nt\private\crt32st\startup\crt0dat.c	D:\nt\private\crt32st\startup\crt0dat.c
33	0x000272a7	404	D:\nt\private\crt32st\startup\crt0dat.c	D:\nt\private\crt32st\startup\crt0dat.c
34	0x000272ac	488	D:\nt\private\crt32st\startup\crt0dat.c	D:\nt\private\crt32st\startup\crt0dat.c
35	0x000272af	489	D:\nt\private\crt32st\startup\crt0dat.c	D:\nt\private\crt32st\startup\crt0dat.c
36	0x000272bb	490	D:\nt\private\crt32st\startup\crt0dat.c	D:\nt\private\crt32st\startup\crt0dat.c
37	0x000272c0	495	D:\nt\private\crt32st\startup\crt0dat.c	D:\nt\private\crt32st\startup\crt0dat.c
38	0x000272c3	496	D:\nt\private\crt32st\startup\crt0dat.c	D:\nt\private\crt32st\startup\crt0dat.c
39	0x000272cf	497	D:\nt\private\crt32st\startup\crt0dat.c	D:\nt\private\crt32st\startup\crt0dat.c
40	0x000272d4	503	D:\nt\private\crt32st\startup\crt0dat.c	D:\nt\private\crt32st\startup\crt0dat.c
41	0x000272e2	504	D:\nt\private\crt32st\startup\crt0dat.c	D:\nt\private\crt32st\startup\crt0dat.c
42	0x000272e4	510	D:\nt\private\crt32st\startup\crt0dat.c	D:\nt\private\crt32st\startup\crt0dat.c
43	0x000272f2	511	D:\nt\private\crt32st\startup\crt0dat.c	D:\nt\private\crt32st\startup\crt0dat.c
44	0x000272f4	518	D:\nt\private\crt32st\startup\crt0dat.c	D:\nt\private\crt32st\startup\crt0dat.c
45	0x000272fb	526	D:\nt\private\crt32st\startup\crt0dat.c	D:\nt\private\crt32st\startup\crt0dat.c
46	0x00027302	528	D:\nt\private\crt32st\startup\crt0dat.c	D:\nt\private\crt32st\startup\crt0dat.c
47	0x00027308	532	D:\nt\private\crt32st\startup\crt0dat.c	D:\nt\private\crt32st\startup\crt0dat.c
48	0x00027311	533	D:\nt\private\crt32st\startup\crt0dat.c	D:\nt\private\crt32st\startup\crt0dat.c
49	0x0002731f	551	D:\nt\private\crt32st\startup\crt0dat.c	D:\nt\private\crt32st\startup\crt0dat.c
50	0x00027328	552	D:\nt\private\crt32st\startup\crt0dat.c	D:\nt\private\crt32st\startup\crt0dat.c
51	0x0002732e	557	D:\nt\private\crt32st\startup\crt0dat.c	D:\nt\private\crt32st\startup\crt0dat.c
52	0x00027337	558	D:\nt\private\crt32st\startup\crt0dat.c	D:\nt\private\crt32st\startup\crt0dat.c
53	0x0002733d	563	D:\nt\private\crt32st\startup\crt0dat.c	D:\nt\private\crt32st\startup\crt0dat.c
54	0x00027346	564	D:\nt\private\crt32st\startup\crt0dat.c	D:\nt\private\crt32st\startup\crt0dat.c
55	0x0002734c	592	D:\nt\private\crt32st\startup\crt0dat.c	D:\nt\private\crt32st\startup\crt0dat.c
56	0x00027350	607	D:\nt\private\crt32st\startup\crt0dat.c	D:\nt\private\crt32st\startup\crt0dat.c
57	0x0002735b	624	D:\nt\private\crt32st\startup\crt0dat.c	D:\nt\private\crt32st\startup\crt0dat.c
58	0x00027360	737	D:\nt\private\crt32st\startup\crt0dat.c	D:\nt\private\crt32st\startup\crt0dat.c
59	0x00027367	742	D:\nt\private\crt32st\startup\crt0dat.c	D:\nt\private\crt32st\startup\crt0dat.c
60	0x0002736c	747	D:\nt\private\crt32st\startup\crt0dat.c	D:\nt\private\crt32st\startup\crt0dat.c
61	0x00027371	748	D:\nt\private\crt32st\startup\crt0dat.c	D:\nt\private\crt32st\startup\crt0dat.c
62	0x00027373	749	D:\nt\private\crt32st\startup\crt0dat.c	D:\nt\private\crt32st\startup\crt0dat.c
63	0x0002739e	115	D:\nt\private\crt32st\dos\dosmap.c	D:\nt\private\crt32st\dos\dosmap.c
64	0x000273a5	118	D:\nt\private\crt32st\dos\dosmap.c	D:\nt\private\crt32st\dos\dosmap.c
65	0x000273ab	121	D:\nt\private\crt32st\dos\dosmap.c	D:\nt\private\crt32st\dos\dosmap.c
66	0x000273b2	122	D:\nt\private\crt32st\dos\dosmap.c	D:\nt\private\crt32st\dos\dosmap.c
67	0x000273c5	132	D:\nt\private\crt32st\dos\dosmap.c	D:\nt\private\crt32st\dos\dosmap.c
68	0x000273cf	133	D:\nt\private\crt32st\dos\dosmap.c	D:\nt\private\crt32st\dos\dosmap.c
69	0x000273d9	134	D:\nt\private\crt32st\dos\dosmap.c	D:\nt\private\crt32st\dos\dosmap.c
70	0x000273de	123	D:\nt\private\crt32st\dos\dosmap.c	D:\nt\private\crt32st\dos\dosmap.c
71	0x000273eb	124	D:\nt\private\crt32st\dos\dosmap.c	D:\nt\private\crt32st\dos\dosmap.c
72	0x000273ee	126	D:\nt\private\crt32st\dos\dosmap.c	D:\nt\private\crt32st\dos\dosmap.c
73	0x000273fe	135	D:\nt\private\crt32st\dos\dosmap.c	D:\nt\private\crt32st\dos\dosmap.c
74	0x00027408	136	D:\nt\private\crt32st\dos\dosmap.c	D:\nt\private\crt32st\dos\dosmap.c
75	0x0002740e	137	D:\nt\private\crt32st\dos\dosmap.c	D:\nt\private\crt32st\dos\dosmap.c
76	0x00027418	138	D:\nt\private\crt32st\dos\dosmap.c	D:\nt\private\crt32st\dos\dosmap.c
77	0x0002741e	100	D:\nt\private\crt32st\convert\fcvt.c	D:\nt\private\crt32st\convert\fcvt.c
78	0x00027422	112	D:\nt\private\crt32st\convert\fcvt.c	D:\nt\private\crt32st\convert\fcvt.c
79	0x00027432	115	D:\nt\private\crt32st\convert\fcvt.c	D:\nt\private\crt32st\convert\fcvt.c
80	0x00027448	116	D:\nt\private\crt32st\convert\fcvt.c	D:\nt\private\crt32st\convert\fcvt.c
81	0x0002744e	152	D:\nt\private\crt32st\convert\fcvt.c	D:\nt\private\crt32st\convert\fcvt.c
82	0x00027451	166	D:\nt\private\crt32st\convert\fcvt.c	D:\nt\private\crt32st\convert\fcvt.c
83	0x0002746e	168	D:\nt\private\crt32st\convert\fcvt.c	D:\nt\private\crt32st\convert\fcvt.c
84	0x00027472	196	D:\nt\private\crt32st\convert\fcvt.c	D:\nt\private\crt32st\convert\fcvt.c
85	0x00027479	244	D:\nt\private\crt32st\convert\fcvt.c	D:\nt\private\crt32st\convert\fcvt.c
86	0x00027497	248	D:\nt\private\crt32st\convert\fcvt.c	D:\nt\private\crt32st\convert\fcvt.c
87	0x000274a8	249	D:\nt\private\crt32st\convert\fcvt.c	D:\nt\private\crt32st\convert\fcvt.c
88	0x000274b0	250	D:\nt\private\crt32st\convert\fcvt.c	D:\nt\private\crt32st\convert\fcvt.c
89	0x000274b5	251	D:\nt\private\crt32st\convert\fcvt.c	D:\nt\private\crt32st\convert\fcvt.c
90	0x000274be	82	D:\nt\private\crt32st\stdio\_filbuf.c	D:\nt\private\crt32st\stdio\_filbuf.c
91	0x000274c2	90	D:\nt\private\crt32st\stdio\_filbuf.c	D:\nt\private\crt32st\stdio\_filbuf.c
92	0x000274d9	93	D:\nt\private\crt32st\stdio\_filbuf.c	D:\nt\private\crt32st\stdio\_filbuf.c
93	0x000274df	94	D:\nt\private\crt32st\stdio\_filbuf.c	D:\nt\private\crt32st\stdio\_filbuf.c
94	0x000274ea	102	D:\nt\private\crt32st\stdio\_filbuf.c	D:\nt\private\crt32st\stdio\_filbuf.c
95	0x000274f7	103	D:\nt\private\crt32st\stdio\_filbuf.c	D:\nt\private\crt32st\stdio\_filbuf.c
96	0x00027500	104	D:\nt\private\crt32st\stdio\_filbuf.c	D:\nt\private\crt32st\stdio\_filbuf.c
97	0x00027502	105	D:\nt\private\crt32st\stdio\_filbuf.c	D:\nt\private\crt32st\stdio\_filbuf.c
98	0x00027507	107	D:\nt\private\crt32st\stdio\_filbuf.c	D:\nt\private\crt32st\stdio\_filbuf.c
99	0x0002751b	109	D:\nt\private\crt32st\stdio\_filbuf.c	D:\nt\private\crt32st\stdio\_filbuf.c
100	0x00027524	116	D:\nt\private\crt32st\stdio\_filbuf.c	D:\nt\private\crt32st\stdio\_filbuf.c
101	0x00027539	117	D:\nt\private\crt32st\stdio\_filbuf.c	D:\nt\private\crt32st\stdio\_filbuf.c
102	0x0002753d	119	D:\nt\private\crt32st\stdio\_filbuf.c	D:\nt\private\crt32st\stdio\_filbuf.c
103	0x00027540	121	D:\nt\private\crt32st\stdio\_filbuf.c	D:\nt\private\crt32st\stdio\_filbuf.c
104	0x0002754e	110	D:\nt\private\crt32st\stdio\_filbuf.c	D:\nt\private\crt32st\stdio\_filbuf.c
105	0x0002755c	111	D:\nt\private\crt32st\stdio\_filbuf.c	D:\nt\private\crt32st\stdio\_filbuf.c
106	0x00027563	91	D:\nt\private\crt32st\stdio\_filbuf.c	D:\nt\private\crt32st\stdio\_filbuf.c
107	0x00027568	122	D:\nt\private\crt32st\stdio\_filbuf.c	D:\nt\private\crt32st\stdio\_filbuf.c
108	0x0002756e	86	D:\nt\private\crt32st\stdio\_flsbuf.c	D:\nt\private\crt32st\stdio\_flsbuf.c
109	0x00027576	96	D:\nt\private\crt32st\stdio\_flsbuf.c	D:\nt\private\crt32st\stdio\_flsbuf.c
110	0x0002757f	98	D:\nt\private\crt32st\stdio\_flsbuf.c	D:\nt\private\crt32st\stdio\_flsbuf.c
111	0x00027593	111	D:\nt\private\crt32st\stdio\_flsbuf.c	D:\nt\private\crt32st\stdio\_flsbuf.c
112	0x00027599	112	D:\nt\private\crt32st\stdio\_flsbuf.c	D:\nt\private\crt32st\stdio\_flsbuf.c
113	0x000275a0	113	D:\nt\private\crt32st\stdio\_flsbuf.c	D:\nt\private\crt32st\stdio\_flsbuf.c
114	0x000275aa	114	D:\nt\private\crt32st\stdio\_flsbuf.c	D:\nt\private\crt32st\stdio\_flsbuf.c
115	0x000275af	115	D:\nt\private\crt32st\stdio\_flsbuf.c	D:\nt\private\crt32st\stdio\_flsbuf.c
116	0x000275b3	117	D:\nt\private\crt32st\stdio\_flsbuf.c	D:\nt\private\crt32st\stdio\_flsbuf.c
117	0x000275b7	124	D:\nt\private\crt32st\stdio\_flsbuf.c	D:\nt\private\crt32st\stdio\_flsbuf.c
118	0x000275bb	125	D:\nt\private\crt32st\stdio\_flsbuf.c	D:\nt\private\crt32st\stdio\_flsbuf.c
119	0x000275c3	128	D:\nt\private\crt32st\stdio\_flsbuf.c	D:\nt\private\crt32st\stdio\_flsbuf.c
120	0x000275cc	138	D:\nt\private\crt32st\stdio\_flsbuf.c	D:\nt\private\crt32st\stdio\_flsbuf.c
121	0x000275eb	140	D:\nt\private\crt32st\stdio\_flsbuf.c	D:\nt\private\crt32st\stdio\_flsbuf.c
122	0x000275f4	145	D:\nt\private\crt32st\stdio\_flsbuf.c	D:\nt\private\crt32st\stdio\_flsbuf.c
123	0x000275fd	149	D:\nt\private\crt32st\stdio\_flsbuf.c	D:\nt\private\crt32st\stdio\_flsbuf.c
124	0x00027602	150	D:\nt\private\crt32st\stdio\_flsbuf.c	D:\nt\private\crt32st\stdio\_flsbuf.c
125	0x00027608	151	D:\nt\private\crt32st\stdio\_flsbuf.c	D:\nt\private\crt32st\stdio\_flsbuf.c
126	0x0002760f	153	D:\nt\private\crt32st\stdio\_flsbuf.c	D:\nt\private\crt32st\stdio\_flsbuf.c
127	0x00027613	154	D:\nt\private\crt32st\stdio\_flsbuf.c	D:\nt\private\crt32st\stdio\_flsbuf.c
128	0x00027628	155	D:\nt\private\crt32st\stdio\_flsbuf.c	D:\nt\private\crt32st\stdio\_flsbuf.c
129	0x0002762d	156	D:\nt\private\crt32st\stdio\_flsbuf.c	D:\nt\private\crt32st\stdio\_flsbuf.c
130	0x00027639	157	D:\nt\private\crt32st\stdio\_flsbuf.c	D:\nt\private\crt32st\stdio\_flsbuf.c
131	0x00027646	159	D:\nt\private\crt32st\stdio\_flsbuf.c	D:\nt\private\crt32st\stdio\_flsbuf.c
132	0x0002764e	163	D:\nt\private\crt32st\stdio\_flsbuf.c	D:\nt\private\crt32st\stdio\_flsbuf.c
133	0x00027652	164	D:\nt\private\crt32st\stdio\_flsbuf.c	D:\nt\private\crt32st\stdio\_flsbuf.c
134	0x00027659	165	D:\nt\private\crt32st\stdio\_flsbuf.c	D:\nt\private\crt32st\stdio\_flsbuf.c
135	0x0002766d	169	D:\nt\private\crt32st\stdio\_flsbuf.c	D:\nt\private\crt32st\stdio\_flsbuf.c
136	0x00027675	174	D:\nt\private\crt32st\stdio\_flsbuf.c	D:\nt\private\crt32st\stdio\_flsbuf.c
137	0x00027682	99	D:\nt\private\crt32st\stdio\_flsbuf.c	D:\nt\private\crt32st\stdio\_flsbuf.c
138	0x00027686	100	D:\nt\private\crt32st\stdio\_flsbuf.c	D:\nt\private\crt32st\stdio\_flsbuf.c
139	0x0002768b	175	D:\nt\private\crt32st\stdio\_flsbuf.c	D:\nt\private\crt32st\stdio\_flsbuf.c
140	0x0002769e	44	D:\nt\private\fp32st\conv\cfout.c	D:\nt\private\fp32st\conv\cfout.c
141	0x000276a6	47	D:\nt\private\fp32st\conv\cfout.c	D:\nt\private\fp32st\conv\cfout.c
142	0x000276c1	48	D:\nt\private\fp32st\conv\cfout.c	D:\nt\private\fp32st\conv\cfout.c
143	0x000276e0	49	D:\nt\private\fp32st\conv\cfout.c	D:\nt\private\fp32st\conv\cfout.c
144	0x000276ec	50	D:\nt\private\fp32st\conv\cfout.c	D:\nt\private\fp32st\conv\cfout.c
145	0x000276f8	51	D:\nt\private\fp32st\conv\cfout.c	D:\nt\private\fp32st\conv\cfout.c
146	0x00027702	53	D:\nt\private\fp32st\conv\cfout.c	D:\nt\private\fp32st\conv\cfout.c
147	0x00027707	54	D:\nt\private\fp32st\conv\cfout.c	D:\nt\private\fp32st\conv\cfout.c
148	0x0002770e	65	D:\nt\private\fp32st\conv\x10fout.c	D:\nt\private\fp32st\conv\x10fout.c
149	0x00027716	71	D:\nt\private\fp32st\conv\x10fout.c	D:\nt\private\fp32st\conv\x10fout.c
150	0x0002771c	72	D:\nt\private\fp32st\conv\x10fout.c	D:\nt\private\fp32st\conv\x10fout.c
151	0x00027722	73	D:\nt\private\fp32st\conv\x10fout.c	D:\nt\private\fp32st\conv\x10fout.c
152	0x00027728	74	D:\nt\private\fp32st\conv\x10fout.c	D:\nt\private\fp32st\conv\x10fout.c
153	0x0002772f	77	D:\nt\private\fp32st\conv\x10fout.c	D:\nt\private\fp32st\conv\x10fout.c
154	0x00027743	78	D:\nt\private\fp32st\conv\x10fout.c	D:\nt\private\fp32st\conv\x10fout.c
155	0x00027757	93	D:\nt\private\fp32st\conv\x10fout.c	D:\nt\private\fp32st\conv\x10fout.c
156	0x0002775e	101	D:\nt\private\fp32st\conv\x10fout.c	D:\nt\private\fp32st\conv\x10fout.c
157	0x00027766	102	D:\nt\private\fp32st\conv\x10fout.c	D:\nt\private\fp32st\conv\x10fout.c
158	0x0002776c	103	D:\nt\private\fp32st\conv\x10fout.c	D:\nt\private\fp32st\conv\x10fout.c
159	0x00027772	104	D:\nt\private\fp32st\conv\x10fout.c	D:\nt\private\fp32st\conv\x10fout.c
160	0x0002777e	105	D:\nt\private\fp32st\conv\x10fout.c	D:\nt\private\fp32st\conv\x10fout.c
161	0x00027782	107	D:\nt\private\fp32st\conv\x10fout.c	D:\nt\private\fp32st\conv\x10fout.c
162	0x00027787	108	D:\nt\private\fp32st\conv\x10fout.c	D:\nt\private\fp32st\conv\x10fout.c
163	0x0002778e	109	D:\nt\private\fp32st\conv\x10fout.c	D:\nt\private\fp32st\conv\x10fout.c
164	0x00027792	110	D:\nt\private\fp32st\conv\x10fout.c	D:\nt\private\fp32st\conv\x10fout.c
165	0x00027799	112	D:\nt\private\fp32st\conv\x10fout.c	D:\nt\private\fp32st\conv\x10fout.c
166	0x000277ac	113	D:\nt\private\fp32st\conv\x10fout.c	D:\nt\private\fp32st\conv\x10fout.c
167	0x000277d0	114	D:\nt\private\fp32st\conv\x10fout.c	D:\nt\private\fp32st\conv\x10fout.c
168	0x000277d9	115	D:\nt\private\fp32st\conv\x10fout.c	D:\nt\private\fp32st\conv\x10fout.c
169	0x000277da	117	D:\nt\private\fp32st\conv\x10fout.c	D:\nt\private\fp32st\conv\x10fout.c
170	0x000277e6	118	D:\nt\private\fp32st\conv\x10fout.c	D:\nt\private\fp32st\conv\x10fout.c
171	0x000277ee	121	D:\nt\private\fp32st\conv\x10fout.c	D:\nt\private\fp32st\conv\x10fout.c
172	0x000277fd	123	D:\nt\private\fp32st\conv\x10fout.c	D:\nt\private\fp32st\conv\x10fout.c
173	0x0002782c	128	D:\nt\private\fp32st\conv\x10fout.c	D:\nt\private\fp32st\conv\x10fout.c
174	0x00027840	129	D:\nt\private\fp32st\conv\x10fout.c	D:\nt\private\fp32st\conv\x10fout.c
175	0x00027847	130	D:\nt\private\fp32st\conv\x10fout.c	D:\nt\private\fp32st\conv\x10fout.c
176	0x0002784e	132	D:\nt\private\fp32st\conv\x10fout.c	D:\nt\private\fp32st\conv\x10fout.c
177	0x0002786b	134	D:\nt\private\fp32st\conv\x10fout.c	D:\nt\private\fp32st\conv\x10fout.c
178	0x00027872	140	D:\nt\private\fp32st\conv\x10fout.c	D:\nt\private\fp32st\conv\x10fout.c
179	0x00027886	141	D:\nt\private\fp32st\conv\x10fout.c	D:\nt\private\fp32st\conv\x10fout.c
180	0x00027892	228	D:\nt\private\fp32st\conv\x10fout.c	D:\nt\private\fp32st\conv\x10fout.c
181	0x0002789e	229	D:\nt\private\fp32st\conv\x10fout.c	D:\nt\private\fp32st\conv\x10fout.c
182	0x000278a8	230	D:\nt\private\fp32st\conv\x10fout.c	D:\nt\private\fp32st\conv\x10fout.c
183	0x000278b2	231	D:\nt\private\fp32st\conv\x10fout.c	D:\nt\private\fp32st\conv\x10fout.c
184	0x000278dc	232	D:\nt\private\fp32st\conv\x10fout.c	D:\nt\private\fp32st\conv\x10fout.c
185	0x000278e5	258	D:\nt\private\fp32st\conv\x10fout.c	D:\nt\private\fp32st\conv\x10fout.c
186	0x000278ed	259	D:\nt\private\fp32st\conv\x10fout.c	D:\nt\private\fp32st\conv\x10fout.c
187	0x000278f3	260	D:\nt\private\fp32st\conv\x10fout.c	D:\nt\private\fp32st\conv\x10fout.c
188	0x000278f9	261	D:\nt\private\fp32st\conv\x10fout.c	D:\nt\private\fp32st\conv\x10fout.c
189	0x000278ff	264	D:\nt\private\fp32st\conv\x10fout.c	D:\nt\private\fp32st\conv\x10fout.c
190	0x00027914	267	D:\nt\private\fp32st\conv\x10fout.c	D:\nt\private\fp32st\conv\x10fout.c
191	0x0002791c	268	D:\nt\private\fp32st\conv\x10fout.c	D:\nt\private\fp32st\conv\x10fout.c
192	0x00027920	269	D:\nt\private\fp32st\conv\x10fout.c	D:\nt\private\fp32st\conv\x10fout.c
193	0x00027930	272	D:\nt\private\fp32st\conv\x10fout.c	D:\nt\private\fp32st\conv\x10fout.c
194	0x0002793a	273	D:\nt\private\fp32st\conv\x10fout.c	D:\nt\private\fp32st\conv\x10fout.c
195	0x00027940	275	D:\nt\private\fp32st\conv\x10fout.c	D:\nt\private\fp32st\conv\x10fout.c
196	0x00027947	276	D:\nt\private\fp32st\conv\x10fout.c	D:\nt\private\fp32st\conv\x10fout.c
197	0x00027951	282	D:\nt\private\fp32st\conv\x10fout.c	D:\nt\private\fp32st\conv\x10fout.c
198	0x00027957	283	D:\nt\private\fp32st\conv\x10fout.c	D:\nt\private\fp32st\conv\x10fout.c
199	0x0002795e	285	D:\nt\private\fp32st\conv\x10fout.c	D:\nt\private\fp32st\conv\x10fout.c
200	0x0002796a	286	D:\nt\private\fp32st\conv\x10fout.c	D:\nt\private\fp32st\conv\x10fout.c
201	0x00027970	296	D:\nt\private\fp32st\conv\x10fout.c	D:\nt\private\fp32st\conv\x10fout.c
202	0x00027977	297	D:\nt\private\fp32st\conv\x10fout.c	D:\nt\private\fp32st\conv\x10fout.c
203	0x0002798c	299	D:\nt\private\fp32st\conv\x10fout.c	D:\nt\private\fp32st\conv\x10fout.c
204	0x00027992	300	D:\nt\private\fp32st\conv\x10fout.c	D:\nt\private\fp32st\conv\x10fout.c
205	0x0002799f	301	D:\nt\private\fp32st\conv\x10fout.c	D:\nt\private\fp32st\conv\x10fout.c
206	0x000279a2	302	D:\nt\private\fp32st\conv\x10fout.c	D:\nt\private\fp32st\conv\x10fout.c
207	0x000279b7	305	D:\nt\private\fp32st\conv\x10fout.c	D:\nt\private\fp32st\conv\x10fout.c
208	0x000279c0	306	D:\nt\private\fp32st\conv\x10fout.c	D:\nt\private\fp32st\conv\x10fout.c
209	0x000279ca	307	D:\nt\private\fp32st\conv\x10fout.c	D:\nt\private\fp32st\conv\x10fout.c
210	0x000279d3	308	D:\nt\private\fp32st\conv\x10fout.c	D:\nt\private\fp32st\conv\x10fout.c
211	0x000279df	309	D:\nt\private\fp32st\conv\x10fout.c	D:\nt\private\fp32st\conv\x10fout.c
212	0x000279eb	310	D:\nt\private\fp32st\conv\x10fout.c	D:\nt\private\fp32st\conv\x10fout.c
213	0x000279fb	311	D:\nt\private\fp32st\conv\x10fout.c	D:\nt\private\fp32st\conv\x10fout.c
214	0x00027a07	314	D:\nt\private\fp32st\conv\x10fout.c	D:\nt\private\fp32st\conv\x10fout.c
215	0x00027a15	315	D:\nt\private\fp32st\conv\x10fout.c	D:\nt\private\fp32st\conv\x10fout.c
216	0x00027a19	316	D:\nt\private\fp32st\conv\x10fout.c	D:\nt\private\fp32st\conv\x10fout.c
217	0x00027a22	318	D:\nt\private\fp32st\conv\x10fout.c	D:\nt\private\fp32st\conv\x10fout.c
218	0x00027a2d	319	D:\nt\private\fp32st\conv\x10fout.c	D:\nt\private\fp32st\conv\x10fout.c
219	0x00027a30	321	D:\nt\private\fp32st\conv\x10fout.c	D:\nt\private\fp32st\conv\x10fout.c
220	0x00027a34	323	D:\nt\private\fp32st\conv\x10fout.c	D:\nt\private\fp32st\conv\x10fout.c
221	0x00027a3e	324	D:\nt\private\fp32st\conv\x10fout.c	D:\nt\private\fp32st\conv\x10fout.c
222	0x00027a41	325	D:\nt\private\fp32st\conv\x10fout.c	D:\nt\private\fp32st\conv\x10fout.c
223	0x00027a4f	326	D:\nt\private\fp32st\conv\x10fout.c	D:\nt\private\fp32st\conv\x10fout.c
224	0x00027a5a	327	D:\nt\private\fp32st\conv\x10fout.c	D:\nt\private\fp32st\conv\x10fout.c
225	0x00027a5d	328	D:\nt\private\fp32st\conv\x10fout.c	D:\nt\private\fp32st\conv\x10fout.c
226	0x00027a63	330	D:\nt\private\fp32st\conv\x10fout.c	D:\nt\private\fp32st\conv\x10fout.c
227	0x00027a68	332	D:\nt\private\fp32st\conv\x10fout.c	D:\nt\private\fp32st\conv\x10fout.c
228	0x00027a80	335	D:\nt\private\fp32st\conv\x10fout.c	D:\nt\private\fp32st\conv\x10fout.c
229	0x00027a8f	341	D:\nt\private\fp32st\conv\x10fout.c	D:\nt\private\fp32st\conv\x10fout.c
230	0x00027aa0	342	D:\nt\private\fp32st\conv\x10fout.c	D:\nt\private\fp32st\conv\x10fout.c
231	0x00027aae	344	D:\nt\private\fp32st\conv\x10fout.c	D:\nt\private\fp32st\conv\x10fout.c
232	0x00027ab1	345	D:\nt\private\fp32st\conv\x10fout.c	D:\nt\private\fp32st\conv\x10fout.c
233	0x00027abe	37	D:\nt\private\fp32st\conv\mantold.c	D:\nt\private\fp32st\conv\mantold.c
234	0x00027ac4	39	D:\nt\private\fp32st\conv\mantold.c	D:\nt\private\fp32st\conv\mantold.c
235	0x00027acb	40	D:\nt\private\fp32st\conv\mantold.c	D:\nt\private\fp32st\conv\mantold.c
236	0x00027ad4	41	D:\nt\private\fp32st\conv\mantold.c	D:\nt\private\fp32st\conv\mantold.c
237	0x00027af5	42	D:\nt\private\fp32st\conv\mantold.c	D:\nt\private\fp32st\conv\mantold.c
238	0x00027afc	43	D:\nt\private\fp32st\conv\mantold.c	D:\nt\private\fp32st\conv\mantold.c
239	0x00027b04	44	D:\nt\private\fp32st\conv\mantold.c	D:\nt\private\fp32st\conv\mantold.c
240	0x00027b07	45	D:\nt\private\fp32st\conv\mantold.c	D:\nt\private\fp32st\conv\mantold.c
241	0x00027b0a	67	D:\nt\private\fp32st\conv\mantold.c	D:\nt\private\fp32st\conv\mantold.c
242	0x00027b10	69	D:\nt\private\fp32st\conv\mantold.c	D:\nt\private\fp32st\conv\mantold.c
243	0x00027b25	70	D:\nt\private\fp32st\conv\mantold.c	D:\nt\private\fp32st\conv\mantold.c
244	0x00027b29	71	D:\nt\private\fp32st\conv\mantold.c	D:\nt\private\fp32st\conv\mantold.c
245	0x00027b40	72	D:\nt\private\fp32st\conv\mantold.c	D:\nt\private\fp32st\conv\mantold.c
246	0x00027b44	73	D:\nt\private\fp32st\conv\mantold.c	D:\nt\private\fp32st\conv\mantold.c
247	0x00027b4a	76	D:\nt\private\fp32st\conv\mantold.c	D:\nt\private\fp32st\conv\mantold.c
248	0x00027b65	77	D:\nt\private\fp32st\conv\mantold.c	D:\nt\private\fp32st\conv\mantold.c
249	0x00027b69	78	D:\nt\private\fp32st\conv\mantold.c	D:\nt\private\fp32st\conv\mantold.c
250	0x00027b6f	81	D:\nt\private\fp32st\conv\mantold.c	D:\nt\private\fp32st\conv\mantold.c
251	0x00027b87	82	D:\nt\private\fp32st\conv\mantold.c	D:\nt\private\fp32st\conv\mantold.c
252	0x00027b8a	104	D:\nt\private\fp32st\conv\mantold.c	D:\nt\private\fp32st\conv\mantold.c
253	0x00027b90	107	D:\nt\private\fp32st\conv\mantold.c	D:\nt\private\fp32st\conv\mantold.c
254	0x00027ba0	108	D:\nt\private\fp32st\conv\mantold.c	D:\nt\private\fp32st\conv\mantold.c
255	0x00027bb0	109	D:\nt\private\fp32st\conv\mantold.c	D:\nt\private\fp32st\conv\mantold.c
256	0x00027bb5	110	D:\nt\private\fp32st\conv\mantold.c	D:\nt\private\fp32st\conv\mantold.c
257	0x00027bc5	111	D:\nt\private\fp32st\conv\mantold.c	D:\nt\private\fp32st\conv\mantold.c
258	0x00027bd5	112	D:\nt\private\fp32st\conv\mantold.c	D:\nt\private\fp32st\conv\mantold.c
259	0x00027bda	115	D:\nt\private\fp32st\conv\mantold.c	D:\nt\private\fp32st\conv\mantold.c
260	0x00027be0	117	D:\nt\private\fp32st\conv\mantold.c	D:\nt\private\fp32st\conv\mantold.c
261	0x00027bf7	118	D:\nt\private\fp32st\conv\mantold.c	D:\nt\private\fp32st\conv\mantold.c
262	0x00027c0f	119	D:\nt\private\fp32st\conv\mantold.c	D:\nt\private\fp32st\conv\mantold.c
263	0x00027c15	120	D:\nt\private\fp32st\conv\mantold.c	D:\nt\private\fp32st\conv\mantold.c
264	0x00027c25	121	D:\nt\private\fp32st\conv\mantold.c	D:\nt\private\fp32st\conv\mantold.c
265	0x00027c33	122	D:\nt\private\fp32st\conv\mantold.c	D:\nt\private\fp32st\conv\mantold.c
266	0x00027c36	151	D:\nt\private\fp32st\conv\mantold.c	D:\nt\private\fp32st\conv\mantold.c
267	0x00027c3e	153	D:\nt\private\fp32st\conv\mantold.c	D:\nt\private\fp32st\conv\mantold.c
268	0x00027c44	155	D:\nt\private\fp32st\conv\mantold.c	D:\nt\private\fp32st\conv\mantold.c
269	0x00027c4d	156	D:\nt\private\fp32st\conv\mantold.c	D:\nt\private\fp32st\conv\mantold.c
270	0x00027c57	157	D:\nt\private\fp32st\conv\mantold.c	D:\nt\private\fp32st\conv\mantold.c
271	0x00027c61	158	D:\nt\private\fp32st\conv\mantold.c	D:\nt\private\fp32st\conv\mantold.c
272	0x00027c66	159	D:\nt\private\fp32st\conv\mantold.c	D:\nt\private\fp32st\conv\mantold.c
273	0x00027c71	160	D:\nt\private\fp32st\conv\mantold.c	D:\nt\private\fp32st\conv\mantold.c
274	0x00027c7a	161	D:\nt\private\fp32st\conv\mantold.c	D:\nt\private\fp32st\conv\mantold.c
275	0x00027c85	162	D:\nt\private\fp32st\conv\mantold.c	D:\nt\private\fp32st\conv\mantold.c
276	0x00027c94	163	D:\nt\private\fp32st\conv\mantold.c	D:\nt\private\fp32st\conv\mantold.c
277	0x00027c9f	164	D:\nt\private\fp32st\conv\mantold.c	D:\nt\private\fp32st\conv\mantold.c
278	0x00027ca8	165	D:\nt\private\fp32st\conv\mantold.c	D:\nt\private\fp32st\conv\mantold.c
279	0x00027caf	166	D:\nt\private\fp32st\conv\mantold.c	D:\nt\private\fp32st\conv\mantold.c
280	0x00027cb6	167	D:\nt\private\fp32st\conv\mantold.c	D:\nt\private\fp32st\conv\mantold.c
281	0x00027cc5	168	D:\nt\private\fp32st\conv\mantold.c	D:\nt\private\fp32st\conv\mantold.c
282	0x00027cd1	171	D:\nt\private\fp32st\conv\mantold.c	D:\nt\private\fp32st\conv\mantold.c
283	0x00027cd6	172	D:\nt\private\fp32st\conv\mantold.c	D:\nt\private\fp32st\conv\mantold.c
284	0x00027ce1	173	D:\nt\private\fp32st\conv\mantold.c	D:\nt\private\fp32st\conv\mantold.c
285	0x00027cf8	174	D:\nt\private\fp32st\conv\mantold.c	D:\nt\private\fp32st\conv\mantold.c
286	0x00027cfe	175	D:\nt\private\fp32st\conv\mantold.c	D:\nt\private\fp32st\conv\mantold.c
287	0x00027d03	176	D:\nt\private\fp32st\conv\mantold.c	D:\nt\private\fp32st\conv\mantold.c
288	0x00027d0c	177	D:\nt\private\fp32st\conv\mantold.c	D:\nt\private\fp32st\conv\mantold.c
289	0x00027d0e	178	D:\nt\private\fp32st\conv\mantold.c	D:\nt\private\fp32st\conv\mantold.c
290	0x00027d17	179	D:\nt\private\fp32st\conv\mantold.c	D:\nt\private\fp32st\conv\mantold.c
291	0x00027d1b	180	D:\nt\private\fp32st\conv\mantold.c	D:\nt\private\fp32st\conv\mantold.c
292	0x00027d24	181	D:\nt\private\fp32st\conv\mantold.c	D:\nt\private\fp32st\conv\mantold.c
293	0x00027d2c	182	D:\nt\private\fp32st\conv\mantold.c	D:\nt\private\fp32st\conv\mantold.c
294	0x00027d3e	34	D:\nt\private\fp32st\conv\ldtod.c	D:\nt\private\fp32st\conv\ldtod.c
295	0x00027d46	39	D:\nt\private\fp32st\conv\ldtod.c	D:\nt\private\fp32st\conv\ldtod.c
296	0x00027d4d	40	D:\nt\private\fp32st\conv\ldtod.c	D:\nt\private\fp32st\conv\ldtod.c
297	0x00027d53	42	D:\nt\private\fp32st\conv\ldtod.c	D:\nt\private\fp32st\conv\ldtod.c
298	0x00027d63	43	D:\nt\private\fp32st\conv\ldtod.c	D:\nt\private\fp32st\conv\ldtod.c
299	0x00027d6f	44	D:\nt\private\fp32st\conv\ldtod.c	D:\nt\private\fp32st\conv\ldtod.c
300	0x00027d7a	45	D:\nt\private\fp32st\conv\ldtod.c	D:\nt\private\fp32st\conv\ldtod.c
301	0x00027d80	47	D:\nt\private\fp32st\conv\ldtod.c	D:\nt\private\fp32st\conv\ldtod.c
302	0x00027d8f	64	D:\nt\private\fp32st\conv\ldtod.c	D:\nt\private\fp32st\conv\ldtod.c
303	0x00027d95	65	D:\nt\private\fp32st\conv\ldtod.c	D:\nt\private\fp32st\conv\ldtod.c
304	0x00027da1	66	D:\nt\private\fp32st\conv\ldtod.c	D:\nt\private\fp32st\conv\ldtod.c
305	0x00027da6	49	D:\nt\private\fp32st\conv\ldtod.c	D:\nt\private\fp32st\conv\ldtod.c
306	0x00027dac	69	D:\nt\private\fp32st\conv\ldtod.c	D:\nt\private\fp32st\conv\ldtod.c
307	0x00027dc0	70	D:\nt\private\fp32st\conv\ldtod.c	D:\nt\private\fp32st\conv\ldtod.c
308	0x00027dc9	73	D:\nt\private\fp32st\conv\ldtod.c	D:\nt\private\fp32st\conv\ldtod.c
309	0x00027dcf	76	D:\nt\private\fp32st\conv\ldtod.c	D:\nt\private\fp32st\conv\ldtod.c
310	0x00027de3	77	D:\nt\private\fp32st\conv\ldtod.c	D:\nt\private\fp32st\conv\ldtod.c
311	0x00027de6	78	D:\nt\private\fp32st\conv\ldtod.c	D:\nt\private\fp32st\conv\ldtod.c
312	0x00027dea	79	D:\nt\private\fp32st\conv\ldtod.c	D:\nt\private\fp32st\conv\ldtod.c
313	0x00027dee	53	D:\nt\private\fp32st\conv\ldtod.c	D:\nt\private\fp32st\conv\ldtod.c
314	0x00027dfa	54	D:\nt\private\fp32st\conv\ldtod.c	D:\nt\private\fp32st\conv\ldtod.c
315	0x00027e01	55	D:\nt\private\fp32st\conv\ldtod.c	D:\nt\private\fp32st\conv\ldtod.c
316	0x00027e08	56	D:\nt\private\fp32st\conv\ldtod.c	D:\nt\private\fp32st\conv\ldtod.c
317	0x00027e0e	57	D:\nt\private\fp32st\conv\ldtod.c	D:\nt\private\fp32st\conv\ldtod.c
318	0x00027e20	58	D:\nt\private\fp32st\conv\ldtod.c	D:\nt\private\fp32st\conv\ldtod.c
319	0x00027e22	60	D:\nt\private\fp32st\conv\ldtod.c	D:\nt\private\fp32st\conv\ldtod.c
320	0x00027e2e	61	D:\nt\private\fp32st\conv\ldtod.c	D:\nt\private\fp32st\conv\ldtod.c
321	0x00027e35	62	D:\nt\private\fp32st\conv\ldtod.c	D:\nt\private\fp32st\conv\ldtod.c
322	0x00027e3a	81	D:\nt\private\fp32st\conv\ldtod.c	D:\nt\private\fp32st\conv\ldtod.c
323	0x00027e48	84	D:\nt\private\fp32st\conv\ldtod.c	D:\nt\private\fp32st\conv\ldtod.c
324	0x00027e4a	107	D:\nt\private\fp32st\conv\ldtod.c	D:\nt\private\fp32st\conv\ldtod.c
325	0x00027e50	112	D:\nt\private\fp32st\conv\ldtod.c	D:\nt\private\fp32st\conv\ldtod.c
326	0x00027e5c	113	D:\nt\private\fp32st\conv\ldtod.c	D:\nt\private\fp32st\conv\ldtod.c
327	0x00027e67	114	D:\nt\private\fp32st\conv\ldtod.c	D:\nt\private\fp32st\conv\ldtod.c
328	0x00027e6d	115	D:\nt\private\fp32st\conv\ldtod.c	D:\nt\private\fp32st\conv\ldtod.c
329	0x00027e73	118	D:\nt\private\fp32st\conv\ldtod.c	D:\nt\private\fp32st\conv\ldtod.c
330	0x00027e79	119	D:\nt\private\fp32st\conv\ldtod.c	D:\nt\private\fp32st\conv\ldtod.c
331	0x00027e7f	120	D:\nt\private\fp32st\conv\ldtod.c	D:\nt\private\fp32st\conv\ldtod.c
332	0x00027e87	122	D:\nt\private\fp32st\conv\ldtod.c	D:\nt\private\fp32st\conv\ldtod.c
333	0x00027e8d	123	D:\nt\private\fp32st\conv\ldtod.c	D:\nt\private\fp32st\conv\ldtod.c
334	0x00027e94	124	D:\nt\private\fp32st\conv\ldtod.c	D:\nt\private\fp32st\conv\ldtod.c
335	0x00027e9b	126	D:\nt\private\fp32st\conv\ldtod.c	D:\nt\private\fp32st\conv\ldtod.c
336	0x00027ea2	128	D:\nt\private\fp32st\conv\ldtod.c	D:\nt\private\fp32st\conv\ldtod.c
337	0x00027ea8	129	D:\nt\private\fp32st\conv\ldtod.c	D:\nt\private\fp32st\conv\ldtod.c
338	0x00027eb0	131	D:\nt\private\fp32st\conv\ldtod.c	D:\nt\private\fp32st\conv\ldtod.c
339	0x00027eb6	132	D:\nt\private\fp32st\conv\ldtod.c	D:\nt\private\fp32st\conv\ldtod.c
340	0x00027ebd	136	D:\nt\private\fp32st\conv\ldtod.c	D:\nt\private\fp32st\conv\ldtod.c
341	0x00027ec4	138	D:\nt\private\fp32st\conv\ldtod.c	D:\nt\private\fp32st\conv\ldtod.c
342	0x00027ec6	140	D:\nt\private\fp32st\conv\ldtod.c	D:\nt\private\fp32st\conv\ldtod.c
343	0x00027ecc	141	D:\nt\private\fp32st\conv\ldtod.c	D:\nt\private\fp32st\conv\ldtod.c
344	0x00027ecf	142	D:\nt\private\fp32st\conv\ldtod.c	D:\nt\private\fp32st\conv\ldtod.c
345	0x00027ed2	143	D:\nt\private\fp32st\conv\ldtod.c	D:\nt\private\fp32st\conv\ldtod.c
346	0x00027ed8	144	D:\nt\private\fp32st\conv\ldtod.c	D:\nt\private\fp32st\conv\ldtod.c
347	0x00027edc	145	D:\nt\private\fp32st\conv\ldtod.c	D:\nt\private\fp32st\conv\ldtod.c
348	0x00027edf	146	D:\nt\private\fp32st\conv\ldtod.c	D:\nt\private\fp32st\conv\ldtod.c
349	0x00027ee3	147	D:\nt\private\fp32st\conv\ldtod.c	D:\nt\private\fp32st\conv\ldtod.c
350	0x00027eea	150	D:\nt\private\fp32st\conv\ldtod.c	D:\nt\private\fp32st\conv\ldtod.c
351	0x00027ef0	151	D:\nt\private\fp32st\conv\ldtod.c	D:\nt\private\fp32st\conv\ldtod.c
352	0x00027ef3	152	D:\nt\private\fp32st\conv\ldtod.c	D:\nt\private\fp32st\conv\ldtod.c
353	0x00027ef6	153	D:\nt\private\fp32st\conv\ldtod.c	D:\nt\private\fp32st\conv\ldtod.c
354	0x00027efc	154	D:\nt\private\fp32st\conv\ldtod.c	D:\nt\private\fp32st\conv\ldtod.c
355	0x00027f00	155	D:\nt\private\fp32st\conv\ldtod.c	D:\nt\private\fp32st\conv\ldtod.c
356	0x00027f03	156	D:\nt\private\fp32st\conv\ldtod.c	D:\nt\private\fp32st\conv\ldtod.c
357	0x00027f09	157	D:\nt\private\fp32st\conv\ldtod.c	D:\nt\private\fp32st\conv\ldtod.c
358	0x00027f0d	161	D:\nt\private\fp32st\conv\ldtod.c	D:\nt\private\fp32st\conv\ldtod.c
359	0x00027f27	163	D:\nt\private\fp32st\conv\ldtod.c	D:\nt\private\fp32st\conv\ldtod.c
360	0x00027f3e	164	D:\nt\private\fp32st\conv\ldtod.c	D:\nt\private\fp32st\conv\ldtod.c
361	0x00027f42	165	D:\nt\private\fp32st\conv\ldtod.c	D:\nt\private\fp32st\conv\ldtod.c
362	0x00027f56	166	D:\nt\private\fp32st\conv\ldtod.c	D:\nt\private\fp32st\conv\ldtod.c
363	0x00027f5a	167	D:\nt\private\fp32st\conv\ldtod.c	D:\nt\private\fp32st\conv\ldtod.c
364	0x00027f61	168	D:\nt\private\fp32st\conv\ldtod.c	D:\nt\private\fp32st\conv\ldtod.c
365	0x00027f69	169	D:\nt\private\fp32st\conv\ldtod.c	D:\nt\private\fp32st\conv\ldtod.c
366	0x00027f6d	178	D:\nt\private\fp32st\conv\ldtod.c	D:\nt\private\fp32st\conv\ldtod.c
367	0x00027f94	179	D:\nt\private\fp32st\conv\ldtod.c	D:\nt\private\fp32st\conv\ldtod.c
368	0x00027fa5	180	D:\nt\private\fp32st\conv\ldtod.c	D:\nt\private\fp32st\conv\ldtod.c
369	0x00027fa8	181	D:\nt\private\fp32st\conv\ldtod.c	D:\nt\private\fp32st\conv\ldtod.c
370	0x00027fae	37	D:\nt\private\fp32st\conv\tenpow.c	D:\nt\private\fp32st\conv\tenpow.c
371	0x00027fb4	39	D:\nt\private\fp32st\conv\tenpow.c	D:\nt\private\fp32st\conv\tenpow.c
372	0x00027fba	47	D:\nt\private\fp32st\conv\tenpow.c	D:\nt\private\fp32st\conv\tenpow.c
373	0x00027fc1	48	D:\nt\private\fp32st\conv\tenpow.c	D:\nt\private\fp32st\conv\tenpow.c
374	0x00027fc8	49	D:\nt\private\fp32st\conv\tenpow.c	D:\nt\private\fp32st\conv\tenpow.c
375	0x00027fcf	51	D:\nt\private\fp32st\conv\tenpow.c	D:\nt\private\fp32st\conv\tenpow.c
376	0x00027fda	52	D:\nt\private\fp32st\conv\tenpow.c	D:\nt\private\fp32st\conv\tenpow.c
377	0x00027fe5	54	D:\nt\private\fp32st\conv\tenpow.c	D:\nt\private\fp32st\conv\tenpow.c
378	0x00027ff1	55	D:\nt\private\fp32st\conv\tenpow.c	D:\nt\private\fp32st\conv\tenpow.c
379	0x00027ff5	56	D:\nt\private\fp32st\conv\tenpow.c	D:\nt\private\fp32st\conv\tenpow.c
380	0x00027ff9	57	D:\nt\private\fp32st\conv\tenpow.c	D:\nt\private\fp32st\conv\tenpow.c
381	0x00028005	60	D:\nt\private\fp32st\conv\tenpow.c	D:\nt\private\fp32st\conv\tenpow.c
382	0x0002801b	62	D:\nt\private\fp32st\conv\tenpow.c	D:\nt\private\fp32st\conv\tenpow.c
383	0x00028040	63	D:\nt\private\fp32st\conv\tenpow.c	D:\nt\private\fp32st\conv\tenpow.c
384	0x00028042	65	D:\nt\private\fp32st\conv\tenpow.c	D:\nt\private\fp32st\conv\tenpow.c
385	0x00028048	67	D:\nt\private\fp32st\conv\tenpow.c	D:\nt\private\fp32st\conv\tenpow.c
386	0x0002805a	70	D:\nt\private\fp32st\conv\tenpow.c	D:\nt\private\fp32st\conv\tenpow.c
387	0x00028061	75	D:\nt\private\fp32st\conv\tenpow.c	D:\nt\private\fp32st\conv\tenpow.c
388	0x00028065	76	D:\nt\private\fp32st\conv\tenpow.c	D:\nt\private\fp32st\conv\tenpow.c
389	0x0002807c	78	D:\nt\private\fp32st\conv\tenpow.c	D:\nt\private\fp32st\conv\tenpow.c
390	0x00028082	79	D:\nt\private\fp32st\conv\tenpow.c	D:\nt\private\fp32st\conv\tenpow.c
391	0x00028084	80	D:\nt\private\fp32st\conv\tenpow.c	D:\nt\private\fp32st\conv\tenpow.c
392	0x00028086	82	D:\nt\private\fp32st\conv\tenpow.c	D:\nt\private\fp32st\conv\tenpow.c
393	0x0002808d	83	D:\nt\private\fp32st\conv\tenpow.c	D:\nt\private\fp32st\conv\tenpow.c
394	0x00028091	84	D:\nt\private\fp32st\conv\tenpow.c	D:\nt\private\fp32st\conv\tenpow.c
395	0x000280a8	90	D:\nt\private\fp32st\conv\tenpow.c	D:\nt\private\fp32st\conv\tenpow.c
396	0x000280af	91	D:\nt\private\fp32st\conv\tenpow.c	D:\nt\private\fp32st\conv\tenpow.c
397	0x000280ba	104	D:\nt\private\fp32st\conv\tenpow.c	D:\nt\private\fp32st\conv\tenpow.c
398	0x000280c3	105	D:\nt\private\fp32st\conv\tenpow.c	D:\nt\private\fp32st\conv\tenpow.c
399	0x000280cc	106	D:\nt\private\fp32st\conv\tenpow.c	D:\nt\private\fp32st\conv\tenpow.c
400	0x000280d6	107	D:\nt\private\fp32st\conv\tenpow.c	D:\nt\private\fp32st\conv\tenpow.c
401	0x000280e7	117	D:\nt\private\fp32st\conv\tenpow.c	D:\nt\private\fp32st\conv\tenpow.c
402	0x000280fb	119	D:\nt\private\fp32st\conv\tenpow.c	D:\nt\private\fp32st\conv\tenpow.c
403	0x000280ff	121	D:\nt\private\fp32st\conv\tenpow.c	D:\nt\private\fp32st\conv\tenpow.c
404	0x00028107	123	D:\nt\private\fp32st\conv\tenpow.c	D:\nt\private\fp32st\conv\tenpow.c
405	0x0002810b	124	D:\nt\private\fp32st\conv\tenpow.c	D:\nt\private\fp32st\conv\tenpow.c
406	0x0002810f	125	D:\nt\private\fp32st\conv\tenpow.c	D:\nt\private\fp32st\conv\tenpow.c
407	0x00028118	126	D:\nt\private\fp32st\conv\tenpow.c	D:\nt\private\fp32st\conv\tenpow.c
408	0x0002811c	127	D:\nt\private\fp32st\conv\tenpow.c	D:\nt\private\fp32st\conv\tenpow.c
409	0x00028125	93	D:\nt\private\fp32st\conv\tenpow.c	D:\nt\private\fp32st\conv\tenpow.c
410	0x0002812d	94	D:\nt\private\fp32st\conv\tenpow.c	D:\nt\private\fp32st\conv\tenpow.c
411	0x00028134	95	D:\nt\private\fp32st\conv\tenpow.c	D:\nt\private\fp32st\conv\tenpow.c
412	0x00028142	129	D:\nt\private\fp32st\conv\tenpow.c	D:\nt\private\fp32st\conv\tenpow.c
413	0x00028148	133	D:\nt\private\fp32st\conv\tenpow.c	D:\nt\private\fp32st\conv\tenpow.c
414	0x00028150	134	D:\nt\private\fp32st\conv\tenpow.c	D:\nt\private\fp32st\conv\tenpow.c
415	0x0002815c	135	D:\nt\private\fp32st\conv\tenpow.c	D:\nt\private\fp32st\conv\tenpow.c
416	0x00028160	136	D:\nt\private\fp32st\conv\tenpow.c	D:\nt\private\fp32st\conv\tenpow.c
417	0x00028167	138	D:\nt\private\fp32st\conv\tenpow.c	D:\nt\private\fp32st\conv\tenpow.c
418	0x0002816e	139	D:\nt\private\fp32st\conv\tenpow.c	D:\nt\private\fp32st\conv\tenpow.c
419	0x00028172	140	D:\nt\private\fp32st\conv\tenpow.c	D:\nt\private\fp32st\conv\tenpow.c
420	0x00028176	141	D:\nt\private\fp32st\conv\tenpow.c	D:\nt\private\fp32st\conv\tenpow.c
421	0x0002817c	142	D:\nt\private\fp32st\conv\tenpow.c	D:\nt\private\fp32st\conv\tenpow.c
422	0x0002817f	143	D:\nt\private\fp32st\conv\tenpow.c	D:\nt\private\fp32st\conv\tenpow.c
423	0x0002818b	144	D:\nt\private\fp32st\conv\tenpow.c	D:\nt\private\fp32st\conv\tenpow.c
424	0x0002818f	145	D:\nt\private\fp32st\conv\tenpow.c	D:\nt\private\fp32st\conv\tenpow.c
425	0x00028196	146	D:\nt\private\fp32st\conv\tenpow.c	D:\nt\private\fp32st\conv\tenpow.c
426	0x0002819c	147	D:\nt\private\fp32st\conv\tenpow.c	D:\nt\private\fp32st\conv\tenpow.c
427	0x000281a0	151	D:\nt\private\fp32st\conv\tenpow.c	D:\nt\private\fp32st\conv\tenpow.c
428	0x000281a8	153	D:\nt\private\fp32st\conv\tenpow.c	D:\nt\private\fp32st\conv\tenpow.c
429	0x000281ae	154	D:\nt\private\fp32st\conv\tenpow.c	D:\nt\private\fp32st\conv\tenpow.c
430	0x000281b5	155	D:\nt\private\fp32st\conv\tenpow.c	D:\nt\private\fp32st\conv\tenpow.c
431	0x000281bb	156	D:\nt\private\fp32st\conv\tenpow.c	D:\nt\private\fp32st\conv\tenpow.c
432	0x000281c2	157	D:\nt\private\fp32st\conv\tenpow.c	D:\nt\private\fp32st\conv\tenpow.c
433	0x000281ca	159	D:\nt\private\fp32st\conv\tenpow.c	D:\nt\private\fp32st\conv\tenpow.c
434	0x000281d0	160	D:\nt\private\fp32st\conv\tenpow.c	D:\nt\private\fp32st\conv\tenpow.c
435	0x000281d4	163	D:\nt\private\fp32st\conv\tenpow.c	D:\nt\private\fp32st\conv\tenpow.c
436	0x000281d6	164	D:\nt\private\fp32st\conv\tenpow.c	D:\nt\private\fp32st\conv\tenpow.c
437	0x000281d9	166	D:\nt\private\fp32st\conv\tenpow.c	D:\nt\private\fp32st\conv\tenpow.c
438	0x000281de	167	D:\nt\private\fp32st\conv\tenpow.c	D:\nt\private\fp32st\conv\tenpow.c
439	0x000281e1	172	D:\nt\private\fp32st\conv\tenpow.c	D:\nt\private\fp32st\conv\tenpow.c
440	0x000281ed	178	D:\nt\private\fp32st\conv\tenpow.c	D:\nt\private\fp32st\conv\tenpow.c
441	0x000281f7	179	D:\nt\private\fp32st\conv\tenpow.c	D:\nt\private\fp32st\conv\tenpow.c
442	0x00028200	180	D:\nt\private\fp32st\conv\tenpow.c	D:\nt\private\fp32st\conv\tenpow.c
443	0x00028209	181	D:\nt\private\fp32st\conv\tenpow.c	D:\nt\private\fp32st\conv\tenpow.c
444	0x00028218	182	D:\nt\private\fp32st\conv\tenpow.c	D:\nt\private\fp32st\conv\tenpow.c
445	0x0002821a	188	D:\nt\private\fp32st\conv\tenpow.c	D:\nt\private\fp32st\conv\tenpow.c
446	0x00028222	189	D:\nt\private\fp32st\conv\tenpow.c	D:\nt\private\fp32st\conv\tenpow.c
447	0x00028229	190	D:\nt\private\fp32st\conv\tenpow.c	D:\nt\private\fp32st\conv\tenpow.c
448	0x0002822f	192	D:\nt\private\fp32st\conv\tenpow.c	D:\nt\private\fp32st\conv\tenpow.c
449	0x00028231	193	D:\nt\private\fp32st\conv\tenpow.c	D:\nt\private\fp32st\conv\tenpow.c
450	0x00028234	194	D:\nt\private\fp32st\conv\tenpow.c	D:\nt\private\fp32st\conv\tenpow.c
451	0x0002823b	197	D:\nt\private\fp32st\conv\tenpow.c	D:\nt\private\fp32st\conv\tenpow.c
452	0x00028241	198	D:\nt\private\fp32st\conv\tenpow.c	D:\nt\private\fp32st\conv\tenpow.c
453	0x00028249	201	D:\nt\private\fp32st\conv\tenpow.c	D:\nt\private\fp32st\conv\tenpow.c
454	0x0002824e	206	D:\nt\private\fp32st\conv\tenpow.c	D:\nt\private\fp32st\conv\tenpow.c
455	0x00028252	207	D:\nt\private\fp32st\conv\tenpow.c	D:\nt\private\fp32st\conv\tenpow.c
456	0x0002825b	208	D:\nt\private\fp32st\conv\tenpow.c	D:\nt\private\fp32st\conv\tenpow.c
457	0x0002825f	209	D:\nt\private\fp32st\conv\tenpow.c	D:\nt\private\fp32st\conv\tenpow.c
458	0x00028263	211	D:\nt\private\fp32st\conv\tenpow.c	D:\nt\private\fp32st\conv\tenpow.c
459	0x0002826f	217	D:\nt\private\fp32st\conv\tenpow.c	D:\nt\private\fp32st\conv\tenpow.c
460	0x00028276	219	D:\nt\private\fp32st\conv\tenpow.c	D:\nt\private\fp32st\conv\tenpow.c
461	0x0002827e	221	D:\nt\private\fp32st\conv\tenpow.c	D:\nt\private\fp32st\conv\tenpow.c
462	0x00028281	223	D:\nt\private\fp32st\conv\tenpow.c	D:\nt\private\fp32st\conv\tenpow.c
463	0x00028287	225	D:\nt\private\fp32st\conv\tenpow.c	D:\nt\private\fp32st\conv\tenpow.c
464	0x00028293	235	D:\nt\private\fp32st\conv\tenpow.c	D:\nt\private\fp32st\conv\tenpow.c
465	0x00028299	236	D:\nt\private\fp32st\conv\tenpow.c	D:\nt\private\fp32st\conv\tenpow.c
466	0x0002829e	42	D:\nt\private\fp32st\conv\fpinit.c	D:\nt\private\fp32st\conv\fpinit.c
467	0x000282a3	45	D:\nt\private\fp32st\conv\fpinit.c	D:\nt\private\fp32st\conv\fpinit.c
468	0x000282a6	57	D:\nt\private\fp32st\conv\fpinit.c	D:\nt\private\fp32st\conv\fpinit.c
469	0x000282aa	61	D:\nt\private\fp32st\conv\fpinit.c	D:\nt\private\fp32st\conv\fpinit.c
470	0x000282b4	62	D:\nt\private\fp32st\conv\fpinit.c	D:\nt\private\fp32st\conv\fpinit.c
471	0x000282be	63	D:\nt\private\fp32st\conv\fpinit.c	D:\nt\private\fp32st\conv\fpinit.c
472	0x000282c8	64	D:\nt\private\fp32st\conv\fpinit.c	D:\nt\private\fp32st\conv\fpinit.c
473	0x000282d2	65	D:\nt\private\fp32st\conv\fpinit.c	D:\nt\private\fp32st\conv\fpinit.c
474	0x000282dc	67	D:\nt\private\fp32st\conv\fpinit.c	D:\nt\private\fp32st\conv\fpinit.c
475	0x000282de	98	D:\nt\private\fp32st\conv\cvt.c	D:\nt\private\fp32st\conv\cvt.c
476	0x000282e4	102	D:\nt\private\fp32st\conv\cvt.c	D:\nt\private\fp32st\conv\cvt.c
477	0x00028309	104	D:\nt\private\fp32st\conv\cvt.c	D:\nt\private\fp32st\conv\cvt.c
478	0x0002830c	106	D:\nt\private\fp32st\conv\cvt.c	D:\nt\private\fp32st\conv\cvt.c
479	0x0002831b	109	D:\nt\private\fp32st\conv\cvt.c	D:\nt\private\fp32st\conv\cvt.c
480	0x00028323	110	D:\nt\private\fp32st\conv\cvt.c	D:\nt\private\fp32st\conv\cvt.c
481	0x0002832c	113	D:\nt\private\fp32st\conv\cvt.c	D:\nt\private\fp32st\conv\cvt.c
482	0x00028334	114	D:\nt\private\fp32st\conv\cvt.c	D:\nt\private\fp32st\conv\cvt.c
483	0x0002833c	115	D:\nt\private\fp32st\conv\cvt.c	D:\nt\private\fp32st\conv\cvt.c
484	0x00028342	118	D:\nt\private\fp32st\conv\cvt.c	D:\nt\private\fp32st\conv\cvt.c
485	0x0002834d	119	D:\nt\private\fp32st\conv\cvt.c	D:\nt\private\fp32st\conv\cvt.c
486	0x00028352	149	D:\nt\private\fp32st\conv\cvt.c	D:\nt\private\fp32st\conv\cvt.c
487	0x00028358	152	D:\nt\private\fp32st\conv\cvt.c	D:\nt\private\fp32st\conv\cvt.c
488	0x0002835f	153	D:\nt\private\fp32st\conv\cvt.c	D:\nt\private\fp32st\conv\cvt.c
489	0x0002836a	155	D:\nt\private\fp32st\conv\cvt.c	D:\nt\private\fp32st\conv\cvt.c
490	0x00028372	156	D:\nt\private\fp32st\conv\cvt.c	D:\nt\private\fp32st\conv\cvt.c
491	0x00028380	157	D:\nt\private\fp32st\conv\cvt.c	D:\nt\private\fp32st\conv\cvt.c
492	0x0002838b	159	D:\nt\private\fp32st\conv\cvt.c	D:\nt\private\fp32st\conv\cvt.c
493	0x00028391	161	D:\nt\private\fp32st\conv\cvt.c	D:\nt\private\fp32st\conv\cvt.c
494	0x00028396	162	D:\nt\private\fp32st\conv\cvt.c	D:\nt\private\fp32st\conv\cvt.c
495	0x000283a1	164	D:\nt\private\fp32st\conv\cvt.c	D:\nt\private\fp32st\conv\cvt.c
496	0x000283a6	165	D:\nt\private\fp32st\conv\cvt.c	D:\nt\private\fp32st\conv\cvt.c
497	0x000283a9	167	D:\nt\private\fp32st\conv\cvt.c	D:\nt\private\fp32st\conv\cvt.c
498	0x000283bd	169	D:\nt\private\fp32st\conv\cvt.c	D:\nt\private\fp32st\conv\cvt.c
499	0x000283c2	173	D:\nt\private\fp32st\conv\cvt.c	D:\nt\private\fp32st\conv\cvt.c
500	0x000283c5	174	D:\nt\private\fp32st\conv\cvt.c	D:\nt\private\fp32st\conv\cvt.c
501	0x000283e0	175	D:\nt\private\fp32st\conv\cvt.c	D:\nt\private\fp32st\conv\cvt.c
502	0x000283e2	179	D:\nt\private\fp32st\conv\cvt.c	D:\nt\private\fp32st\conv\cvt.c
503	0x000283e5	182	D:\nt\private\fp32st\conv\cvt.c	D:\nt\private\fp32st\conv\cvt.c
504	0x000283ef	204	D:\nt\private\fp32st\conv\cvt.c	D:\nt\private\fp32st\conv\cvt.c
505	0x00028402	193	D:\nt\private\fp32st\conv\cvt.c	D:\nt\private\fp32st\conv\cvt.c
506	0x00028411	194	D:\nt\private\fp32st\conv\cvt.c	D:\nt\private\fp32st\conv\cvt.c
507	0x00028416	200	D:\nt\private\fp32st\conv\cvt.c	D:\nt\private\fp32st\conv\cvt.c
508	0x00028423	213	D:\nt\private\fp32st\conv\cvt.c	D:\nt\private\fp32st\conv\cvt.c
509	0x00028426	257	D:\nt\private\fp32st\conv\cvt.c	D:\nt\private\fp32st\conv\cvt.c
510	0x0002842c	275	D:\nt\private\fp32st\conv\cvt.c	D:\nt\private\fp32st\conv\cvt.c
511	0x00028435	277	D:\nt\private\fp32st\conv\cvt.c	D:\nt\private\fp32st\conv\cvt.c
512	0x0002843d	281	D:\nt\private\fp32st\conv\cvt.c	D:\nt\private\fp32st\conv\cvt.c
513	0x0002844f	282	D:\nt\private\fp32st\conv\cvt.c	D:\nt\private\fp32st\conv\cvt.c
514	0x00028465	285	D:\nt\private\fp32st\conv\cvt.c	D:\nt\private\fp32st\conv\cvt.c
515	0x0002846a	286	D:\nt\private\fp32st\conv\cvt.c	D:\nt\private\fp32st\conv\cvt.c
516	0x0002847d	287	D:\nt\private\fp32st\conv\cvt.c	D:\nt\private\fp32st\conv\cvt.c
517	0x000284ae	294	D:\nt\private\fp32st\conv\cvt.c	D:\nt\private\fp32st\conv\cvt.c
518	0x000284b4	298	D:\nt\private\fp32st\conv\cvt.c	D:\nt\private\fp32st\conv\cvt.c
519	0x000284bc	299	D:\nt\private\fp32st\conv\cvt.c	D:\nt\private\fp32st\conv\cvt.c
520	0x000284c5	305	D:\nt\private\fp32st\conv\cvt.c	D:\nt\private\fp32st\conv\cvt.c
521	0x000284cb	306	D:\nt\private\fp32st\conv\cvt.c	D:\nt\private\fp32st\conv\cvt.c
522	0x000284d5	307	D:\nt\private\fp32st\conv\cvt.c	D:\nt\private\fp32st\conv\cvt.c
523	0x000284de	312	D:\nt\private\fp32st\conv\cvt.c	D:\nt\private\fp32st\conv\cvt.c
524	0x00028500	318	D:\nt\private\fp32st\conv\cvt.c	D:\nt\private\fp32st\conv\cvt.c
525	0x00028506	319	D:\nt\private\fp32st\conv\cvt.c	D:\nt\private\fp32st\conv\cvt.c
526	0x00028509	321	D:\nt\private\fp32st\conv\cvt.c	D:\nt\private\fp32st\conv\cvt.c
527	0x0002850c	327	D:\nt\private\fp32st\conv\cvt.c	D:\nt\private\fp32st\conv\cvt.c
528	0x00028517	333	D:\nt\private\fp32st\conv\cvt.c	D:\nt\private\fp32st\conv\cvt.c
529	0x00028525	334	D:\nt\private\fp32st\conv\cvt.c	D:\nt\private\fp32st\conv\cvt.c
530	0x00028528	335	D:\nt\private\fp32st\conv\cvt.c	D:\nt\private\fp32st\conv\cvt.c
531	0x0002852e	338	D:\nt\private\fp32st\conv\cvt.c	D:\nt\private\fp32st\conv\cvt.c
532	0x00028531	340	D:\nt\private\fp32st\conv\cvt.c	D:\nt\private\fp32st\conv\cvt.c
533	0x00028537	341	D:\nt\private\fp32st\conv\cvt.c	D:\nt\private\fp32st\conv\cvt.c
534	0x00028547	342	D:\nt\private\fp32st\conv\cvt.c	D:\nt\private\fp32st\conv\cvt.c
535	0x00028550	344	D:\nt\private\fp32st\conv\cvt.c	D:\nt\private\fp32st\conv\cvt.c
536	0x00028553	346	D:\nt\private\fp32st\conv\cvt.c	D:\nt\private\fp32st\conv\cvt.c
537	0x00028559	347	D:\nt\private\fp32st\conv\cvt.c	D:\nt\private\fp32st\conv\cvt.c
538	0x00028569	348	D:\nt\private\fp32st\conv\cvt.c	D:\nt\private\fp32st\conv\cvt.c
539	0x00028572	351	D:\nt\private\fp32st\conv\cvt.c	D:\nt\private\fp32st\conv\cvt.c
540	0x0002857d	354	D:\nt\private\fp32st\conv\cvt.c	D:\nt\private\fp32st\conv\cvt.c
541	0x00028580	355	D:\nt\private\fp32st\conv\cvt.c	D:\nt\private\fp32st\conv\cvt.c
542	0x00028582	377	D:\nt\private\fp32st\conv\cvt.c	D:\nt\private\fp32st\conv\cvt.c
543	0x00028588	379	D:\nt\private\fp32st\conv\cvt.c	D:\nt\private\fp32st\conv\cvt.c
544	0x0002858f	380	D:\nt\private\fp32st\conv\cvt.c	D:\nt\private\fp32st\conv\cvt.c
545	0x000285a0	381	D:\nt\private\fp32st\conv\cvt.c	D:\nt\private\fp32st\conv\cvt.c
546	0x000285a7	383	D:\nt\private\fp32st\conv\cvt.c	D:\nt\private\fp32st\conv\cvt.c
547	0x000285aa	395	D:\nt\private\fp32st\conv\cvt.c	D:\nt\private\fp32st\conv\cvt.c
548	0x000285b0	414	D:\nt\private\fp32st\conv\cvt.c	D:\nt\private\fp32st\conv\cvt.c
549	0x000285b9	416	D:\nt\private\fp32st\conv\cvt.c	D:\nt\private\fp32st\conv\cvt.c
550	0x000285c1	419	D:\nt\private\fp32st\conv\cvt.c	D:\nt\private\fp32st\conv\cvt.c
551	0x000285d3	420	D:\nt\private\fp32st\conv\cvt.c	D:\nt\private\fp32st\conv\cvt.c
552	0x000285de	421	D:\nt\private\fp32st\conv\cvt.c	D:\nt\private\fp32st\conv\cvt.c
553	0x000285e9	422	D:\nt\private\fp32st\conv\cvt.c	D:\nt\private\fp32st\conv\cvt.c
554	0x000285ef	423	D:\nt\private\fp32st\conv\cvt.c	D:\nt\private\fp32st\conv\cvt.c
555	0x000285f5	430	D:\nt\private\fp32st\conv\cvt.c	D:\nt\private\fp32st\conv\cvt.c
556	0x000285fa	431	D:\nt\private\fp32st\conv\cvt.c	D:\nt\private\fp32st\conv\cvt.c
557	0x0002860d	432	D:\nt\private\fp32st\conv\cvt.c	D:\nt\private\fp32st\conv\cvt.c
558	0x00028630	439	D:\nt\private\fp32st\conv\cvt.c	D:\nt\private\fp32st\conv\cvt.c
559	0x00028636	443	D:\nt\private\fp32st\conv\cvt.c	D:\nt\private\fp32st\conv\cvt.c
560	0x0002863e	444	D:\nt\private\fp32st\conv\cvt.c	D:\nt\private\fp32st\conv\cvt.c
561	0x00028647	450	D:\nt\private\fp32st\conv\cvt.c	D:\nt\private\fp32st\conv\cvt.c
562	0x00028650	451	D:\nt\private\fp32st\conv\cvt.c	D:\nt\private\fp32st\conv\cvt.c
563	0x0002865d	452	D:\nt\private\fp32st\conv\cvt.c	D:\nt\private\fp32st\conv\cvt.c
564	0x00028666	454	D:\nt\private\fp32st\conv\cvt.c	D:\nt\private\fp32st\conv\cvt.c
565	0x0002866a	455	D:\nt\private\fp32st\conv\cvt.c	D:\nt\private\fp32st\conv\cvt.c
566	0x00028670	459	D:\nt\private\fp32st\conv\cvt.c	D:\nt\private\fp32st\conv\cvt.c
567	0x00028676	460	D:\nt\private\fp32st\conv\cvt.c	D:\nt\private\fp32st\conv\cvt.c
568	0x00028683	461	D:\nt\private\fp32st\conv\cvt.c	D:\nt\private\fp32st\conv\cvt.c
569	0x0002868c	467	D:\nt\private\fp32st\conv\cvt.c	D:\nt\private\fp32st\conv\cvt.c
570	0x00028695	468	D:\nt\private\fp32st\conv\cvt.c	D:\nt\private\fp32st\conv\cvt.c
571	0x0002869e	469	D:\nt\private\fp32st\conv\cvt.c	D:\nt\private\fp32st\conv\cvt.c
572	0x000286a6	471	D:\nt\private\fp32st\conv\cvt.c	D:\nt\private\fp32st\conv\cvt.c
573	0x000286b6	472	D:\nt\private\fp32st\conv\cvt.c	D:\nt\private\fp32st\conv\cvt.c
574	0x000286c2	473	D:\nt\private\fp32st\conv\cvt.c	D:\nt\private\fp32st\conv\cvt.c
575	0x000286cf	477	D:\nt\private\fp32st\conv\cvt.c	D:\nt\private\fp32st\conv\cvt.c
576	0x000286d2	478	D:\nt\private\fp32st\conv\cvt.c	D:\nt\private\fp32st\conv\cvt.c
577	0x000286d6	526	D:\nt\private\fp32st\conv\cvt.c	D:\nt\private\fp32st\conv\cvt.c
578	0x000286dc	528	D:\nt\private\fp32st\conv\cvt.c	D:\nt\private\fp32st\conv\cvt.c
579	0x000286e3	529	D:\nt\private\fp32st\conv\cvt.c	D:\nt\private\fp32st\conv\cvt.c
580	0x000286f1	530	D:\nt\private\fp32st\conv\cvt.c	D:\nt\private\fp32st\conv\cvt.c
581	0x000286f8	532	D:\nt\private\fp32st\conv\cvt.c	D:\nt\private\fp32st\conv\cvt.c
582	0x000286fa	565	D:\nt\private\fp32st\conv\cvt.c	D:\nt\private\fp32st\conv\cvt.c
583	0x00028700	585	D:\nt\private\fp32st\conv\cvt.c	D:\nt\private\fp32st\conv\cvt.c
584	0x00028715	588	D:\nt\private\fp32st\conv\cvt.c	D:\nt\private\fp32st\conv\cvt.c
585	0x0002871e	589	D:\nt\private\fp32st\conv\cvt.c	D:\nt\private\fp32st\conv\cvt.c
586	0x00028735	591	D:\nt\private\fp32st\conv\cvt.c	D:\nt\private\fp32st\conv\cvt.c
587	0x00028747	592	D:\nt\private\fp32st\conv\cvt.c	D:\nt\private\fp32st\conv\cvt.c
588	0x0002875e	597	D:\nt\private\fp32st\conv\cvt.c	D:\nt\private\fp32st\conv\cvt.c
589	0x0002876c	601	D:\nt\private\fp32st\conv\cvt.c	D:\nt\private\fp32st\conv\cvt.c
590	0x00028776	609	D:\nt\private\fp32st\conv\cvt.c	D:\nt\private\fp32st\conv\cvt.c
591	0x0002878e	614	D:\nt\private\fp32st\conv\cvt.c	D:\nt\private\fp32st\conv\cvt.c
592	0x00028797	616	D:\nt\private\fp32st\conv\cvt.c	D:\nt\private\fp32st\conv\cvt.c
593	0x000287a2	617	D:\nt\private\fp32st\conv\cvt.c	D:\nt\private\fp32st\conv\cvt.c
594	0x000287a9	623	D:\nt\private\fp32st\conv\cvt.c	D:\nt\private\fp32st\conv\cvt.c
595	0x000287b7	627	D:\nt\private\fp32st\conv\cvt.c	D:\nt\private\fp32st\conv\cvt.c
596	0x000287ba	669	D:\nt\private\fp32st\conv\cvt.c	D:\nt\private\fp32st\conv\cvt.c
597	0x000287bd	670	D:\nt\private\fp32st\conv\cvt.c	D:\nt\private\fp32st\conv\cvt.c
598	0x000287c9	671	D:\nt\private\fp32st\conv\cvt.c	D:\nt\private\fp32st\conv\cvt.c
599	0x000287dc	672	D:\nt\private\fp32st\conv\cvt.c	D:\nt\private\fp32st\conv\cvt.c
600	0x000287e4	673	D:\nt\private\fp32st\conv\cvt.c	D:\nt\private\fp32st\conv\cvt.c
601	0x000287f6	675	D:\nt\private\fp32st\conv\cvt.c	D:\nt\private\fp32st\conv\cvt.c
602	0x00028807	676	D:\nt\private\fp32st\conv\cvt.c	D:\nt\private\fp32st\conv\cvt.c
603	0x0002880a	697	D:\nt\private\fp32st\conv\cvt.c	D:\nt\private\fp32st\conv\cvt.c
604	0x0002880d	698	D:\nt\private\fp32st\conv\cvt.c	D:\nt\private\fp32st\conv\cvt.c
605	0x00028813	699	D:\nt\private\fp32st\conv\cvt.c	D:\nt\private\fp32st\conv\cvt.c
606	0x0002882e	700	D:\nt\private\fp32st\conv\cvt.c	D:\nt\private\fp32st\conv\cvt.c
607	0x0002883e	44	D:\nt\private\fp32st\conv\i386\atold.c	D:\nt\private\fp32st\conv\i386\atold.c
608	0x00028844	48	D:\nt\private\fp32st\conv\i386\atold.c	D:\nt\private\fp32st\conv\i386\atold.c
609	0x00028856	50	D:\nt\private\fp32st\conv\i386\atold.c	D:\nt\private\fp32st\conv\i386\atold.c
610	0x0002885d	51	D:\nt\private\fp32st\conv\i386\atold.c	D:\nt\private\fp32st\conv\i386\atold.c
611	0x0002886e	53	D:\nt\private\fp32st\conv\strgtold.c	D:\nt\private\fp32st\conv\strgtold.c
612	0x00028874	70	D:\nt\private\fp32st\conv\strgtold.c	D:\nt\private\fp32st\conv\strgtold.c
613	0x0002887b	75	D:\nt\private\fp32st\conv\strgtold.c	D:\nt\private\fp32st\conv\strgtold.c
614	0x00028881	76	D:\nt\private\fp32st\conv\strgtold.c	D:\nt\private\fp32st\conv\strgtold.c
615	0x00028888	78	D:\nt\private\fp32st\conv\strgtold.c	D:\nt\private\fp32st\conv\strgtold.c
616	0x0002888f	79	D:\nt\private\fp32st\conv\strgtold.c	D:\nt\private\fp32st\conv\strgtold.c
617	0x00028896	80	D:\nt\private\fp32st\conv\strgtold.c	D:\nt\private\fp32st\conv\strgtold.c
618	0x0002889d	81	D:\nt\private\fp32st\conv\strgtold.c	D:\nt\private\fp32st\conv\strgtold.c
619	0x000288a4	82	D:\nt\private\fp32st\conv\strgtold.c	D:\nt\private\fp32st\conv\strgtold.c
620	0x000288ab	83	D:\nt\private\fp32st\conv\strgtold.c	D:\nt\private\fp32st\conv\strgtold.c
621	0x000288b2	87	D:\nt\private\fp32st\conv\strgtold.c	D:\nt\private\fp32st\conv\strgtold.c
622	0x000288b9	89	D:\nt\private\fp32st\conv\strgtold.c	D:\nt\private\fp32st\conv\strgtold.c
623	0x000288c0	95	D:\nt\private\fp32st\conv\strgtold.c	D:\nt\private\fp32st\conv\strgtold.c
624	0x000288ee	98	D:\nt\private\fp32st\conv\strgtold.c	D:\nt\private\fp32st\conv\strgtold.c
625	0x000288f9	99	D:\nt\private\fp32st\conv\strgtold.c	D:\nt\private\fp32st\conv\strgtold.c
626	0x00028902	101	D:\nt\private\fp32st\conv\strgtold.c	D:\nt\private\fp32st\conv\strgtold.c
627	0x00028912	106	D:\nt\private\fp32st\conv\strgtold.c	D:\nt\private\fp32st\conv\strgtold.c
628	0x00028926	122	D:\nt\private\fp32st\conv\strgtold.c	D:\nt\private\fp32st\conv\strgtold.c
629	0x0002892d	123	D:\nt\private\fp32st\conv\strgtold.c	D:\nt\private\fp32st\conv\strgtold.c
630	0x00028930	124	D:\nt\private\fp32st\conv\strgtold.c	D:\nt\private\fp32st\conv\strgtold.c
631	0x00028936	108	D:\nt\private\fp32st\conv\strgtold.c	D:\nt\private\fp32st\conv\strgtold.c
632	0x0002893d	126	D:\nt\private\fp32st\conv\strgtold.c	D:\nt\private\fp32st\conv\strgtold.c
633	0x00028942	111	D:\nt\private\fp32st\conv\strgtold.c	D:\nt\private\fp32st\conv\strgtold.c
634	0x00028949	112	D:\nt\private\fp32st\conv\strgtold.c	D:\nt\private\fp32st\conv\strgtold.c
635	0x0002894f	113	D:\nt\private\fp32st\conv\strgtold.c	D:\nt\private\fp32st\conv\strgtold.c
636	0x00028956	115	D:\nt\private\fp32st\conv\strgtold.c	D:\nt\private\fp32st\conv\strgtold.c
637	0x0002895d	116	D:\nt\private\fp32st\conv\strgtold.c	D:\nt\private\fp32st\conv\strgtold.c
638	0x00028963	117	D:\nt\private\fp32st\conv\strgtold.c	D:\nt\private\fp32st\conv\strgtold.c
639	0x0002896a	163	D:\nt\private\fp32st\conv\strgtold.c	D:\nt\private\fp32st\conv\strgtold.c
640	0x00028971	164	D:\nt\private\fp32st\conv\strgtold.c	D:\nt\private\fp32st\conv\strgtold.c
641	0x00028976	128	D:\nt\private\fp32st\conv\strgtold.c	D:\nt\private\fp32st\conv\strgtold.c
642	0x0002897d	129	D:\nt\private\fp32st\conv\strgtold.c	D:\nt\private\fp32st\conv\strgtold.c
643	0x00028989	134	D:\nt\private\fp32st\conv\strgtold.c	D:\nt\private\fp32st\conv\strgtold.c
644	0x000289a2	142	D:\nt\private\fp32st\conv\strgtold.c	D:\nt\private\fp32st\conv\strgtold.c
645	0x000289a9	143	D:\nt\private\fp32st\conv\strgtold.c	D:\nt\private\fp32st\conv\strgtold.c
646	0x000289ae	145	D:\nt\private\fp32st\conv\strgtold.c	D:\nt\private\fp32st\conv\strgtold.c
647	0x000289b5	146	D:\nt\private\fp32st\conv\strgtold.c	D:\nt\private\fp32st\conv\strgtold.c
648	0x000289ba	153	D:\nt\private\fp32st\conv\strgtold.c	D:\nt\private\fp32st\conv\strgtold.c
649	0x000289c6	154	D:\nt\private\fp32st\conv\strgtold.c	D:\nt\private\fp32st\conv\strgtold.c
650	0x000289d2	158	D:\nt\private\fp32st\conv\strgtold.c	D:\nt\private\fp32st\conv\strgtold.c
651	0x000289e3	166	D:\nt\private\fp32st\conv\strgtold.c	D:\nt\private\fp32st\conv\strgtold.c
652	0x000289ea	171	D:\nt\private\fp32st\conv\strgtold.c	D:\nt\private\fp32st\conv\strgtold.c
653	0x000289f1	172	D:\nt\private\fp32st\conv\strgtold.c	D:\nt\private\fp32st\conv\strgtold.c
654	0x000289f6	178	D:\nt\private\fp32st\conv\strgtold.c	D:\nt\private\fp32st\conv\strgtold.c
655	0x000289f9	179	D:\nt\private\fp32st\conv\strgtold.c	D:\nt\private\fp32st\conv\strgtold.c
656	0x00028a11	173	D:\nt\private\fp32st\conv\strgtold.c	D:\nt\private\fp32st\conv\strgtold.c
657	0x00028a17	174	D:\nt\private\fp32st\conv\strgtold.c	D:\nt\private\fp32st\conv\strgtold.c
658	0x00028a1a	175	D:\nt\private\fp32st\conv\strgtold.c	D:\nt\private\fp32st\conv\strgtold.c
659	0x00028a28	177	D:\nt\private\fp32st\conv\strgtold.c	D:\nt\private\fp32st\conv\strgtold.c
660	0x00028a2a	180	D:\nt\private\fp32st\conv\strgtold.c	D:\nt\private\fp32st\conv\strgtold.c
661	0x00028a3e	196	D:\nt\private\fp32st\conv\strgtold.c	D:\nt\private\fp32st\conv\strgtold.c
662	0x00028a45	197	D:\nt\private\fp32st\conv\strgtold.c	D:\nt\private\fp32st\conv\strgtold.c
663	0x00028a4b	198	D:\nt\private\fp32st\conv\strgtold.c	D:\nt\private\fp32st\conv\strgtold.c
664	0x00028a4e	199	D:\nt\private\fp32st\conv\strgtold.c	D:\nt\private\fp32st\conv\strgtold.c
665	0x00028a62	200	D:\nt\private\fp32st\conv\strgtold.c	D:\nt\private\fp32st\conv\strgtold.c
666	0x00028a7e	201	D:\nt\private\fp32st\conv\strgtold.c	D:\nt\private\fp32st\conv\strgtold.c
667	0x00028a84	202	D:\nt\private\fp32st\conv\strgtold.c	D:\nt\private\fp32st\conv\strgtold.c
668	0x00028a87	203	D:\nt\private\fp32st\conv\strgtold.c	D:\nt\private\fp32st\conv\strgtold.c
669	0x00028a95	204	D:\nt\private\fp32st\conv\strgtold.c	D:\nt\private\fp32st\conv\strgtold.c
670	0x00028a98	206	D:\nt\private\fp32st\conv\strgtold.c	D:\nt\private\fp32st\conv\strgtold.c
671	0x00028a9a	207	D:\nt\private\fp32st\conv\strgtold.c	D:\nt\private\fp32st\conv\strgtold.c
672	0x00028ac6	220	D:\nt\private\fp32st\conv\strgtold.c	D:\nt\private\fp32st\conv\strgtold.c
673	0x00028ad7	221	D:\nt\private\fp32st\conv\strgtold.c	D:\nt\private\fp32st\conv\strgtold.c
674	0x00028ade	222	D:\nt\private\fp32st\conv\strgtold.c	D:\nt\private\fp32st\conv\strgtold.c
675	0x00028ae6	230	D:\nt\private\fp32st\conv\strgtold.c	D:\nt\private\fp32st\conv\strgtold.c
676	0x00028aef	231	D:\nt\private\fp32st\conv\strgtold.c	D:\nt\private\fp32st\conv\strgtold.c
677	0x00028afb	236	D:\nt\private\fp32st\conv\strgtold.c	D:\nt\private\fp32st\conv\strgtold.c
678	0x00028b0d	238	D:\nt\private\fp32st\conv\strgtold.c	D:\nt\private\fp32st\conv\strgtold.c
679	0x00028b14	251	D:\nt\private\fp32st\conv\strgtold.c	D:\nt\private\fp32st\conv\strgtold.c
680	0x00028b1a	241	D:\nt\private\fp32st\conv\strgtold.c	D:\nt\private\fp32st\conv\strgtold.c
681	0x00028b21	242	D:\nt\private\fp32st\conv\strgtold.c	D:\nt\private\fp32st\conv\strgtold.c
682	0x00028b28	243	D:\nt\private\fp32st\conv\strgtold.c	D:\nt\private\fp32st\conv\strgtold.c
683	0x00028b2e	245	D:\nt\private\fp32st\conv\strgtold.c	D:\nt\private\fp32st\conv\strgtold.c
684	0x00028b35	246	D:\nt\private\fp32st\conv\strgtold.c	D:\nt\private\fp32st\conv\strgtold.c
685	0x00028b4b	254	D:\nt\private\fp32st\conv\strgtold.c	D:\nt\private\fp32st\conv\strgtold.c
686	0x00028b5f	255	D:\nt\private\fp32st\conv\strgtold.c	D:\nt\private\fp32st\conv\strgtold.c
687	0x00028b62	264	D:\nt\private\fp32st\conv\strgtold.c	D:\nt\private\fp32st\conv\strgtold.c
688	0x00028b6e	265	D:\nt\private\fp32st\conv\strgtold.c	D:\nt\private\fp32st\conv\strgtold.c
689	0x00028b75	266	D:\nt\private\fp32st\conv\strgtold.c	D:\nt\private\fp32st\conv\strgtold.c
690	0x00028b7a	269	D:\nt\private\fp32st\conv\strgtold.c	D:\nt\private\fp32st\conv\strgtold.c
691	0x00028b83	274	D:\nt\private\fp32st\conv\strgtold.c	D:\nt\private\fp32st\conv\strgtold.c
692	0x00028b8a	275	D:\nt\private\fp32st\conv\strgtold.c	D:\nt\private\fp32st\conv\strgtold.c
693	0x00028b90	276	D:\nt\private\fp32st\conv\strgtold.c	D:\nt\private\fp32st\conv\strgtold.c
694	0x00028b96	280	D:\nt\private\fp32st\conv\strgtold.c	D:\nt\private\fp32st\conv\strgtold.c
695	0x00028b9d	281	D:\nt\private\fp32st\conv\strgtold.c	D:\nt\private\fp32st\conv\strgtold.c
696	0x00028b9f	287	D:\nt\private\fp32st\conv\strgtold.c	D:\nt\private\fp32st\conv\strgtold.c
697	0x00028bba	282	D:\nt\private\fp32st\conv\strgtold.c	D:\nt\private\fp32st\conv\strgtold.c
698	0x00028bce	283	D:\nt\private\fp32st\conv\strgtold.c	D:\nt\private\fp32st\conv\strgtold.c
699	0x00028bd5	284	D:\nt\private\fp32st\conv\strgtold.c	D:\nt\private\fp32st\conv\strgtold.c
700	0x00028bdc	288	D:\nt\private\fp32st\conv\strgtold.c	D:\nt\private\fp32st\conv\strgtold.c
701	0x00028be2	290	D:\nt\private\fp32st\conv\strgtold.c	D:\nt\private\fp32st\conv\strgtold.c
702	0x00028c3e	295	D:\nt\private\fp32st\conv\strgtold.c	D:\nt\private\fp32st\conv\strgtold.c
703	0x00028c48	297	D:\nt\private\fp32st\conv\strgtold.c	D:\nt\private\fp32st\conv\strgtold.c
704	0x00028c50	303	D:\nt\private\fp32st\conv\strgtold.c	D:\nt\private\fp32st\conv\strgtold.c
705	0x00028c6e	304	D:\nt\private\fp32st\conv\strgtold.c	D:\nt\private\fp32st\conv\strgtold.c
706	0x00028c74	305	D:\nt\private\fp32st\conv\strgtold.c	D:\nt\private\fp32st\conv\strgtold.c
707	0x00028c7d	310	D:\nt\private\fp32st\conv\strgtold.c	D:\nt\private\fp32st\conv\strgtold.c
708	0x00028c83	312	D:\nt\private\fp32st\conv\strgtold.c	D:\nt\private\fp32st\conv\strgtold.c
709	0x00028c8a	313	D:\nt\private\fp32st\conv\strgtold.c	D:\nt\private\fp32st\conv\strgtold.c
710	0x00028c8d	314	D:\nt\private\fp32st\conv\strgtold.c	D:\nt\private\fp32st\conv\strgtold.c
711	0x00028c90	316	D:\nt\private\fp32st\conv\strgtold.c	D:\nt\private\fp32st\conv\strgtold.c
712	0x00028c9e	322	D:\nt\private\fp32st\conv\strgtold.c	D:\nt\private\fp32st\conv\strgtold.c
713	0x00028ca1	323	D:\nt\private\fp32st\conv\strgtold.c	D:\nt\private\fp32st\conv\strgtold.c
714	0x00028ca4	324	D:\nt\private\fp32st\conv\strgtold.c	D:\nt\private\fp32st\conv\strgtold.c
715	0x00028caf	325	D:\nt\private\fp32st\conv\strgtold.c	D:\nt\private\fp32st\conv\strgtold.c
716	0x00028cc3	327	D:\nt\private\fp32st\conv\strgtold.c	D:\nt\private\fp32st\conv\strgtold.c
717	0x00028cc9	328	D:\nt\private\fp32st\conv\strgtold.c	D:\nt\private\fp32st\conv\strgtold.c
718	0x00028ccc	329	D:\nt\private\fp32st\conv\strgtold.c	D:\nt\private\fp32st\conv\strgtold.c
719	0x00028cd2	330	D:\nt\private\fp32st\conv\strgtold.c	D:\nt\private\fp32st\conv\strgtold.c
720	0x00028cdb	331	D:\nt\private\fp32st\conv\strgtold.c	D:\nt\private\fp32st\conv\strgtold.c
721	0x00028ce2	332	D:\nt\private\fp32st\conv\strgtold.c	D:\nt\private\fp32st\conv\strgtold.c
722	0x00028cf3	333	D:\nt\private\fp32st\conv\strgtold.c	D:\nt\private\fp32st\conv\strgtold.c
723	0x00028cfa	334	D:\nt\private\fp32st\conv\strgtold.c	D:\nt\private\fp32st\conv\strgtold.c
724	0x00028d02	335	D:\nt\private\fp32st\conv\strgtold.c	D:\nt\private\fp32st\conv\strgtold.c
725	0x00028d14	341	D:\nt\private\fp32st\conv\strgtold.c	D:\nt\private\fp32st\conv\strgtold.c
726	0x00028d1c	342	D:\nt\private\fp32st\conv\strgtold.c	D:\nt\private\fp32st\conv\strgtold.c
727	0x00028d22	343	D:\nt\private\fp32st\conv\strgtold.c	D:\nt\private\fp32st\conv\strgtold.c
728	0x00028d28	344	D:\nt\private\fp32st\conv\strgtold.c	D:\nt\private\fp32st\conv\strgtold.c
729	0x00028d30	346	D:\nt\private\fp32st\conv\strgtold.c	D:\nt\private\fp32st\conv\strgtold.c
730	0x00028d40	347	D:\nt\private\fp32st\conv\strgtold.c	D:\nt\private\fp32st\conv\strgtold.c
731	0x00028d46	348	D:\nt\private\fp32st\conv\strgtold.c	D:\nt\private\fp32st\conv\strgtold.c
732	0x00028d4d	349	D:\nt\private\fp32st\conv\strgtold.c	D:\nt\private\fp32st\conv\strgtold.c
733	0x00028d53	350	D:\nt\private\fp32st\conv\strgtold.c	D:\nt\private\fp32st\conv\strgtold.c
734	0x00028d5a	351	D:\nt\private\fp32st\conv\strgtold.c	D:\nt\private\fp32st\conv\strgtold.c
735	0x00028d5e	353	D:\nt\private\fp32st\conv\strgtold.c	D:\nt\private\fp32st\conv\strgtold.c
736	0x00028d62	354	D:\nt\private\fp32st\conv\strgtold.c	D:\nt\private\fp32st\conv\strgtold.c
737	0x00028d65	356	D:\nt\private\fp32st\conv\strgtold.c	D:\nt\private\fp32st\conv\strgtold.c
738	0x00028d6a	357	D:\nt\private\fp32st\conv\strgtold.c	D:\nt\private\fp32st\conv\strgtold.c
739	0x00028d6d	364	D:\nt\private\fp32st\conv\strgtold.c	D:\nt\private\fp32st\conv\strgtold.c
740	0x00028d75	365	D:\nt\private\fp32st\conv\strgtold.c	D:\nt\private\fp32st\conv\strgtold.c
741	0x00028d7c	366	D:\nt\private\fp32st\conv\strgtold.c	D:\nt\private\fp32st\conv\strgtold.c
742	0x00028d7e	367	D:\nt\private\fp32st\conv\strgtold.c	D:\nt\private\fp32st\conv\strgtold.c
743	0x00028d86	368	D:\nt\private\fp32st\conv\strgtold.c	D:\nt\private\fp32st\conv\strgtold.c
744	0x00028d9a	374	D:\nt\private\fp32st\conv\strgtold.c	D:\nt\private\fp32st\conv\strgtold.c
745	0x00028daa	378	D:\nt\private\fp32st\conv\strgtold.c	D:\nt\private\fp32st\conv\strgtold.c
746	0x00028db0	380	D:\nt\private\fp32st\conv\strgtold.c	D:\nt\private\fp32st\conv\strgtold.c
747	0x00028dc0	381	D:\nt\private\fp32st\conv\strgtold.c	D:\nt\private\fp32st\conv\strgtold.c
748	0x00028dc4	383	D:\nt\private\fp32st\conv\strgtold.c	D:\nt\private\fp32st\conv\strgtold.c
749	0x00028dcc	385	D:\nt\private\fp32st\conv\strgtold.c	D:\nt\private\fp32st\conv\strgtold.c
750	0x00028dd8	386	D:\nt\private\fp32st\conv\strgtold.c	D:\nt\private\fp32st\conv\strgtold.c
751	0x00028ddf	387	D:\nt\private\fp32st\conv\strgtold.c	D:\nt\private\fp32st\conv\strgtold.c
752	0x00028de6	388	D:\nt\private\fp32st\conv\strgtold.c	D:\nt\private\fp32st\conv\strgtold.c
753	0x00028dea	390	D:\nt\private\fp32st\conv\strgtold.c	D:\nt\private\fp32st\conv\strgtold.c
754	0x00028df4	392	D:\nt\private\fp32st\conv\strgtold.c	D:\nt\private\fp32st\conv\strgtold.c
755	0x00028e04	393	D:\nt\private\fp32st\conv\strgtold.c	D:\nt\private\fp32st\conv\strgtold.c
756	0x00028e08	400	D:\nt\private\fp32st\conv\strgtold.c	D:\nt\private\fp32st\conv\strgtold.c
757	0x00028e10	401	D:\nt\private\fp32st\conv\strgtold.c	D:\nt\private\fp32st\conv\strgtold.c
758	0x00028e19	402	D:\nt\private\fp32st\conv\strgtold.c	D:\nt\private\fp32st\conv\strgtold.c
759	0x00028e24	404	D:\nt\private\fp32st\conv\strgtold.c	D:\nt\private\fp32st\conv\strgtold.c
760	0x00028e27	405	D:\nt\private\fp32st\conv\strgtold.c	D:\nt\private\fp32st\conv\strgtold.c
761	0x00028e2e	55	D:\nt\private\crt32st\convert\_fptostr.c	D:\nt\private\crt32st\convert\_fptostr.c
762	0x00028e3a	57	D:\nt\private\crt32st\convert\_fptostr.c	D:\nt\private\crt32st\convert\_fptostr.c
763	0x00028e40	65	D:\nt\private\crt32st\convert\_fptostr.c	D:\nt\private\crt32st\convert\_fptostr.c
764	0x00028e48	71	D:\nt\private\crt32st\convert\_fptostr.c	D:\nt\private\crt32st\convert\_fptostr.c
765	0x00028e4c	72	D:\nt\private\crt32st\convert\_fptostr.c	D:\nt\private\crt32st\convert\_fptostr.c
766	0x00028e5e	74	D:\nt\private\crt32st\convert\_fptostr.c	D:\nt\private\crt32st\convert\_fptostr.c
767	0x00028e63	75	D:\nt\private\crt32st\convert\_fptostr.c	D:\nt\private\crt32st\convert\_fptostr.c
768	0x00028e66	82	D:\nt\private\crt32st\convert\_fptostr.c	D:\nt\private\crt32st\convert\_fptostr.c
769	0x00028e6f	84	D:\nt\private\crt32st\convert\_fptostr.c	D:\nt\private\crt32st\convert\_fptostr.c
770	0x00028e75	85	D:\nt\private\crt32st\convert\_fptostr.c	D:\nt\private\crt32st\convert\_fptostr.c
771	0x00028e7e	86	D:\nt\private\crt32st\convert\_fptostr.c	D:\nt\private\crt32st\convert\_fptostr.c
772	0x00028e80	89	D:\nt\private\crt32st\convert\_fptostr.c	D:\nt\private\crt32st\convert\_fptostr.c
773	0x00028e85	94	D:\nt\private\crt32st\convert\_fptostr.c	D:\nt\private\crt32st\convert\_fptostr.c
774	0x00028e8b	96	D:\nt\private\crt32st\convert\_fptostr.c	D:\nt\private\crt32st\convert\_fptostr.c
775	0x00028e92	100	D:\nt\private\crt32st\convert\_fptostr.c	D:\nt\private\crt32st\convert\_fptostr.c
776	0x00028eb9	102	D:\nt\private\crt32st\convert\_fptostr.c	D:\nt\private\crt32st\convert\_fptostr.c
777	0x00028ebe	56	D:\nt\private\crt32st\startup\crt0fp.c	D:\nt\private\crt32st\startup\crt0fp.c
778	0x00028ec8	57	D:\nt\private\crt32st\startup\crt0fp.c	D:\nt\private\crt32st\startup\crt0fp.c
779	0x00028ece	154	D:\nt\private\crt32st\startup\crt0.c	D:\nt\private\crt32st\startup\crt0.c
780	0x00028eda	161	D:\nt\private\crt32st\startup\crt0.c	D:\nt\private\crt32st\startup\crt0.c
781	0x00028ee4	162	D:\nt\private\crt32st\startup\crt0.c	D:\nt\private\crt32st\startup\crt0.c
782	0x00028eee	169	D:\nt\private\crt32st\startup\crt0.c	D:\nt\private\crt32st\startup\crt0.c
783	0x00028ef8	174	D:\nt\private\crt32st\startup\crt0.c	D:\nt\private\crt32st\startup\crt0.c
784	0x00028f00	175	D:\nt\private\crt32st\startup\crt0.c	D:\nt\private\crt32st\startup\crt0.c
785	0x00028f0c	176	D:\nt\private\crt32st\startup\crt0.c	D:\nt\private\crt32st\startup\crt0.c
786	0x00028f1b	182	D:\nt\private\crt32st\startup\crt0.c	D:\nt\private\crt32st\startup\crt0.c
787	0x00028f34	183	D:\nt\private\crt32st\startup\crt0.c	D:\nt\private\crt32st\startup\crt0.c
788	0x00028f46	196	D:\nt\private\crt32st\startup\crt0.c	D:\nt\private\crt32st\startup\crt0.c
789	0x00028f4b	197	D:\nt\private\crt32st\startup\crt0.c	D:\nt\private\crt32st\startup\crt0.c
790	0x00028f50	198	D:\nt\private\crt32st\startup\crt0.c	D:\nt\private\crt32st\startup\crt0.c
791	0x00028f55	199	D:\nt\private\crt32st\startup\crt0.c	D:\nt\private\crt32st\startup\crt0.c
792	0x00028f5a	201	D:\nt\private\crt32st\startup\crt0.c	D:\nt\private\crt32st\startup\crt0.c
793	0x00028f5f	332	D:\nt\private\crt32st\startup\crt0.c	D:\nt\private\crt32st\startup\crt0.c
794	0x00028f82	355	D:\nt\private\crt32st\startup\crt0.c	D:\nt\private\crt32st\startup\crt0.c
795	0x00028f9f	358	D:\nt\private\crt32st\startup\crt0.c	D:\nt\private\crt32st\startup\crt0.c
796	0x00028fd5	359	D:\nt\private\crt32st\startup\crt0.c	D:\nt\private\crt32st\startup\crt0.c
797	0x00028fe0	372	D:\nt\private\crt32st\startup\crt0.c	D:\nt\private\crt32st\startup\crt0.c
798	0x00028feb	373	D:\nt\private\crt32st\startup\crt0.c	D:\nt\private\crt32st\startup\crt0.c
799	0x00028ff2	429	D:\nt\private\crt32st\startup\crt0.c	D:\nt\private\crt32st\startup\crt0.c
800	0x00028ffa	462	D:\nt\private\crt32st\startup\crt0.c	D:\nt\private\crt32st\startup\crt0.c
801	0x00029006	463	D:\nt\private\crt32st\startup\crt0.c	D:\nt\private\crt32st\startup\crt0.c
802	0x0002900c	467	D:\nt\private\crt32st\startup\crt0.c	D:\nt\private\crt32st\startup\crt0.c
803	0x00029014	471	D:\nt\private\crt32st\startup\crt0.c	D:\nt\private\crt32st\startup\crt0.c
804	0x00029031	476	D:\nt\private\crt32st\startup\crt0.c	D:\nt\private\crt32st\startup\crt0.c
805	0x00029054	487	D:\nt\private\crt32st\startup\crt0.c	D:\nt\private\crt32st\startup\crt0.c
806	0x0002905a	514	D:\nt\private\crt32st\startup\crt0.c	D:\nt\private\crt32st\startup\crt0.c
807	0x0002905d	515	D:\nt\private\crt32st\startup\crt0.c	D:\nt\private\crt32st\startup\crt0.c
808	0x00029062	516	D:\nt\private\crt32st\startup\crt0.c	D:\nt\private\crt32st\startup\crt0.c
809	0x0002906c	517	D:\nt\private\crt32st\startup\crt0.c	D:\nt\private\crt32st\startup\crt0.c
810	0x00029077	518	D:\nt\private\crt32st\startup\crt0.c	D:\nt\private\crt32st\startup\crt0.c
811	0x0002909c	146	D:\nt\private\crt32st\startup\crt0msg.c	D:\nt\private\crt32st\startup\crt0msg.c
812	0x000290a9	147	D:\nt\private\crt32st\startup\crt0msg.c	D:\nt\private\crt32st\startup\crt0msg.c
813	0x000290b2	148	D:\nt\private\crt32st\startup\crt0msg.c	D:\nt\private\crt32st\startup\crt0msg.c
814	0x000290b8	149	D:\nt\private\crt32st\startup\crt0msg.c	D:\nt\private\crt32st\startup\crt0msg.c
815	0x000290c5	150	D:\nt\private\crt32st\startup\crt0msg.c	D:\nt\private\crt32st\startup\crt0msg.c
816	0x000290c8	174	D:\nt\private\crt32st\startup\crt0msg.c	D:\nt\private\crt32st\startup\crt0msg.c
817	0x000290d0	179	D:\nt\private\crt32st\startup\crt0msg.c	D:\nt\private\crt32st\startup\crt0msg.c
818	0x000290da	180	D:\nt\private\crt32st\startup\crt0msg.c	D:\nt\private\crt32st\startup\crt0msg.c
819	0x000290ea	183	D:\nt\private\crt32st\startup\crt0msg.c	D:\nt\private\crt32st\startup\crt0msg.c
820	0x000290fa	194	D:\nt\private\crt32st\startup\crt0msg.c	D:\nt\private\crt32st\startup\crt0msg.c
821	0x00029129	211	D:\nt\private\crt32st\startup\crt0msg.c	D:\nt\private\crt32st\startup\crt0msg.c
822	0x000291ce	74	D:\nt\private\crt32st\lowio\osfinfo.c	D:\nt\private\crt32st\lowio\osfinfo.c
823	0x000291d8	76	D:\nt\private\crt32st\lowio\osfinfo.c	D:\nt\private\crt32st\lowio\osfinfo.c
824	0x000291ee	81	D:\nt\private\crt32st\lowio\osfinfo.c	D:\nt\private\crt32st\lowio\osfinfo.c
825	0x000291f9	99	D:\nt\private\crt32st\lowio\osfinfo.c	D:\nt\private\crt32st\lowio\osfinfo.c
826	0x0002920c	100	D:\nt\private\crt32st\lowio\osfinfo.c	D:\nt\private\crt32st\lowio\osfinfo.c
827	0x0002920e	126	D:\nt\private\crt32st\lowio\osfinfo.c	D:\nt\private\crt32st\lowio\osfinfo.c
828	0x00029218	129	D:\nt\private\crt32st\lowio\osfinfo.c	D:\nt\private\crt32st\lowio\osfinfo.c
829	0x00029232	130	D:\nt\private\crt32st\lowio\osfinfo.c	D:\nt\private\crt32st\lowio\osfinfo.c
830	0x00029234	134	D:\nt\private\crt32st\lowio\osfinfo.c	D:\nt\private\crt32st\lowio\osfinfo.c
831	0x00029242	131	D:\nt\private\crt32st\lowio\osfinfo.c	D:\nt\private\crt32st\lowio\osfinfo.c
832	0x0002924a	132	D:\nt\private\crt32st\lowio\osfinfo.c	D:\nt\private\crt32st\lowio\osfinfo.c
833	0x00029252	133	D:\nt\private\crt32st\lowio\osfinfo.c	D:\nt\private\crt32st\lowio\osfinfo.c
834	0x0002925f	136	D:\nt\private\crt32st\lowio\osfinfo.c	D:\nt\private\crt32st\lowio\osfinfo.c
835	0x00029267	137	D:\nt\private\crt32st\lowio\osfinfo.c	D:\nt\private\crt32st\lowio\osfinfo.c
836	0x0002926e	139	D:\nt\private\crt32st\lowio\osfinfo.c	D:\nt\private\crt32st\lowio\osfinfo.c
837	0x00029278	140	D:\nt\private\crt32st\lowio\osfinfo.c	D:\nt\private\crt32st\lowio\osfinfo.c
838	0x00029282	141	D:\nt\private\crt32st\lowio\osfinfo.c	D:\nt\private\crt32st\lowio\osfinfo.c
839	0x00029287	143	D:\nt\private\crt32st\lowio\osfinfo.c	D:\nt\private\crt32st\lowio\osfinfo.c
840	0x0002928a	167	D:\nt\private\crt32st\lowio\osfinfo.c	D:\nt\private\crt32st\lowio\osfinfo.c
841	0x00029294	171	D:\nt\private\crt32st\lowio\osfinfo.c	D:\nt\private\crt32st\lowio\osfinfo.c
842	0x000292b7	172	D:\nt\private\crt32st\lowio\osfinfo.c	D:\nt\private\crt32st\lowio\osfinfo.c
843	0x000292b9	176	D:\nt\private\crt32st\lowio\osfinfo.c	D:\nt\private\crt32st\lowio\osfinfo.c
844	0x000292c6	173	D:\nt\private\crt32st\lowio\osfinfo.c	D:\nt\private\crt32st\lowio\osfinfo.c
845	0x000292ce	174	D:\nt\private\crt32st\lowio\osfinfo.c	D:\nt\private\crt32st\lowio\osfinfo.c
846	0x000292d6	175	D:\nt\private\crt32st\lowio\osfinfo.c	D:\nt\private\crt32st\lowio\osfinfo.c
847	0x000292e2	178	D:\nt\private\crt32st\lowio\osfinfo.c	D:\nt\private\crt32st\lowio\osfinfo.c
848	0x000292eb	179	D:\nt\private\crt32st\lowio\osfinfo.c	D:\nt\private\crt32st\lowio\osfinfo.c
849	0x000292f2	181	D:\nt\private\crt32st\lowio\osfinfo.c	D:\nt\private\crt32st\lowio\osfinfo.c
850	0x000292fc	182	D:\nt\private\crt32st\lowio\osfinfo.c	D:\nt\private\crt32st\lowio\osfinfo.c
851	0x00029306	183	D:\nt\private\crt32st\lowio\osfinfo.c	D:\nt\private\crt32st\lowio\osfinfo.c
852	0x0002930b	185	D:\nt\private\crt32st\lowio\osfinfo.c	D:\nt\private\crt32st\lowio\osfinfo.c
853	0x0002930e	209	D:\nt\private\crt32st\lowio\osfinfo.c	D:\nt\private\crt32st\lowio\osfinfo.c
854	0x00029314	210	D:\nt\private\crt32st\lowio\osfinfo.c	D:\nt\private\crt32st\lowio\osfinfo.c
855	0x00029325	211	D:\nt\private\crt32st\lowio\osfinfo.c	D:\nt\private\crt32st\lowio\osfinfo.c
856	0x0002932e	213	D:\nt\private\crt32st\lowio\osfinfo.c	D:\nt\private\crt32st\lowio\osfinfo.c
857	0x00029338	214	D:\nt\private\crt32st\lowio\osfinfo.c	D:\nt\private\crt32st\lowio\osfinfo.c
858	0x00029342	215	D:\nt\private\crt32st\lowio\osfinfo.c	D:\nt\private\crt32st\lowio\osfinfo.c
859	0x00029347	217	D:\nt\private\crt32st\lowio\osfinfo.c	D:\nt\private\crt32st\lowio\osfinfo.c
860	0x0002934a	242	D:\nt\private\crt32st\lowio\osfinfo.c	D:\nt\private\crt32st\lowio\osfinfo.c
861	0x00029354	250	D:\nt\private\crt32st\lowio\osfinfo.c	D:\nt\private\crt32st\lowio\osfinfo.c
862	0x00029358	253	D:\nt\private\crt32st\lowio\osfinfo.c	D:\nt\private\crt32st\lowio\osfinfo.c
863	0x0002935d	254	D:\nt\private\crt32st\lowio\osfinfo.c	D:\nt\private\crt32st\lowio\osfinfo.c
864	0x00029361	255	D:\nt\private\crt32st\lowio\osfinfo.c	D:\nt\private\crt32st\lowio\osfinfo.c
865	0x0002936b	256	D:\nt\private\crt32st\lowio\osfinfo.c	D:\nt\private\crt32st\lowio\osfinfo.c
866	0x0002936f	261	D:\nt\private\crt32st\lowio\osfinfo.c	D:\nt\private\crt32st\lowio\osfinfo.c
867	0x00029380	265	D:\nt\private\crt32st\lowio\osfinfo.c	D:\nt\private\crt32st\lowio\osfinfo.c
868	0x0002938e	266	D:\nt\private\crt32st\lowio\osfinfo.c	D:\nt\private\crt32st\lowio\osfinfo.c
869	0x00029396	270	D:\nt\private\crt32st\lowio\osfinfo.c	D:\nt\private\crt32st\lowio\osfinfo.c
870	0x0002939b	271	D:\nt\private\crt32st\lowio\osfinfo.c	D:\nt\private\crt32st\lowio\osfinfo.c
871	0x0002939f	272	D:\nt\private\crt32st\lowio\osfinfo.c	D:\nt\private\crt32st\lowio\osfinfo.c
872	0x000293a7	273	D:\nt\private\crt32st\lowio\osfinfo.c	D:\nt\private\crt32st\lowio\osfinfo.c
873	0x000293ab	278	D:\nt\private\crt32st\lowio\osfinfo.c	D:\nt\private\crt32st\lowio\osfinfo.c
874	0x000293b7	279	D:\nt\private\crt32st\lowio\osfinfo.c	D:\nt\private\crt32st\lowio\osfinfo.c
875	0x000293c1	280	D:\nt\private\crt32st\lowio\osfinfo.c	D:\nt\private\crt32st\lowio\osfinfo.c
876	0x000293ce	288	D:\nt\private\crt32st\lowio\osfinfo.c	D:\nt\private\crt32st\lowio\osfinfo.c
877	0x000293da	292	D:\nt\private\crt32st\lowio\osfinfo.c	D:\nt\private\crt32st\lowio\osfinfo.c
878	0x000293e5	296	D:\nt\private\crt32st\lowio\osfinfo.c	D:\nt\private\crt32st\lowio\osfinfo.c
879	0x000293e7	297	D:\nt\private\crt32st\lowio\osfinfo.c	D:\nt\private\crt32st\lowio\osfinfo.c
880	0x000293f4	62	D:\nt\private\crt32st\stdio\_getbuf.c	D:\nt\private\crt32st\stdio\_getbuf.c
881	0x000293f8	68	D:\nt\private\crt32st\stdio\_getbuf.c	D:\nt\private\crt32st\stdio\_getbuf.c
882	0x000293fe	71	D:\nt\private\crt32st\stdio\_getbuf.c	D:\nt\private\crt32st\stdio\_getbuf.c
883	0x00029401	75	D:\nt\private\crt32st\stdio\_getbuf.c	D:\nt\private\crt32st\stdio\_getbuf.c
884	0x00029415	78	D:\nt\private\crt32st\stdio\_getbuf.c	D:\nt\private\crt32st\stdio\_getbuf.c
885	0x00029419	79	D:\nt\private\crt32st\stdio\_getbuf.c	D:\nt\private\crt32st\stdio\_getbuf.c
886	0x00029420	82	D:\nt\private\crt32st\stdio\_getbuf.c	D:\nt\private\crt32st\stdio\_getbuf.c
887	0x00029424	85	D:\nt\private\crt32st\stdio\_getbuf.c	D:\nt\private\crt32st\stdio\_getbuf.c
888	0x00029428	86	D:\nt\private\crt32st\stdio\_getbuf.c	D:\nt\private\crt32st\stdio\_getbuf.c
889	0x0002942e	87	D:\nt\private\crt32st\stdio\_getbuf.c	D:\nt\private\crt32st\stdio\_getbuf.c
890	0x00029435	90	D:\nt\private\crt32st\stdio\_getbuf.c	D:\nt\private\crt32st\stdio\_getbuf.c
891	0x0002943a	91	D:\nt\private\crt32st\stdio\_getbuf.c	D:\nt\private\crt32st\stdio\_getbuf.c
892	0x00029441	94	D:\nt\private\crt32st\stdio\_getbuf.c	D:\nt\private\crt32st\stdio\_getbuf.c
893	0x00029444	147	D:\nt\private\crt32st\stdio\fflush.c	D:\nt\private\crt32st\stdio\fflush.c
894	0x0002944b	150	D:\nt\private\crt32st\stdio\fflush.c	D:\nt\private\crt32st\stdio\fflush.c
895	0x0002944f	151	D:\nt\private\crt32st\stdio\fflush.c	D:\nt\private\crt32st\stdio\fflush.c
896	0x0002945c	156	D:\nt\private\crt32st\stdio\fflush.c	D:\nt\private\crt32st\stdio\fflush.c
897	0x00029469	158	D:\nt\private\crt32st\stdio\fflush.c	D:\nt\private\crt32st\stdio\fflush.c
898	0x00029474	162	D:\nt\private\crt32st\stdio\fflush.c	D:\nt\private\crt32st\stdio\fflush.c
899	0x0002947a	163	D:\nt\private\crt32st\stdio\fflush.c	D:\nt\private\crt32st\stdio\fflush.c
900	0x0002948b	165	D:\nt\private\crt32st\stdio\fflush.c	D:\nt\private\crt32st\stdio\fflush.c
901	0x00029490	191	D:\nt\private\crt32st\stdio\fflush.c	D:\nt\private\crt32st\stdio\fflush.c
902	0x00029498	193	D:\nt\private\crt32st\stdio\fflush.c	D:\nt\private\crt32st\stdio\fflush.c
903	0x0002949f	197	D:\nt\private\crt32st\stdio\fflush.c	D:\nt\private\crt32st\stdio\fflush.c
904	0x000294a2	200	D:\nt\private\crt32st\stdio\fflush.c	D:\nt\private\crt32st\stdio\fflush.c
905	0x000294c4	202	D:\nt\private\crt32st\stdio\fflush.c	D:\nt\private\crt32st\stdio\fflush.c
906	0x000294d7	206	D:\nt\private\crt32st\stdio\fflush.c	D:\nt\private\crt32st\stdio\fflush.c
907	0x000294dd	207	D:\nt\private\crt32st\stdio\fflush.c	D:\nt\private\crt32st\stdio\fflush.c
908	0x000294e1	209	D:\nt\private\crt32st\stdio\fflush.c	D:\nt\private\crt32st\stdio\fflush.c
909	0x000294e4	210	D:\nt\private\crt32st\stdio\fflush.c	D:\nt\private\crt32st\stdio\fflush.c
910	0x000294e8	211	D:\nt\private\crt32st\stdio\fflush.c	D:\nt\private\crt32st\stdio\fflush.c
911	0x000294ef	215	D:\nt\private\crt32st\stdio\fflush.c	D:\nt\private\crt32st\stdio\fflush.c
912	0x000294f4	216	D:\nt\private\crt32st\stdio\fflush.c	D:\nt\private\crt32st\stdio\fflush.c
913	0x000294fb	218	D:\nt\private\crt32st\stdio\fflush.c	D:\nt\private\crt32st\stdio\fflush.c
914	0x000294fe	219	D:\nt\private\crt32st\stdio\fflush.c	D:\nt\private\crt32st\stdio\fflush.c
915	0x00029504	242	D:\nt\private\crt32st\stdio\fflush.c	D:\nt\private\crt32st\stdio\fflush.c
916	0x0002950e	243	D:\nt\private\crt32st\stdio\fflush.c	D:\nt\private\crt32st\stdio\fflush.c
917	0x00029510	276	D:\nt\private\crt32st\stdio\fflush.c	D:\nt\private\crt32st\stdio\fflush.c
918	0x00029518	279	D:\nt\private\crt32st\stdio\fflush.c	D:\nt\private\crt32st\stdio\fflush.c
919	0x00029520	286	D:\nt\private\crt32st\stdio\fflush.c	D:\nt\private\crt32st\stdio\fflush.c
920	0x00029530	293	D:\nt\private\crt32st\stdio\fflush.c	D:\nt\private\crt32st\stdio\fflush.c
921	0x0002953b	298	D:\nt\private\crt32st\stdio\fflush.c	D:\nt\private\crt32st\stdio\fflush.c
922	0x00029547	302	D:\nt\private\crt32st\stdio\fflush.c	D:\nt\private\crt32st\stdio\fflush.c
923	0x0002954a	304	D:\nt\private\crt32st\stdio\fflush.c	D:\nt\private\crt32st\stdio\fflush.c
924	0x0002954c	305	D:\nt\private\crt32st\stdio\fflush.c	D:\nt\private\crt32st\stdio\fflush.c
925	0x00029556	309	D:\nt\private\crt32st\stdio\fflush.c	D:\nt\private\crt32st\stdio\fflush.c
926	0x00029562	310	D:\nt\private\crt32st\stdio\fflush.c	D:\nt\private\crt32st\stdio\fflush.c
927	0x00029569	286	D:\nt\private\crt32st\stdio\fflush.c	D:\nt\private\crt32st\stdio\fflush.c
928	0x00029574	319	D:\nt\private\crt32st\stdio\fflush.c	D:\nt\private\crt32st\stdio\fflush.c
929	0x00029587	323	D:\nt\private\crt32st\stdio\fflush.c	D:\nt\private\crt32st\stdio\fflush.c
930	0x0002958c	357	D:\nt\private\crt32st\stdio\fflush.c	D:\nt\private\crt32st\stdio\fflush.c
931	0x00029591	360	D:\nt\private\crt32st\stdio\fflush.c	D:\nt\private\crt32st\stdio\fflush.c
932	0x0002959a	361	D:\nt\private\crt32st\stdio\fflush.c	D:\nt\private\crt32st\stdio\fflush.c
933	0x0002959f	363	D:\nt\private\crt32st\stdio\fflush.c	D:\nt\private\crt32st\stdio\fflush.c
934	0x000295a4	52	D:\nt\private\crt32st\lowio\commit.c	D:\nt\private\crt32st\lowio\commit.c
935	0x000295ab	56	D:\nt\private\crt32st\lowio\commit.c	D:\nt\private\crt32st\lowio\commit.c
936	0x000295b7	64	D:\nt\private\crt32st\lowio\commit.c	D:\nt\private\crt32st\lowio\commit.c
937	0x000295c0	95	D:\nt\private\crt32st\lowio\commit.c	D:\nt\private\crt32st\lowio\commit.c
938	0x000295e6	98	D:\nt\private\crt32st\lowio\commit.c	D:\nt\private\crt32st\lowio\commit.c
939	0x000295ec	105	D:\nt\private\crt32st\lowio\commit.c	D:\nt\private\crt32st\lowio\commit.c
940	0x000295f6	106	D:\nt\private\crt32st\lowio\commit.c	D:\nt\private\crt32st\lowio\commit.c
941	0x000295fb	109	D:\nt\private\crt32st\lowio\commit.c	D:\nt\private\crt32st\lowio\commit.c
942	0x00029600	57	D:\nt\private\crt32st\lowio\commit.c	D:\nt\private\crt32st\lowio\commit.c
943	0x0002960a	58	D:\nt\private\crt32st\lowio\commit.c	D:\nt\private\crt32st\lowio\commit.c
944	0x0002960f	110	D:\nt\private\crt32st\lowio\commit.c	D:\nt\private\crt32st\lowio\commit.c
945	0x0002961a	56	D:\nt\private\crt32st\stdio\closeall.c	D:\nt\private\crt32st\stdio\closeall.c
946	0x0002961c	58	D:\nt\private\crt32st\stdio\closeall.c	D:\nt\private\crt32st\stdio\closeall.c
947	0x0002961e	62	D:\nt\private\crt32st\stdio\closeall.c	D:\nt\private\crt32st\stdio\closeall.c
948	0x0002962b	63	D:\nt\private\crt32st\stdio\closeall.c	D:\nt\private\crt32st\stdio\closeall.c
949	0x00029637	64	D:\nt\private\crt32st\stdio\closeall.c	D:\nt\private\crt32st\stdio\closeall.c
950	0x00029638	62	D:\nt\private\crt32st\stdio\closeall.c	D:\nt\private\crt32st\stdio\closeall.c
951	0x00029643	68	D:\nt\private\crt32st\stdio\closeall.c	D:\nt\private\crt32st\stdio\closeall.c
952	0x00029645	69	D:\nt\private\crt32st\stdio\closeall.c	D:\nt\private\crt32st\stdio\closeall.c
953	0x0002964a	123	D:\nt\private\crt32st\heap\heapinit.c	D:\nt\private\crt32st\heap\heapinit.c
954	0x00029653	124	D:\nt\private\crt32st\heap\heapinit.c	D:\nt\private\crt32st\heap\heapinit.c
955	0x0002965d	134	D:\nt\private\crt32st\heap\heapinit.c	D:\nt\private\crt32st\heap\heapinit.c
956	0x0002965e	162	D:\nt\private\crt32st\heap\heapinit.c	D:\nt\private\crt32st\heap\heapinit.c
957	0x0002965f	185	D:\nt\private\crt32st\heap\heapinit.c	D:\nt\private\crt32st\heap\heapinit.c
958	0x0002967b	186	D:\nt\private\crt32st\heap\heapinit.c	D:\nt\private\crt32st\heap\heapinit.c
959	0x00029680	208	D:\nt\private\crt32st\heap\heapinit.c	D:\nt\private\crt32st\heap\heapinit.c
960	0x00029688	216	D:\nt\private\crt32st\heap\heapinit.c	D:\nt\private\crt32st\heap\heapinit.c
961	0x0002968b	218	D:\nt\private\crt32st\heap\heapinit.c	D:\nt\private\crt32st\heap\heapinit.c
962	0x00029695	224	D:\nt\private\crt32st\heap\heapinit.c	D:\nt\private\crt32st\heap\heapinit.c
963	0x00029697	228	D:\nt\private\crt32st\heap\heapinit.c	D:\nt\private\crt32st\heap\heapinit.c
964	0x0002969c	230	D:\nt\private\crt32st\heap\heapinit.c	D:\nt\private\crt32st\heap\heapinit.c
965	0x000296a0	236	D:\nt\private\crt32st\heap\heapinit.c	D:\nt\private\crt32st\heap\heapinit.c
966	0x000296a6	242	D:\nt\private\crt32st\heap\heapinit.c	D:\nt\private\crt32st\heap\heapinit.c
967	0x000296b0	45	D:\nt\private\crt32st\heap\hpabort.c	D:\nt\private\crt32st\heap\hpabort.c
968	0x000296ba	47	D:\nt\private\crt32st\heap\hpabort.c	D:\nt\private\crt32st\heap\hpabort.c
969	0x000296c0	50	D:\nt\private\crt32st\lowio\isatty.c	D:\nt\private\crt32st\lowio\isatty.c
970	0x000296c6	52	D:\nt\private\crt32st\lowio\isatty.c	D:\nt\private\crt32st\lowio\isatty.c
971	0x000296ce	53	D:\nt\private\crt32st\lowio\isatty.c	D:\nt\private\crt32st\lowio\isatty.c
972	0x000296d4	56	D:\nt\private\crt32st\lowio\isatty.c	D:\nt\private\crt32st\lowio\isatty.c
973	0x000296df	57	D:\nt\private\crt32st\lowio\isatty.c	D:\nt\private\crt32st\lowio\isatty.c
974	0x000296f0	116	D:\nt\private\crt32st\lowio\lseek.c	D:\nt\private\crt32st\lowio\lseek.c
975	0x000296fb	121	D:\nt\private\crt32st\lowio\lseek.c	D:\nt\private\crt32st\lowio\lseek.c
976	0x00029703	123	D:\nt\private\crt32st\lowio\lseek.c	D:\nt\private\crt32st\lowio\lseek.c
977	0x0002970d	124	D:\nt\private\crt32st\lowio\lseek.c	D:\nt\private\crt32st\lowio\lseek.c
978	0x00029717	125	D:\nt\private\crt32st\lowio\lseek.c	D:\nt\private\crt32st\lowio\lseek.c
979	0x00029720	170	D:\nt\private\crt32st\lowio\lseek.c	D:\nt\private\crt32st\lowio\lseek.c
980	0x0002974e	172	D:\nt\private\crt32st\lowio\lseek.c	D:\nt\private\crt32st\lowio\lseek.c
981	0x0002975c	176	D:\nt\private\crt32st\lowio\lseek.c	D:\nt\private\crt32st\lowio\lseek.c
982	0x00029763	177	D:\nt\private\crt32st\lowio\lseek.c	D:\nt\private\crt32st\lowio\lseek.c
983	0x00029765	178	D:\nt\private\crt32st\lowio\lseek.c	D:\nt\private\crt32st\lowio\lseek.c
984	0x00029776	125	D:\nt\private\crt32st\lowio\read.c	D:\nt\private\crt32st\lowio\read.c
985	0x00029782	135	D:\nt\private\crt32st\lowio\read.c	D:\nt\private\crt32st\lowio\read.c
986	0x0002978a	137	D:\nt\private\crt32st\lowio\read.c	D:\nt\private\crt32st\lowio\read.c
987	0x00029794	138	D:\nt\private\crt32st\lowio\read.c	D:\nt\private\crt32st\lowio\read.c
988	0x0002979e	139	D:\nt\private\crt32st\lowio\read.c	D:\nt\private\crt32st\lowio\read.c
989	0x000297aa	144	D:\nt\private\crt32st\lowio\read.c	D:\nt\private\crt32st\lowio\read.c
990	0x000297ac	145	D:\nt\private\crt32st\lowio\read.c	D:\nt\private\crt32st\lowio\read.c
991	0x000297b2	147	D:\nt\private\crt32st\lowio\read.c	D:\nt\private\crt32st\lowio\read.c
992	0x000297c8	152	D:\nt\private\crt32st\lowio\read.c	D:\nt\private\crt32st\lowio\read.c
993	0x000297da	154	D:\nt\private\crt32st\lowio\read.c	D:\nt\private\crt32st\lowio\read.c
994	0x000297e5	155	D:\nt\private\crt32st\lowio\read.c	D:\nt\private\crt32st\lowio\read.c
995	0x000297ea	156	D:\nt\private\crt32st\lowio\read.c	D:\nt\private\crt32st\lowio\read.c
996	0x000297ed	157	D:\nt\private\crt32st\lowio\read.c	D:\nt\private\crt32st\lowio\read.c
997	0x000297f4	190	D:\nt\private\crt32st\lowio\read.c	D:\nt\private\crt32st\lowio\read.c
998	0x0002982b	192	D:\nt\private\crt32st\lowio\read.c	D:\nt\private\crt32st\lowio\read.c
999	0x00029830	194	D:\nt\private\crt32st\lowio\read.c	D:\nt\private\crt32st\lowio\read.c
1000	0x0002983a	195	D:\nt\private\crt32st\lowio\read.c	D:\nt\private\crt32st\lowio\read.c
1001	0x0002983f	197	D:\nt\private\crt32st\lowio\read.c	D:\nt\private\crt32st\lowio\read.c
1002	0x00029846	198	D:\nt\private\crt32st\lowio\read.c	D:\nt\private\crt32st\lowio\read.c
1003	0x00029856	201	D:\nt\private\crt32st\lowio\read.c	D:\nt\private\crt32st\lowio\read.c
1004	0x00029859	203	D:\nt\private\crt32st\lowio\read.c	D:\nt\private\crt32st\lowio\read.c
1005	0x00029869	207	D:\nt\private\crt32st\lowio\read.c	D:\nt\private\crt32st\lowio\read.c
1006	0x0002986e	208	D:\nt\private\crt32st\lowio\read.c	D:\nt\private\crt32st\lowio\read.c
1007	0x00029875	209	D:\nt\private\crt32st\lowio\read.c	D:\nt\private\crt32st\lowio\read.c
1008	0x0002987a	210	D:\nt\private\crt32st\lowio\read.c	D:\nt\private\crt32st\lowio\read.c
1009	0x00029881	213	D:\nt\private\crt32st\lowio\read.c	D:\nt\private\crt32st\lowio\read.c
1010	0x00029886	214	D:\nt\private\crt32st\lowio\read.c	D:\nt\private\crt32st\lowio\read.c
1011	0x0002989f	215	D:\nt\private\crt32st\lowio\read.c	D:\nt\private\crt32st\lowio\read.c
1012	0x000298a8	221	D:\nt\private\crt32st\lowio\read.c	D:\nt\private\crt32st\lowio\read.c
1013	0x000298ad	222	D:\nt\private\crt32st\lowio\read.c	D:\nt\private\crt32st\lowio\read.c
1014	0x000298ba	225	D:\nt\private\crt32st\lowio\read.c	D:\nt\private\crt32st\lowio\read.c
1015	0x000298c2	226	D:\nt\private\crt32st\lowio\read.c	D:\nt\private\crt32st\lowio\read.c
1016	0x000298c8	227	D:\nt\private\crt32st\lowio\read.c	D:\nt\private\crt32st\lowio\read.c
1017	0x000298d2	231	D:\nt\private\crt32st\lowio\read.c	D:\nt\private\crt32st\lowio\read.c
1018	0x000298e2	237	D:\nt\private\crt32st\lowio\read.c	D:\nt\private\crt32st\lowio\read.c
1019	0x000298e3	246	D:\nt\private\crt32st\lowio\read.c	D:\nt\private\crt32st\lowio\read.c
1020	0x000298ea	248	D:\nt\private\crt32st\lowio\read.c	D:\nt\private\crt32st\lowio\read.c
1021	0x00029907	249	D:\nt\private\crt32st\lowio\read.c	D:\nt\private\crt32st\lowio\read.c
1022	0x0002990f	266	D:\nt\private\crt32st\lowio\read.c	D:\nt\private\crt32st\lowio\read.c
1023	0x0002991b	282	D:\nt\private\crt32st\lowio\read.c	D:\nt\private\crt32st\lowio\read.c
1024	0x00029927	284	D:\nt\private\crt32st\lowio\read.c	D:\nt\private\crt32st\lowio\read.c
1025	0x0002992d	287	D:\nt\private\crt32st\lowio\read.c	D:\nt\private\crt32st\lowio\read.c
1026	0x00029931	288	D:\nt\private\crt32st\lowio\read.c	D:\nt\private\crt32st\lowio\read.c
1027	0x0002993d	291	D:\nt\private\crt32st\lowio\read.c	D:\nt\private\crt32st\lowio\read.c
1028	0x00029942	293	D:\nt\private\crt32st\lowio\read.c	D:\nt\private\crt32st\lowio\read.c
1029	0x0002994d	299	D:\nt\private\crt32st\lowio\read.c	D:\nt\private\crt32st\lowio\read.c
1030	0x0002995a	300	D:\nt\private\crt32st\lowio\read.c	D:\nt\private\crt32st\lowio\read.c
1031	0x00029960	301	D:\nt\private\crt32st\lowio\read.c	D:\nt\private\crt32st\lowio\read.c
1032	0x00029966	268	D:\nt\private\crt32st\lowio\read.c	D:\nt\private\crt32st\lowio\read.c
1033	0x0002996a	269	D:\nt\private\crt32st\lowio\read.c	D:\nt\private\crt32st\lowio\read.c
1034	0x0002996e	271	D:\nt\private\crt32st\lowio\read.c	D:\nt\private\crt32st\lowio\read.c
1035	0x00029987	217	D:\nt\private\crt32st\lowio\read.c	D:\nt\private\crt32st\lowio\read.c
1036	0x00029990	218	D:\nt\private\crt32st\lowio\read.c	D:\nt\private\crt32st\lowio\read.c
1037	0x00029997	311	D:\nt\private\crt32st\lowio\read.c	D:\nt\private\crt32st\lowio\read.c
1038	0x0002999c	314	D:\nt\private\crt32st\lowio\read.c	D:\nt\private\crt32st\lowio\read.c
1039	0x000299a6	149	D:\nt\private\crt32st\lowio\read.c	D:\nt\private\crt32st\lowio\read.c
1040	0x000299a8	315	D:\nt\private\crt32st\lowio\read.c	D:\nt\private\crt32st\lowio\read.c
1041	0x000299bc	75	D:\nt\private\crt32st\startup\stdargv.c	D:\nt\private\crt32st\startup\stdargv.c
1042	0x000299c5	101	D:\nt\private\crt32st\startup\stdargv.c	D:\nt\private\crt32st\startup\stdargv.c
1043	0x000299d9	102	D:\nt\private\crt32st\startup\stdargv.c	D:\nt\private\crt32st\startup\stdargv.c
1044	0x000299e3	115	D:\nt\private\crt32st\startup\stdargv.c	D:\nt\private\crt32st\startup\stdargv.c
1045	0x000299f6	119	D:\nt\private\crt32st\startup\stdargv.c	D:\nt\private\crt32st\startup\stdargv.c
1046	0x00029a0b	123	D:\nt\private\crt32st\startup\stdargv.c	D:\nt\private\crt32st\startup\stdargv.c
1047	0x00029a23	124	D:\nt\private\crt32st\startup\stdargv.c	D:\nt\private\crt32st\startup\stdargv.c
1048	0x00029a2d	127	D:\nt\private\crt32st\startup\stdargv.c	D:\nt\private\crt32st\startup\stdargv.c
1049	0x00029a4c	130	D:\nt\private\crt32st\startup\stdargv.c	D:\nt\private\crt32st\startup\stdargv.c
1050	0x00029a55	131	D:\nt\private\crt32st\startup\stdargv.c	D:\nt\private\crt32st\startup\stdargv.c
1051	0x00029a5b	138	D:\nt\private\crt32st\startup\stdargv.c	D:\nt\private\crt32st\startup\stdargv.c
1052	0x00029a60	178	D:\nt\private\crt32st\startup\stdargv.c	D:\nt\private\crt32st\startup\stdargv.c
1053	0x00029a6b	185	D:\nt\private\crt32st\startup\stdargv.c	D:\nt\private\crt32st\startup\stdargv.c
1054	0x00029a74	186	D:\nt\private\crt32st\startup\stdargv.c	D:\nt\private\crt32st\startup\stdargv.c
1055	0x00029a7d	189	D:\nt\private\crt32st\startup\stdargv.c	D:\nt\private\crt32st\startup\stdargv.c
1056	0x00029a80	190	D:\nt\private\crt32st\startup\stdargv.c	D:\nt\private\crt32st\startup\stdargv.c
1057	0x00029a84	191	D:\nt\private\crt32st\startup\stdargv.c	D:\nt\private\crt32st\startup\stdargv.c
1058	0x00029a92	201	D:\nt\private\crt32st\startup\stdargv.c	D:\nt\private\crt32st\startup\stdargv.c
1059	0x00029a97	202	D:\nt\private\crt32st\startup\stdargv.c	D:\nt\private\crt32st\startup\stdargv.c
1060	0x00029a9b	203	D:\nt\private\crt32st\startup\stdargv.c	D:\nt\private\crt32st\startup\stdargv.c
1061	0x00029aa0	214	D:\nt\private\crt32st\startup\stdargv.c	D:\nt\private\crt32st\startup\stdargv.c
1062	0x00029aa8	215	D:\nt\private\crt32st\startup\stdargv.c	D:\nt\private\crt32st\startup\stdargv.c
1063	0x00029aac	216	D:\nt\private\crt32st\startup\stdargv.c	D:\nt\private\crt32st\startup\stdargv.c
1064	0x00029aad	217	D:\nt\private\crt32st\startup\stdargv.c	D:\nt\private\crt32st\startup\stdargv.c
1065	0x00029ab0	218	D:\nt\private\crt32st\startup\stdargv.c	D:\nt\private\crt32st\startup\stdargv.c
1066	0x00029ab4	219	D:\nt\private\crt32st\startup\stdargv.c	D:\nt\private\crt32st\startup\stdargv.c
1067	0x00029ab8	229	D:\nt\private\crt32st\startup\stdargv.c	D:\nt\private\crt32st\startup\stdargv.c
1068	0x00029abf	242	D:\nt\private\crt32st\startup\stdargv.c	D:\nt\private\crt32st\startup\stdargv.c
1069	0x00029ac7	243	D:\nt\private\crt32st\startup\stdargv.c	D:\nt\private\crt32st\startup\stdargv.c
1070	0x00029ad1	244	D:\nt\private\crt32st\startup\stdargv.c	D:\nt\private\crt32st\startup\stdargv.c
1071	0x00029ad4	254	D:\nt\private\crt32st\startup\stdargv.c	D:\nt\private\crt32st\startup\stdargv.c
1072	0x00029ae0	258	D:\nt\private\crt32st\startup\stdargv.c	D:\nt\private\crt32st\startup\stdargv.c
1073	0x00029ae4	259	D:\nt\private\crt32st\startup\stdargv.c	D:\nt\private\crt32st\startup\stdargv.c
1074	0x00029aef	260	D:\nt\private\crt32st\startup\stdargv.c	D:\nt\private\crt32st\startup\stdargv.c
1075	0x00029af7	273	D:\nt\private\crt32st\startup\stdargv.c	D:\nt\private\crt32st\startup\stdargv.c
1076	0x00029afe	277	D:\nt\private\crt32st\startup\stdargv.c	D:\nt\private\crt32st\startup\stdargv.c
1077	0x00029b00	278	D:\nt\private\crt32st\startup\stdargv.c	D:\nt\private\crt32st\startup\stdargv.c
1078	0x00029b08	281	D:\nt\private\crt32st\startup\stdargv.c	D:\nt\private\crt32st\startup\stdargv.c
1079	0x00029b09	282	D:\nt\private\crt32st\startup\stdargv.c	D:\nt\private\crt32st\startup\stdargv.c
1080	0x00029b1a	283	D:\nt\private\crt32st\startup\stdargv.c	D:\nt\private\crt32st\startup\stdargv.c
1081	0x00029b1f	286	D:\nt\private\crt32st\startup\stdargv.c	D:\nt\private\crt32st\startup\stdargv.c
1082	0x00029b25	287	D:\nt\private\crt32st\startup\stdargv.c	D:\nt\private\crt32st\startup\stdargv.c
1083	0x00029b29	288	D:\nt\private\crt32st\startup\stdargv.c	D:\nt\private\crt32st\startup\stdargv.c
1084	0x00029b2f	289	D:\nt\private\crt32st\startup\stdargv.c	D:\nt\private\crt32st\startup\stdargv.c
1085	0x00029b37	290	D:\nt\private\crt32st\startup\stdargv.c	D:\nt\private\crt32st\startup\stdargv.c
1086	0x00029b3c	293	D:\nt\private\crt32st\startup\stdargv.c	D:\nt\private\crt32st\startup\stdargv.c
1087	0x00029b43	295	D:\nt\private\crt32st\startup\stdargv.c	D:\nt\private\crt32st\startup\stdargv.c
1088	0x00029b4c	297	D:\nt\private\crt32st\startup\stdargv.c	D:\nt\private\crt32st\startup\stdargv.c
1089	0x00029b58	301	D:\nt\private\crt32st\startup\stdargv.c	D:\nt\private\crt32st\startup\stdargv.c
1090	0x00029b5c	302	D:\nt\private\crt32st\startup\stdargv.c	D:\nt\private\crt32st\startup\stdargv.c
1091	0x00029b60	303	D:\nt\private\crt32st\startup\stdargv.c	D:\nt\private\crt32st\startup\stdargv.c
1092	0x00029b64	304	D:\nt\private\crt32st\startup\stdargv.c	D:\nt\private\crt32st\startup\stdargv.c
1093	0x00029b69	305	D:\nt\private\crt32st\startup\stdargv.c	D:\nt\private\crt32st\startup\stdargv.c
1094	0x00029b73	308	D:\nt\private\crt32st\startup\stdargv.c	D:\nt\private\crt32st\startup\stdargv.c
1095	0x00029b85	312	D:\nt\private\crt32st\startup\stdargv.c	D:\nt\private\crt32st\startup\stdargv.c
1096	0x00029b8d	313	D:\nt\private\crt32st\startup\stdargv.c	D:\nt\private\crt32st\startup\stdargv.c
1097	0x00029b91	314	D:\nt\private\crt32st\startup\stdargv.c	D:\nt\private\crt32st\startup\stdargv.c
1098	0x00029b9e	317	D:\nt\private\crt32st\startup\stdargv.c	D:\nt\private\crt32st\startup\stdargv.c
1099	0x00029ba2	318	D:\nt\private\crt32st\startup\stdargv.c	D:\nt\private\crt32st\startup\stdargv.c
1100	0x00029ba8	322	D:\nt\private\crt32st\startup\stdargv.c	D:\nt\private\crt32st\startup\stdargv.c
1101	0x00029bac	323	D:\nt\private\crt32st\startup\stdargv.c	D:\nt\private\crt32st\startup\stdargv.c
1102	0x00029bb0	324	D:\nt\private\crt32st\startup\stdargv.c	D:\nt\private\crt32st\startup\stdargv.c
1103	0x00029bb8	325	D:\nt\private\crt32st\startup\stdargv.c	D:\nt\private\crt32st\startup\stdargv.c
1104	0x00029bc0	328	D:\nt\private\crt32st\startup\stdargv.c	D:\nt\private\crt32st\startup\stdargv.c
1105	0x00029bc4	329	D:\nt\private\crt32st\startup\stdargv.c	D:\nt\private\crt32st\startup\stdargv.c
1106	0x00029bca	330	D:\nt\private\crt32st\startup\stdargv.c	D:\nt\private\crt32st\startup\stdargv.c
1107	0x00029bcf	331	D:\nt\private\crt32st\startup\stdargv.c	D:\nt\private\crt32st\startup\stdargv.c
1108	0x00029be2	83	D:\nt\private\crt32st\startup\stdenvp.c	D:\nt\private\crt32st\startup\stdenvp.c
1109	0x00029beb	123	D:\nt\private\crt32st\startup\stdenvp.c	D:\nt\private\crt32st\startup\stdenvp.c
1110	0x00029bed	124	D:\nt\private\crt32st\startup\stdenvp.c	D:\nt\private\crt32st\startup\stdenvp.c
1111	0x00029bf3	128	D:\nt\private\crt32st\startup\stdenvp.c	D:\nt\private\crt32st\startup\stdenvp.c
1112	0x00029bfa	130	D:\nt\private\crt32st\startup\stdenvp.c	D:\nt\private\crt32st\startup\stdenvp.c
1113	0x00029bfb	131	D:\nt\private\crt32st\startup\stdenvp.c	D:\nt\private\crt32st\startup\stdenvp.c
1114	0x00029c0e	134	D:\nt\private\crt32st\startup\stdenvp.c	D:\nt\private\crt32st\startup\stdenvp.c
1115	0x00029c25	137	D:\nt\private\crt32st\startup\stdenvp.c	D:\nt\private\crt32st\startup\stdenvp.c
1116	0x00029c2d	138	D:\nt\private\crt32st\startup\stdenvp.c	D:\nt\private\crt32st\startup\stdenvp.c
1117	0x00029c32	140	D:\nt\private\crt32st\startup\stdenvp.c	D:\nt\private\crt32st\startup\stdenvp.c
1118	0x00029c50	141	D:\nt\private\crt32st\startup\stdenvp.c	D:\nt\private\crt32st\startup\stdenvp.c
1119	0x00029c75	142	D:\nt\private\crt32st\startup\stdenvp.c	D:\nt\private\crt32st\startup\stdenvp.c
1120	0x00029c87	143	D:\nt\private\crt32st\startup\stdenvp.c	D:\nt\private\crt32st\startup\stdenvp.c
1121	0x00029c90	153	D:\nt\private\crt32st\startup\stdenvp.c	D:\nt\private\crt32st\startup\stdenvp.c
1122	0x00029cad	146	D:\nt\private\crt32st\startup\stdenvp.c	D:\nt\private\crt32st\startup\stdenvp.c
1123	0x00029cb2	147	D:\nt\private\crt32st\startup\stdenvp.c	D:\nt\private\crt32st\startup\stdenvp.c
1124	0x00029cbc	148	D:\nt\private\crt32st\startup\stdenvp.c	D:\nt\private\crt32st\startup\stdenvp.c
1125	0x00029cc2	155	D:\nt\private\crt32st\startup\stdenvp.c	D:\nt\private\crt32st\startup\stdenvp.c
1126	0x00029cc8	157	D:\nt\private\crt32st\startup\stdenvp.c	D:\nt\private\crt32st\startup\stdenvp.c
1127	0x00029cda	160	D:\nt\private\crt32st\startup\stdenvp.c	D:\nt\private\crt32st\startup\stdenvp.c
1128	0x00029ce0	169	D:\nt\private\crt32st\startup\stdenvp.c	D:\nt\private\crt32st\startup\stdenvp.c
1129	0x00029cf2	49	D:\nt\private\crt32st\string\stricmp.c	D:\nt\private\crt32st\string\stricmp.c
1130	0x00029cf5	50	D:\nt\private\crt32st\string\stricmp.c	D:\nt\private\crt32st\string\stricmp.c
1131	0x00029d00	51	D:\nt\private\crt32st\string\stricmp.c	D:\nt\private\crt32st\string\stricmp.c
1132	0x00029d02	55	D:\nt\private\crt32st\string\stricmp.c	D:\nt\private\crt32st\string\stricmp.c
1133	0x00029d0e	59	D:\nt\private\crt32st\string\stricmp.c	D:\nt\private\crt32st\string\stricmp.c
1134	0x00029d27	60	D:\nt\private\crt32st\string\stricmp.c	D:\nt\private\crt32st\string\stricmp.c
1135	0x00029d3f	61	D:\nt\private\crt32st\string\stricmp.c	D:\nt\private\crt32st\string\stricmp.c
1136	0x00029d40	62	D:\nt\private\crt32st\string\stricmp.c	D:\nt\private\crt32st\string\stricmp.c
1137	0x00029d41	63	D:\nt\private\crt32st\string\stricmp.c	D:\nt\private\crt32st\string\stricmp.c
1138	0x00029d4f	65	D:\nt\private\crt32st\string\stricmp.c	D:\nt\private\crt32st\string\stricmp.c
1139	0x00029d59	66	D:\nt\private\crt32st\string\stricmp.c	D:\nt\private\crt32st\string\stricmp.c
1140	0x00029d62	46	D:\nt\private\crt32st\string\strupr.c	D:\nt\private\crt32st\string\strupr.c
1141	0x00029d68	49	D:\nt\private\crt32st\string\strupr.c	D:\nt\private\crt32st\string\strupr.c
1142	0x00029d6f	51	D:\nt\private\crt32st\string\strupr.c	D:\nt\private\crt32st\string\strupr.c
1143	0x00029d79	52	D:\nt\private\crt32st\string\strupr.c	D:\nt\private\crt32st\string\strupr.c
1144	0x00029d7c	49	D:\nt\private\crt32st\string\strupr.c	D:\nt\private\crt32st\string\strupr.c
1145	0x00029d82	55	D:\nt\private\crt32st\string\strupr.c	D:\nt\private\crt32st\string\strupr.c
1146	0x00029d84	56	D:\nt\private\crt32st\string\strupr.c	D:\nt\private\crt32st\string\strupr.c
1147	0x00029d92	130	D:\nt\private\crt32st\lowio\write.c	D:\nt\private\crt32st\lowio\write.c
1148	0x00029da1	141	D:\nt\private\crt32st\lowio\write.c	D:\nt\private\crt32st\lowio\write.c
1149	0x00029da9	143	D:\nt\private\crt32st\lowio\write.c	D:\nt\private\crt32st\lowio\write.c
1150	0x00029db3	144	D:\nt\private\crt32st\lowio\write.c	D:\nt\private\crt32st\lowio\write.c
1151	0x00029dbd	145	D:\nt\private\crt32st\lowio\write.c	D:\nt\private\crt32st\lowio\write.c
1152	0x00029dca	150	D:\nt\private\crt32st\lowio\write.c	D:\nt\private\crt32st\lowio\write.c
1153	0x00029dd2	152	D:\nt\private\crt32st\lowio\write.c	D:\nt\private\crt32st\lowio\write.c
1154	0x00029dd7	153	D:\nt\private\crt32st\lowio\write.c	D:\nt\private\crt32st\lowio\write.c
1155	0x00029dde	156	D:\nt\private\crt32st\lowio\write.c	D:\nt\private\crt32st\lowio\write.c
1156	0x00029de7	159	D:\nt\private\crt32st\lowio\write.c	D:\nt\private\crt32st\lowio\write.c
1157	0x00029df3	164	D:\nt\private\crt32st\lowio\write.c	D:\nt\private\crt32st\lowio\write.c
1158	0x00029e19	167	D:\nt\private\crt32st\lowio\write.c	D:\nt\private\crt32st\lowio\write.c
1159	0x00029e1b	168	D:\nt\private\crt32st\lowio\write.c	D:\nt\private\crt32st\lowio\write.c
1160	0x00029e1d	170	D:\nt\private\crt32st\lowio\write.c	D:\nt\private\crt32st\lowio\write.c
1161	0x00029e35	171	D:\nt\private\crt32st\lowio\write.c	D:\nt\private\crt32st\lowio\write.c
1162	0x00029e41	174	D:\nt\private\crt32st\lowio\write.c	D:\nt\private\crt32st\lowio\write.c
1163	0x00029e4d	175	D:\nt\private\crt32st\lowio\write.c	D:\nt\private\crt32st\lowio\write.c
1164	0x00029e53	176	D:\nt\private\crt32st\lowio\write.c	D:\nt\private\crt32st\lowio\write.c
1165	0x00029e57	177	D:\nt\private\crt32st\lowio\write.c	D:\nt\private\crt32st\lowio\write.c
1166	0x00029e58	178	D:\nt\private\crt32st\lowio\write.c	D:\nt\private\crt32st\lowio\write.c
1167	0x00029e5e	182	D:\nt\private\crt32st\lowio\write.c	D:\nt\private\crt32st\lowio\write.c
1168	0x00029e64	183	D:\nt\private\crt32st\lowio\write.c	D:\nt\private\crt32st\lowio\write.c
1169	0x00029e7b	210	D:\nt\private\crt32st\lowio\write.c	D:\nt\private\crt32st\lowio\write.c
1170	0x00029ea3	211	D:\nt\private\crt32st\lowio\write.c	D:\nt\private\crt32st\lowio\write.c
1171	0x00029eae	215	D:\nt\private\crt32st\lowio\write.c	D:\nt\private\crt32st\lowio\write.c
1172	0x00029eb5	216	D:\nt\private\crt32st\lowio\write.c	D:\nt\private\crt32st\lowio\write.c
1173	0x00029ebe	217	D:\nt\private\crt32st\lowio\write.c	D:\nt\private\crt32st\lowio\write.c
1174	0x00029eca	218	D:\nt\private\crt32st\lowio\write.c	D:\nt\private\crt32st\lowio\write.c
1175	0x00029ecf	221	D:\nt\private\crt32st\lowio\write.c	D:\nt\private\crt32st\lowio\write.c
1176	0x00029ee2	226	D:\nt\private\crt32st\lowio\write.c	D:\nt\private\crt32st\lowio\write.c
1177	0x00029f04	227	D:\nt\private\crt32st\lowio\write.c	D:\nt\private\crt32st\lowio\write.c
1178	0x00029f0b	228	D:\nt\private\crt32st\lowio\write.c	D:\nt\private\crt32st\lowio\write.c
1179	0x00029f11	230	D:\nt\private\crt32st\lowio\write.c	D:\nt\private\crt32st\lowio\write.c
1180	0x00029f16	231	D:\nt\private\crt32st\lowio\write.c	D:\nt\private\crt32st\lowio\write.c
1181	0x00029f1e	253	D:\nt\private\crt32st\lowio\write.c	D:\nt\private\crt32st\lowio\write.c
1182	0x00029f24	257	D:\nt\private\crt32st\lowio\write.c	D:\nt\private\crt32st\lowio\write.c
1183	0x00029f2a	259	D:\nt\private\crt32st\lowio\write.c	D:\nt\private\crt32st\lowio\write.c
1184	0x00029f30	262	D:\nt\private\crt32st\lowio\write.c	D:\nt\private\crt32st\lowio\write.c
1185	0x00029f3a	263	D:\nt\private\crt32st\lowio\write.c	D:\nt\private\crt32st\lowio\write.c
1186	0x00029f42	265	D:\nt\private\crt32st\lowio\write.c	D:\nt\private\crt32st\lowio\write.c
1187	0x00029f4a	266	D:\nt\private\crt32st\lowio\write.c	D:\nt\private\crt32st\lowio\write.c
1188	0x00029f5a	269	D:\nt\private\crt32st\lowio\write.c	D:\nt\private\crt32st\lowio\write.c
1189	0x00029f72	272	D:\nt\private\crt32st\lowio\write.c	D:\nt\private\crt32st\lowio\write.c
1190	0x00029f82	279	D:\nt\private\crt32st\lowio\write.c	D:\nt\private\crt32st\lowio\write.c
1191	0x00029f88	280	D:\nt\private\crt32st\lowio\write.c	D:\nt\private\crt32st\lowio\write.c
1192	0x00029fb2	61	D:\nt\private\crt32st\convert\atof.c	D:\nt\private\crt32st\convert\atof.c
1193	0x00029fba	69	D:\nt\private\crt32st\convert\atof.c	D:\nt\private\crt32st\convert\atof.c
1194	0x00029fc6	70	D:\nt\private\crt32st\convert\atof.c	D:\nt\private\crt32st\convert\atof.c
1195	0x00029fd3	78	D:\nt\private\crt32st\convert\atof.c	D:\nt\private\crt32st\convert\atof.c
1196	0x00029ff2	80	D:\nt\private\crt32st\convert\atof.c	D:\nt\private\crt32st\convert\atof.c
1197	0x0002a002	37	D:\nt\private\fp32st\conv\cfin.c	D:\nt\private\fp32st\conv\cfin.c
1198	0x0002a00a	42	D:\nt\private\fp32st\conv\cfin.c	D:\nt\private\fp32st\conv\cfin.c
1199	0x0002a011	44	D:\nt\private\fp32st\conv\cfin.c	D:\nt\private\fp32st\conv\cfin.c
1200	0x0002a029	45	D:\nt\private\fp32st\conv\cfin.c	D:\nt\private\fp32st\conv\cfin.c
1201	0x0002a02f	46	D:\nt\private\fp32st\conv\cfin.c	D:\nt\private\fp32st\conv\cfin.c
1202	0x0002a033	47	D:\nt\private\fp32st\conv\cfin.c	D:\nt\private\fp32st\conv\cfin.c
1203	0x0002a03d	49	D:\nt\private\fp32st\conv\cfin.c	D:\nt\private\fp32st\conv\cfin.c
1204	0x0002a042	50	D:\nt\private\fp32st\conv\cfin.c	D:\nt\private\fp32st\conv\cfin.c
1205	0x0002a056	52	D:\nt\private\fp32st\conv\cfin.c	D:\nt\private\fp32st\conv\cfin.c
1206	0x0002a069	53	D:\nt\private\fp32st\conv\cfin.c	D:\nt\private\fp32st\conv\cfin.c
1207	0x0002a06d	57	D:\nt\private\fp32st\conv\cfin.c	D:\nt\private\fp32st\conv\cfin.c
1208	0x0002a09f	58	D:\nt\private\fp32st\conv\cfin.c	D:\nt\private\fp32st\conv\cfin.c
1209	0x0002a0a3	62	D:\nt\private\fp32st\conv\cfin.c	D:\nt\private\fp32st\conv\cfin.c
1210	0x0002a0ad	63	D:\nt\private\fp32st\conv\cfin.c	D:\nt\private\fp32st\conv\cfin.c
1211	0x0002a0bb	64	D:\nt\private\fp32st\conv\cfin.c	D:\nt\private\fp32st\conv\cfin.c
1212	0x0002a0c8	66	D:\nt\private\fp32st\conv\cfin.c	D:\nt\private\fp32st\conv\cfin.c
1213	0x0002a0cd	67	D:\nt\private\fp32st\conv\cfin.c	D:\nt\private\fp32st\conv\cfin.c
1214	0x0002a0d2	43	D:\nt\private\crt32st\convert\atox.c	D:\nt\private\crt32st\convert\atox.c
1215	0x0002a0dd	49	D:\nt\private\crt32st\convert\atox.c	D:\nt\private\crt32st\convert\atox.c
1216	0x0002a0e9	50	D:\nt\private\crt32st\convert\atox.c	D:\nt\private\crt32st\convert\atox.c
1217	0x0002a0f6	53	D:\nt\private\crt32st\convert\atox.c	D:\nt\private\crt32st\convert\atox.c
1218	0x0002a0fe	54	D:\nt\private\crt32st\convert\atox.c	D:\nt\private\crt32st\convert\atox.c
1219	0x0002a108	55	D:\nt\private\crt32st\convert\atox.c	D:\nt\private\crt32st\convert\atox.c
1220	0x0002a10d	57	D:\nt\private\crt32st\convert\atox.c	D:\nt\private\crt32st\convert\atox.c
1221	0x0002a10f	59	D:\nt\private\crt32st\convert\atox.c	D:\nt\private\crt32st\convert\atox.c
1222	0x0002a118	60	D:\nt\private\crt32st\convert\atox.c	D:\nt\private\crt32st\convert\atox.c
1223	0x0002a124	62	D:\nt\private\crt32st\convert\atox.c	D:\nt\private\crt32st\convert\atox.c
1224	0x0002a132	64	D:\nt\private\crt32st\convert\atox.c	D:\nt\private\crt32st\convert\atox.c
1225	0x0002a144	68	D:\nt\private\crt32st\convert\atox.c	D:\nt\private\crt32st\convert\atox.c
1226	0x0002a14a	93	D:\nt\private\crt32st\convert\atox.c	D:\nt\private\crt32st\convert\atox.c
1227	0x0002a14d	94	D:\nt\private\crt32st\convert\atox.c	D:\nt\private\crt32st\convert\atox.c
1228	0x0002a155	95	D:\nt\private\crt32st\convert\atox.c	D:\nt\private\crt32st\convert\atox.c
1229	0x0002a5e2	50	D:\nt\private\crt32st\string\strdup.c	D:\nt\private\crt32st\string\strdup.c
1230	0x0002a5e8	53	D:\nt\private\crt32st\string\strdup.c	D:\nt\private\crt32st\string\strdup.c
1231	0x0002a5ee	56	D:\nt\private\crt32st\string\strdup.c	D:\nt\private\crt32st\string\strdup.c
1232	0x0002a60b	57	D:\nt\private\crt32st\string\strdup.c	D:\nt\private\crt32st\string\strdup.c
1233	0x0002a636	59	D:\nt\private\crt32st\string\strdup.c	D:\nt\private\crt32st\string\strdup.c
1234	0x0002a638	60	D:\nt\private\crt32st\string\strdup.c	D:\nt\private\crt32st\string\strdup.c
1235	0x0002a6b2	123	D:\nt\private\crt32st\stdio\fclose.c	D:\nt\private\crt32st\stdio\fclose.c
1236	0x0002a6bb	125	D:\nt\private\crt32st\stdio\fclose.c	D:\nt\private\crt32st\stdio\fclose.c
1237	0x0002a6c0	131	D:\nt\private\crt32st\stdio\fclose.c	D:\nt\private\crt32st\stdio\fclose.c
1238	0x0002a6c3	133	D:\nt\private\crt32st\stdio\fclose.c	D:\nt\private\crt32st\stdio\fclose.c
1239	0x0002a6cd	142	D:\nt\private\crt32st\stdio\fclose.c	D:\nt\private\crt32st\stdio\fclose.c
1240	0x0002a6d7	151	D:\nt\private\crt32st\stdio\fclose.c	D:\nt\private\crt32st\stdio\fclose.c
1241	0x0002a6e3	152	D:\nt\private\crt32st\stdio\fclose.c	D:\nt\private\crt32st\stdio\fclose.c
1242	0x0002a6e9	153	D:\nt\private\crt32st\stdio\fclose.c	D:\nt\private\crt32st\stdio\fclose.c
1243	0x0002a6f2	155	D:\nt\private\crt32st\stdio\fclose.c	D:\nt\private\crt32st\stdio\fclose.c
1244	0x0002a707	161	D:\nt\private\crt32st\stdio\fclose.c	D:\nt\private\crt32st\stdio\fclose.c
1245	0x0002a711	162	D:\nt\private\crt32st\stdio\fclose.c	D:\nt\private\crt32st\stdio\fclose.c
1246	0x0002a717	164	D:\nt\private\crt32st\stdio\fclose.c	D:\nt\private\crt32st\stdio\fclose.c
1247	0x0002a71d	165	D:\nt\private\crt32st\stdio\fclose.c	D:\nt\private\crt32st\stdio\fclose.c
1248	0x0002a749	166	D:\nt\private\crt32st\stdio\fclose.c	D:\nt\private\crt32st\stdio\fclose.c
1249	0x0002a74e	167	D:\nt\private\crt32st\stdio\fclose.c	D:\nt\private\crt32st\stdio\fclose.c
1250	0x0002a754	169	D:\nt\private\crt32st\stdio\fclose.c	D:\nt\private\crt32st\stdio\fclose.c
1251	0x0002a764	171	D:\nt\private\crt32st\stdio\fclose.c	D:\nt\private\crt32st\stdio\fclose.c
1252	0x0002a77a	172	D:\nt\private\crt32st\stdio\fclose.c	D:\nt\private\crt32st\stdio\fclose.c
1253	0x0002a77f	176	D:\nt\private\crt32st\stdio\fclose.c	D:\nt\private\crt32st\stdio\fclose.c
1254	0x0002a786	177	D:\nt\private\crt32st\stdio\fclose.c	D:\nt\private\crt32st\stdio\fclose.c
1255	0x0002a788	178	D:\nt\private\crt32st\stdio\fclose.c	D:\nt\private\crt32st\stdio\fclose.c
1256	0x0002a792	55	D:\nt\private\crt32st\stdio\_freebuf.c	D:\nt\private\crt32st\stdio\_freebuf.c
1257	0x0002a799	60	D:\nt\private\crt32st\stdio\_freebuf.c	D:\nt\private\crt32st\stdio\_freebuf.c
1258	0x0002a7a5	62	D:\nt\private\crt32st\stdio\_freebuf.c	D:\nt\private\crt32st\stdio\_freebuf.c
1259	0x0002a7b0	63	D:\nt\private\crt32st\stdio\_freebuf.c	D:\nt\private\crt32st\stdio\_freebuf.c
1260	0x0002a7b4	64	D:\nt\private\crt32st\stdio\_freebuf.c	D:\nt\private\crt32st\stdio\_freebuf.c
1261	0x0002a7bb	65	D:\nt\private\crt32st\stdio\_freebuf.c	D:\nt\private\crt32st\stdio\_freebuf.c
1262	0x0002a7be	67	D:\nt\private\crt32st\stdio\_freebuf.c	D:\nt\private\crt32st\stdio\_freebuf.c
1263	0x0002a7c2	51	D:\nt\private\crt32st\convert\xtoa.c	D:\nt\private\crt32st\convert\xtoa.c
1264	0x0002a7ca	57	D:\nt\private\crt32st\convert\xtoa.c	D:\nt\private\crt32st\convert\xtoa.c
1265	0x0002a7d0	59	D:\nt\private\crt32st\convert\xtoa.c	D:\nt\private\crt32st\convert\xtoa.c
1266	0x0002a7d6	61	D:\nt\private\crt32st\convert\xtoa.c	D:\nt\private\crt32st\convert\xtoa.c
1267	0x0002a7dd	62	D:\nt\private\crt32st\convert\xtoa.c	D:\nt\private\crt32st\convert\xtoa.c
1268	0x0002a7df	65	D:\nt\private\crt32st\convert\xtoa.c	D:\nt\private\crt32st\convert\xtoa.c
1269	0x0002a7e2	68	D:\nt\private\crt32st\convert\xtoa.c	D:\nt\private\crt32st\convert\xtoa.c
1270	0x0002a7eb	69	D:\nt\private\crt32st\convert\xtoa.c	D:\nt\private\crt32st\convert\xtoa.c
1271	0x0002a7f4	72	D:\nt\private\crt32st\convert\xtoa.c	D:\nt\private\crt32st\convert\xtoa.c
1272	0x0002a7f9	73	D:\nt\private\crt32st\convert\xtoa.c	D:\nt\private\crt32st\convert\xtoa.c
1273	0x0002a802	75	D:\nt\private\crt32st\convert\xtoa.c	D:\nt\private\crt32st\convert\xtoa.c
1274	0x0002a808	76	D:\nt\private\crt32st\convert\xtoa.c	D:\nt\private\crt32st\convert\xtoa.c
1275	0x0002a80c	81	D:\nt\private\crt32st\convert\xtoa.c	D:\nt\private\crt32st\convert\xtoa.c
1276	0x0002a813	84	D:\nt\private\crt32st\convert\xtoa.c	D:\nt\private\crt32st\convert\xtoa.c
1277	0x0002a818	85	D:\nt\private\crt32st\convert\xtoa.c	D:\nt\private\crt32st\convert\xtoa.c
1278	0x0002a81c	86	D:\nt\private\crt32st\convert\xtoa.c	D:\nt\private\crt32st\convert\xtoa.c
1279	0x0002a821	89	D:\nt\private\crt32st\convert\xtoa.c	D:\nt\private\crt32st\convert\xtoa.c
1280	0x0002a827	90	D:\nt\private\crt32st\convert\xtoa.c	D:\nt\private\crt32st\convert\xtoa.c
1281	0x0002a82e	101	D:\nt\private\crt32st\convert\xtoa.c	D:\nt\private\crt32st\convert\xtoa.c
1282	0x0002a831	102	D:\nt\private\crt32st\convert\xtoa.c	D:\nt\private\crt32st\convert\xtoa.c
1283	0x0002a83d	103	D:\nt\private\crt32st\convert\xtoa.c	D:\nt\private\crt32st\convert\xtoa.c
1284	0x0002a842	105	D:\nt\private\crt32st\convert\xtoa.c	D:\nt\private\crt32st\convert\xtoa.c
1285	0x0002a852	106	D:\nt\private\crt32st\convert\xtoa.c	D:\nt\private\crt32st\convert\xtoa.c
1286	0x0002a855	107	D:\nt\private\crt32st\convert\xtoa.c	D:\nt\private\crt32st\convert\xtoa.c
1287	0x0002a85a	114	D:\nt\private\crt32st\convert\xtoa.c	D:\nt\private\crt32st\convert\xtoa.c
1288	0x0002a85d	115	D:\nt\private\crt32st\convert\xtoa.c	D:\nt\private\crt32st\convert\xtoa.c
1289	0x0002a883	116	D:\nt\private\crt32st\convert\xtoa.c	D:\nt\private\crt32st\convert\xtoa.c
1290	0x0002a886	117	D:\nt\private\crt32st\convert\xtoa.c	D:\nt\private\crt32st\convert\xtoa.c
1291	0x0002a88a	124	D:\nt\private\crt32st\convert\xtoa.c	D:\nt\private\crt32st\convert\xtoa.c
1292	0x0002a88d	125	D:\nt\private\crt32st\convert\xtoa.c	D:\nt\private\crt32st\convert\xtoa.c
1293	0x0002a89d	126	D:\nt\private\crt32st\convert\xtoa.c	D:\nt\private\crt32st\convert\xtoa.c
1294	0x0002a8a0	127	D:\nt\private\crt32st\convert\xtoa.c	D:\nt\private\crt32st\convert\xtoa.c
1295	0x0002a8a2	52	D:\nt\private\crt32st\dos\unlink.c	D:\nt\private\crt32st\dos\unlink.c
1296	0x0002a8a6	86	D:\nt\private\crt32st\dos\unlink.c	D:\nt\private\crt32st\dos\unlink.c
1297	0x0002a8c4	88	D:\nt\private\crt32st\dos\unlink.c	D:\nt\private\crt32st\dos\unlink.c
1298	0x0002a8cd	89	D:\nt\private\crt32st\dos\unlink.c	D:\nt\private\crt32st\dos\unlink.c
1299	0x0002a8d6	92	D:\nt\private\crt32st\dos\unlink.c	D:\nt\private\crt32st\dos\unlink.c
1300	0x0002a8d8	93	D:\nt\private\crt32st\dos\unlink.c	D:\nt\private\crt32st\dos\unlink.c
1301	0x0002a8de	98	D:\nt\private\crt32st\dos\unlink.c	D:\nt\private\crt32st\dos\unlink.c
1302	0x0002a8e1	100	D:\nt\private\crt32st\dos\unlink.c	D:\nt\private\crt32st\dos\unlink.c
1303	0x0002a8e9	101	D:\nt\private\crt32st\dos\unlink.c	D:\nt\private\crt32st\dos\unlink.c
1304	0x0002a8f8	66	D:\nt\private\crt32st\stdio\fgets.c	D:\nt\private\crt32st\stdio\fgets.c
1305	0x0002a900	69	D:\nt\private\crt32st\stdio\fgets.c	D:\nt\private\crt32st\stdio\fgets.c
1306	0x0002a909	78	D:\nt\private\crt32st\stdio\fgets.c	D:\nt\private\crt32st\stdio\fgets.c
1307	0x0002a90f	79	D:\nt\private\crt32st\stdio\fgets.c	D:\nt\private\crt32st\stdio\fgets.c
1308	0x0002a918	82	D:\nt\private\crt32st\stdio\fgets.c	D:\nt\private\crt32st\stdio\fgets.c
1309	0x0002a921	89	D:\nt\private\crt32st\stdio\fgets.c	D:\nt\private\crt32st\stdio\fgets.c
1310	0x0002a926	91	D:\nt\private\crt32st\stdio\fgets.c	D:\nt\private\crt32st\stdio\fgets.c
1311	0x0002a952	101	D:\nt\private\crt32st\stdio\fgets.c	D:\nt\private\crt32st\stdio\fgets.c
1312	0x0002a960	93	D:\nt\private\crt32st\stdio\fgets.c	D:\nt\private\crt32st\stdio\fgets.c
1313	0x0002a965	94	D:\nt\private\crt32st\stdio\fgets.c	D:\nt\private\crt32st\stdio\fgets.c
1314	0x0002a96c	95	D:\nt\private\crt32st\stdio\fgets.c	D:\nt\private\crt32st\stdio\fgets.c
1315	0x0002a970	105	D:\nt\private\crt32st\stdio\fgets.c	D:\nt\private\crt32st\stdio\fgets.c
1316	0x0002a973	110	D:\nt\private\crt32st\stdio\fgets.c	D:\nt\private\crt32st\stdio\fgets.c
1317	0x0002a976	111	D:\nt\private\crt32st\stdio\fgets.c	D:\nt\private\crt32st\stdio\fgets.c
1318	0x0002a988	62	D:\nt\private\crt32st\stdio\fopen.c	D:\nt\private\crt32st\stdio\fopen.c
1319	0x0002a98e	74	D:\nt\private\crt32st\stdio\fopen.c	D:\nt\private\crt32st\stdio\fopen.c
1320	0x0002a997	82	D:\nt\private\crt32st\stdio\fopen.c	D:\nt\private\crt32st\stdio\fopen.c
1321	0x0002a9a6	83	D:\nt\private\crt32st\stdio\fopen.c	D:\nt\private\crt32st\stdio\fopen.c
1322	0x0002a9a8	112	D:\nt\private\crt32st\stdio\fopen.c	D:\nt\private\crt32st\stdio\fopen.c
1323	0x0002a9ab	113	D:\nt\private\crt32st\stdio\fopen.c	D:\nt\private\crt32st\stdio\fopen.c
1324	0x0002a9b8	114	D:\nt\private\crt32st\stdio\fopen.c	D:\nt\private\crt32st\stdio\fopen.c
1325	0x0002a9c8	60	D:\nt\private\crt32st\stdio\stream.c	D:\nt\private\crt32st\stdio\stream.c
1326	0x0002a9ca	69	D:\nt\private\crt32st\stdio\stream.c	D:\nt\private\crt32st\stdio\stream.c
1327	0x0002a9d7	76	D:\nt\private\crt32st\stdio\stream.c	D:\nt\private\crt32st\stdio\stream.c
1328	0x0002a9ec	77	D:\nt\private\crt32st\stdio\stream.c	D:\nt\private\crt32st\stdio\stream.c
1329	0x0002a9f4	78	D:\nt\private\crt32st\stdio\stream.c	D:\nt\private\crt32st\stdio\stream.c
1330	0x0002a9f9	79	D:\nt\private\crt32st\stdio\stream.c	D:\nt\private\crt32st\stdio\stream.c
1331	0x0002aa00	80	D:\nt\private\crt32st\stdio\stream.c	D:\nt\private\crt32st\stdio\stream.c
1332	0x0002aa02	92	D:\nt\private\crt32st\stdio\stream.c	D:\nt\private\crt32st\stdio\stream.c
1333	0x0002aa04	93	D:\nt\private\crt32st\stdio\stream.c	D:\nt\private\crt32st\stdio\stream.c
1334	0x0002aa08	77	D:\nt\private\crt32st\stdio\_open.c	D:\nt\private\crt32st\stdio\_open.c
1335	0x0002aa13	79	D:\nt\private\crt32st\stdio\_open.c	D:\nt\private\crt32st\stdio\_open.c
1336	0x0002aa19	80	D:\nt\private\crt32st\stdio\_open.c	D:\nt\private\crt32st\stdio\_open.c
1337	0x0002aa20	95	D:\nt\private\crt32st\stdio\_open.c	D:\nt\private\crt32st\stdio\_open.c
1338	0x0002aa23	111	D:\nt\private\crt32st\stdio\_open.c	D:\nt\private\crt32st\stdio\_open.c
1339	0x0002aa32	109	D:\nt\private\crt32st\stdio\_open.c	D:\nt\private\crt32st\stdio\_open.c
1340	0x0002aa38	105	D:\nt\private\crt32st\stdio\_open.c	D:\nt\private\crt32st\stdio\_open.c
1341	0x0002aa3d	106	D:\nt\private\crt32st\stdio\_open.c	D:\nt\private\crt32st\stdio\_open.c
1342	0x0002aa43	107	D:\nt\private\crt32st\stdio\_open.c	D:\nt\private\crt32st\stdio\_open.c
1343	0x0002aa48	97	D:\nt\private\crt32st\stdio\_open.c	D:\nt\private\crt32st\stdio\_open.c
1344	0x0002aa4a	98	D:\nt\private\crt32st\stdio\_open.c	D:\nt\private\crt32st\stdio\_open.c
1345	0x0002aa53	101	D:\nt\private\crt32st\stdio\_open.c	D:\nt\private\crt32st\stdio\_open.c
1346	0x0002aa58	102	D:\nt\private\crt32st\stdio\_open.c	D:\nt\private\crt32st\stdio\_open.c
1347	0x0002aa5c	119	D:\nt\private\crt32st\stdio\_open.c	D:\nt\private\crt32st\stdio\_open.c
1348	0x0002aa64	121	D:\nt\private\crt32st\stdio\_open.c	D:\nt\private\crt32st\stdio\_open.c
1349	0x0002aa70	122	D:\nt\private\crt32st\stdio\_open.c	D:\nt\private\crt32st\stdio\_open.c
1350	0x0002aa73	170	D:\nt\private\crt32st\stdio\_open.c	D:\nt\private\crt32st\stdio\_open.c
1351	0x0002aa8a	168	D:\nt\private\crt32st\stdio\_open.c	D:\nt\private\crt32st\stdio\_open.c
1352	0x0002aa8c	169	D:\nt\private\crt32st\stdio\_open.c	D:\nt\private\crt32st\stdio\_open.c
1353	0x0002aa90	125	D:\nt\private\crt32st\stdio\_open.c	D:\nt\private\crt32st\stdio\_open.c
1354	0x0002aa95	128	D:\nt\private\crt32st\stdio\_open.c	D:\nt\private\crt32st\stdio\_open.c
1355	0x0002aa98	129	D:\nt\private\crt32st\stdio\_open.c	D:\nt\private\crt32st\stdio\_open.c
1356	0x0002aa9b	130	D:\nt\private\crt32st\stdio\_open.c	D:\nt\private\crt32st\stdio\_open.c
1357	0x0002aa9e	131	D:\nt\private\crt32st\stdio\_open.c	D:\nt\private\crt32st\stdio\_open.c
1358	0x0002aaa1	133	D:\nt\private\crt32st\stdio\_open.c	D:\nt\private\crt32st\stdio\_open.c
1359	0x0002aaa4	143	D:\nt\private\crt32st\stdio\_open.c	D:\nt\private\crt32st\stdio\_open.c
1360	0x0002aaa9	146	D:\nt\private\crt32st\stdio\_open.c	D:\nt\private\crt32st\stdio\_open.c
1361	0x0002aaac	147	D:\nt\private\crt32st\stdio\_open.c	D:\nt\private\crt32st\stdio\_open.c
1362	0x0002aab0	150	D:\nt\private\crt32st\stdio\_open.c	D:\nt\private\crt32st\stdio\_open.c
1363	0x0002aab6	153	D:\nt\private\crt32st\stdio\_open.c	D:\nt\private\crt32st\stdio\_open.c
1364	0x0002aabd	154	D:\nt\private\crt32st\stdio\_open.c	D:\nt\private\crt32st\stdio\_open.c
1365	0x0002aac0	156	D:\nt\private\crt32st\stdio\_open.c	D:\nt\private\crt32st\stdio\_open.c
1366	0x0002aac4	159	D:\nt\private\crt32st\stdio\_open.c	D:\nt\private\crt32st\stdio\_open.c
1367	0x0002aaca	162	D:\nt\private\crt32st\stdio\_open.c	D:\nt\private\crt32st\stdio\_open.c
1368	0x0002aad1	163	D:\nt\private\crt32st\stdio\_open.c	D:\nt\private\crt32st\stdio\_open.c
1369	0x0002aadc	136	D:\nt\private\crt32st\stdio\_open.c	D:\nt\private\crt32st\stdio\_open.c
1370	0x0002aae1	139	D:\nt\private\crt32st\stdio\_open.c	D:\nt\private\crt32st\stdio\_open.c
1371	0x0002aae4	140	D:\nt\private\crt32st\stdio\_open.c	D:\nt\private\crt32st\stdio\_open.c
1372	0x0002aaed	175	D:\nt\private\crt32st\stdio\_open.c	D:\nt\private\crt32st\stdio\_open.c
1373	0x0002ab15	185	D:\nt\private\crt32st\stdio\_open.c	D:\nt\private\crt32st\stdio\_open.c
1374	0x0002ab1b	186	D:\nt\private\crt32st\stdio\_open.c	D:\nt\private\crt32st\stdio\_open.c
1375	0x0002ab23	187	D:\nt\private\crt32st\stdio\_open.c	D:\nt\private\crt32st\stdio\_open.c
1376	0x0002ab28	188	D:\nt\private\crt32st\stdio\_open.c	D:\nt\private\crt32st\stdio\_open.c
1377	0x0002ab2e	190	D:\nt\private\crt32st\stdio\_open.c	D:\nt\private\crt32st\stdio\_open.c
1378	0x0002ab30	191	D:\nt\private\crt32st\stdio\_open.c	D:\nt\private\crt32st\stdio\_open.c
1379	0x0002ab38	104	D:\nt\private\crt32st\lowio\open.c	D:\nt\private\crt32st\lowio\open.c
1380	0x0002ab3b	109	D:\nt\private\crt32st\lowio\open.c	D:\nt\private\crt32st\lowio\open.c
1381	0x0002ab4b	110	D:\nt\private\crt32st\lowio\open.c	D:\nt\private\crt32st\lowio\open.c
1382	0x0002ab50	148	D:\nt\private\crt32st\lowio\open.c	D:\nt\private\crt32st\lowio\open.c
1383	0x0002ab5c	175	D:\nt\private\crt32st\lowio\open.c	D:\nt\private\crt32st\lowio\open.c
1384	0x0002ab63	176	D:\nt\private\crt32st\lowio\open.c	D:\nt\private\crt32st\lowio\open.c
1385	0x0002ab6a	177	D:\nt\private\crt32st\lowio\open.c	D:\nt\private\crt32st\lowio\open.c
1386	0x0002ab71	184	D:\nt\private\crt32st\lowio\open.c	D:\nt\private\crt32st\lowio\open.c
1387	0x0002ab77	187	D:\nt\private\crt32st\lowio\open.c	D:\nt\private\crt32st\lowio\open.c
1388	0x0002aba1	314	D:\nt\private\crt32st\lowio\open.c	D:\nt\private\crt32st\lowio\open.c
1389	0x0002aba6	329	D:\nt\private\crt32st\lowio\open.c	D:\nt\private\crt32st\lowio\open.c
1390	0x0002abae	325	D:\nt\private\crt32st\lowio\open.c	D:\nt\private\crt32st\lowio\open.c
1391	0x0002abb0	317	D:\nt\private\crt32st\lowio\open.c	D:\nt\private\crt32st\lowio\open.c
1392	0x0002abb5	318	D:\nt\private\crt32st\lowio\open.c	D:\nt\private\crt32st\lowio\open.c
1393	0x0002abb8	320	D:\nt\private\crt32st\lowio\open.c	D:\nt\private\crt32st\lowio\open.c
1394	0x0002abbd	321	D:\nt\private\crt32st\lowio\open.c	D:\nt\private\crt32st\lowio\open.c
1395	0x0002abc0	323	D:\nt\private\crt32st\lowio\open.c	D:\nt\private\crt32st\lowio\open.c
1396	0x0002abc5	331	D:\nt\private\crt32st\lowio\open.c	D:\nt\private\crt32st\lowio\open.c
1397	0x0002abc8	353	D:\nt\private\crt32st\lowio\open.c	D:\nt\private\crt32st\lowio\open.c
1398	0x0002abdc	350	D:\nt\private\crt32st\lowio\open.c	D:\nt\private\crt32st\lowio\open.c
1399	0x0002abe0	334	D:\nt\private\crt32st\lowio\open.c	D:\nt\private\crt32st\lowio\open.c
1400	0x0002abe2	335	D:\nt\private\crt32st\lowio\open.c	D:\nt\private\crt32st\lowio\open.c
1401	0x0002abe4	338	D:\nt\private\crt32st\lowio\open.c	D:\nt\private\crt32st\lowio\open.c
1402	0x0002abe9	339	D:\nt\private\crt32st\lowio\open.c	D:\nt\private\crt32st\lowio\open.c
1403	0x0002abec	342	D:\nt\private\crt32st\lowio\open.c	D:\nt\private\crt32st\lowio\open.c
1404	0x0002abf1	343	D:\nt\private\crt32st\lowio\open.c	D:\nt\private\crt32st\lowio\open.c
1405	0x0002abf4	346	D:\nt\private\crt32st\lowio\open.c	D:\nt\private\crt32st\lowio\open.c
1406	0x0002abf9	360	D:\nt\private\crt32st\lowio\open.c	D:\nt\private\crt32st\lowio\open.c
1407	0x0002ac06	361	D:\nt\private\crt32st\lowio\open.c	D:\nt\private\crt32st\lowio\open.c
1408	0x0002ac1a	369	D:\nt\private\crt32st\lowio\open.c	D:\nt\private\crt32st\lowio\open.c
1409	0x0002ac25	370	D:\nt\private\crt32st\lowio\open.c	D:\nt\private\crt32st\lowio\open.c
1410	0x0002ac2f	371	D:\nt\private\crt32st\lowio\open.c	D:\nt\private\crt32st\lowio\open.c
1411	0x0002ac40	378	D:\nt\private\crt32st\lowio\open.c	D:\nt\private\crt32st\lowio\open.c
1412	0x0002ac43	386	D:\nt\private\crt32st\lowio\open.c	D:\nt\private\crt32st\lowio\open.c
1413	0x0002ac67	390	D:\nt\private\crt32st\lowio\open.c	D:\nt\private\crt32st\lowio\open.c
1414	0x0002ac6d	395	D:\nt\private\crt32st\lowio\open.c	D:\nt\private\crt32st\lowio\open.c
1415	0x0002ac75	401	D:\nt\private\crt32st\lowio\open.c	D:\nt\private\crt32st\lowio\open.c
1416	0x0002ac85	402	D:\nt\private\crt32st\lowio\open.c	D:\nt\private\crt32st\lowio\open.c
1417	0x0002ac8f	404	D:\nt\private\crt32st\lowio\open.c	D:\nt\private\crt32st\lowio\open.c
1418	0x0002ac92	411	D:\nt\private\crt32st\lowio\open.c	D:\nt\private\crt32st\lowio\open.c
1419	0x0002ac9b	414	D:\nt\private\crt32st\lowio\open.c	D:\nt\private\crt32st\lowio\open.c
1420	0x0002acae	419	D:\nt\private\crt32st\lowio\open.c	D:\nt\private\crt32st\lowio\open.c
1421	0x0002acd0	423	D:\nt\private\crt32st\lowio\open.c	D:\nt\private\crt32st\lowio\open.c
1422	0x0002acde	429	D:\nt\private\crt32st\lowio\open.c	D:\nt\private\crt32st\lowio\open.c
1423	0x0002ace7	430	D:\nt\private\crt32st\lowio\open.c	D:\nt\private\crt32st\lowio\open.c
1424	0x0002acf8	440	D:\nt\private\crt32st\lowio\open.c	D:\nt\private\crt32st\lowio\open.c
1425	0x0002ad02	454	D:\nt\private\crt32st\lowio\open.c	D:\nt\private\crt32st\lowio\open.c
1426	0x0002ad44	475	D:\nt\private\crt32st\lowio\open.c	D:\nt\private\crt32st\lowio\open.c
1427	0x0002ad5a	484	D:\nt\private\crt32st\lowio\open.c	D:\nt\private\crt32st\lowio\open.c
1428	0x0002ad5f	485	D:\nt\private\crt32st\lowio\open.c	D:\nt\private\crt32st\lowio\open.c
1429	0x0002ad63	486	D:\nt\private\crt32st\lowio\open.c	D:\nt\private\crt32st\lowio\open.c
1430	0x0002ad6d	487	D:\nt\private\crt32st\lowio\open.c	D:\nt\private\crt32st\lowio\open.c
1431	0x0002ad71	493	D:\nt\private\crt32st\lowio\open.c	D:\nt\private\crt32st\lowio\open.c
1432	0x0002ad80	516	D:\nt\private\crt32st\lowio\open.c	D:\nt\private\crt32st\lowio\open.c
1433	0x0002ad8d	519	D:\nt\private\crt32st\lowio\open.c	D:\nt\private\crt32st\lowio\open.c
1434	0x0002ad9d	525	D:\nt\private\crt32st\lowio\open.c	D:\nt\private\crt32st\lowio\open.c
1435	0x0002adb1	528	D:\nt\private\crt32st\lowio\open.c	D:\nt\private\crt32st\lowio\open.c
1436	0x0002adc0	535	D:\nt\private\crt32st\lowio\open.c	D:\nt\private\crt32st\lowio\open.c
1437	0x0002add8	538	D:\nt\private\crt32st\lowio\open.c	D:\nt\private\crt32st\lowio\open.c
1438	0x0002ade5	546	D:\nt\private\crt32st\lowio\open.c	D:\nt\private\crt32st\lowio\open.c
1439	0x0002adf5	557	D:\nt\private\crt32st\lowio\open.c	D:\nt\private\crt32st\lowio\open.c
1440	0x0002adfc	558	D:\nt\private\crt32st\lowio\open.c	D:\nt\private\crt32st\lowio\open.c
1441	0x0002ae0c	559	D:\nt\private\crt32st\lowio\open.c	D:\nt\private\crt32st\lowio\open.c
1442	0x0002ae13	561	D:\nt\private\crt32st\lowio\open.c	D:\nt\private\crt32st\lowio\open.c
1443	0x0002ae19	562	D:\nt\private\crt32st\lowio\open.c	D:\nt\private\crt32st\lowio\open.c
1444	0x0002ae20	567	D:\nt\private\crt32st\lowio\open.c	D:\nt\private\crt32st\lowio\open.c
1445	0x0002ae28	465	D:\nt\private\crt32st\lowio\open.c	D:\nt\private\crt32st\lowio\open.c
1446	0x0002ae36	468	D:\nt\private\crt32st\lowio\open.c	D:\nt\private\crt32st\lowio\open.c
1447	0x0002ae3b	568	D:\nt\private\crt32st\lowio\open.c	D:\nt\private\crt32st\lowio\open.c
1448	0x0002ae5a	58	D:\nt\private\crt32st\dos\access.c	D:\nt\private\crt32st\dos\access.c
1449	0x0002ae5e	79	D:\nt\private\crt32st\dos\access.c	D:\nt\private\crt32st\dos\access.c
1450	0x0002ae70	81	D:\nt\private\crt32st\dos\access.c	D:\nt\private\crt32st\dos\access.c
1451	0x0002ae7e	82	D:\nt\private\crt32st\dos\access.c	D:\nt\private\crt32st\dos\access.c
1452	0x0002ae86	106	D:\nt\private\crt32st\dos\access.c	D:\nt\private\crt32st\dos\access.c
1453	0x0002ae94	108	D:\nt\private\crt32st\dos\access.c	D:\nt\private\crt32st\dos\access.c
1454	0x0002ae9e	109	D:\nt\private\crt32st\dos\access.c	D:\nt\private\crt32st\dos\access.c
1455	0x0002aeaa	114	D:\nt\private\crt32st\dos\access.c	D:\nt\private\crt32st\dos\access.c
1456	0x0002aeac	116	D:\nt\private\crt32st\dos\access.c	D:\nt\private\crt32st\dos\access.c
1457	0x0002aeba	123	D:\nt\private\crt32st\lowio\chsize.c	D:\nt\private\crt32st\lowio\chsize.c
1458	0x0002aec9	129	D:\nt\private\crt32st\lowio\chsize.c	D:\nt\private\crt32st\lowio\chsize.c
1459	0x0002aed2	131	D:\nt\private\crt32st\lowio\chsize.c	D:\nt\private\crt32st\lowio\chsize.c
1460	0x0002aed9	133	D:\nt\private\crt32st\lowio\chsize.c	D:\nt\private\crt32st\lowio\chsize.c
1461	0x0002aeed	143	D:\nt\private\crt32st\lowio\chsize.c	D:\nt\private\crt32st\lowio\chsize.c
1462	0x0002af1c	152	D:\nt\private\crt32st\lowio\chsize.c	D:\nt\private\crt32st\lowio\chsize.c
1463	0x0002af2c	156	D:\nt\private\crt32st\lowio\chsize.c	D:\nt\private\crt32st\lowio\chsize.c
1464	0x0002af3b	157	D:\nt\private\crt32st\lowio\chsize.c	D:\nt\private\crt32st\lowio\chsize.c
1465	0x0002af4f	162	D:\nt\private\crt32st\lowio\chsize.c	D:\nt\private\crt32st\lowio\chsize.c
1466	0x0002af79	171	D:\nt\private\crt32st\lowio\chsize.c	D:\nt\private\crt32st\lowio\chsize.c
1467	0x0002af82	165	D:\nt\private\crt32st\lowio\chsize.c	D:\nt\private\crt32st\lowio\chsize.c
1468	0x0002af8b	166	D:\nt\private\crt32st\lowio\chsize.c	D:\nt\private\crt32st\lowio\chsize.c
1469	0x0002af95	167	D:\nt\private\crt32st\lowio\chsize.c	D:\nt\private\crt32st\lowio\chsize.c
1470	0x0002af9b	173	D:\nt\private\crt32st\lowio\chsize.c	D:\nt\private\crt32st\lowio\chsize.c
1471	0x0002afa9	177	D:\nt\private\crt32st\lowio\chsize.c	D:\nt\private\crt32st\lowio\chsize.c
1472	0x0002afb2	187	D:\nt\private\crt32st\lowio\chsize.c	D:\nt\private\crt32st\lowio\chsize.c
1473	0x0002afce	213	D:\nt\private\crt32st\lowio\chsize.c	D:\nt\private\crt32st\lowio\chsize.c
1474	0x0002afe6	144	D:\nt\private\crt32st\lowio\chsize.c	D:\nt\private\crt32st\lowio\chsize.c
1475	0x0002afeb	215	D:\nt\private\crt32st\lowio\chsize.c	D:\nt\private\crt32st\lowio\chsize.c
1476	0x0002aff2	134	D:\nt\private\crt32st\lowio\chsize.c	D:\nt\private\crt32st\lowio\chsize.c
1477	0x0002affc	135	D:\nt\private\crt32st\lowio\chsize.c	D:\nt\private\crt32st\lowio\chsize.c
1478	0x0002b001	216	D:\nt\private\crt32st\lowio\chsize.c	D:\nt\private\crt32st\lowio\chsize.c
1479	0x0002b00a	117	D:\nt\private\crt32st\lowio\setmode.c	D:\nt\private\crt32st\lowio\setmode.c
1480	0x0002b011	120	D:\nt\private\crt32st\lowio\setmode.c	D:\nt\private\crt32st\lowio\setmode.c
1481	0x0002b01d	127	D:\nt\private\crt32st\lowio\setmode.c	D:\nt\private\crt32st\lowio\setmode.c
1482	0x0002b026	133	D:\nt\private\crt32st\lowio\setmode.c	D:\nt\private\crt32st\lowio\setmode.c
1483	0x0002b038	135	D:\nt\private\crt32st\lowio\setmode.c	D:\nt\private\crt32st\lowio\setmode.c
1484	0x0002b040	136	D:\nt\private\crt32st\lowio\setmode.c	D:\nt\private\crt32st\lowio\setmode.c
1485	0x0002b047	137	D:\nt\private\crt32st\lowio\setmode.c	D:\nt\private\crt32st\lowio\setmode.c
1486	0x0002b052	138	D:\nt\private\crt32st\lowio\setmode.c	D:\nt\private\crt32st\lowio\setmode.c
1487	0x0002b059	145	D:\nt\private\crt32st\lowio\setmode.c	D:\nt\private\crt32st\lowio\setmode.c
1488	0x0002b06e	140	D:\nt\private\crt32st\lowio\setmode.c	D:\nt\private\crt32st\lowio\setmode.c
1489	0x0002b07a	121	D:\nt\private\crt32st\lowio\setmode.c	D:\nt\private\crt32st\lowio\setmode.c
1490	0x0002b084	122	D:\nt\private\crt32st\lowio\setmode.c	D:\nt\private\crt32st\lowio\setmode.c
1491	0x0002b089	147	D:\nt\private\crt32st\lowio\setmode.c	D:\nt\private\crt32st\lowio\setmode.c
1492	0x0002b09a	66	D:\nt\private\crt32st\stdio\fprintf.c	D:\nt\private\crt32st\stdio\fprintf.c
1493	0x0002b0a5	87	D:\nt\private\crt32st\stdio\fprintf.c	D:\nt\private\crt32st\stdio\fprintf.c
1494	0x0002b0b0	88	D:\nt\private\crt32st\stdio\fprintf.c	D:\nt\private\crt32st\stdio\fprintf.c
1495	0x0002b0c3	89	D:\nt\private\crt32st\stdio\fprintf.c	D:\nt\private\crt32st\stdio\fprintf.c
1496	0x0002b0cd	92	D:\nt\private\crt32st\stdio\fprintf.c	D:\nt\private\crt32st\stdio\fprintf.c
1497	0x0002b0d0	93	D:\nt\private\crt32st\stdio\fprintf.c	D:\nt\private\crt32st\stdio\fprintf.c
1498	0x0002b0da	103	D:\nt\private\crt32st\stdio\_sftbuf.c	D:\nt\private\crt32st\stdio\_sftbuf.c
1499	0x0002b0e2	113	D:\nt\private\crt32st\stdio\_sftbuf.c	D:\nt\private\crt32st\stdio\_sftbuf.c
1500	0x0002b0f4	117	D:\nt\private\crt32st\stdio\_sftbuf.c	D:\nt\private\crt32st\stdio\_sftbuf.c
1501	0x0002b0fc	118	D:\nt\private\crt32st\stdio\_sftbuf.c	D:\nt\private\crt32st\stdio\_sftbuf.c
1502	0x0002b0fe	119	D:\nt\private\crt32st\stdio\_sftbuf.c	D:\nt\private\crt32st\stdio\_sftbuf.c
1503	0x0002b10a	120	D:\nt\private\crt32st\stdio\_sftbuf.c	D:\nt\private\crt32st\stdio\_sftbuf.c
1504	0x0002b10f	124	D:\nt\private\crt32st\stdio\_sftbuf.c	D:\nt\private\crt32st\stdio\_sftbuf.c
1505	0x0002b115	127	D:\nt\private\crt32st\stdio\_sftbuf.c	D:\nt\private\crt32st\stdio\_sftbuf.c
1506	0x0002b11e	131	D:\nt\private\crt32st\stdio\_sftbuf.c	D:\nt\private\crt32st\stdio\_sftbuf.c
1507	0x0002b130	132	D:\nt\private\crt32st\stdio\_sftbuf.c	D:\nt\private\crt32st\stdio\_sftbuf.c
1508	0x0002b146	136	D:\nt\private\crt32st\stdio\_sftbuf.c	D:\nt\private\crt32st\stdio\_sftbuf.c
1509	0x0002b150	137	D:\nt\private\crt32st\stdio\_sftbuf.c	D:\nt\private\crt32st\stdio\_sftbuf.c
1510	0x0002b15b	138	D:\nt\private\crt32st\stdio\_sftbuf.c	D:\nt\private\crt32st\stdio\_sftbuf.c
1511	0x0002b161	140	D:\nt\private\crt32st\stdio\_sftbuf.c	D:\nt\private\crt32st\stdio\_sftbuf.c
1512	0x0002b16a	122	D:\nt\private\crt32st\stdio\_sftbuf.c	D:\nt\private\crt32st\stdio\_sftbuf.c
1513	0x0002b16c	141	D:\nt\private\crt32st\stdio\_sftbuf.c	D:\nt\private\crt32st\stdio\_sftbuf.c
1514	0x0002b172	174	D:\nt\private\crt32st\stdio\_sftbuf.c	D:\nt\private\crt32st\stdio\_sftbuf.c
1515	0x0002b178	180	D:\nt\private\crt32st\stdio\_sftbuf.c	D:\nt\private\crt32st\stdio\_sftbuf.c
1516	0x0002b17e	182	D:\nt\private\crt32st\stdio\_sftbuf.c	D:\nt\private\crt32st\stdio\_sftbuf.c
1517	0x0002b184	184	D:\nt\private\crt32st\stdio\_sftbuf.c	D:\nt\private\crt32st\stdio\_sftbuf.c
1518	0x0002b18a	187	D:\nt\private\crt32st\stdio\_sftbuf.c	D:\nt\private\crt32st\stdio\_sftbuf.c
1519	0x0002b193	188	D:\nt\private\crt32st\stdio\_sftbuf.c	D:\nt\private\crt32st\stdio\_sftbuf.c
1520	0x0002b19d	189	D:\nt\private\crt32st\stdio\_sftbuf.c	D:\nt\private\crt32st\stdio\_sftbuf.c
1521	0x0002b1a4	190	D:\nt\private\crt32st\stdio\_sftbuf.c	D:\nt\private\crt32st\stdio\_sftbuf.c
1522	0x0002b1ab	208	D:\nt\private\crt32st\stdio\_sftbuf.c	D:\nt\private\crt32st\stdio\_sftbuf.c
1523	0x0002b1ae	209	D:\nt\private\crt32st\stdio\_sftbuf.c	D:\nt\private\crt32st\stdio\_sftbuf.c
1524	0x0002b1b7	210	D:\nt\private\crt32st\stdio\_sftbuf.c	D:\nt\private\crt32st\stdio\_sftbuf.c
1525	0x0002b1bd	214	D:\nt\private\crt32st\stdio\_sftbuf.c	D:\nt\private\crt32st\stdio\_sftbuf.c
1526	0x0002b1ca	312	D:\nt\private\crt32st\stdio\output.c	D:\nt\private\crt32st\stdio\output.c
1527	0x0002b1d6	331	D:\nt\private\crt32st\stdio\output.c	D:\nt\private\crt32st\stdio\output.c
1528	0x0002b1e1	334	D:\nt\private\crt32st\stdio\output.c	D:\nt\private\crt32st\stdio\output.c
1529	0x0002b1f0	335	D:\nt\private\crt32st\stdio\output.c	D:\nt\private\crt32st\stdio\output.c
1530	0x0002b210	339	D:\nt\private\crt32st\stdio\output.c	D:\nt\private\crt32st\stdio\output.c
1531	0x0002b223	821	D:\nt\private\crt32st\stdio\output.c	D:\nt\private\crt32st\stdio\output.c
1532	0x0002b256	343	D:\nt\private\crt32st\stdio\output.c	D:\nt\private\crt32st\stdio\output.c
1533	0x0002b26a	344	D:\nt\private\crt32st\stdio\output.c	D:\nt\private\crt32st\stdio\output.c
1534	0x0002b272	349	D:\nt\private\crt32st\stdio\output.c	D:\nt\private\crt32st\stdio\output.c
1535	0x0002b280	350	D:\nt\private\crt32st\stdio\output.c	D:\nt\private\crt32st\stdio\output.c
1536	0x0002b287	351	D:\nt\private\crt32st\stdio\output.c	D:\nt\private\crt32st\stdio\output.c
1537	0x0002b28e	355	D:\nt\private\crt32st\stdio\output.c	D:\nt\private\crt32st\stdio\output.c
1538	0x0002b292	371	D:\nt\private\crt32st\stdio\output.c	D:\nt\private\crt32st\stdio\output.c
1539	0x0002b2b2	363	D:\nt\private\crt32st\stdio\output.c	D:\nt\private\crt32st\stdio\output.c
1540	0x0002b2b5	364	D:\nt\private\crt32st\stdio\output.c	D:\nt\private\crt32st\stdio\output.c
1541	0x0002b2ba	366	D:\nt\private\crt32st\stdio\output.c	D:\nt\private\crt32st\stdio\output.c
1542	0x0002b2c0	367	D:\nt\private\crt32st\stdio\output.c	D:\nt\private\crt32st\stdio\output.c
1543	0x0002b2c6	360	D:\nt\private\crt32st\stdio\output.c	D:\nt\private\crt32st\stdio\output.c
1544	0x0002b2c9	361	D:\nt\private\crt32st\stdio\output.c	D:\nt\private\crt32st\stdio\output.c
1545	0x0002b2ce	357	D:\nt\private\crt32st\stdio\output.c	D:\nt\private\crt32st\stdio\output.c
1546	0x0002b2d1	358	D:\nt\private\crt32st\stdio\output.c	D:\nt\private\crt32st\stdio\output.c
1547	0x0002b2d6	369	D:\nt\private\crt32st\stdio\output.c	D:\nt\private\crt32st\stdio\output.c
1548	0x0002b2d9	370	D:\nt\private\crt32st\stdio\output.c	D:\nt\private\crt32st\stdio\output.c
1549	0x0002b2de	376	D:\nt\private\crt32st\stdio\output.c	D:\nt\private\crt32st\stdio\output.c
1550	0x0002b2e4	379	D:\nt\private\crt32st\stdio\output.c	D:\nt\private\crt32st\stdio\output.c
1551	0x0002b2fd	381	D:\nt\private\crt32st\stdio\output.c	D:\nt\private\crt32st\stdio\output.c
1552	0x0002b300	382	D:\nt\private\crt32st\stdio\output.c	D:\nt\private\crt32st\stdio\output.c
1553	0x0002b305	385	D:\nt\private\crt32st\stdio\output.c	D:\nt\private\crt32st\stdio\output.c
1554	0x0002b30a	387	D:\nt\private\crt32st\stdio\output.c	D:\nt\private\crt32st\stdio\output.c
1555	0x0002b31e	389	D:\nt\private\crt32st\stdio\output.c	D:\nt\private\crt32st\stdio\output.c
1556	0x0002b326	394	D:\nt\private\crt32st\stdio\output.c	D:\nt\private\crt32st\stdio\output.c
1557	0x0002b32d	395	D:\nt\private\crt32st\stdio\output.c	D:\nt\private\crt32st\stdio\output.c
1558	0x0002b332	399	D:\nt\private\crt32st\stdio\output.c	D:\nt\private\crt32st\stdio\output.c
1559	0x0002b338	402	D:\nt\private\crt32st\stdio\output.c	D:\nt\private\crt32st\stdio\output.c
1560	0x0002b356	407	D:\nt\private\crt32st\stdio\output.c	D:\nt\private\crt32st\stdio\output.c
1561	0x0002b36a	409	D:\nt\private\crt32st\stdio\output.c	D:\nt\private\crt32st\stdio\output.c
1562	0x0002b372	413	D:\nt\private\crt32st\stdio\output.c	D:\nt\private\crt32st\stdio\output.c
1563	0x0002b376	438	D:\nt\private\crt32st\stdio\output.c	D:\nt\private\crt32st\stdio\output.c
1564	0x0002b38a	422	D:\nt\private\crt32st\stdio\output.c	D:\nt\private\crt32st\stdio\output.c
1565	0x0002b390	423	D:\nt\private\crt32st\stdio\output.c	D:\nt\private\crt32st\stdio\output.c
1566	0x0002b396	416	D:\nt\private\crt32st\stdio\output.c	D:\nt\private\crt32st\stdio\output.c
1567	0x0002b399	417	D:\nt\private\crt32st\stdio\output.c	D:\nt\private\crt32st\stdio\output.c
1568	0x0002b39e	434	D:\nt\private\crt32st\stdio\output.c	D:\nt\private\crt32st\stdio\output.c
1569	0x0002b3a4	435	D:\nt\private\crt32st\stdio\output.c	D:\nt\private\crt32st\stdio\output.c
1570	0x0002b3aa	451	D:\nt\private\crt32st\stdio\output.c	D:\nt\private\crt32st\stdio\output.c
1571	0x0002b3ae	755	D:\nt\private\crt32st\stdio\output.c	D:\nt\private\crt32st\stdio\output.c
1572	0x0002b49e	571	D:\nt\private\crt32st\stdio\output.c	D:\nt\private\crt32st\stdio\output.c
1573	0x0002b4a5	572	D:\nt\private\crt32st\stdio\output.c	D:\nt\private\crt32st\stdio\output.c
1574	0x0002b4a9	579	D:\nt\private\crt32st\stdio\output.c	D:\nt\private\crt32st\stdio\output.c
1575	0x0002b4ac	580	D:\nt\private\crt32st\stdio\output.c	D:\nt\private\crt32st\stdio\output.c
1576	0x0002b4b5	583	D:\nt\private\crt32st\stdio\output.c	D:\nt\private\crt32st\stdio\output.c
1577	0x0002b4bf	584	D:\nt\private\crt32st\stdio\output.c	D:\nt\private\crt32st\stdio\output.c
1578	0x0002b4c6	585	D:\nt\private\crt32st\stdio\output.c	D:\nt\private\crt32st\stdio\output.c
1579	0x0002b4ce	475	D:\nt\private\crt32st\stdio\output.c	D:\nt\private\crt32st\stdio\output.c
1580	0x0002b4e6	480	D:\nt\private\crt32st\stdio\output.c	D:\nt\private\crt32st\stdio\output.c
1581	0x0002b4ec	481	D:\nt\private\crt32st\stdio\output.c	D:\nt\private\crt32st\stdio\output.c
1582	0x0002b4f4	482	D:\nt\private\crt32st\stdio\output.c	D:\nt\private\crt32st\stdio\output.c
1583	0x0002b505	483	D:\nt\private\crt32st\stdio\output.c	D:\nt\private\crt32st\stdio\output.c
1584	0x0002b50a	484	D:\nt\private\crt32st\stdio\output.c	D:\nt\private\crt32st\stdio\output.c
1585	0x0002b512	477	D:\nt\private\crt32st\stdio\output.c	D:\nt\private\crt32st\stdio\output.c
1586	0x0002b518	478	D:\nt\private\crt32st\stdio\output.c	D:\nt\private\crt32st\stdio\output.c
1587	0x0002b52c	479	D:\nt\private\crt32st\stdio\output.c	D:\nt\private\crt32st\stdio\output.c
1588	0x0002b532	456	D:\nt\private\crt32st\stdio\output.c	D:\nt\private\crt32st\stdio\output.c
1589	0x0002b544	457	D:\nt\private\crt32st\stdio\output.c	D:\nt\private\crt32st\stdio\output.c
1590	0x0002b54d	458	D:\nt\private\crt32st\stdio\output.c	D:\nt\private\crt32st\stdio\output.c
1591	0x0002b554	460	D:\nt\private\crt32st\stdio\output.c	D:\nt\private\crt32st\stdio\output.c
1592	0x0002b55a	623	D:\nt\private\crt32st\stdio\output.c	D:\nt\private\crt32st\stdio\output.c
1593	0x0002b55d	624	D:\nt\private\crt32st\stdio\output.c	D:\nt\private\crt32st\stdio\output.c
1594	0x0002b564	625	D:\nt\private\crt32st\stdio\output.c	D:\nt\private\crt32st\stdio\output.c
1595	0x0002b566	548	D:\nt\private\crt32st\stdio\output.c	D:\nt\private\crt32st\stdio\output.c
1596	0x0002b574	552	D:\nt\private\crt32st\stdio\output.c	D:\nt\private\crt32st\stdio\output.c
1597	0x0002b579	564	D:\nt\private\crt32st\stdio\output.c	D:\nt\private\crt32st\stdio\output.c
1598	0x0002b580	566	D:\nt\private\crt32st\stdio\output.c	D:\nt\private\crt32st\stdio\output.c
1599	0x0002b586	668	D:\nt\private\crt32st\stdio\output.c	D:\nt\private\crt32st\stdio\output.c
1600	0x0002b58d	669	D:\nt\private\crt32st\stdio\output.c	D:\nt\private\crt32st\stdio\output.c
1601	0x0002b595	671	D:\nt\private\crt32st\stdio\output.c	D:\nt\private\crt32st\stdio\output.c
1602	0x0002b59e	636	D:\nt\private\crt32st\stdio\output.c	D:\nt\private\crt32st\stdio\output.c
1603	0x0002b5a5	648	D:\nt\private\crt32st\stdio\output.c	D:\nt\private\crt32st\stdio\output.c
1604	0x0002b5ac	657	D:\nt\private\crt32st\stdio\output.c	D:\nt\private\crt32st\stdio\output.c
1605	0x0002b5b3	658	D:\nt\private\crt32st\stdio\output.c	D:\nt\private\crt32st\stdio\output.c
1606	0x0002b5bb	660	D:\nt\private\crt32st\stdio\output.c	D:\nt\private\crt32st\stdio\output.c
1607	0x0002b5bf	661	D:\nt\private\crt32st\stdio\output.c	D:\nt\private\crt32st\stdio\output.c
1608	0x0002b5c7	662	D:\nt\private\crt32st\stdio\output.c	D:\nt\private\crt32st\stdio\output.c
1609	0x0002b5ce	688	D:\nt\private\crt32st\stdio\output.c	D:\nt\private\crt32st\stdio\output.c
1610	0x0002b5ea	505	D:\nt\private\crt32st\stdio\output.c	D:\nt\private\crt32st\stdio\output.c
1611	0x0002b5fd	507	D:\nt\private\crt32st\stdio\output.c	D:\nt\private\crt32st\stdio\output.c
1612	0x0002b603	515	D:\nt\private\crt32st\stdio\output.c	D:\nt\private\crt32st\stdio\output.c
1613	0x0002b618	519	D:\nt\private\crt32st\stdio\output.c	D:\nt\private\crt32st\stdio\output.c
1614	0x0002b623	520	D:\nt\private\crt32st\stdio\output.c	D:\nt\private\crt32st\stdio\output.c
1615	0x0002b62b	521	D:\nt\private\crt32st\stdio\output.c	D:\nt\private\crt32st\stdio\output.c
1616	0x0002b634	522	D:\nt\private\crt32st\stdio\output.c	D:\nt\private\crt32st\stdio\output.c
1617	0x0002b63e	523	D:\nt\private\crt32st\stdio\output.c	D:\nt\private\crt32st\stdio\output.c
1618	0x0002b648	524	D:\nt\private\crt32st\stdio\output.c	D:\nt\private\crt32st\stdio\output.c
1619	0x0002b651	525	D:\nt\private\crt32st\stdio\output.c	D:\nt\private\crt32st\stdio\output.c
1620	0x0002b656	526	D:\nt\private\crt32st\stdio\output.c	D:\nt\private\crt32st\stdio\output.c
1621	0x0002b65f	527	D:\nt\private\crt32st\stdio\output.c	D:\nt\private\crt32st\stdio\output.c
1622	0x0002b667	528	D:\nt\private\crt32st\stdio\output.c	D:\nt\private\crt32st\stdio\output.c
1623	0x0002b66e	653	D:\nt\private\crt32st\stdio\output.c	D:\nt\private\crt32st\stdio\output.c
1624	0x0002b67a	643	D:\nt\private\crt32st\stdio\output.c	D:\nt\private\crt32st\stdio\output.c
1625	0x0002b688	710	D:\nt\private\crt32st\stdio\output.c	D:\nt\private\crt32st\stdio\output.c
1626	0x0002b694	711	D:\nt\private\crt32st\stdio\output.c	D:\nt\private\crt32st\stdio\output.c
1627	0x0002b698	712	D:\nt\private\crt32st\stdio\output.c	D:\nt\private\crt32st\stdio\output.c
1628	0x0002b69e	714	D:\nt\private\crt32st\stdio\output.c	D:\nt\private\crt32st\stdio\output.c
1629	0x0002b6a2	715	D:\nt\private\crt32st\stdio\output.c	D:\nt\private\crt32st\stdio\output.c
1630	0x0002b6a4	720	D:\nt\private\crt32st\stdio\output.c	D:\nt\private\crt32st\stdio\output.c
1631	0x0002b6aa	721	D:\nt\private\crt32st\stdio\output.c	D:\nt\private\crt32st\stdio\output.c
1632	0x0002b6b1	722	D:\nt\private\crt32st\stdio\output.c	D:\nt\private\crt32st\stdio\output.c
1633	0x0002b6b4	726	D:\nt\private\crt32st\stdio\output.c	D:\nt\private\crt32st\stdio\output.c
1634	0x0002b6b8	727	D:\nt\private\crt32st\stdio\output.c	D:\nt\private\crt32st\stdio\output.c
1635	0x0002b6bb	732	D:\nt\private\crt32st\stdio\output.c	D:\nt\private\crt32st\stdio\output.c
1636	0x0002b6c3	734	D:\nt\private\crt32st\stdio\output.c	D:\nt\private\crt32st\stdio\output.c
1637	0x0002b6d1	735	D:\nt\private\crt32st\stdio\output.c	D:\nt\private\crt32st\stdio\output.c
1638	0x0002b6dd	736	D:\nt\private\crt32st\stdio\output.c	D:\nt\private\crt32st\stdio\output.c
1639	0x0002b6e6	737	D:\nt\private\crt32st\stdio\output.c	D:\nt\private\crt32st\stdio\output.c
1640	0x0002b6eb	739	D:\nt\private\crt32st\stdio\output.c	D:\nt\private\crt32st\stdio\output.c
1641	0x0002b6ee	741	D:\nt\private\crt32st\stdio\output.c	D:\nt\private\crt32st\stdio\output.c
1642	0x0002b6f1	742	D:\nt\private\crt32st\stdio\output.c	D:\nt\private\crt32st\stdio\output.c
1643	0x0002b6f6	723	D:\nt\private\crt32st\stdio\output.c	D:\nt\private\crt32st\stdio\output.c
1644	0x0002b6fe	744	D:\nt\private\crt32st\stdio\output.c	D:\nt\private\crt32st\stdio\output.c
1645	0x0002b706	745	D:\nt\private\crt32st\stdio\output.c	D:\nt\private\crt32st\stdio\output.c
1646	0x0002b70a	749	D:\nt\private\crt32st\stdio\output.c	D:\nt\private\crt32st\stdio\output.c
1647	0x0002b721	750	D:\nt\private\crt32st\stdio\output.c	D:\nt\private\crt32st\stdio\output.c
1648	0x0002b725	751	D:\nt\private\crt32st\stdio\output.c	D:\nt\private\crt32st\stdio\output.c
1649	0x0002b73e	586	D:\nt\private\crt32st\stdio\output.c	D:\nt\private\crt32st\stdio\output.c
1650	0x0002b745	590	D:\nt\private\crt32st\stdio\output.c	D:\nt\private\crt32st\stdio\output.c
1651	0x0002b74d	591	D:\nt\private\crt32st\stdio\output.c	D:\nt\private\crt32st\stdio\output.c
1652	0x0002b76b	592	D:\nt\private\crt32st\stdio\output.c	D:\nt\private\crt32st\stdio\output.c
1653	0x0002b76f	594	D:\nt\private\crt32st\stdio\output.c	D:\nt\private\crt32st\stdio\output.c
1654	0x0002b772	597	D:\nt\private\crt32st\stdio\output.c	D:\nt\private\crt32st\stdio\output.c
1655	0x0002b790	598	D:\nt\private\crt32st\stdio\output.c	D:\nt\private\crt32st\stdio\output.c
1656	0x0002b794	602	D:\nt\private\crt32st\stdio\output.c	D:\nt\private\crt32st\stdio\output.c
1657	0x0002b7a2	603	D:\nt\private\crt32st\stdio\output.c	D:\nt\private\crt32st\stdio\output.c
1658	0x0002b7b2	606	D:\nt\private\crt32st\stdio\output.c	D:\nt\private\crt32st\stdio\output.c
1659	0x0002b7c0	607	D:\nt\private\crt32st\stdio\output.c	D:\nt\private\crt32st\stdio\output.c
1660	0x0002b7d0	611	D:\nt\private\crt32st\stdio\output.c	D:\nt\private\crt32st\stdio\output.c
1661	0x0002b7d9	612	D:\nt\private\crt32st\stdio\output.c	D:\nt\private\crt32st\stdio\output.c
1662	0x0002b7df	613	D:\nt\private\crt32st\stdio\output.c	D:\nt\private\crt32st\stdio\output.c
1663	0x0002b7e8	616	D:\nt\private\crt32st\stdio\output.c	D:\nt\private\crt32st\stdio\output.c
1664	0x0002b7fa	762	D:\nt\private\crt32st\stdio\output.c	D:\nt\private\crt32st\stdio\output.c
1665	0x0002b804	765	D:\nt\private\crt32st\stdio\output.c	D:\nt\private\crt32st\stdio\output.c
1666	0x0002b80c	766	D:\nt\private\crt32st\stdio\output.c	D:\nt\private\crt32st\stdio\output.c
1667	0x0002b814	768	D:\nt\private\crt32st\stdio\output.c	D:\nt\private\crt32st\stdio\output.c
1668	0x0002b822	773	D:\nt\private\crt32st\stdio\output.c	D:\nt\private\crt32st\stdio\output.c
1669	0x0002b832	778	D:\nt\private\crt32st\stdio\output.c	D:\nt\private\crt32st\stdio\output.c
1670	0x0002b836	779	D:\nt\private\crt32st\stdio\output.c	D:\nt\private\crt32st\stdio\output.c
1671	0x0002b83d	785	D:\nt\private\crt32st\stdio\output.c	D:\nt\private\crt32st\stdio\output.c
1672	0x0002b849	789	D:\nt\private\crt32st\stdio\output.c	D:\nt\private\crt32st\stdio\output.c
1673	0x0002b851	791	D:\nt\private\crt32st\stdio\output.c	D:\nt\private\crt32st\stdio\output.c
1674	0x0002b865	795	D:\nt\private\crt32st\stdio\output.c	D:\nt\private\crt32st\stdio\output.c
1675	0x0002b87b	797	D:\nt\private\crt32st\stdio\output.c	D:\nt\private\crt32st\stdio\output.c
1676	0x0002b88b	799	D:\nt\private\crt32st\stdio\output.c	D:\nt\private\crt32st\stdio\output.c
1677	0x0002b89f	804	D:\nt\private\crt32st\stdio\output.c	D:\nt\private\crt32st\stdio\output.c
1678	0x0002b8a7	805	D:\nt\private\crt32st\stdio\output.c	D:\nt\private\crt32st\stdio\output.c
1679	0x0002b8be	807	D:\nt\private\crt32st\stdio\output.c	D:\nt\private\crt32st\stdio\output.c
1680	0x0002b8d3	813	D:\nt\private\crt32st\stdio\output.c	D:\nt\private\crt32st\stdio\output.c
1681	0x0002b8db	815	D:\nt\private\crt32st\stdio\output.c	D:\nt\private\crt32st\stdio\output.c
1682	0x0002b8ef	820	D:\nt\private\crt32st\stdio\output.c	D:\nt\private\crt32st\stdio\output.c
1683	0x0002b902	824	D:\nt\private\crt32st\stdio\output.c	D:\nt\private\crt32st\stdio\output.c
1684	0x0002b905	825	D:\nt\private\crt32st\stdio\output.c	D:\nt\private\crt32st\stdio\output.c
1685	0x0002b90a	868	D:\nt\private\crt32st\stdio\output.c	D:\nt\private\crt32st\stdio\output.c
1686	0x0002b90e	869	D:\nt\private\crt32st\stdio\output.c	D:\nt\private\crt32st\stdio\output.c
1687	0x0002b941	870	D:\nt\private\crt32st\stdio\output.c	D:\nt\private\crt32st\stdio\output.c
1688	0x0002b94a	871	D:\nt\private\crt32st\stdio\output.c	D:\nt\private\crt32st\stdio\output.c
1689	0x0002b94e	872	D:\nt\private\crt32st\stdio\output.c	D:\nt\private\crt32st\stdio\output.c
1690	0x0002b953	873	D:\nt\private\crt32st\stdio\output.c	D:\nt\private\crt32st\stdio\output.c
1691	0x0002b956	919	D:\nt\private\crt32st\stdio\output.c	D:\nt\private\crt32st\stdio\output.c
1692	0x0002b961	920	D:\nt\private\crt32st\stdio\output.c	D:\nt\private\crt32st\stdio\output.c
1693	0x0002b966	921	D:\nt\private\crt32st\stdio\output.c	D:\nt\private\crt32st\stdio\output.c
1694	0x0002b97c	922	D:\nt\private\crt32st\stdio\output.c	D:\nt\private\crt32st\stdio\output.c
1695	0x0002b982	984	D:\nt\private\crt32st\stdio\output.c	D:\nt\private\crt32st\stdio\output.c
1696	0x0002b98d	985	D:\nt\private\crt32st\stdio\output.c	D:\nt\private\crt32st\stdio\output.c
1697	0x0002b992	986	D:\nt\private\crt32st\stdio\output.c	D:\nt\private\crt32st\stdio\output.c
1698	0x0002b9ad	987	D:\nt\private\crt32st\stdio\output.c	D:\nt\private\crt32st\stdio\output.c
1699	0x0002b9b2	998	D:\nt\private\crt32st\stdio\output.c	D:\nt\private\crt32st\stdio\output.c
1700	0x0002b9bd	999	D:\nt\private\crt32st\stdio\output.c	D:\nt\private\crt32st\stdio\output.c
1701	0x0002b9c2	1000	D:\nt\private\crt32st\stdio\output.c	D:\nt\private\crt32st\stdio\output.c
1702	0x0002b9df	1001	D:\nt\private\crt32st\stdio\output.c	D:\nt\private\crt32st\stdio\output.c
1703	0x0002b9e6	1025	D:\nt\private\crt32st\stdio\output.c	D:\nt\private\crt32st\stdio\output.c
1704	0x0002b9e9	1026	D:\nt\private\crt32st\stdio\output.c	D:\nt\private\crt32st\stdio\output.c
1705	0x0002b9f3	1027	D:\nt\private\crt32st\stdio\output.c	D:\nt\private\crt32st\stdio\output.c
1706	0x0002b9f6	1050	D:\nt\private\crt32st\stdio\output.c	D:\nt\private\crt32st\stdio\output.c
1707	0x0002b9f9	1051	D:\nt\private\crt32st\stdio\output.c	D:\nt\private\crt32st\stdio\output.c
1708	0x0002ba03	1052	D:\nt\private\crt32st\stdio\output.c	D:\nt\private\crt32st\stdio\output.c
1709	0x0002ba0a	56	D:\nt\private\crt32st\stdio\fputc.c	D:\nt\private\crt32st\stdio\fputc.c
1710	0x0002ba11	66	D:\nt\private\crt32st\stdio\fputc.c	D:\nt\private\crt32st\stdio\fputc.c
1711	0x0002ba17	72	D:\nt\private\crt32st\stdio\fputc.c	D:\nt\private\crt32st\stdio\fputc.c
1712	0x0002ba46	75	D:\nt\private\crt32st\stdio\fputc.c	D:\nt\private\crt32st\stdio\fputc.c
1713	0x0002ba48	76	D:\nt\private\crt32st\stdio\fputc.c	D:\nt\private\crt32st\stdio\fputc.c
1714	0x0002ba4e	84	D:\nt\private\crt32st\stdio\fputc.c	D:\nt\private\crt32st\stdio\fputc.c
1715	0x0002ba51	85	D:\nt\private\crt32st\stdio\fputc.c	D:\nt\private\crt32st\stdio\fputc.c
1716	0x0002ba5c	86	D:\nt\private\crt32st\stdio\fputc.c	D:\nt\private\crt32st\stdio\fputc.c
1717	0x0002ba6a	105	D:\nt\private\crt32st\stdio\fread.c	D:\nt\private\crt32st\stdio\fread.c
1718	0x0002ba76	115	D:\nt\private\crt32st\stdio\fread.c	D:\nt\private\crt32st\stdio\fread.c
1719	0x0002ba7c	116	D:\nt\private\crt32st\stdio\fread.c	D:\nt\private\crt32st\stdio\fread.c
1720	0x0002ba86	117	D:\nt\private\crt32st\stdio\fread.c	D:\nt\private\crt32st\stdio\fread.c
1721	0x0002ba92	119	D:\nt\private\crt32st\stdio\fread.c	D:\nt\private\crt32st\stdio\fread.c
1722	0x0002ba95	120	D:\nt\private\crt32st\stdio\fread.c	D:\nt\private\crt32st\stdio\fread.c
1723	0x0002ba9d	122	D:\nt\private\crt32st\stdio\fread.c	D:\nt\private\crt32st\stdio\fread.c
1724	0x0002baa2	125	D:\nt\private\crt32st\stdio\fread.c	D:\nt\private\crt32st\stdio\fread.c
1725	0x0002baad	128	D:\nt\private\crt32st\stdio\fread.c	D:\nt\private\crt32st\stdio\fread.c
1726	0x0002babf	130	D:\nt\private\crt32st\stdio\fread.c	D:\nt\private\crt32st\stdio\fread.c
1727	0x0002bacd	131	D:\nt\private\crt32st\stdio\fread.c	D:\nt\private\crt32st\stdio\fread.c
1728	0x0002bae3	134	D:\nt\private\crt32st\stdio\fread.c	D:\nt\private\crt32st\stdio\fread.c
1729	0x0002bae6	135	D:\nt\private\crt32st\stdio\fread.c	D:\nt\private\crt32st\stdio\fread.c
1730	0x0002baec	136	D:\nt\private\crt32st\stdio\fread.c	D:\nt\private\crt32st\stdio\fread.c
1731	0x0002baee	137	D:\nt\private\crt32st\stdio\fread.c	D:\nt\private\crt32st\stdio\fread.c
1732	0x0002baf1	139	D:\nt\private\crt32st\stdio\fread.c	D:\nt\private\crt32st\stdio\fread.c
1733	0x0002bafb	149	D:\nt\private\crt32st\stdio\fread.c	D:\nt\private\crt32st\stdio\fread.c
1734	0x0002bb1e	154	D:\nt\private\crt32st\stdio\fread.c	D:\nt\private\crt32st\stdio\fread.c
1735	0x0002bb23	161	D:\nt\private\crt32st\stdio\fread.c	D:\nt\private\crt32st\stdio\fread.c
1736	0x0002bb25	162	D:\nt\private\crt32st\stdio\fread.c	D:\nt\private\crt32st\stdio\fread.c
1737	0x0002bb28	164	D:\nt\private\crt32st\stdio\fread.c	D:\nt\private\crt32st\stdio\fread.c
1738	0x0002bb2a	167	D:\nt\private\crt32st\stdio\fread.c	D:\nt\private\crt32st\stdio\fread.c
1739	0x0002bb3a	173	D:\nt\private\crt32st\stdio\fread.c	D:\nt\private\crt32st\stdio\fread.c
1740	0x0002bb44	174	D:\nt\private\crt32st\stdio\fread.c	D:\nt\private\crt32st\stdio\fread.c
1741	0x0002bb45	177	D:\nt\private\crt32st\stdio\fread.c	D:\nt\private\crt32st\stdio\fread.c
1742	0x0002bb4e	179	D:\nt\private\crt32st\stdio\fread.c	D:\nt\private\crt32st\stdio\fread.c
1743	0x0002bb5a	156	D:\nt\private\crt32st\stdio\fread.c	D:\nt\private\crt32st\stdio\fread.c
1744	0x0002bb61	169	D:\nt\private\crt32st\stdio\fread.c	D:\nt\private\crt32st\stdio\fread.c
1745	0x0002bb72	151	D:\nt\private\crt32st\stdio\fread.c	D:\nt\private\crt32st\stdio\fread.c
1746	0x0002bb7e	182	D:\nt\private\crt32st\stdio\fread.c	D:\nt\private\crt32st\stdio\fread.c
1747	0x0002bb81	183	D:\nt\private\crt32st\stdio\fread.c	D:\nt\private\crt32st\stdio\fread.c
1748	0x0002bb8a	99	D:\nt\private\crt32st\heap\free.c	D:\nt\private\crt32st\heap\free.c
1749	0x0002bb91	106	D:\nt\private\crt32st\heap\free.c	D:\nt\private\crt32st\heap\free.c
1750	0x0002bb95	114	D:\nt\private\crt32st\heap\free.c	D:\nt\private\crt32st\heap\free.c
1751	0x0002bb98	120	D:\nt\private\crt32st\heap\free.c	D:\nt\private\crt32st\heap\free.c
1752	0x0002bba7	121	D:\nt\private\crt32st\heap\free.c	D:\nt\private\crt32st\heap\free.c
1753	0x0002bbac	127	D:\nt\private\crt32st\heap\free.c	D:\nt\private\crt32st\heap\free.c
1754	0x0002bbb7	141	D:\nt\private\crt32st\heap\free.c	D:\nt\private\crt32st\heap\free.c
1755	0x0002bbe5	142	D:\nt\private\crt32st\heap\free.c	D:\nt\private\crt32st\heap\free.c
1756	0x0002bbeb	146	D:\nt\private\crt32st\heap\free.c	D:\nt\private\crt32st\heap\free.c
1757	0x0002bbfa	65	D:\nt\private\crt32st\stdio\freopen.c	D:\nt\private\crt32st\stdio\freopen.c
1758	0x0002bc00	86	D:\nt\private\crt32st\stdio\freopen.c	D:\nt\private\crt32st\stdio\freopen.c
1759	0x0002bc18	87	D:\nt\private\crt32st\stdio\freopen.c	D:\nt\private\crt32st\stdio\freopen.c
1760	0x0002bc1f	88	D:\nt\private\crt32st\stdio\freopen.c	D:\nt\private\crt32st\stdio\freopen.c
1761	0x0002bc26	91	D:\nt\private\crt32st\stdio\freopen.c	D:\nt\private\crt32st\stdio\freopen.c
1762	0x0002bc30	92	D:\nt\private\crt32st\stdio\freopen.c	D:\nt\private\crt32st\stdio\freopen.c
1763	0x0002bc36	93	D:\nt\private\crt32st\stdio\freopen.c	D:\nt\private\crt32st\stdio\freopen.c
1764	0x0002bc47	99	D:\nt\private\crt32st\stdio\freopen.c	D:\nt\private\crt32st\stdio\freopen.c
1765	0x0002bc4a	100	D:\nt\private\crt32st\stdio\freopen.c	D:\nt\private\crt32st\stdio\freopen.c
1766	0x0002bc5a	186	D:\nt\private\crt32st\stdio\fseek.c	D:\nt\private\crt32st\stdio\fseek.c
1767	0x0002bc60	196	D:\nt\private\crt32st\stdio\fseek.c	D:\nt\private\crt32st\stdio\fseek.c
1768	0x0002bc78	203	D:\nt\private\crt32st\stdio\fseek.c	D:\nt\private\crt32st\stdio\fseek.c
1769	0x0002bc7c	209	D:\nt\private\crt32st\stdio\fseek.c	D:\nt\private\crt32st\stdio\fseek.c
1770	0x0002bc81	210	D:\nt\private\crt32st\stdio\fseek.c	D:\nt\private\crt32st\stdio\fseek.c
1771	0x0002bc8f	211	D:\nt\private\crt32st\stdio\fseek.c	D:\nt\private\crt32st\stdio\fseek.c
1772	0x0002bc96	216	D:\nt\private\crt32st\stdio\fseek.c	D:\nt\private\crt32st\stdio\fseek.c
1773	0x0002bca1	221	D:\nt\private\crt32st\stdio\fseek.c	D:\nt\private\crt32st\stdio\fseek.c
1774	0x0002bcaa	222	D:\nt\private\crt32st\stdio\fseek.c	D:\nt\private\crt32st\stdio\fseek.c
1775	0x0002bcae	226	D:\nt\private\crt32st\stdio\fseek.c	D:\nt\private\crt32st\stdio\fseek.c
1776	0x0002bcca	197	D:\nt\private\crt32st\stdio\fseek.c	D:\nt\private\crt32st\stdio\fseek.c
1777	0x0002bcd4	198	D:\nt\private\crt32st\stdio\fseek.c	D:\nt\private\crt32st\stdio\fseek.c
1778	0x0002bcd9	227	D:\nt\private\crt32st\stdio\fseek.c	D:\nt\private\crt32st\stdio\fseek.c
1779	0x0002bcea	128	D:\nt\private\crt32st\stdio\ftell.c	D:\nt\private\crt32st\stdio\ftell.c
1780	0x0002bcf3	141	D:\nt\private\crt32st\stdio\ftell.c	D:\nt\private\crt32st\stdio\ftell.c
1781	0x0002bcf9	143	D:\nt\private\crt32st\stdio\ftell.c	D:\nt\private\crt32st\stdio\ftell.c
1782	0x0002bcff	144	D:\nt\private\crt32st\stdio\ftell.c	D:\nt\private\crt32st\stdio\ftell.c
1783	0x0002bd06	146	D:\nt\private\crt32st\stdio\ftell.c	D:\nt\private\crt32st\stdio\ftell.c
1784	0x0002bd1a	147	D:\nt\private\crt32st\stdio\ftell.c	D:\nt\private\crt32st\stdio\ftell.c
1785	0x0002bd26	149	D:\nt\private\crt32st\stdio\ftell.c	D:\nt\private\crt32st\stdio\ftell.c
1786	0x0002bd31	150	D:\nt\private\crt32st\stdio\ftell.c	D:\nt\private\crt32st\stdio\ftell.c
1787	0x0002bd3a	152	D:\nt\private\crt32st\stdio\ftell.c	D:\nt\private\crt32st\stdio\ftell.c
1788	0x0002bd44	154	D:\nt\private\crt32st\stdio\ftell.c	D:\nt\private\crt32st\stdio\ftell.c
1789	0x0002bd4a	155	D:\nt\private\crt32st\stdio\ftell.c	D:\nt\private\crt32st\stdio\ftell.c
1790	0x0002bd53	156	D:\nt\private\crt32st\stdio\ftell.c	D:\nt\private\crt32st\stdio\ftell.c
1791	0x0002bd62	157	D:\nt\private\crt32st\stdio\ftell.c	D:\nt\private\crt32st\stdio\ftell.c
1792	0x0002bd67	158	D:\nt\private\crt32st\stdio\ftell.c	D:\nt\private\crt32st\stdio\ftell.c
1793	0x0002bd68	156	D:\nt\private\crt32st\stdio\ftell.c	D:\nt\private\crt32st\stdio\ftell.c
1794	0x0002bd76	166	D:\nt\private\crt32st\stdio\ftell.c	D:\nt\private\crt32st\stdio\ftell.c
1795	0x0002bd7e	160	D:\nt\private\crt32st\stdio\ftell.c	D:\nt\private\crt32st\stdio\ftell.c
1796	0x0002bd84	161	D:\nt\private\crt32st\stdio\ftell.c	D:\nt\private\crt32st\stdio\ftell.c
1797	0x0002bd92	165	D:\nt\private\crt32st\stdio\ftell.c	D:\nt\private\crt32st\stdio\ftell.c
1798	0x0002bd95	168	D:\nt\private\crt32st\stdio\ftell.c	D:\nt\private\crt32st\stdio\ftell.c
1799	0x0002bd9f	170	D:\nt\private\crt32st\stdio\ftell.c	D:\nt\private\crt32st\stdio\ftell.c
1800	0x0002bda5	171	D:\nt\private\crt32st\stdio\ftell.c	D:\nt\private\crt32st\stdio\ftell.c
1801	0x0002bdac	173	D:\nt\private\crt32st\stdio\ftell.c	D:\nt\private\crt32st\stdio\ftell.c
1802	0x0002bdb2	180	D:\nt\private\crt32st\stdio\ftell.c	D:\nt\private\crt32st\stdio\ftell.c
1803	0x0002bdbd	184	D:\nt\private\crt32st\stdio\ftell.c	D:\nt\private\crt32st\stdio\ftell.c
1804	0x0002bdca	196	D:\nt\private\crt32st\stdio\ftell.c	D:\nt\private\crt32st\stdio\ftell.c
1805	0x0002bddc	199	D:\nt\private\crt32st\stdio\ftell.c	D:\nt\private\crt32st\stdio\ftell.c
1806	0x0002bdf0	200	D:\nt\private\crt32st\stdio\ftell.c	D:\nt\private\crt32st\stdio\ftell.c
1807	0x0002bdf5	202	D:\nt\private\crt32st\stdio\ftell.c	D:\nt\private\crt32st\stdio\ftell.c
1808	0x0002bdf6	199	D:\nt\private\crt32st\stdio\ftell.c	D:\nt\private\crt32st\stdio\ftell.c
1809	0x0002bdfb	208	D:\nt\private\crt32st\stdio\ftell.c	D:\nt\private\crt32st\stdio\ftell.c
1810	0x0002be14	214	D:\nt\private\crt32st\stdio\ftell.c	D:\nt\private\crt32st\stdio\ftell.c
1811	0x0002be22	215	D:\nt\private\crt32st\stdio\ftell.c	D:\nt\private\crt32st\stdio\ftell.c
1812	0x0002be28	222	D:\nt\private\crt32st\stdio\ftell.c	D:\nt\private\crt32st\stdio\ftell.c
1813	0x0002be34	223	D:\nt\private\crt32st\stdio\ftell.c	D:\nt\private\crt32st\stdio\ftell.c
1814	0x0002be35	228	D:\nt\private\crt32st\stdio\ftell.c	D:\nt\private\crt32st\stdio\ftell.c
1815	0x0002be38	232	D:\nt\private\crt32st\stdio\ftell.c	D:\nt\private\crt32st\stdio\ftell.c
1816	0x0002be3e	233	D:\nt\private\crt32st\stdio\ftell.c	D:\nt\private\crt32st\stdio\ftell.c
1817	0x0002be4a	105	D:\nt\private\crt32st\stdio\fwrite.c	D:\nt\private\crt32st\stdio\fwrite.c
1818	0x0002be56	115	D:\nt\private\crt32st\stdio\fwrite.c	D:\nt\private\crt32st\stdio\fwrite.c
1819	0x0002be5c	116	D:\nt\private\crt32st\stdio\fwrite.c	D:\nt\private\crt32st\stdio\fwrite.c
1820	0x0002be66	117	D:\nt\private\crt32st\stdio\fwrite.c	D:\nt\private\crt32st\stdio\fwrite.c
1821	0x0002be72	119	D:\nt\private\crt32st\stdio\fwrite.c	D:\nt\private\crt32st\stdio\fwrite.c
1822	0x0002be75	120	D:\nt\private\crt32st\stdio\fwrite.c	D:\nt\private\crt32st\stdio\fwrite.c
1823	0x0002be7d	122	D:\nt\private\crt32st\stdio\fwrite.c	D:\nt\private\crt32st\stdio\fwrite.c
1824	0x0002be82	125	D:\nt\private\crt32st\stdio\fwrite.c	D:\nt\private\crt32st\stdio\fwrite.c
1825	0x0002be90	127	D:\nt\private\crt32st\stdio\fwrite.c	D:\nt\private\crt32st\stdio\fwrite.c
1826	0x0002bea0	129	D:\nt\private\crt32st\stdio\fwrite.c	D:\nt\private\crt32st\stdio\fwrite.c
1827	0x0002beb0	130	D:\nt\private\crt32st\stdio\fwrite.c	D:\nt\private\crt32st\stdio\fwrite.c
1828	0x0002bec4	133	D:\nt\private\crt32st\stdio\fwrite.c	D:\nt\private\crt32st\stdio\fwrite.c
1829	0x0002beca	134	D:\nt\private\crt32st\stdio\fwrite.c	D:\nt\private\crt32st\stdio\fwrite.c
1830	0x0002becd	135	D:\nt\private\crt32st\stdio\fwrite.c	D:\nt\private\crt32st\stdio\fwrite.c
1831	0x0002becf	136	D:\nt\private\crt32st\stdio\fwrite.c	D:\nt\private\crt32st\stdio\fwrite.c
1832	0x0002bed2	138	D:\nt\private\crt32st\stdio\fwrite.c	D:\nt\private\crt32st\stdio\fwrite.c
1833	0x0002bee2	144	D:\nt\private\crt32st\stdio\fwrite.c	D:\nt\private\crt32st\stdio\fwrite.c
1834	0x0002beec	145	D:\nt\private\crt32st\stdio\fwrite.c	D:\nt\private\crt32st\stdio\fwrite.c
1835	0x0002bef9	156	D:\nt\private\crt32st\stdio\fwrite.c	D:\nt\private\crt32st\stdio\fwrite.c
1836	0x0002bf1f	164	D:\nt\private\crt32st\stdio\fwrite.c	D:\nt\private\crt32st\stdio\fwrite.c
1837	0x0002bf22	165	D:\nt\private\crt32st\stdio\fwrite.c	D:\nt\private\crt32st\stdio\fwrite.c
1838	0x0002bf25	167	D:\nt\private\crt32st\stdio\fwrite.c	D:\nt\private\crt32st\stdio\fwrite.c
1839	0x0002bf2a	169	D:\nt\private\crt32st\stdio\fwrite.c	D:\nt\private\crt32st\stdio\fwrite.c
1840	0x0002bf31	179	D:\nt\private\crt32st\stdio\fwrite.c	D:\nt\private\crt32st\stdio\fwrite.c
1841	0x0002bf42	177	D:\nt\private\crt32st\stdio\fwrite.c	D:\nt\private\crt32st\stdio\fwrite.c
1842	0x0002bf55	183	D:\nt\private\crt32st\stdio\fwrite.c	D:\nt\private\crt32st\stdio\fwrite.c
1843	0x0002bf58	184	D:\nt\private\crt32st\stdio\fwrite.c	D:\nt\private\crt32st\stdio\fwrite.c
1844	0x0002bf5b	187	D:\nt\private\crt32st\stdio\fwrite.c	D:\nt\private\crt32st\stdio\fwrite.c
1845	0x0002bf71	189	D:\nt\private\crt32st\stdio\fwrite.c	D:\nt\private\crt32st\stdio\fwrite.c
1846	0x0002bf7e	158	D:\nt\private\crt32st\stdio\fwrite.c	D:\nt\private\crt32st\stdio\fwrite.c
1847	0x0002bf86	192	D:\nt\private\crt32st\stdio\fwrite.c	D:\nt\private\crt32st\stdio\fwrite.c
1848	0x0002bf89	193	D:\nt\private\crt32st\stdio\fwrite.c	D:\nt\private\crt32st\stdio\fwrite.c
1849	0x0002c1ea	56	D:\nt\private\crt32st\misc\getenv.c	D:\nt\private\crt32st\misc\getenv.c
1850	0x0002c1f3	62	D:\nt\private\crt32st\misc\getenv.c	D:\nt\private\crt32st\misc\getenv.c
1851	0x0002c203	65	D:\nt\private\crt32st\misc\getenv.c	D:\nt\private\crt32st\misc\getenv.c
1852	0x0002c214	73	D:\nt\private\crt32st\misc\getenv.c	D:\nt\private\crt32st\misc\getenv.c
1853	0x0002c218	76	D:\nt\private\crt32st\misc\getenv.c	D:\nt\private\crt32st\misc\getenv.c
1854	0x0002c247	82	D:\nt\private\crt32st\misc\getenv.c	D:\nt\private\crt32st\misc\getenv.c
1855	0x0002c24f	85	D:\nt\private\crt32st\misc\getenv.c	D:\nt\private\crt32st\misc\getenv.c
1856	0x0002c256	78	D:\nt\private\crt32st\misc\getenv.c	D:\nt\private\crt32st\misc\getenv.c
1857	0x0002c25b	87	D:\nt\private\crt32st\misc\getenv.c	D:\nt\private\crt32st\misc\getenv.c
1858	0x0002c2ea	64	D:\nt\private\crt32st\time\localtim.c	D:\nt\private\crt32st\time\localtim.c
1859	0x0002c2f1	68	D:\nt\private\crt32st\time\localtim.c	D:\nt\private\crt32st\time\localtim.c
1860	0x0002c2f6	69	D:\nt\private\crt32st\time\localtim.c	D:\nt\private\crt32st\time\localtim.c
1861	0x0002c304	70	D:\nt\private\crt32st\time\localtim.c	D:\nt\private\crt32st\time\localtim.c
1862	0x0002c316	71	D:\nt\private\crt32st\time\localtim.c	D:\nt\private\crt32st\time\localtim.c
1863	0x0002c31e	72	D:\nt\private\crt32st\time\localtim.c	D:\nt\private\crt32st\time\localtim.c
1864	0x0002c334	73	D:\nt\private\crt32st\time\localtim.c	D:\nt\private\crt32st\time\localtim.c
1865	0x0002c33b	75	D:\nt\private\crt32st\time\localtim.c	D:\nt\private\crt32st\time\localtim.c
1866	0x0002c350	77	D:\nt\private\crt32st\time\localtim.c	D:\nt\private\crt32st\time\localtim.c
1867	0x0002c352	78	D:\nt\private\crt32st\time\localtim.c	D:\nt\private\crt32st\time\localtim.c
1868	0x0002c35a	79	D:\nt\private\crt32st\time\tzset.c	D:\nt\private\crt32st\time\tzset.c
1869	0x0002c363	81	D:\nt\private\crt32st\time\tzset.c	D:\nt\private\crt32st\time\tzset.c
1870	0x0002c368	82	D:\nt\private\crt32st\time\tzset.c	D:\nt\private\crt32st\time\tzset.c
1871	0x0002c36e	87	D:\nt\private\crt32st\time\tzset.c	D:\nt\private\crt32st\time\tzset.c
1872	0x0002c372	113	D:\nt\private\crt32st\time\tzset.c	D:\nt\private\crt32st\time\tzset.c
1873	0x0002c374	117	D:\nt\private\crt32st\time\tzset.c	D:\nt\private\crt32st\time\tzset.c
1874	0x0002c390	120	D:\nt\private\crt32st\time\tzset.c	D:\nt\private\crt32st\time\tzset.c
1875	0x0002c3a1	121	D:\nt\private\crt32st\time\tzset.c	D:\nt\private\crt32st\time\tzset.c
1876	0x0002c3b8	122	D:\nt\private\crt32st\time\tzset.c	D:\nt\private\crt32st\time\tzset.c
1877	0x0002c3d9	124	D:\nt\private\crt32st\time\tzset.c	D:\nt\private\crt32st\time\tzset.c
1878	0x0002c3df	125	D:\nt\private\crt32st\time\tzset.c	D:\nt\private\crt32st\time\tzset.c
1879	0x0002c3f2	126	D:\nt\private\crt32st\time\tzset.c	D:\nt\private\crt32st\time\tzset.c
1880	0x0002c3f6	127	D:\nt\private\crt32st\time\tzset.c	D:\nt\private\crt32st\time\tzset.c
1881	0x0002c3fe	128	D:\nt\private\crt32st\time\tzset.c	D:\nt\private\crt32st\time\tzset.c
1882	0x0002c40e	130	D:\nt\private\crt32st\time\tzset.c	D:\nt\private\crt32st\time\tzset.c
1883	0x0002c412	151	D:\nt\private\crt32st\time\tzset.c	D:\nt\private\crt32st\time\tzset.c
1884	0x0002c41b	159	D:\nt\private\crt32st\time\tzset.c	D:\nt\private\crt32st\time\tzset.c
1885	0x0002c42f	165	D:\nt\private\crt32st\time\tzset.c	D:\nt\private\crt32st\time\tzset.c
1886	0x0002c43b	166	D:\nt\private\crt32st\time\tzset.c	D:\nt\private\crt32st\time\tzset.c
1887	0x0002c446	200	D:\nt\private\crt32st\time\tzset.c	D:\nt\private\crt32st\time\tzset.c
1888	0x0002c45d	201	D:\nt\private\crt32st\time\tzset.c	D:\nt\private\crt32st\time\tzset.c
1889	0x0002c46a	202	D:\nt\private\crt32st\time\tzset.c	D:\nt\private\crt32st\time\tzset.c
1890	0x0002c46e	203	D:\nt\private\crt32st\time\tzset.c	D:\nt\private\crt32st\time\tzset.c
1891	0x0002c478	206	D:\nt\private\crt32st\time\tzset.c	D:\nt\private\crt32st\time\tzset.c
1892	0x0002c47d	207	D:\nt\private\crt32st\time\tzset.c	D:\nt\private\crt32st\time\tzset.c
1893	0x0002c47e	224	D:\nt\private\crt32st\time\tzset.c	D:\nt\private\crt32st\time\tzset.c
1894	0x0002c4ab	232	D:\nt\private\crt32st\time\tzset.c	D:\nt\private\crt32st\time\tzset.c
1895	0x0002c4db	160	D:\nt\private\crt32st\time\tzset.c	D:\nt\private\crt32st\time\tzset.c
1896	0x0002c4dd	233	D:\nt\private\crt32st\time\tzset.c	D:\nt\private\crt32st\time\tzset.c
1897	0x0002c4ea	65	D:\nt\private\crt32st\time\gmtime.c	D:\nt\private\crt32st\time\gmtime.c
1898	0x0002c4f6	99	D:\nt\private\crt32st\time\gmtime.c	D:\nt\private\crt32st\time\gmtime.c
1899	0x0002c4fe	100	D:\nt\private\crt32st\time\gmtime.c	D:\nt\private\crt32st\time\gmtime.c
1900	0x0002c506	144	D:\nt\private\crt32st\time\gmtime.c	D:\nt\private\crt32st\time\gmtime.c
1901	0x0002c538	152	D:\nt\private\crt32st\time\gmtime.c	D:\nt\private\crt32st\time\gmtime.c
1902	0x0002c53c	153	D:\nt\private\crt32st\time\gmtime.c	D:\nt\private\crt32st\time\gmtime.c
1903	0x0002c542	154	D:\nt\private\crt32st\time\gmtime.c	D:\nt\private\crt32st\time\gmtime.c
1904	0x0002c556	155	D:\nt\private\crt32st\time\gmtime.c	D:\nt\private\crt32st\time\gmtime.c
1905	0x0002c55c	156	D:\nt\private\crt32st\time\gmtime.c	D:\nt\private\crt32st\time\gmtime.c
1906	0x0002c55d	158	D:\nt\private\crt32st\time\gmtime.c	D:\nt\private\crt32st\time\gmtime.c
1907	0x0002c563	159	D:\nt\private\crt32st\time\gmtime.c	D:\nt\private\crt32st\time\gmtime.c
1908	0x0002c567	166	D:\nt\private\crt32st\time\gmtime.c	D:\nt\private\crt32st\time\gmtime.c
1909	0x0002c5aa	168	D:\nt\private\crt32st\time\gmtime.c	D:\nt\private\crt32st\time\gmtime.c
1910	0x0002c5af	169	D:\nt\private\crt32st\time\gmtime.c	D:\nt\private\crt32st\time\gmtime.c
1911	0x0002c5b2	171	D:\nt\private\crt32st\time\gmtime.c	D:\nt\private\crt32st\time\gmtime.c
1912	0x0002c5b7	176	D:\nt\private\crt32st\time\gmtime.c	D:\nt\private\crt32st\time\gmtime.c
1913	0x0002c5c1	177	D:\nt\private\crt32st\time\gmtime.c	D:\nt\private\crt32st\time\gmtime.c
1914	0x0002c5d2	178	D:\nt\private\crt32st\time\gmtime.c	D:\nt\private\crt32st\time\gmtime.c
1915	0x0002c5d9	179	D:\nt\private\crt32st\time\gmtime.c	D:\nt\private\crt32st\time\gmtime.c
1916	0x0002c603	181	D:\nt\private\crt32st\time\gmtime.c	D:\nt\private\crt32st\time\gmtime.c
1917	0x0002c620	182	D:\nt\private\crt32st\time\gmtime.c	D:\nt\private\crt32st\time\gmtime.c
1918	0x0002c631	184	D:\nt\private\crt32st\time\gmtime.c	D:\nt\private\crt32st\time\gmtime.c
1919	0x0002c649	185	D:\nt\private\crt32st\time\gmtime.c	D:\nt\private\crt32st\time\gmtime.c
1920	0x0002c654	190	D:\nt\private\crt32st\time\gmtime.c	D:\nt\private\crt32st\time\gmtime.c
1921	0x0002c67a	192	D:\nt\private\crt32st\time\gmtime.c	D:\nt\private\crt32st\time\gmtime.c
1922	0x0002c684	193	D:\nt\private\crt32st\time\gmtime.c	D:\nt\private\crt32st\time\gmtime.c
1923	0x0002c689	195	D:\nt\private\crt32st\time\gmtime.c	D:\nt\private\crt32st\time\gmtime.c
1924	0x0002c69a	248	D:\nt\private\crt32st\heap\malloc.c	D:\nt\private\crt32st\heap\malloc.c
1925	0x0002c6a2	264	D:\nt\private\crt32st\heap\malloc.c	D:\nt\private\crt32st\heap\malloc.c
1926	0x0002c6b9	265	D:\nt\private\crt32st\heap\malloc.c	D:\nt\private\crt32st\heap\malloc.c
1927	0x0002c6c5	270	D:\nt\private\crt32st\heap\malloc.c	D:\nt\private\crt32st\heap\malloc.c
1928	0x0002c6d4	274	D:\nt\private\crt32st\heap\malloc.c	D:\nt\private\crt32st\heap\malloc.c
1929	0x0002c6d9	276	D:\nt\private\crt32st\heap\malloc.c	D:\nt\private\crt32st\heap\malloc.c
1930	0x0002c6de	277	D:\nt\private\crt32st\heap\malloc.c	D:\nt\private\crt32st\heap\malloc.c
1931	0x0002c6e6	283	D:\nt\private\crt32st\heap\malloc.c	D:\nt\private\crt32st\heap\malloc.c
1932	0x0002c6fd	287	D:\nt\private\crt32st\heap\malloc.c	D:\nt\private\crt32st\heap\malloc.c
1933	0x0002c707	288	D:\nt\private\crt32st\heap\malloc.c	D:\nt\private\crt32st\heap\malloc.c
1934	0x0002c715	293	D:\nt\private\crt32st\heap\malloc.c	D:\nt\private\crt32st\heap\malloc.c
1935	0x0002c71e	303	D:\nt\private\crt32st\heap\malloc.c	D:\nt\private\crt32st\heap\malloc.c
1936	0x0002c725	307	D:\nt\private\crt32st\heap\malloc.c	D:\nt\private\crt32st\heap\malloc.c
1937	0x0002c72e	308	D:\nt\private\crt32st\heap\malloc.c	D:\nt\private\crt32st\heap\malloc.c
1938	0x0002c732	344	D:\nt\private\crt32st\heap\malloc.c	D:\nt\private\crt32st\heap\malloc.c
1939	0x0002c73d	353	D:\nt\private\crt32st\heap\malloc.c	D:\nt\private\crt32st\heap\malloc.c
1940	0x0002c754	356	D:\nt\private\crt32st\heap\malloc.c	D:\nt\private\crt32st\heap\malloc.c
1941	0x0002c771	363	D:\nt\private\crt32st\heap\malloc.c	D:\nt\private\crt32st\heap\malloc.c
1942	0x0002c781	364	D:\nt\private\crt32st\heap\malloc.c	D:\nt\private\crt32st\heap\malloc.c
1943	0x0002c785	365	D:\nt\private\crt32st\heap\malloc.c	D:\nt\private\crt32st\heap\malloc.c
1944	0x0002c787	367	D:\nt\private\crt32st\heap\malloc.c	D:\nt\private\crt32st\heap\malloc.c
1945	0x0002c79a	63	D:\nt\private\crt32st\heap\heapgrow.c	D:\nt\private\crt32st\heap\heapgrow.c
1946	0x0002c7a2	65	D:\nt\private\crt32st\heap\heapgrow.c	D:\nt\private\crt32st\heap\heapgrow.c
1947	0x0002c7a7	72	D:\nt\private\crt32st\heap\heapgrow.c	D:\nt\private\crt32st\heap\heapgrow.c
1948	0x0002c7b7	81	D:\nt\private\crt32st\heap\heapgrow.c	D:\nt\private\crt32st\heap\heapgrow.c
1949	0x0002c7ca	94	D:\nt\private\crt32st\heap\heapgrow.c	D:\nt\private\crt32st\heap\heapgrow.c
1950	0x0002c7d5	100	D:\nt\private\crt32st\heap\heapgrow.c	D:\nt\private\crt32st\heap\heapgrow.c
1951	0x0002c7d7	81	D:\nt\private\crt32st\heap\heapgrow.c	D:\nt\private\crt32st\heap\heapgrow.c
1952	0x0002c7e3	112	D:\nt\private\crt32st\heap\heapgrow.c	D:\nt\private\crt32st\heap\heapgrow.c
1953	0x0002c7e7	118	D:\nt\private\crt32st\heap\heapgrow.c	D:\nt\private\crt32st\heap\heapgrow.c
1954	0x0002c7f2	90	D:\nt\private\crt32st\heap\heapgrow.c	D:\nt\private\crt32st\heap\heapgrow.c
1955	0x0002c802	125	D:\nt\private\crt32st\heap\heapgrow.c	D:\nt\private\crt32st\heap\heapgrow.c
1956	0x0002c807	127	D:\nt\private\crt32st\heap\heapgrow.c	D:\nt\private\crt32st\heap\heapgrow.c
1957	0x0002c80e	160	D:\nt\private\crt32st\heap\heapgrow.c	D:\nt\private\crt32st\heap\heapgrow.c
1958	0x0002c814	200	D:\nt\private\crt32st\heap\heapgrow.c	D:\nt\private\crt32st\heap\heapgrow.c
1959	0x0002c82b	201	D:\nt\private\crt32st\heap\heapgrow.c	D:\nt\private\crt32st\heap\heapgrow.c
1960	0x0002c831	217	D:\nt\private\crt32st\heap\heapgrow.c	D:\nt\private\crt32st\heap\heapgrow.c
1961	0x0002c84a	239	D:\nt\private\crt32st\heap\heapgrow.c	D:\nt\private\crt32st\heap\heapgrow.c
1962	0x0002c85c	240	D:\nt\private\crt32st\heap\heapgrow.c	D:\nt\private\crt32st\heap\heapgrow.c
1963	0x0002c865	241	D:\nt\private\crt32st\heap\heapgrow.c	D:\nt\private\crt32st\heap\heapgrow.c
1964	0x0002c86f	248	D:\nt\private\crt32st\heap\heapgrow.c	D:\nt\private\crt32st\heap\heapgrow.c
1965	0x0002c881	255	D:\nt\private\crt32st\heap\heapgrow.c	D:\nt\private\crt32st\heap\heapgrow.c
1966	0x0002c88c	256	D:\nt\private\crt32st\heap\heapgrow.c	D:\nt\private\crt32st\heap\heapgrow.c
1967	0x0002c88e	265	D:\nt\private\crt32st\heap\heapgrow.c	D:\nt\private\crt32st\heap\heapgrow.c
1968	0x0002c892	272	D:\nt\private\crt32st\heap\heapgrow.c	D:\nt\private\crt32st\heap\heapgrow.c
1969	0x0002c897	274	D:\nt\private\crt32st\heap\heapgrow.c	D:\nt\private\crt32st\heap\heapgrow.c
1970	0x0002c89a	303	D:\nt\private\crt32st\heap\heapgrow.c	D:\nt\private\crt32st\heap\heapgrow.c
1971	0x0002c8a6	317	D:\nt\private\crt32st\heap\heapgrow.c	D:\nt\private\crt32st\heap\heapgrow.c
1972	0x0002c8c3	320	D:\nt\private\crt32st\heap\heapgrow.c	D:\nt\private\crt32st\heap\heapgrow.c
1973	0x0002c8ce	326	D:\nt\private\crt32st\heap\heapgrow.c	D:\nt\private\crt32st\heap\heapgrow.c
1974	0x0002c8d6	338	D:\nt\private\crt32st\heap\heapgrow.c	D:\nt\private\crt32st\heap\heapgrow.c
1975	0x0002c909	339	D:\nt\private\crt32st\heap\heapgrow.c	D:\nt\private\crt32st\heap\heapgrow.c
1976	0x0002c90c	374	D:\nt\private\crt32st\heap\heapgrow.c	D:\nt\private\crt32st\heap\heapgrow.c
1977	0x0002c934	380	D:\nt\private\crt32st\heap\heapgrow.c	D:\nt\private\crt32st\heap\heapgrow.c
1978	0x0002c939	383	D:\nt\private\crt32st\heap\heapgrow.c	D:\nt\private\crt32st\heap\heapgrow.c
1979	0x0002c93e	390	D:\nt\private\crt32st\heap\heapgrow.c	D:\nt\private\crt32st\heap\heapgrow.c
1980	0x0002c946	407	D:\nt\private\crt32st\heap\heapgrow.c	D:\nt\private\crt32st\heap\heapgrow.c
1981	0x0002c956	408	D:\nt\private\crt32st\heap\heapgrow.c	D:\nt\private\crt32st\heap\heapgrow.c
1982	0x0002c95b	416	D:\nt\private\crt32st\heap\heapgrow.c	D:\nt\private\crt32st\heap\heapgrow.c
1983	0x0002c962	423	D:\nt\private\crt32st\heap\heapgrow.c	D:\nt\private\crt32st\heap\heapgrow.c
1984	0x0002c967	425	D:\nt\private\crt32st\heap\heapgrow.c	D:\nt\private\crt32st\heap\heapgrow.c
1985	0x0002c96e	448	D:\nt\private\crt32st\heap\heapgrow.c	D:\nt\private\crt32st\heap\heapgrow.c
1986	0x0002c978	463	D:\nt\private\crt32st\heap\heapgrow.c	D:\nt\private\crt32st\heap\heapgrow.c
1987	0x0002c99c	464	D:\nt\private\crt32st\heap\heapgrow.c	D:\nt\private\crt32st\heap\heapgrow.c
1988	0x0002c9a1	486	D:\nt\private\crt32st\heap\heapgrow.c	D:\nt\private\crt32st\heap\heapgrow.c
1989	0x0002c9ae	488	D:\nt\private\crt32st\heap\heapgrow.c	D:\nt\private\crt32st\heap\heapgrow.c
1990	0x0002c9bc	490	D:\nt\private\crt32st\heap\heapgrow.c	D:\nt\private\crt32st\heap\heapgrow.c
1991	0x0002c9d0	74	D:\nt\private\crt32st\heap\heapadd.c	D:\nt\private\crt32st\heap\heapadd.c
1992	0x0002c9d6	84	D:\nt\private\crt32st\heap\heapadd.c	D:\nt\private\crt32st\heap\heapadd.c
1993	0x0002c9e7	95	D:\nt\private\crt32st\heap\heapadd.c	D:\nt\private\crt32st\heap\heapadd.c
1994	0x0002c9f4	85	D:\nt\private\crt32st\heap\heapadd.c	D:\nt\private\crt32st\heap\heapadd.c
1995	0x0002c9f9	97	D:\nt\private\crt32st\heap\heapadd.c	D:\nt\private\crt32st\heap\heapadd.c
1996	0x0002c9fc	126	D:\nt\private\crt32st\heap\heapadd.c	D:\nt\private\crt32st\heap\heapadd.c
1997	0x0002ca08	147	D:\nt\private\crt32st\heap\heapadd.c	D:\nt\private\crt32st\heap\heapadd.c
1998	0x0002ca1b	149	D:\nt\private\crt32st\heap\heapadd.c	D:\nt\private\crt32st\heap\heapadd.c
1999	0x0002ca2c	152	D:\nt\private\crt32st\heap\heapadd.c	D:\nt\private\crt32st\heap\heapadd.c
2000	0x0002ca2f	155	D:\nt\private\crt32st\heap\heapadd.c	D:\nt\private\crt32st\heap\heapadd.c
2001	0x0002ca34	156	D:\nt\private\crt32st\heap\heapadd.c	D:\nt\private\crt32st\heap\heapadd.c
2002	0x0002ca51	159	D:\nt\private\crt32st\heap\heapadd.c	D:\nt\private\crt32st\heap\heapadd.c
2003	0x0002ca54	160	D:\nt\private\crt32st\heap\heapadd.c	D:\nt\private\crt32st\heap\heapadd.c
2004	0x0002ca5e	161	D:\nt\private\crt32st\heap\heapadd.c	D:\nt\private\crt32st\heap\heapadd.c
2005	0x0002ca60	171	D:\nt\private\crt32st\heap\heapadd.c	D:\nt\private\crt32st\heap\heapadd.c
2006	0x0002ca62	284	D:\nt\private\crt32st\heap\heapadd.c	D:\nt\private\crt32st\heap\heapadd.c
2007	0x0002ca7c	268	D:\nt\private\crt32st\heap\heapadd.c	D:\nt\private\crt32st\heap\heapadd.c
2008	0x0002ca8d	314	D:\nt\private\crt32st\heap\heapadd.c	D:\nt\private\crt32st\heap\heapadd.c
2009	0x0002ca9a	316	D:\nt\private\crt32st\heap\heapadd.c	D:\nt\private\crt32st\heap\heapadd.c
2010	0x0002caa4	271	D:\nt\private\crt32st\heap\heapadd.c	D:\nt\private\crt32st\heap\heapadd.c
2011	0x0002cab5	272	D:\nt\private\crt32st\heap\heapadd.c	D:\nt\private\crt32st\heap\heapadd.c
2012	0x0002cad0	174	D:\nt\private\crt32st\heap\heapadd.c	D:\nt\private\crt32st\heap\heapadd.c
2013	0x0002cad3	180	D:\nt\private\crt32st\heap\heapadd.c	D:\nt\private\crt32st\heap\heapadd.c
2014	0x0002cade	181	D:\nt\private\crt32st\heap\heapadd.c	D:\nt\private\crt32st\heap\heapadd.c
2015	0x0002caed	184	D:\nt\private\crt32st\heap\heapadd.c	D:\nt\private\crt32st\heap\heapadd.c
2016	0x0002caf9	186	D:\nt\private\crt32st\heap\heapadd.c	D:\nt\private\crt32st\heap\heapadd.c
2017	0x0002cb03	210	D:\nt\private\crt32st\heap\heapadd.c	D:\nt\private\crt32st\heap\heapadd.c
2018	0x0002cb19	211	D:\nt\private\crt32st\heap\heapadd.c	D:\nt\private\crt32st\heap\heapadd.c
2019	0x0002cb1e	213	D:\nt\private\crt32st\heap\heapadd.c	D:\nt\private\crt32st\heap\heapadd.c
2020	0x0002cb31	220	D:\nt\private\crt32st\heap\heapadd.c	D:\nt\private\crt32st\heap\heapadd.c
2021	0x0002cb3c	221	D:\nt\private\crt32st\heap\heapadd.c	D:\nt\private\crt32st\heap\heapadd.c
2022	0x0002cb45	229	D:\nt\private\crt32st\heap\heapadd.c	D:\nt\private\crt32st\heap\heapadd.c
2023	0x0002cb55	230	D:\nt\private\crt32st\heap\heapadd.c	D:\nt\private\crt32st\heap\heapadd.c
2024	0x0002cb58	195	D:\nt\private\crt32st\heap\heapadd.c	D:\nt\private\crt32st\heap\heapadd.c
2025	0x0002cb6c	249	D:\nt\private\crt32st\heap\heapadd.c	D:\nt\private\crt32st\heap\heapadd.c
2026	0x0002cb77	252	D:\nt\private\crt32st\heap\heapadd.c	D:\nt\private\crt32st\heap\heapadd.c
2027	0x0002cb85	254	D:\nt\private\crt32st\heap\heapadd.c	D:\nt\private\crt32st\heap\heapadd.c
2028	0x0002cb88	255	D:\nt\private\crt32st\heap\heapadd.c	D:\nt\private\crt32st\heap\heapadd.c
2029	0x0002cb96	297	D:\nt\private\crt32st\heap\heapadd.c	D:\nt\private\crt32st\heap\heapadd.c
2030	0x0002cbc1	298	D:\nt\private\crt32st\heap\heapadd.c	D:\nt\private\crt32st\heap\heapadd.c
2031	0x0002cbc7	307	D:\nt\private\crt32st\heap\heapadd.c	D:\nt\private\crt32st\heap\heapadd.c
2032	0x0002cbc9	318	D:\nt\private\crt32st\heap\heapadd.c	D:\nt\private\crt32st\heap\heapadd.c
2033	0x0002cbd0	352	D:\nt\private\crt32st\heap\heapadd.c	D:\nt\private\crt32st\heap\heapadd.c
2034	0x0002cbde	363	D:\nt\private\crt32st\heap\heapadd.c	D:\nt\private\crt32st\heap\heapadd.c
2035	0x0002cbec	366	D:\nt\private\crt32st\heap\heapadd.c	D:\nt\private\crt32st\heap\heapadd.c
2036	0x0002cbfa	368	D:\nt\private\crt32st\heap\heapadd.c	D:\nt\private\crt32st\heap\heapadd.c
2037	0x0002cc0e	369	D:\nt\private\crt32st\heap\heapadd.c	D:\nt\private\crt32st\heap\heapadd.c
2038	0x0002cc14	377	D:\nt\private\crt32st\heap\heapadd.c	D:\nt\private\crt32st\heap\heapadd.c
2039	0x0002cc17	378	D:\nt\private\crt32st\heap\heapadd.c	D:\nt\private\crt32st\heap\heapadd.c
2040	0x0002cc22	380	D:\nt\private\crt32st\heap\heapadd.c	D:\nt\private\crt32st\heap\heapadd.c
2041	0x0002cc2c	396	D:\nt\private\crt32st\heap\heapadd.c	D:\nt\private\crt32st\heap\heapadd.c
2042	0x0002cc49	398	D:\nt\private\crt32st\heap\heapadd.c	D:\nt\private\crt32st\heap\heapadd.c
2043	0x0002cc4f	399	D:\nt\private\crt32st\heap\heapadd.c	D:\nt\private\crt32st\heap\heapadd.c
2044	0x0002cc57	401	D:\nt\private\crt32st\heap\heapadd.c	D:\nt\private\crt32st\heap\heapadd.c
2045	0x0002cc59	402	D:\nt\private\crt32st\heap\heapadd.c	D:\nt\private\crt32st\heap\heapadd.c
2046	0x0002cc5b	411	D:\nt\private\crt32st\heap\heapadd.c	D:\nt\private\crt32st\heap\heapadd.c
2047	0x0002cc5d	413	D:\nt\private\crt32st\heap\heapadd.c	D:\nt\private\crt32st\heap\heapadd.c
2048	0x0002cc70	60	D:\nt\private\crt32st\heap\findaddr.c	D:\nt\private\crt32st\heap\findaddr.c
2049	0x0002cc73	67	D:\nt\private\crt32st\heap\findaddr.c	D:\nt\private\crt32st\heap\findaddr.c
2050	0x0002cc7f	68	D:\nt\private\crt32st\heap\findaddr.c	D:\nt\private\crt32st\heap\findaddr.c
2051	0x0002cc88	74	D:\nt\private\crt32st\heap\findaddr.c	D:\nt\private\crt32st\heap\findaddr.c
2052	0x0002cc9a	75	D:\nt\private\crt32st\heap\findaddr.c	D:\nt\private\crt32st\heap\findaddr.c
2053	0x0002cca4	77	D:\nt\private\crt32st\heap\findaddr.c	D:\nt\private\crt32st\heap\findaddr.c
2054	0x0002ccb0	78	D:\nt\private\crt32st\heap\findaddr.c	D:\nt\private\crt32st\heap\findaddr.c
2055	0x0002ccc0	88	D:\nt\private\crt32st\heap\findaddr.c	D:\nt\private\crt32st\heap\findaddr.c
2056	0x0002ccce	97	D:\nt\private\crt32st\heap\findaddr.c	D:\nt\private\crt32st\heap\findaddr.c
2057	0x0002cce1	108	D:\nt\private\crt32st\heap\findaddr.c	D:\nt\private\crt32st\heap\findaddr.c
2058	0x0002ccf0	60	D:\nt\private\crt32st\heap\heapsrch.c	D:\nt\private\crt32st\heap\heapsrch.c
2059	0x0002ccf8	63	D:\nt\private\crt32st\heap\heapsrch.c	D:\nt\private\crt32st\heap\heapsrch.c
2060	0x0002ccfa	71	D:\nt\private\crt32st\heap\heapsrch.c	D:\nt\private\crt32st\heap\heapsrch.c
2061	0x0002cd0b	74	D:\nt\private\crt32st\heap\heapsrch.c	D:\nt\private\crt32st\heap\heapsrch.c
2062	0x0002cd19	80	D:\nt\private\crt32st\heap\heapsrch.c	D:\nt\private\crt32st\heap\heapsrch.c
2063	0x0002cd34	88	D:\nt\private\crt32st\heap\heapsrch.c	D:\nt\private\crt32st\heap\heapsrch.c
2064	0x0002cd36	89	D:\nt\private\crt32st\heap\heapsrch.c	D:\nt\private\crt32st\heap\heapsrch.c
2065	0x0002cd46	92	D:\nt\private\crt32st\heap\heapsrch.c	D:\nt\private\crt32st\heap\heapsrch.c
2066	0x0002cd4a	93	D:\nt\private\crt32st\heap\heapsrch.c	D:\nt\private\crt32st\heap\heapsrch.c
2067	0x0002cd57	95	D:\nt\private\crt32st\heap\heapsrch.c	D:\nt\private\crt32st\heap\heapsrch.c
2068	0x0002cd5c	71	D:\nt\private\crt32st\heap\heapsrch.c	D:\nt\private\crt32st\heap\heapsrch.c
2069	0x0002cd66	102	D:\nt\private\crt32st\heap\heapsrch.c	D:\nt\private\crt32st\heap\heapsrch.c
2070	0x0002cd7b	105	D:\nt\private\crt32st\heap\heapsrch.c	D:\nt\private\crt32st\heap\heapsrch.c
2071	0x0002cd89	111	D:\nt\private\crt32st\heap\heapsrch.c	D:\nt\private\crt32st\heap\heapsrch.c
2072	0x0002cda0	119	D:\nt\private\crt32st\heap\heapsrch.c	D:\nt\private\crt32st\heap\heapsrch.c
2073	0x0002cda2	120	D:\nt\private\crt32st\heap\heapsrch.c	D:\nt\private\crt32st\heap\heapsrch.c
2074	0x0002cdb2	123	D:\nt\private\crt32st\heap\heapsrch.c	D:\nt\private\crt32st\heap\heapsrch.c
2075	0x0002cdb6	124	D:\nt\private\crt32st\heap\heapsrch.c	D:\nt\private\crt32st\heap\heapsrch.c
2076	0x0002cdc3	130	D:\nt\private\crt32st\heap\heapsrch.c	D:\nt\private\crt32st\heap\heapsrch.c
2077	0x0002cde0	132	D:\nt\private\crt32st\heap\heapsrch.c	D:\nt\private\crt32st\heap\heapsrch.c
2078	0x0002cde6	133	D:\nt\private\crt32st\heap\heapsrch.c	D:\nt\private\crt32st\heap\heapsrch.c
2079	0x0002cdfd	134	D:\nt\private\crt32st\heap\heapsrch.c	D:\nt\private\crt32st\heap\heapsrch.c
2080	0x0002cdff	149	D:\nt\private\crt32st\heap\heapsrch.c	D:\nt\private\crt32st\heap\heapsrch.c
2081	0x0002ce01	150	D:\nt\private\crt32st\heap\heapsrch.c	D:\nt\private\crt32st\heap\heapsrch.c
2082	0x0002ce10	50	D:\nt\private\crt32st\string\memchr.c	D:\nt\private\crt32st\string\memchr.c
2083	0x0002ce17	51	D:\nt\private\crt32st\string\memchr.c	D:\nt\private\crt32st\string\memchr.c
2084	0x0002ce28	52	D:\nt\private\crt32st\string\memchr.c	D:\nt\private\crt32st\string\memchr.c
2085	0x0002ce29	54	D:\nt\private\crt32st\string\memchr.c	D:\nt\private\crt32st\string\memchr.c
2086	0x0002ce2c	56	D:\nt\private\crt32st\string\memchr.c	D:\nt\private\crt32st\string\memchr.c
2087	0x0002ce42	57	D:\nt\private\crt32st\string\memchr.c	D:\nt\private\crt32st\string\memchr.c
2088	0x0002ce50	50	D:\nt\private\crt32st\string\memmove.c	D:\nt\private\crt32st\string\memmove.c
2089	0x0002ce5e	60	D:\nt\private\crt32st\string\memmove.c	D:\nt\private\crt32st\string\memmove.c
2090	0x0002ce6f	76	D:\nt\private\crt32st\string\memmove.c	D:\nt\private\crt32st\string\memmove.c
2091	0x0002ce74	77	D:\nt\private\crt32st\string\memmove.c	D:\nt\private\crt32st\string\memmove.c
2092	0x0002ce7b	79	D:\nt\private\crt32st\string\memmove.c	D:\nt\private\crt32st\string\memmove.c
2093	0x0002ce82	80	D:\nt\private\crt32st\string\memmove.c	D:\nt\private\crt32st\string\memmove.c
2094	0x0002ce88	83	D:\nt\private\crt32st\string\memmove.c	D:\nt\private\crt32st\string\memmove.c
2095	0x0002ce8f	65	D:\nt\private\crt32st\string\memmove.c	D:\nt\private\crt32st\string\memmove.c
2096	0x0002ce96	66	D:\nt\private\crt32st\string\memmove.c	D:\nt\private\crt32st\string\memmove.c
2097	0x0002ce9c	69	D:\nt\private\crt32st\string\memmove.c	D:\nt\private\crt32st\string\memmove.c
2098	0x0002cea0	87	D:\nt\private\crt32st\string\memmove.c	D:\nt\private\crt32st\string\memmove.c
2099	0x0002cea2	88	D:\nt\private\crt32st\string\memmove.c	D:\nt\private\crt32st\string\memmove.c
2100	0x0002ceb0	52	D:\nt\private\crt32st\string\memset.c	D:\nt\private\crt32st\string\memset.c
2101	0x0002cebb	53	D:\nt\private\crt32st\string\memset.c	D:\nt\private\crt32st\string\memset.c
2102	0x0002cec3	62	D:\nt\private\crt32st\string\memset.c	D:\nt\private\crt32st\string\memset.c
2103	0x0002cec8	63	D:\nt\private\crt32st\string\memset.c	D:\nt\private\crt32st\string\memset.c
2104	0x0002cece	65	D:\nt\private\crt32st\string\memset.c	D:\nt\private\crt32st\string\memset.c
2105	0x0002ced5	68	D:\nt\private\crt32st\string\memset.c	D:\nt\private\crt32st\string\memset.c
2106	0x0002ced7	69	D:\nt\private\crt32st\string\memset.c	D:\nt\private\crt32st\string\memset.c
2107	0x0002cf60	58	D:\nt\private\crt32st\misc\perror.c	D:\nt\private\crt32st\misc\perror.c
2108	0x0002cf6b	63	D:\nt\private\crt32st\misc\perror.c	D:\nt\private\crt32st\misc\perror.c
2109	0x0002cf74	65	D:\nt\private\crt32st\misc\perror.c	D:\nt\private\crt32st\misc\perror.c
2110	0x0002cf8e	66	D:\nt\private\crt32st\misc\perror.c	D:\nt\private\crt32st\misc\perror.c
2111	0x0002cf9f	69	D:\nt\private\crt32st\misc\perror.c	D:\nt\private\crt32st\misc\perror.c
2112	0x0002cfcc	70	D:\nt\private\crt32st\misc\perror.c	D:\nt\private\crt32st\misc\perror.c
2113	0x0002cfe8	71	D:\nt\private\crt32st\misc\perror.c	D:\nt\private\crt32st\misc\perror.c
2114	0x0002cff9	74	D:\nt\private\crt32st\misc\perror.c	D:\nt\private\crt32st\misc\perror.c
2115	0x0002d000	64	D:\nt\private\crt32st\stdio\printf.c	D:\nt\private\crt32st\stdio\printf.c
2116	0x0002d005	83	D:\nt\private\crt32st\stdio\printf.c	D:\nt\private\crt32st\stdio\printf.c
2117	0x0002d014	85	D:\nt\private\crt32st\stdio\printf.c	D:\nt\private\crt32st\stdio\printf.c
2118	0x0002d02a	87	D:\nt\private\crt32st\stdio\printf.c	D:\nt\private\crt32st\stdio\printf.c
2119	0x0002d038	91	D:\nt\private\crt32st\stdio\printf.c	D:\nt\private\crt32st\stdio\printf.c
2120	0x0002d03a	92	D:\nt\private\crt32st\stdio\printf.c	D:\nt\private\crt32st\stdio\printf.c
2121	0x0002d040	60	D:\nt\private\crt32st\stdio\rewind.c	D:\nt\private\crt32st\stdio\rewind.c
2122	0x0002d047	72	D:\nt\private\crt32st\stdio\rewind.c	D:\nt\private\crt32st\stdio\rewind.c
2123	0x0002d050	81	D:\nt\private\crt32st\stdio\rewind.c	D:\nt\private\crt32st\stdio\rewind.c
2124	0x0002d059	84	D:\nt\private\crt32st\stdio\rewind.c	D:\nt\private\crt32st\stdio\rewind.c
2125	0x0002d062	85	D:\nt\private\crt32st\stdio\rewind.c	D:\nt\private\crt32st\stdio\rewind.c
2126	0x0002d06c	89	D:\nt\private\crt32st\stdio\rewind.c	D:\nt\private\crt32st\stdio\rewind.c
2127	0x0002d072	90	D:\nt\private\crt32st\stdio\rewind.c	D:\nt\private\crt32st\stdio\rewind.c
2128	0x0002d076	93	D:\nt\private\crt32st\stdio\rewind.c	D:\nt\private\crt32st\stdio\rewind.c
2129	0x0002d085	97	D:\nt\private\crt32st\stdio\rewind.c	D:\nt\private\crt32st\stdio\rewind.c
2130	0x0002d090	81	D:\nt\private\crt32st\stdio\setvbuf.c	D:\nt\private\crt32st\stdio\setvbuf.c
2131	0x0002d09b	86	D:\nt\private\crt32st\stdio\setvbuf.c	D:\nt\private\crt32st\stdio\setvbuf.c
2132	0x0002d0a2	95	D:\nt\private\crt32st\stdio\setvbuf.c	D:\nt\private\crt32st\stdio\setvbuf.c
2133	0x0002d0bf	96	D:\nt\private\crt32st\stdio\setvbuf.c	D:\nt\private\crt32st\stdio\setvbuf.c
2134	0x0002d0c8	101	D:\nt\private\crt32st\stdio\setvbuf.c	D:\nt\private\crt32st\stdio\setvbuf.c
2135	0x0002d0ca	114	D:\nt\private\crt32st\stdio\setvbuf.c	D:\nt\private\crt32st\stdio\setvbuf.c
2136	0x0002d0d6	115	D:\nt\private\crt32st\stdio\setvbuf.c	D:\nt\private\crt32st\stdio\setvbuf.c
2137	0x0002d0df	124	D:\nt\private\crt32st\stdio\setvbuf.c	D:\nt\private\crt32st\stdio\setvbuf.c
2138	0x0002d0ea	129	D:\nt\private\crt32st\stdio\setvbuf.c	D:\nt\private\crt32st\stdio\setvbuf.c
2139	0x0002d0f2	130	D:\nt\private\crt32st\stdio\setvbuf.c	D:\nt\private\crt32st\stdio\setvbuf.c
2140	0x0002d0f6	131	D:\nt\private\crt32st\stdio\setvbuf.c	D:\nt\private\crt32st\stdio\setvbuf.c
2141	0x0002d0f9	132	D:\nt\private\crt32st\stdio\setvbuf.c	D:\nt\private\crt32st\stdio\setvbuf.c
2142	0x0002d100	146	D:\nt\private\crt32st\stdio\setvbuf.c	D:\nt\private\crt32st\stdio\setvbuf.c
2143	0x0002d10b	147	D:\nt\private\crt32st\stdio\setvbuf.c	D:\nt\private\crt32st\stdio\setvbuf.c
2144	0x0002d11c	152	D:\nt\private\crt32st\stdio\setvbuf.c	D:\nt\private\crt32st\stdio\setvbuf.c
2145	0x0002d122	154	D:\nt\private\crt32st\stdio\setvbuf.c	D:\nt\private\crt32st\stdio\setvbuf.c
2146	0x0002d129	155	D:\nt\private\crt32st\stdio\setvbuf.c	D:\nt\private\crt32st\stdio\setvbuf.c
2147	0x0002d12c	157	D:\nt\private\crt32st\stdio\setvbuf.c	D:\nt\private\crt32st\stdio\setvbuf.c
2148	0x0002d130	163	D:\nt\private\crt32st\stdio\setvbuf.c	D:\nt\private\crt32st\stdio\setvbuf.c
2149	0x0002d134	164	D:\nt\private\crt32st\stdio\setvbuf.c	D:\nt\private\crt32st\stdio\setvbuf.c
2150	0x0002d138	170	D:\nt\private\crt32st\stdio\setvbuf.c	D:\nt\private\crt32st\stdio\setvbuf.c
2151	0x0002d13e	171	D:\nt\private\crt32st\stdio\setvbuf.c	D:\nt\private\crt32st\stdio\setvbuf.c
2152	0x0002d143	172	D:\nt\private\crt32st\stdio\setvbuf.c	D:\nt\private\crt32st\stdio\setvbuf.c
2153	0x0002d14a	175	D:\nt\private\crt32st\stdio\setvbuf.c	D:\nt\private\crt32st\stdio\setvbuf.c
2154	0x0002d14d	176	D:\nt\private\crt32st\stdio\setvbuf.c	D:\nt\private\crt32st\stdio\setvbuf.c
2155	0x0002d160	106	D:\nt\private\crt32st\stdio\sprintf.c	D:\nt\private\crt32st\stdio\sprintf.c
2156	0x0002d16a	119	D:\nt\private\crt32st\stdio\sprintf.c	D:\nt\private\crt32st\stdio\sprintf.c
2157	0x0002d174	120	D:\nt\private\crt32st\stdio\sprintf.c	D:\nt\private\crt32st\stdio\sprintf.c
2158	0x0002d181	122	D:\nt\private\crt32st\stdio\sprintf.c	D:\nt\private\crt32st\stdio\sprintf.c
2159	0x0002d18b	127	D:\nt\private\crt32st\stdio\sprintf.c	D:\nt\private\crt32st\stdio\sprintf.c
2160	0x0002d19d	129	D:\nt\private\crt32st\stdio\sprintf.c	D:\nt\private\crt32st\stdio\sprintf.c
2161	0x0002d1c7	133	D:\nt\private\crt32st\stdio\sprintf.c	D:\nt\private\crt32st\stdio\sprintf.c
2162	0x0002d1c9	134	D:\nt\private\crt32st\stdio\sprintf.c	D:\nt\private\crt32st\stdio\sprintf.c
2163	0x0002d1d0	45	D:\nt\private\crt32st\string\strchr.c	D:\nt\private\crt32st\string\strchr.c
2164	0x0002d1d6	46	D:\nt\private\crt32st\string\strchr.c	D:\nt\private\crt32st\string\strchr.c
2165	0x0002d1e5	47	D:\nt\private\crt32st\string\strchr.c	D:\nt\private\crt32st\string\strchr.c
2166	0x0002d1eb	49	D:\nt\private\crt32st\string\strchr.c	D:\nt\private\crt32st\string\strchr.c
2167	0x0002d1f2	50	D:\nt\private\crt32st\string\strchr.c	D:\nt\private\crt32st\string\strchr.c
2168	0x0002d1f8	51	D:\nt\private\crt32st\string\strchr.c	D:\nt\private\crt32st\string\strchr.c
2169	0x0002d1fa	52	D:\nt\private\crt32st\string\strchr.c	D:\nt\private\crt32st\string\strchr.c
2170	0x0002d200	52	D:\nt\private\crt32st\string\strcat.c	D:\nt\private\crt32st\string\strcat.c
2171	0x0002d207	55	D:\nt\private\crt32st\string\strcat.c	D:\nt\private\crt32st\string\strcat.c
2172	0x0002d20e	56	D:\nt\private\crt32st\string\strcat.c	D:\nt\private\crt32st\string\strcat.c
2173	0x0002d217	58	D:\nt\private\crt32st\string\strcat.c	D:\nt\private\crt32st\string\strcat.c
2174	0x0002d221	60	D:\nt\private\crt32st\string\strcat.c	D:\nt\private\crt32st\string\strcat.c
2175	0x0002d223	62	D:\nt\private\crt32st\string\strcat.c	D:\nt\private\crt32st\string\strcat.c
2176	0x0002d228	83	D:\nt\private\crt32st\string\strcat.c	D:\nt\private\crt32st\string\strcat.c
2177	0x0002d22f	84	D:\nt\private\crt32st\string\strcat.c	D:\nt\private\crt32st\string\strcat.c
2178	0x0002d234	86	D:\nt\private\crt32st\string\strcat.c	D:\nt\private\crt32st\string\strcat.c
2179	0x0002d23e	89	D:\nt\private\crt32st\string\strcat.c	D:\nt\private\crt32st\string\strcat.c
2180	0x0002d240	90	D:\nt\private\crt32st\string\strcat.c	D:\nt\private\crt32st\string\strcat.c
2181	0x0002d250	48	D:\nt\private\crt32st\string\strlen.c	D:\nt\private\crt32st\string\strlen.c
2182	0x0002d256	49	D:\nt\private\crt32st\string\strlen.c	D:\nt\private\crt32st\string\strlen.c
2183	0x0002d258	51	D:\nt\private\crt32st\string\strlen.c	D:\nt\private\crt32st\string\strlen.c
2184	0x0002d25f	53	D:\nt\private\crt32st\string\strlen.c	D:\nt\private\crt32st\string\strlen.c
2185	0x0002d264	54	D:\nt\private\crt32st\string\strlen.c	D:\nt\private\crt32st\string\strlen.c
2186	0x0002d270	50	D:\nt\private\crt32st\string\strncmp.c	D:\nt\private\crt32st\string\strncmp.c
2187	0x0002d277	51	D:\nt\private\crt32st\string\strncmp.c	D:\nt\private\crt32st\string\strncmp.c
2188	0x0002d27b	52	D:\nt\private\crt32st\string\strncmp.c	D:\nt\private\crt32st\string\strncmp.c
2189	0x0002d286	54	D:\nt\private\crt32st\string\strncmp.c	D:\nt\private\crt32st\string\strncmp.c
2190	0x0002d293	56	D:\nt\private\crt32st\string\strncmp.c	D:\nt\private\crt32st\string\strncmp.c
2191	0x0002d294	57	D:\nt\private\crt32st\string\strncmp.c	D:\nt\private\crt32st\string\strncmp.c
2192	0x0002d295	58	D:\nt\private\crt32st\string\strncmp.c	D:\nt\private\crt32st\string\strncmp.c
2193	0x0002d298	60	D:\nt\private\crt32st\string\strncmp.c	D:\nt\private\crt32st\string\strncmp.c
2194	0x0002d2a0	61	D:\nt\private\crt32st\string\strncmp.c	D:\nt\private\crt32st\string\strncmp.c
2195	0x0002d2b0	48	D:\nt\private\crt32st\string\strncpy.c	D:\nt\private\crt32st\string\strncpy.c
2196	0x0002d2be	49	D:\nt\private\crt32st\string\strncpy.c	D:\nt\private\crt32st\string\strncpy.c
2197	0x0002d2c0	51	D:\nt\private\crt32st\string\strncpy.c	D:\nt\private\crt32st\string\strncpy.c
2198	0x0002d2cf	52	D:\nt\private\crt32st\string\strncpy.c	D:\nt\private\crt32st\string\strncpy.c
2199	0x0002d2d2	54	D:\nt\private\crt32st\string\strncpy.c	D:\nt\private\crt32st\string\strncpy.c
2200	0x0002d2d6	55	D:\nt\private\crt32st\string\strncpy.c	D:\nt\private\crt32st\string\strncpy.c
2201	0x0002d2d9	56	D:\nt\private\crt32st\string\strncpy.c	D:\nt\private\crt32st\string\strncpy.c
2202	0x0002d2e0	58	D:\nt\private\crt32st\string\strncpy.c	D:\nt\private\crt32st\string\strncpy.c
2203	0x0002d2e2	59	D:\nt\private\crt32st\string\strncpy.c	D:\nt\private\crt32st\string\strncpy.c
2204	0x0002d2f0	49	D:\nt\private\crt32st\time\time.c	D:\nt\private\crt32st\time\time.c
2205	0x0002d2fb	70	D:\nt\private\crt32st\time\time.c	D:\nt\private\crt32st\time\time.c
2206	0x0002d307	74	D:\nt\private\crt32st\time\time.c	D:\nt\private\crt32st\time\time.c
2207	0x0002d334	84	D:\nt\private\crt32st\time\time.c	D:\nt\private\crt32st\time\time.c
2208	0x0002d338	85	D:\nt\private\crt32st\time\time.c	D:\nt\private\crt32st\time\time.c
2209	0x0002d33a	88	D:\nt\private\crt32st\time\time.c	D:\nt\private\crt32st\time\time.c
2210	0x0002d346	53	D:\nt\private\crt32st\time\dtoxtime.c	D:\nt\private\crt32st\time\dtoxtime.c
2211	0x0002d34f	58	D:\nt\private\crt32st\time\dtoxtime.c	D:\nt\private\crt32st\time\dtoxtime.c
2212	0x0002d364	62	D:\nt\private\crt32st\time\dtoxtime.c	D:\nt\private\crt32st\time\dtoxtime.c
2213	0x0002d36e	63	D:\nt\private\crt32st\time\dtoxtime.c	D:\nt\private\crt32st\time\dtoxtime.c
2214	0x0002d383	64	D:\nt\private\crt32st\time\dtoxtime.c	D:\nt\private\crt32st\time\dtoxtime.c
2215	0x0002d384	67	D:\nt\private\crt32st\time\dtoxtime.c	D:\nt\private\crt32st\time\dtoxtime.c
2216	0x0002d38c	68	D:\nt\private\crt32st\time\dtoxtime.c	D:\nt\private\crt32st\time\dtoxtime.c
2217	0x0002d393	69	D:\nt\private\crt32st\time\dtoxtime.c	D:\nt\private\crt32st\time\dtoxtime.c
2218	0x0002d3ce	70	D:\nt\private\crt32st\time\dtoxtime.c	D:\nt\private\crt32st\time\dtoxtime.c
2219	0x0002d3d7	71	D:\nt\private\crt32st\time\dtoxtime.c	D:\nt\private\crt32st\time\dtoxtime.c
2220	0x0002d3de	72	D:\nt\private\crt32st\time\dtoxtime.c	D:\nt\private\crt32st\time\dtoxtime.c
2221	0x0002d3e4	73	D:\nt\private\crt32st\time\dtoxtime.c	D:\nt\private\crt32st\time\dtoxtime.c
2222	0x0002d3fd	74	D:\nt\private\crt32st\time\dtoxtime.c	D:\nt\private\crt32st\time\dtoxtime.c
2223	0x0002d403	75	D:\nt\private\crt32st\time\dtoxtime.c	D:\nt\private\crt32st\time\dtoxtime.c
2224	0x0002d405	76	D:\nt\private\crt32st\time\dtoxtime.c	D:\nt\private\crt32st\time\dtoxtime.c
