index	name	value	section	type	storage	naux	file
0	.file	0xB	-2	0	103	1	main.c
2	.text	0x10000	1	0	3	1	main.c
4	.data	0x50000	3	0	3	1	main.c
6	.data	0x60000	4	0	3	1	main.c
8	.bss	0x40000	2	0	3	1	main.c
10	FLAT	0x0	-1	0	3	0	main.c
11	.file	0x18	-2	0	103	3	D:\nt\private\crt32\linkopts\binmode.c
15	.text	0x107E0	1	0	3	1	D:\nt\private\crt32\linkopts\binmode.c
17	.data	0x500A0	3	0	3	1	D:\nt\private\crt32\linkopts\binmode.c
19	.data	0x60000	4	0	3	1	D:\nt\private\crt32\linkopts\binmode.c
21	.bss	0x40000	2	0	3	1	D:\nt\private\crt32\linkopts\binmode.c
23	FLAT	0x0	-1	0	3	0	D:\nt\private\crt32\linkopts\binmode.c
24	.file	0x23	-2	0	103	1	p0keys.c
26	.text	0x107E0	1	0	3	1	p0keys.c
28	.data	0x500B0	3	0	3	1	p0keys.c
30	.data	0x60000	4	0	3	1	p0keys.c
32	.bss	0x40000	2	0	3	1	p0keys.c
34	FLAT	0x0	-1	0	3	0	p0keys.c
35	.file	0x2E	-2	0	103	1	typemit.c
37	.text	0x109F0	1	0	3	1	typemit.c
39	.data	0x50680	3	0	3	1	typemit.c
41	.data	0x60000	4	0	3	1	typemit.c
43	.bss	0x40000	2	0	3	1	typemit.c
45	FLAT	0x0	-1	0	3	0	typemit.c
46	.file	0x39	-2	0	103	1	symbols.c
48	.text	0x117E0	1	0	3	1	symbols.c
50	.data	0x50690	3	0	3	1	symbols.c
52	.data	0x60000	4	0	3	1	symbols.c
54	.bss	0x40010	2	0	3	1	symbols.c
56	FLAT	0x0	-1	0	3	0	symbols.c
57	.file	0x44	-2	0	103	1	types.c
59	.text	0x12C90	1	0	3	1	types.c
61	.data	0x506F0	3	0	3	1	types.c
63	.data	0x60000	4	0	3	1	types.c
65	.bss	0x40010	2	0	3	1	types.c
67	FLAT	0x0	-1	0	3	0	types.c
68	.file	0x4F	-2	0	103	1	const.c
70	.text	0x13990	1	0	3	1	const.c
72	.data	0x50780	3	0	3	1	const.c
74	.data	0x60000	4	0	3	1	const.c
76	.bss	0x40020	2	0	3	1	const.c
78	FLAT	0x0	-1	0	3	0	const.c
79	.file	0x5A	-2	0	103	1	trees.c
81	.text	0x142E0	1	0	3	1	trees.c
83	.data	0x50780	3	0	3	1	trees.c
85	.data	0x60000	4	0	3	1	trees.c
87	.bss	0x40020	2	0	3	1	trees.c
89	FLAT	0x0	-1	0	3	0	trees.c
90	.file	0x65	-2	0	103	1	based.c
92	.text	0x16020	1	0	3	1	based.c
94	.data	0x507F0	3	0	3	1	based.c
96	.data	0x60000	4	0	3	1	based.c
98	.bss	0x40030	2	0	3	1	based.c
100	FLAT	0x0	-1	0	3	0	based.c
101	.file	0x70	-2	0	103	1	gramut.c
103	.text	0x163C0	1	0	3	1	gramut.c
105	.data	0x507F0	3	0	3	1	gramut.c
107	.data	0x60000	4	0	3	1	gramut.c
109	.bss	0x40030	2	0	3	1	gramut.c
111	FLAT	0x0	-1	0	3	0	gramut.c
112	.file	0x7B	-2	0	103	1	esu.c
114	.text	0x17470	1	0	3	1	esu.c
116	.data	0x50870	3	0	3	1	esu.c
118	.data	0x60000	4	0	3	1	esu.c
120	.bss	0x40030	2	0	3	1	esu.c
122	FLAT	0x0	-1	0	3	0	esu.c
123	.file	0x86	-2	0	103	1	ainline.c
125	.text	0x182C0	1	0	3	1	ainline.c
127	.data	0x508A0	3	0	3	1	ainline.c
129	.data	0x60000	4	0	3	1	ainline.c
131	.bss	0x40030	2	0	3	1	ainline.c
133	FLAT	0x0	-1	0	3	0	ainline.c
134	.file	0x95	-2	0	103	1	agrammar.c
136	.text	0x18800	1	0	3	1	agrammar.c
138	.data	0x508B0	3	0	3	1	agrammar.c
140	.data	0x60000	4	0	3	1	agrammar.c
142	.bss	0x40030	2	0	3	1	agrammar.c
144	FLAT	0x0	-1	0	3	0	agrammar.c
145	yyerror	0x188D0	1	0	3	0	agrammar.c
146	yyrecerr	0x18800	1	0	3	0	agrammar.c
147	yyeval	0x18856	1	0	3	0	agrammar.c
148	yyscpy	0x18935	1	0	3	0	agrammar.c
149	.file	0xA0	-2	0	103	1	atrees.c
151	.text	0x19260	1	0	3	1	atrees.c
153	.data	0x50920	3	0	3	1	atrees.c
155	.data	0x60000	4	0	3	1	atrees.c
157	.bss	0x40610	2	0	3	1	atrees.c
159	FLAT	0x0	-1	0	3	0	atrees.c
160	.file	0xAB	-2	0	103	1	alexer.c
162	.text	0x19BF0	1	0	3	1	alexer.c
164	.data	0x50930	3	0	3	1	alexer.c
166	.data	0x60000	4	0	3	1	alexer.c
168	.bss	0x40610	2	0	3	1	alexer.c
170	FLAT	0x0	-1	0	3	0	alexer.c
171	.file	0xB6	-2	0	103	1	aoutline.c
173	.text	0x1A350	1	0	3	1	aoutline.c
175	.data	0x50940	3	0	3	1	aoutline.c
177	.data	0x60000	4	0	3	1	aoutline.c
179	.bss	0x40610	2	0	3	1	aoutline.c
181	FLAT	0x0	-1	0	3	0	aoutline.c
182	.file	0xC1	-2	0	103	1	intrin.c
184	.text	0x1B980	1	0	3	1	intrin.c
186	.data	0x50940	3	0	3	1	intrin.c
188	.data	0x60000	4	0	3	1	intrin.c
190	.bss	0x40610	2	0	3	1	intrin.c
192	FLAT	0x0	-1	0	3	0	intrin.c
193	.file	0xCC	-2	0	103	1	p0id.c
195	.text	0x1BCE0	1	0	3	1	p0id.c
197	.data	0x50DB0	3	0	3	1	p0id.c
199	.data	0x60000	4	0	3	1	p0id.c
201	.bss	0x40610	2	0	3	1	p0id.c
203	FLAT	0x0	-1	0	3	0	p0id.c
204	.file	0xD7	-2	0	103	1	p0scan.c
206	.text	0x1C0D0	1	0	3	1	p0scan.c
208	.data	0x50DB0	3	0	3	1	p0scan.c
210	.data	0x60000	4	0	3	1	p0scan.c
212	.bss	0x40610	2	0	3	1	p0scan.c
214	FLAT	0x0	-1	0	3	0	p0scan.c
215	.file	0xE2	-2	0	103	1	Common\qcalloc
217	.text	0x1D370	1	0	3	1	Common\qcalloc
219	.data	0x50DE0	3	0	3	1	Common\qcalloc
221	.data	0x60000	4	0	3	1	Common\qcalloc
223	.bss	0x40620	2	0	3	1	Common\qcalloc
225	FLAT	0x0	-1	0	3	0	Common\qcalloc
226	.file	0xED	-2	0	103	1	thunk.c
228	.text	0x1D3C0	1	0	3	1	thunk.c
230	.data	0x50DE0	3	0	3	1	thunk.c
232	.data	0x60000	4	0	3	1	thunk.c
234	.bss	0x40620	2	0	3	1	thunk.c
236	FLAT	0x0	-1	0	3	0	thunk.c
237	.file	0xF8	-2	0	103	1	function.c
239	.text	0x1D720	1	0	3	1	function.c
241	.data	0x50DE0	3	0	3	1	function.c
243	.data	0x60000	4	0	3	1	function.c
245	.bss	0x40620	2	0	3	1	function.c
247	FLAT	0x0	-1	0	3	0	function.c
248	.file	0x103	-2	0	103	1	toinil.c
250	.text	0x1E030	1	0	3	1	toinil.c
252	.data	0x50E30	3	0	3	1	toinil.c
254	.data	0x60000	4	0	3	1	toinil.c
256	.bss	0x40620	2	0	3	1	toinil.c
258	FLAT	0x0	-1	0	3	0	toinil.c
259	.file	0x10E	-2	0	103	1	funcs.c
261	.text	0x1E890	1	0	3	1	funcs.c
263	.data	0x50E30	3	0	3	1	funcs.c
265	.data	0x60000	4	0	3	1	funcs.c
267	.bss	0x40620	2	0	3	1	funcs.c
269	FLAT	0x0	-1	0	3	0	funcs.c
270	.file	0x119	-2	0	103	1	sizes.c
272	.text	0x1F250	1	0	3	1	sizes.c
274	.data	0x50E60	3	0	3	1	sizes.c
276	.data	0x60000	4	0	3	1	sizes.c
278	.bss	0x40630	2	0	3	1	sizes.c
280	FLAT	0x0	-1	0	3	0	sizes.c
281	.file	0x124	-2	0	103	1	Common\alloc.c
283	.text	0x1F530	1	0	3	1	Common\alloc.c
285	.data	0x50E60	3	0	3	1	Common\alloc.c
287	.data	0x60000	4	0	3	1	Common\alloc.c
289	.bss	0x40630	2	0	3	1	Common\alloc.c
291	FLAT	0x0	-1	0	3	0	Common\alloc.c
292	.file	0x12F	-2	0	103	1	p0macros.c
294	.text	0x1F6D0	1	0	3	1	p0macros.c
296	.data	0x50F40	3	0	3	1	p0macros.c
298	.data	0x60000	4	0	3	1	p0macros.c
300	.bss	0x40630	2	0	3	1	p0macros.c
302	FLAT	0x0	-1	0	3	0	p0macros.c
303	.file	0x13A	-2	0	103	1	Common\qtime2.
305	.text	0x21050	1	0	3	1	Common\qtime2.
307	.data	0x50F50	3	0	3	1	Common\qtime2.
309	.data	0x60000	4	0	3	1	Common\qtime2.
311	.bss	0x40630	2	0	3	1	Common\qtime2.
313	FLAT	0x0	-1	0	3	0	Common\qtime2.
314	.file	0x145	-2	0	103	1	p0prepro.c
316	.text	0x21150	1	0	3	1	p0prepro.c
318	.data	0x50F50	3	0	3	1	p0prepro.c
320	.data	0x60000	4	0	3	1	p0prepro.c
322	.bss	0x40650	2	0	3	1	p0prepro.c
324	FLAT	0x0	-1	0	3	0	p0prepro.c
325	.file	0x150	-2	0	103	1	p0expr.c
327	.text	0x21D30	1	0	3	1	p0expr.c
329	.data	0x50F90	3	0	3	1	p0expr.c
331	.data	0x60000	4	0	3	1	p0expr.c
333	.bss	0x40650	2	0	3	1	p0expr.c
335	FLAT	0x0	-1	0	3	0	p0expr.c
336	.file	0x15B	-2	0	103	1	p0io.c
338	.text	0x224A0	1	0	3	1	p0io.c
340	.data	0x50FA0	3	0	3	1	p0io.c
342	.data	0x60000	4	0	3	1	p0io.c
344	.bss	0x40650	2	0	3	1	p0io.c
346	FLAT	0x0	-1	0	3	0	p0io.c
347	.file	0x166	-2	0	103	1	p1_init.c
349	.text	0x22D80	1	0	3	1	p1_init.c
351	.data	0x51080	3	0	3	1	p1_init.c
353	.data	0x60000	4	0	3	1	p1_init.c
355	.bss	0x40650	2	0	3	1	p1_init.c
357	FLAT	0x0	-1	0	3	0	p1_init.c
358	.file	0x171	-2	0	103	1	toil.c
360	.text	0x24120	1	0	3	1	toil.c
362	.data	0x510D0	3	0	3	1	toil.c
364	.data	0x60000	4	0	3	1	toil.c
366	.bss	0x40650	2	0	3	1	toil.c
368	FLAT	0x0	-1	0	3	0	toil.c
369	.file	0x17C	-2	0	103	1	symemit.c
371	.text	0x25A10	1	0	3	1	symemit.c
373	.data	0x510D0	3	0	3	1	symemit.c
375	.data	0x60000	4	0	3	1	symemit.c
377	.bss	0x40650	2	0	3	1	symemit.c
379	FLAT	0x0	-1	0	3	0	symemit.c
380	.file	0x187	-2	0	103	1	Common\nfutil.
382	.text	0x25A60	1	0	3	1	Common\nfutil.
384	.data	0x510D0	3	0	3	1	Common\nfutil.
386	.data	0x60000	4	0	3	1	Common\nfutil.
388	.bss	0x40650	2	0	3	1	Common\nfutil.
390	FLAT	0x0	-1	0	3	0	Common\nfutil.
391	.file	0x192	-2	0	103	1	dname.c
393	.text	0x25C00	1	0	3	1	dname.c
395	.data	0x510D0	3	0	3	1	dname.c
397	.data	0x60000	4	0	3	1	dname.c
399	.bss	0x40650	2	0	3	1	dname.c
401	FLAT	0x0	-1	0	3	0	dname.c
402	.file	0x19D	-2	0	103	1	stmt.c
404	.text	0x26260	1	0	3	1	stmt.c
406	.data	0x510D0	3	0	3	1	stmt.c
408	.data	0x60000	4	0	3	1	stmt.c
410	.bss	0x40650	2	0	3	1	stmt.c
412	FLAT	0x0	-1	0	3	0	stmt.c
413	.file	0x1A8	-2	0	103	1	p0pragma.c
415	.text	0x267F0	1	0	3	1	p0pragma.c
417	.data	0x510D0	3	0	3	1	p0pragma.c
419	.data	0x60000	4	0	3	1	p0pragma.c
421	.bss	0x40650	2	0	3	1	p0pragma.c
423	FLAT	0x0	-1	0	3	0	p0pragma.c
424	.file	0x1B3	-2	0	103	1	esutil.c
426	.text	0x27460	1	0	3	1	esutil.c
428	.data	0x51130	3	0	3	1	esutil.c
430	.data	0x60000	4	0	3	1	esutil.c
432	.bss	0x40650	2	0	3	1	esutil.c
434	FLAT	0x0	-1	0	3	0	esutil.c
435	.file	0x1BE	-2	0	103	1	browser.c
437	.text	0x27560	1	0	3	1	browser.c
439	.data	0x51130	3	0	3	1	browser.c
441	.data	0x60000	4	0	3	1	browser.c
443	.bss	0x40650	2	0	3	1	browser.c
445	FLAT	0x0	-1	0	3	0	browser.c
446	.file	0x1C9	-2	0	103	1	p0gettok.c
448	.text	0x27910	1	0	3	1	p0gettok.c
450	.data	0x51190	3	0	3	1	p0gettok.c
452	.data	0x60000	4	0	3	1	p0gettok.c
454	.bss	0x40650	2	0	3	1	p0gettok.c
456	FLAT	0x0	-1	0	3	0	p0gettok.c
457	.file	0x1D8	-2	0	103	1	grammar.c
459	.text	0x287B0	1	0	3	1	grammar.c
461	.data	0x511A0	3	0	3	1	grammar.c
463	.data	0x60000	4	0	3	1	grammar.c
465	.bss	0x40650	2	0	3	1	grammar.c
467	FLAT	0x0	-1	0	3	0	grammar.c
468	yyerror	0x28945	1	0	3	0	grammar.c
469	yyrecerr	0x287B0	1	0	3	0	grammar.c
470	yyeval	0x288B7	1	0	3	0	grammar.c
471	yyscpy	0x28B1E	1	0	3	0	grammar.c
472	.file	0x1E3	-2	0	103	1	esumem.c
474	.text	0x2A7A0	1	0	3	1	esumem.c
476	.data	0x51470	3	0	3	1	esumem.c
478	.data	0x60000	4	0	3	1	esumem.c
480	.bss	0x413A0	2	0	3	1	esumem.c
482	FLAT	0x0	-1	0	3	0	esumem.c
483	.file	0x1EE	-2	0	103	1	esubit.c
485	.text	0x2ADC0	1	0	3	1	esubit.c
487	.data	0x514C0	3	0	3	1	esubit.c
489	.data	0x60000	4	0	3	1	esubit.c
491	.bss	0x413A0	2	0	3	1	esubit.c
493	FLAT	0x0	-1	0	3	0	esubit.c
494	.file	0x1F9	-2	0	103	1	loops.c
496	.text	0x2B050	1	0	3	1	loops.c
498	.data	0x51500	3	0	3	1	loops.c
500	.data	0x60000	4	0	3	1	loops.c
502	.bss	0x413A0	2	0	3	1	loops.c
504	FLAT	0x0	-1	0	3	0	loops.c
505	.file	0x204	-2	0	103	1	esutree.c
507	.text	0x2B150	1	0	3	1	esutree.c
509	.data	0x51500	3	0	3	1	esutree.c
511	.data	0x60000	4	0	3	1	esutree.c
513	.bss	0x413A0	2	0	3	1	esutree.c
515	FLAT	0x0	-1	0	3	0	esutree.c
516	.file	0x20F	-2	0	103	1	zeegee.c
518	.text	0x2B400	1	0	3	1	zeegee.c
520	.data	0x51500	3	0	3	1	zeegee.c
522	.data	0x60000	4	0	3	1	zeegee.c
524	.bss	0x413A0	2	0	3	1	zeegee.c
526	FLAT	0x0	-1	0	3	0	zeegee.c
527	.file	0x21A	-2	0	103	1	aglobals.c
529	.text	0x2BC60	1	0	3	1	aglobals.c
531	.data	0x51700	3	0	3	1	aglobals.c
533	.data	0x60000	4	0	3	1	aglobals.c
535	.bss	0x413A0	2	0	3	1	aglobals.c
537	FLAT	0x0	-1	0	3	0	aglobals.c
538	.file	0x225	-2	0	103	1	globals.c
540	.text	0x2BC60	1	0	3	1	globals.c
542	.data	0x517E0	3	0	3	1	globals.c
544	.data	0x60000	4	0	3	1	globals.c
546	.bss	0x413A0	2	0	3	1	globals.c
548	FLAT	0x0	-1	0	3	0	globals.c
549	.file	0x230	-2	0	103	1	initmain.c
551	.text	0x2BC60	1	0	3	1	initmain.c
553	.data	0x51C20	3	0	3	1	initmain.c
555	.data	0x60000	4	0	3	1	initmain.c
557	.bss	0x413A0	2	0	3	1	initmain.c
559	FLAT	0x0	-1	0	3	0	initmain.c
560	.file	0x23B	-2	0	103	1	afar.c
562	.text	0x2BE20	1	0	3	1	afar.c
564	ASMYYSEG	0x70000	5	0	3	1	afar.c
566	ASMYYSEG	0x71DD0	5	0	3	1	afar.c
568	ASMYYSEG	0x71DD0	5	0	3	1	afar.c
570	FLAT	0x0	-1	0	3	0	afar.c
571	.file	0x246	-2	0	103	1	p0chrmap.c
573	.text	0x2BE20	1	0	3	1	p0chrmap.c
575	.data	0x51F80	3	0	3	1	p0chrmap.c
577	.data	0x60000	4	0	3	1	p0chrmap.c
579	.bss	0x413A0	2	0	3	1	p0chrmap.c
581	FLAT	0x0	-1	0	3	0	p0chrmap.c
582	.file	0x251	-2	0	103	1	Common\cmath.c
584	.text	0x2BE20	1	0	3	1	Common\cmath.c
586	.data	0x52180	3	0	3	1	Common\cmath.c
588	.data	0x60000	4	0	3	1	Common\cmath.c
590	.bss	0x413A0	2	0	3	1	Common\cmath.c
592	FLAT	0x0	-1	0	3	0	Common\cmath.c
593	.file	0x262	-2	0	103	1	Common\error.c
595	.text	0x2C200	1	0	3	1	Common\error.c
597	.data	0x52180	3	0	3	1	Common\error.c
599	.data	0x60000	4	0	3	1	Common\error.c
601	.bss	0x413A0	2	0	3	1	Common\error.c
603	FLAT	0x0	-1	0	3	0	Common\error.c
604	get_msg	0x2C27B	1	0	3	0	Common\error.c
605	nearest	0x2C3D1	1	0	3	0	Common\error.c
606	get_message	0x2C311	1	0	3	0	Common\error.c
607	mark_pos	0x2C390	1	0	3	0	Common\error.c
608	get_err	0x2C200	1	0	3	0	Common\error.c
609	get_int	0x2C35B	1	0	3	0	Common\error.c
610	.file	0x26D	-2	0	103	1	Common\initil.
612	.text	0x2C890	1	0	3	1	Common\initil.
614	.data	0x52360	3	0	3	1	Common\initil.
616	.data	0x60000	4	0	3	1	Common\initil.
618	.bss	0x413B0	2	0	3	1	Common\initil.
620	FLAT	0x0	-1	0	3	0	Common\initil.
621	.file	0x279	-2	0	103	1	Common\getflag
623	.text	0x2C890	1	0	3	1	Common\getflag
625	.data	0x523E0	3	0	3	1	Common\getflag
627	.data	0x60000	4	0	3	1	Common\getflag
629	.bss	0x413B0	2	0	3	1	Common\getflag
631	FLAT	0x0	-1	0	3	0	Common\getflag
632	copyover	0x2CBB6	1	0	3	0	Common\getflag
633	.file	0x284	-2	0	103	1	Common\pragma.
635	.text	0x2CCC0	1	0	3	1	Common\pragma.
637	.data	0x523F0	3	0	3	1	Common\pragma.
639	.data	0x60000	4	0	3	1	Common\pragma.
641	.bss	0x413C0	2	0	3	1	Common\pragma.
643	FLAT	0x0	-1	0	3	0	Common\pragma.
644	.file	0x28F	-2	0	103	1	hack.c
646	.text	0x2CCC0	1	0	3	1	hack.c
648	.data	0x52570	3	0	3	1	hack.c
650	.data	0x60000	4	0	3	1	hack.c
652	.bss	0x413C0	2	0	3	1	hack.c
654	FLAT	0x0	-1	0	3	0	hack.c
655	.file	0x29A	-2	0	103	1	tokens.c
657	.text	0x2CCC0	1	0	3	1	tokens.c
659	.data	0x52580	3	0	3	1	tokens.c
661	.data	0x60000	4	0	3	1	tokens.c
663	.bss	0x413C0	2	0	3	1	tokens.c
665	FLAT	0x0	-1	0	3	0	tokens.c
666	.file	0x2AE	-2	0	103	3	D:\nt\private\crt32st\startup\wincrt0.c
670	.text	0x2CCC0	1	0	3	1	D:\nt\private\crt32st\startup\wincrt0.c
672	.data	0x52E90	3	0	3	1	D:\nt\private\crt32st\startup\wincrt0.c
674	.data	0x60000	4	0	3	1	D:\nt\private\crt32st\startup\wincrt0.c
676	.bss	0x413C0	2	0	3	1	D:\nt\private\crt32st\startup\wincrt0.c
678	FLAT	0x0	-1	0	3	0	D:\nt\private\crt32st\startup\wincrt0.c
679	inherit	0x2CE10	1	0	3	0	D:\nt\private\crt32st\startup\wincrt0.c
680	.idata$6	0x800BC	6	0	3	0	D:\nt\private\crt32st\startup\wincrt0.c
681	.idata$6	0x800CE	6	0	3	0	D:\nt\private\crt32st\startup\wincrt0.c
682	.idata$6	0x800E6	6	0	3	0	D:\nt\private\crt32st\startup\wincrt0.c
683	.idata$6	0x800FA	6	0	3	0	D:\nt\private\crt32st\startup\wincrt0.c
684	.idata$6	0x8010C	6	0	3	0	D:\nt\private\crt32st\startup\wincrt0.c
685	.idata$6	0x8011A	6	0	3	0	D:\nt\private\crt32st\startup\wincrt0.c
686	.file	0x2BB	-2	0	103	3	C:\nt\private\sdktools\cl386\c1\winmain.c
690	.text	0x2CEC4	1	0	3	1	C:\nt\private\sdktools\cl386\c1\winmain.c
692	.data	0x52EA0	3	0	3	1	C:\nt\private\sdktools\cl386\c1\winmain.c
694	.data	0x60000	4	0	3	1	C:\nt\private\sdktools\cl386\c1\winmain.c
696	.bss	0x413C0	2	0	3	1	C:\nt\private\sdktools\cl386\c1\winmain.c
698	FLAT	0x0	-1	0	3	0	C:\nt\private\sdktools\cl386\c1\winmain.c
699	.file	0x2C6	-2	0	103	1	Common\io.c
701	.text	0x2CF64	1	0	3	1	Common\io.c
703	.data	0x52ED0	3	0	3	1	Common\io.c
705	.data	0x60000	4	0	3	1	Common\io.c
707	.bss	0x413C0	2	0	3	1	Common\io.c
709	FLAT	0x0	-1	0	3	0	Common\io.c
710	.file	0x2D4	-2	0	103	3	D:\nt\private\crt32st\startup\crt0msg.c
714	.text	0x2D244	1	0	3	1	D:\nt\private\crt32st\startup\crt0msg.c
716	.data	0x52EE0	3	0	3	1	D:\nt\private\crt32st\startup\crt0msg.c
718	.data	0x60000	4	0	3	1	D:\nt\private\crt32st\startup\crt0msg.c
720	.bss	0x413C0	2	0	3	1	D:\nt\private\crt32st\startup\crt0msg.c
722	FLAT	0x0	-1	0	3	0	D:\nt\private\crt32st\startup\crt0msg.c
723	.idata$6	0x80136	6	0	3	0	D:\nt\private\crt32st\startup\crt0msg.c
724	.file	0x2E6	-2	0	103	3	D:\nt\private\crt32st\startup\crt0dat.c
728	.text	0x2D2EA	1	0	3	1	D:\nt\private\crt32st\startup\crt0dat.c
730	.data	0x531B0	3	0	3	1	D:\nt\private\crt32st\startup\crt0dat.c
732	.data	0x60000	4	0	3	1	D:\nt\private\crt32st\startup\crt0dat.c
734	.bss	0x413C0	2	0	3	1	D:\nt\private\crt32st\startup\crt0dat.c
736	FLAT	0x0	-1	0	3	0	D:\nt\private\crt32st\startup\crt0dat.c
737	_doinitterm	0x2D47E	1	0	3	0	D:\nt\private\crt32st\startup\crt0dat.c
738	doexit	0x2D412	1	0	3	0	D:\nt\private\crt32st\startup\crt0dat.c
739	.idata$6	0x80142	6	0	3	0	D:\nt\private\crt32st\startup\crt0dat.c
740	.idata$6	0x80150	6	0	3	0	D:\nt\private\crt32st\startup\crt0dat.c
741	.idata$6	0x8015E	6	0	3	0	D:\nt\private\crt32st\startup\crt0dat.c
742	.file	0x2F3	-2	0	103	3	D:\nt\private\fp32st\conv\i386\atold.c
746	.text	0x2D4BC	1	0	3	1	D:\nt\private\fp32st\conv\i386\atold.c
748	.data	0x53370	3	0	3	1	D:\nt\private\fp32st\conv\i386\atold.c
750	.data	0x60000	4	0	3	1	D:\nt\private\fp32st\conv\i386\atold.c
752	.bss	0x413C0	2	0	3	1	D:\nt\private\fp32st\conv\i386\atold.c
754	FLAT	0x0	-1	0	3	0	D:\nt\private\fp32st\conv\i386\atold.c
755	.file	0x2FF	-2	0	103	2	D:\nt\private\fp32st\conv\strgtold.c
758	.text	0x2D4EC	1	0	3	1	D:\nt\private\fp32st\conv\strgtold.c
760	.data	0x53370	3	0	3	1	D:\nt\private\fp32st\conv\strgtold.c
762	.data	0x60000	4	0	3	1	D:\nt\private\fp32st\conv\strgtold.c
764	.bss	0x413C0	2	0	3	1	D:\nt\private\fp32st\conv\strgtold.c
766	FLAT	0x0	-1	0	3	0	D:\nt\private\fp32st\conv\strgtold.c
767	.file	0x30B	-2	0	103	2	D:\nt\private\fp32st\conv\mantold.c
770	.text	0x2DAAC	1	0	3	1	D:\nt\private\fp32st\conv\mantold.c
772	.data	0x53370	3	0	3	1	D:\nt\private\fp32st\conv\mantold.c
774	.data	0x60000	4	0	3	1	D:\nt\private\fp32st\conv\mantold.c
776	.bss	0x413E0	2	0	3	1	D:\nt\private\fp32st\conv\mantold.c
778	FLAT	0x0	-1	0	3	0	D:\nt\private\fp32st\conv\mantold.c
779	.file	0x317	-2	0	103	2	D:\nt\private\fp32st\conv\tenpow.c
782	.text	0x2DD2C	1	0	3	1	D:\nt\private\fp32st\conv\tenpow.c
784	.data	0x53370	3	0	3	1	D:\nt\private\fp32st\conv\tenpow.c
786	.data	0x60000	4	0	3	1	D:\nt\private\fp32st\conv\tenpow.c
788	.bss	0x413E0	2	0	3	1	D:\nt\private\fp32st\conv\tenpow.c
790	FLAT	0x0	-1	0	3	0	D:\nt\private\fp32st\conv\tenpow.c
791	.file	0x31F	-2	0	103	1	i386\chkstk.asm
793	.text	0x2E01C	1	0	3	1	i386\chkstk.asm
795	.data	0x53370	3	0	3	1	i386\chkstk.asm
797	DGROUP	0x53370	3	0	3	0	i386\chkstk.asm
798	FLAT	0x0	-1	0	3	0	i386\chkstk.asm
799	.file	0x32D	-2	0	103	2	D:\nt\private\crt32st\lowio\close.c
802	.text	0x2E04C	1	0	3	1	D:\nt\private\crt32st\lowio\close.c
804	.data	0x53370	3	0	3	1	D:\nt\private\crt32st\lowio\close.c
806	.data	0x60000	4	0	3	1	D:\nt\private\crt32st\lowio\close.c
808	.bss	0x413E0	2	0	3	1	D:\nt\private\crt32st\lowio\close.c
810	FLAT	0x0	-1	0	3	0	D:\nt\private\crt32st\lowio\close.c
811	.idata$6	0x8016E	6	0	3	0	D:\nt\private\crt32st\lowio\close.c
812	.idata$6	0x8017C	6	0	3	0	D:\nt\private\crt32st\lowio\close.c
813	.file	0x339	-2	0	103	2	D:\nt\private\crt32st\misc\ctype.c
816	.text	0x2E0D8	1	0	3	1	D:\nt\private\crt32st\misc\ctype.c
818	.data	0x53370	3	0	3	1	D:\nt\private\crt32st\misc\ctype.c
820	.data	0x60000	4	0	3	1	D:\nt\private\crt32st\misc\ctype.c
822	.bss	0x413E0	2	0	3	1	D:\nt\private\crt32st\misc\ctype.c
824	FLAT	0x0	-1	0	3	0	D:\nt\private\crt32st\misc\ctype.c
825	.file	0x345	-2	0	103	2	D:\nt\private\crt32st\dos\dosmap.c
828	.text	0x2E0D8	1	0	3	1	D:\nt\private\crt32st\dos\dosmap.c
830	.data	0x53480	3	0	3	1	D:\nt\private\crt32st\dos\dosmap.c
832	.data	0x60000	4	0	3	1	D:\nt\private\crt32st\dos\dosmap.c
834	.bss	0x413E0	2	0	3	1	D:\nt\private\crt32st\dos\dosmap.c
836	FLAT	0x0	-1	0	3	0	D:\nt\private\crt32st\dos\dosmap.c
837	.file	0x353	-2	0	103	2	D:\nt\private\crt32st\lowio\dup.c
840	.text	0x2E158	1	0	3	1	D:\nt\private\crt32st\lowio\dup.c
842	.data	0x534D0	3	0	3	1	D:\nt\private\crt32st\lowio\dup.c
844	.data	0x60000	4	0	3	1	D:\nt\private\crt32st\lowio\dup.c
846	.bss	0x413E0	2	0	3	1	D:\nt\private\crt32st\lowio\dup.c
848	FLAT	0x0	-1	0	3	0	D:\nt\private\crt32st\lowio\dup.c
849	.idata$6	0x8018C	6	0	3	0	D:\nt\private\crt32st\lowio\dup.c
850	.idata$6	0x8019E	6	0	3	0	D:\nt\private\crt32st\lowio\dup.c
851	.file	0x361	-2	0	103	3	D:\nt\private\crt32st\lowio\osfinfo.c
855	.text	0x2E224	1	0	3	1	D:\nt\private\crt32st\lowio\osfinfo.c
857	.data	0x534D0	3	0	3	1	D:\nt\private\crt32st\lowio\osfinfo.c
859	.data	0x60000	4	0	3	1	D:\nt\private\crt32st\lowio\osfinfo.c
861	.bss	0x413E0	2	0	3	1	D:\nt\private\crt32st\lowio\osfinfo.c
863	FLAT	0x0	-1	0	3	0	D:\nt\private\crt32st\lowio\osfinfo.c
864	.idata$6	0x801B2	6	0	3	0	D:\nt\private\crt32st\lowio\osfinfo.c
865	.file	0x36F	-2	0	103	1	i386\crtexcpt.asm
867	.text	0x2E44A	1	0	3	1	i386\crtexcpt.asm
869	.data	0x534D0	3	0	3	1	i386\crtexcpt.asm
871	.data	0x60000	4	0	3	1	i386\crtexcpt.asm
873	.bss	0x413E0	2	0	3	1	i386\crtexcpt.asm
875	DGROUP	0x534D0	3	0	3	0	i386\crtexcpt.asm
876	FLAT	0x0	-1	0	3	0	i386\crtexcpt.asm
877	.idata$6	0x802AA	6	0	3	0	i386\crtexcpt.asm
878	.idata$6	0x802B6	6	0	3	0	i386\crtexcpt.asm
879	.file	0x37C	-2	0	103	3	D:\nt\private\crt32st\stdio\_flsbuf.c
883	.text	0x2E4D6	1	0	3	1	D:\nt\private\crt32st\stdio\_flsbuf.c
885	.data	0x534D0	3	0	3	1	D:\nt\private\crt32st\stdio\_flsbuf.c
887	.data	0x60000	4	0	3	1	D:\nt\private\crt32st\stdio\_flsbuf.c
889	.bss	0x413E0	2	0	3	1	D:\nt\private\crt32st\stdio\_flsbuf.c
891	FLAT	0x0	-1	0	3	0	D:\nt\private\crt32st\stdio\_flsbuf.c
892	.file	0x388	-2	0	103	2	D:\nt\private\fp32st\conv\fpinit.c
895	.text	0x2E606	1	0	3	1	D:\nt\private\fp32st\conv\fpinit.c
897	.data	0x534D0	3	0	3	1	D:\nt\private\fp32st\conv\fpinit.c
899	.data	0x60000	4	0	3	1	D:\nt\private\fp32st\conv\fpinit.c
901	.bss	0x413E0	2	0	3	1	D:\nt\private\fp32st\conv\fpinit.c
903	FLAT	0x0	-1	0	3	0	D:\nt\private\fp32st\conv\fpinit.c
904	.file	0x397	-2	0	103	2	D:\nt\private\fp32st\conv\cvt.c
907	.text	0x2E646	1	0	3	1	D:\nt\private\fp32st\conv\cvt.c
909	.data	0x534F0	3	0	3	1	D:\nt\private\fp32st\conv\cvt.c
911	.data	0x60000	4	0	3	1	D:\nt\private\fp32st\conv\cvt.c
913	.bss	0x413E0	2	0	3	1	D:\nt\private\fp32st\conv\cvt.c
915	FLAT	0x0	-1	0	3	0	D:\nt\private\fp32st\conv\cvt.c
916	_cftoe_g	0x2E8EA	1	0	3	0	D:\nt\private\fp32st\conv\cvt.c
917	_cftof_g	0x2EA3E	1	0	3	0	D:\nt\private\fp32st\conv\cvt.c
918	_shift	0x2EB72	1	0	3	0	D:\nt\private\fp32st\conv\cvt.c
919	.file	0x3A4	-2	0	103	3	D:\nt\private\crt32st\misc\cmiscdat.c
923	.text	0x2EBA6	1	0	3	1	D:\nt\private\crt32st\misc\cmiscdat.c
925	.data	0x53500	3	0	3	1	D:\nt\private\crt32st\misc\cmiscdat.c
927	.data	0x60010	4	0	3	1	D:\nt\private\crt32st\misc\cmiscdat.c
929	.bss	0x413F0	2	0	3	1	D:\nt\private\crt32st\misc\cmiscdat.c
931	FLAT	0x0	-1	0	3	0	D:\nt\private\crt32st\misc\cmiscdat.c
932	.file	0x3B0	-2	0	103	2	D:\nt\private\fp32st\conv\cfout.c
935	.text	0x2EBA6	1	0	3	1	D:\nt\private\fp32st\conv\cfout.c
937	.data	0x53520	3	0	3	1	D:\nt\private\fp32st\conv\cfout.c
939	.data	0x60010	4	0	3	1	D:\nt\private\fp32st\conv\cfout.c
941	.bss	0x413F0	2	0	3	1	D:\nt\private\fp32st\conv\cfout.c
943	FLAT	0x0	-1	0	3	0	D:\nt\private\fp32st\conv\cfout.c
944	.file	0x3BC	-2	0	103	2	D:\nt\private\fp32st\conv\x10fout.c
947	.text	0x2EC16	1	0	3	1	D:\nt\private\fp32st\conv\x10fout.c
949	.data	0x53520	3	0	3	1	D:\nt\private\fp32st\conv\x10fout.c
951	.data	0x60010	4	0	3	1	D:\nt\private\fp32st\conv\x10fout.c
953	.bss	0x41420	2	0	3	1	D:\nt\private\fp32st\conv\x10fout.c
955	FLAT	0x0	-1	0	3	0	D:\nt\private\fp32st\conv\x10fout.c
956	.file	0x3C8	-2	0	103	2	D:\nt\private\fp32st\conv\ldtod.c
959	.text	0x2EFC6	1	0	3	1	D:\nt\private\fp32st\conv\ldtod.c
961	.data	0x53540	3	0	3	1	D:\nt\private\fp32st\conv\ldtod.c
963	.data	0x60010	4	0	3	1	D:\nt\private\fp32st\conv\ldtod.c
965	.bss	0x41420	2	0	3	1	D:\nt\private\fp32st\conv\ldtod.c
967	FLAT	0x0	-1	0	3	0	D:\nt\private\fp32st\conv\ldtod.c
968	.file	0x3D5	-2	0	103	3	D:\nt\private\crt32st\convert\_fptostr.c
972	.text	0x2F236	1	0	3	1	D:\nt\private\crt32st\convert\_fptostr.c
974	.data	0x53540	3	0	3	1	D:\nt\private\crt32st\convert\_fptostr.c
976	.data	0x60010	4	0	3	1	D:\nt\private\crt32st\convert\_fptostr.c
978	.bss	0x41420	2	0	3	1	D:\nt\private\crt32st\convert\_fptostr.c
980	FLAT	0x0	-1	0	3	0	D:\nt\private\crt32st\convert\_fptostr.c
981	.file	0x3E2	-2	0	103	3	D:\nt\private\crt32st\startup\crt0fp.c
985	.text	0x2F2C6	1	0	3	1	D:\nt\private\crt32st\startup\crt0fp.c
987	.data	0x53540	3	0	3	1	D:\nt\private\crt32st\startup\crt0fp.c
989	.data	0x60010	4	0	3	1	D:\nt\private\crt32st\startup\crt0fp.c
991	.bss	0x41420	2	0	3	1	D:\nt\private\crt32st\startup\crt0fp.c
993	FLAT	0x0	-1	0	3	0	D:\nt\private\crt32st\startup\crt0fp.c
994	.file	0x3F0	-2	0	103	2	D:\nt\private\crt32st\lowio\fstat.c
997	.text	0x2F2D6	1	0	3	1	D:\nt\private\crt32st\lowio\fstat.c
999	.data	0x53540	3	0	3	1	D:\nt\private\crt32st\lowio\fstat.c
1001	.data	0x60010	4	0	3	1	D:\nt\private\crt32st\lowio\fstat.c
1003	.bss	0x41420	2	0	3	1	D:\nt\private\crt32st\lowio\fstat.c
1005	FLAT	0x0	-1	0	3	0	D:\nt\private\crt32st\lowio\fstat.c
1006	.idata$6	0x801C2	6	0	3	0	D:\nt\private\crt32st\lowio\fstat.c
1007	.idata$6	0x801DA	6	0	3	0	D:\nt\private\crt32st\lowio\fstat.c
1008	.file	0x3FD	-2	0	103	3	D:\nt\private\crt32st\time\dtoxtime.c
1012	.text	0x2F4F2	1	0	3	1	D:\nt\private\crt32st\time\dtoxtime.c
1014	.data	0x53540	3	0	3	1	D:\nt\private\crt32st\time\dtoxtime.c
1016	.data	0x60010	4	0	3	1	D:\nt\private\crt32st\time\dtoxtime.c
1018	.bss	0x41420	2	0	3	1	D:\nt\private\crt32st\time\dtoxtime.c
1020	FLAT	0x0	-1	0	3	0	D:\nt\private\crt32st\time\dtoxtime.c
1021	.file	0x409	-2	0	103	2	D:\nt\private\crt32st\time\tzset.c
1024	.text	0x2F5C2	1	0	3	1	D:\nt\private\crt32st\time\tzset.c
1026	.data	0x53540	3	0	3	1	D:\nt\private\crt32st\time\tzset.c
1028	.data	0x60010	4	0	3	1	D:\nt\private\crt32st\time\tzset.c
1030	.bss	0x41420	2	0	3	1	D:\nt\private\crt32st\time\tzset.c
1032	FLAT	0x0	-1	0	3	0	D:\nt\private\crt32st\time\tzset.c
1033	.file	0x415	-2	0	103	2	D:\nt\private\crt32st\time\timeset.c
1036	.text	0x2F752	1	0	3	1	D:\nt\private\crt32st\time\timeset.c
1038	.data	0x53550	3	0	3	1	D:\nt\private\crt32st\time\timeset.c
1040	.data	0x60010	4	0	3	1	D:\nt\private\crt32st\time\timeset.c
1042	.bss	0x41430	2	0	3	1	D:\nt\private\crt32st\time\timeset.c
1044	FLAT	0x0	-1	0	3	0	D:\nt\private\crt32st\time\timeset.c
1045	.file	0x421	-2	0	103	2	D:\nt\private\crt32st\time\days.c
1048	.text	0x2F752	1	0	3	1	D:\nt\private\crt32st\time\days.c
1050	.data	0x535B0	3	0	3	1	D:\nt\private\crt32st\time\days.c
1052	.data	0x60010	4	0	3	1	D:\nt\private\crt32st\time\days.c
1054	.bss	0x41430	2	0	3	1	D:\nt\private\crt32st\time\days.c
1056	FLAT	0x0	-1	0	3	0	D:\nt\private\crt32st\time\days.c
1057	.file	0x429	-2	0	103	1	i386\ftol.asm
1059	.text	0x2F752	1	0	3	1	i386\ftol.asm
1061	.data	0x53620	3	0	3	1	i386\ftol.asm
1063	DGROUP	0x53620	3	0	3	0	i386\ftol.asm
1064	FLAT	0x0	-1	0	3	0	i386\ftol.asm
1065	.file	0x436	-2	0	103	3	D:\nt\private\crt32st\stdio\_getbuf.c
1069	.text	0x2F782	1	0	3	1	D:\nt\private\crt32st\stdio\_getbuf.c
1071	.data	0x53620	3	0	3	1	D:\nt\private\crt32st\stdio\_getbuf.c
1073	.data	0x60010	4	0	3	1	D:\nt\private\crt32st\stdio\_getbuf.c
1075	.bss	0x41430	2	0	3	1	D:\nt\private\crt32st\stdio\_getbuf.c
1077	FLAT	0x0	-1	0	3	0	D:\nt\private\crt32st\stdio\_getbuf.c
1078	.file	0x443	-2	0	103	2	D:\nt\private\crt32st\stdio\fflush.c
1081	.text	0x2F7D2	1	0	3	1	D:\nt\private\crt32st\stdio\fflush.c
1083	.data	0x53620	3	0	3	1	D:\nt\private\crt32st\stdio\fflush.c
1085	.data	0x60010	4	0	3	1	D:\nt\private\crt32st\stdio\fflush.c
1087	.bss	0x41430	2	0	3	1	D:\nt\private\crt32st\stdio\fflush.c
1089	FLAT	0x0	-1	0	3	0	D:\nt\private\crt32st\stdio\fflush.c
1090	flsall	0x2F89E	1	0	3	0	D:\nt\private\crt32st\stdio\fflush.c
1091	.file	0x450	-2	0	103	2	D:\nt\private\crt32st\lowio\commit.c
1094	.text	0x2F932	1	0	3	1	D:\nt\private\crt32st\lowio\commit.c
1096	.data	0x53630	3	0	3	1	D:\nt\private\crt32st\lowio\commit.c
1098	.data	0x60010	4	0	3	1	D:\nt\private\crt32st\lowio\commit.c
1100	.bss	0x41430	2	0	3	1	D:\nt\private\crt32st\lowio\commit.c
1102	FLAT	0x0	-1	0	3	0	D:\nt\private\crt32st\lowio\commit.c
1103	.idata$6	0x801E8	6	0	3	0	D:\nt\private\crt32st\lowio\commit.c
1104	.file	0x45D	-2	0	103	3	D:\nt\private\crt32st\stdio\closeall.c
1108	.text	0x2F9A8	1	0	3	1	D:\nt\private\crt32st\stdio\closeall.c
1110	.data	0x53630	3	0	3	1	D:\nt\private\crt32st\stdio\closeall.c
1112	.data	0x60010	4	0	3	1	D:\nt\private\crt32st\stdio\closeall.c
1114	.bss	0x41430	2	0	3	1	D:\nt\private\crt32st\stdio\closeall.c
1116	FLAT	0x0	-1	0	3	0	D:\nt\private\crt32st\stdio\closeall.c
1117	.file	0x46B	-2	0	103	3	D:\nt\private\crt32st\heap\heapinit.c
1121	.text	0x2F9D8	1	0	3	1	D:\nt\private\crt32st\heap\heapinit.c
1123	.data	0x53630	3	0	3	1	D:\nt\private\crt32st\heap\heapinit.c
1125	.data	0x60010	4	0	3	1	D:\nt\private\crt32st\heap\heapinit.c
1127	.bss	0x41430	2	0	3	1	D:\nt\private\crt32st\heap\heapinit.c
1129	FLAT	0x0	-1	0	3	0	D:\nt\private\crt32st\heap\heapinit.c
1130	.idata$6	0x801FC	6	0	3	0	D:\nt\private\crt32st\heap\heapinit.c
1131	.file	0x477	-2	0	103	2	D:\nt\private\crt32st\heap\hpabort.c
1134	.text	0x2FA3E	1	0	3	1	D:\nt\private\crt32st\heap\hpabort.c
1136	.data	0x53650	3	0	3	1	D:\nt\private\crt32st\heap\hpabort.c
1138	.data	0x60010	4	0	3	1	D:\nt\private\crt32st\heap\hpabort.c
1140	.bss	0x41430	2	0	3	1	D:\nt\private\crt32st\heap\hpabort.c
1142	FLAT	0x0	-1	0	3	0	D:\nt\private\crt32st\heap\hpabort.c
1143	.file	0x483	-2	0	103	2	D:\nt\private\crt32st\stdio\_file.c
1146	.text	0x2FA4E	1	0	3	1	D:\nt\private\crt32st\stdio\_file.c
1148	.data	0x53650	3	0	3	1	D:\nt\private\crt32st\stdio\_file.c
1150	.data	0x60010	4	0	3	1	D:\nt\private\crt32st\stdio\_file.c
1152	.bss	0x41430	2	0	3	1	D:\nt\private\crt32st\stdio\_file.c
1154	FLAT	0x0	-1	0	3	0	D:\nt\private\crt32st\stdio\_file.c
1155	.file	0x48F	-2	0	103	2	D:\nt\private\crt32st\lowio\isatty.c
1158	.text	0x2FA4E	1	0	3	1	D:\nt\private\crt32st\lowio\isatty.c
1160	.data	0x538E0	3	0	3	1	D:\nt\private\crt32st\lowio\isatty.c
1162	.data	0x60010	4	0	3	1	D:\nt\private\crt32st\lowio\isatty.c
1164	.bss	0x41430	2	0	3	1	D:\nt\private\crt32st\lowio\isatty.c
1166	FLAT	0x0	-1	0	3	0	D:\nt\private\crt32st\lowio\isatty.c
1167	.file	0x49C	-2	0	103	2	D:\nt\private\crt32st\lowio\lseek.c
1170	.text	0x2FA7E	1	0	3	1	D:\nt\private\crt32st\lowio\lseek.c
1172	.data	0x538E0	3	0	3	1	D:\nt\private\crt32st\lowio\lseek.c
1174	.data	0x60010	4	0	3	1	D:\nt\private\crt32st\lowio\lseek.c
1176	.bss	0x41430	2	0	3	1	D:\nt\private\crt32st\lowio\lseek.c
1178	FLAT	0x0	-1	0	3	0	D:\nt\private\crt32st\lowio\lseek.c
1179	.idata$6	0x8020C	6	0	3	0	D:\nt\private\crt32st\lowio\lseek.c
1180	.file	0x4A8	-2	0	103	2	D:\nt\private\fp32st\conv\constpow.c
1183	.text	0x2FB04	1	0	3	1	D:\nt\private\fp32st\conv\constpow.c
1185	.data	0x538E0	3	0	3	1	D:\nt\private\fp32st\conv\constpow.c
1187	.data	0x60010	4	0	3	1	D:\nt\private\fp32st\conv\constpow.c
1189	.bss	0x41430	2	0	3	1	D:\nt\private\fp32st\conv\constpow.c
1191	FLAT	0x0	-1	0	3	0	D:\nt\private\fp32st\conv\constpow.c
1192	.file	0x4B5	-2	0	103	2	D:\nt\private\crt32st\lowio\read.c
1195	.text	0x2FB04	1	0	3	1	D:\nt\private\crt32st\lowio\read.c
1197	.data	0x53BA0	3	0	3	1	D:\nt\private\crt32st\lowio\read.c
1199	.data	0x60010	4	0	3	1	D:\nt\private\crt32st\lowio\read.c
1201	.bss	0x41430	2	0	3	1	D:\nt\private\crt32st\lowio\read.c
1203	FLAT	0x0	-1	0	3	0	D:\nt\private\crt32st\lowio\read.c
1204	.idata$6	0x8021E	6	0	3	0	D:\nt\private\crt32st\lowio\read.c
1205	.file	0x4C4	-2	0	103	3	D:\nt\private\crt32st\startup\stdargv.c
1209	.text	0x2FD4A	1	0	3	1	D:\nt\private\crt32st\startup\stdargv.c
1211	.data	0x53BA0	3	0	3	1	D:\nt\private\crt32st\startup\stdargv.c
1213	.data	0x60010	4	0	3	1	D:\nt\private\crt32st\startup\stdargv.c
1215	.bss	0x41430	2	0	3	1	D:\nt\private\crt32st\startup\stdargv.c
1217	FLAT	0x0	-1	0	3	0	D:\nt\private\crt32st\startup\stdargv.c
1218	parse_cmdline	0x2FDEE	1	0	3	0	D:\nt\private\crt32st\startup\stdargv.c
1219	.idata$6	0x8022A	6	0	3	0	D:\nt\private\crt32st\startup\stdargv.c
1220	.file	0x4D1	-2	0	103	3	D:\nt\private\crt32st\startup\stdenvp.c
1224	.text	0x2FF70	1	0	3	1	D:\nt\private\crt32st\startup\stdenvp.c
1226	.data	0x53BA0	3	0	3	1	D:\nt\private\crt32st\startup\stdenvp.c
1228	.data	0x60010	4	0	3	1	D:\nt\private\crt32st\startup\stdenvp.c
1230	.bss	0x41540	2	0	3	1	D:\nt\private\crt32st\startup\stdenvp.c
1232	FLAT	0x0	-1	0	3	0	D:\nt\private\crt32st\startup\stdenvp.c
1233	.file	0x4E0	-2	0	103	2	D:\nt\private\crt32st\lowio\open.c
1236	.text	0x30080	1	0	3	1	D:\nt\private\crt32st\lowio\open.c
1238	.data	0x53BA0	3	0	3	1	D:\nt\private\crt32st\lowio\open.c
1240	.data	0x60010	4	0	3	1	D:\nt\private\crt32st\lowio\open.c
1242	.bss	0x41540	2	0	3	1	D:\nt\private\crt32st\lowio\open.c
1244	FLAT	0x0	-1	0	3	0	D:\nt\private\crt32st\lowio\open.c
1245	.idata$6	0x80240	6	0	3	0	D:\nt\private\crt32st\lowio\open.c
1246	.idata$6	0x8024E	6	0	3	0	D:\nt\private\crt32st\lowio\open.c
1247	.idata$6	0x80264	6	0	3	0	D:\nt\private\crt32st\lowio\open.c
1248	.file	0x4EC	-2	0	103	2	D:\nt\private\crt32st\dos\access.c
1251	.text	0x303A2	1	0	3	1	D:\nt\private\crt32st\dos\access.c
1253	.data	0x53BA0	3	0	3	1	D:\nt\private\crt32st\dos\access.c
1255	.data	0x60010	4	0	3	1	D:\nt\private\crt32st\dos\access.c
1257	.bss	0x41540	2	0	3	1	D:\nt\private\crt32st\dos\access.c
1259	FLAT	0x0	-1	0	3	0	D:\nt\private\crt32st\dos\access.c
1260	.file	0x4F8	-2	0	103	2	D:\nt\private\crt32st\lowio\chsize.c
1263	.text	0x30402	1	0	3	1	D:\nt\private\crt32st\lowio\chsize.c
1265	.data	0x53BA0	3	0	3	1	D:\nt\private\crt32st\lowio\chsize.c
1267	.data	0x60010	4	0	3	1	D:\nt\private\crt32st\lowio\chsize.c
1269	.bss	0x41540	2	0	3	1	D:\nt\private\crt32st\lowio\chsize.c
1271	FLAT	0x0	-1	0	3	0	D:\nt\private\crt32st\lowio\chsize.c
1272	.file	0x505	-2	0	103	3	D:\nt\private\crt32st\lowio\setmode.c
1276	.text	0x30552	1	0	3	1	D:\nt\private\crt32st\lowio\setmode.c
1278	.data	0x53BA0	3	0	3	1	D:\nt\private\crt32st\lowio\setmode.c
1280	.data	0x60010	4	0	3	1	D:\nt\private\crt32st\lowio\setmode.c
1282	.bss	0x41540	2	0	3	1	D:\nt\private\crt32st\lowio\setmode.c
1284	FLAT	0x0	-1	0	3	0	D:\nt\private\crt32st\lowio\setmode.c
1285	.file	0x512	-2	0	103	3	D:\nt\private\crt32st\string\strdup.c
1289	.text	0x305E2	1	0	3	1	D:\nt\private\crt32st\string\strdup.c
1291	.data	0x53BA0	3	0	3	1	D:\nt\private\crt32st\string\strdup.c
1293	.data	0x60010	4	0	3	1	D:\nt\private\crt32st\string\strdup.c
1295	.bss	0x41540	2	0	3	1	D:\nt\private\crt32st\string\strdup.c
1297	FLAT	0x0	-1	0	3	0	D:\nt\private\crt32st\string\strdup.c
1298	.file	0x51F	-2	0	103	3	D:\nt\private\crt32st\string\strupr.c
1302	.text	0x30642	1	0	3	1	D:\nt\private\crt32st\string\strupr.c
1304	.data	0x53BA0	3	0	3	1	D:\nt\private\crt32st\string\strupr.c
1306	.data	0x60010	4	0	3	1	D:\nt\private\crt32st\string\strupr.c
1308	.bss	0x41540	2	0	3	1	D:\nt\private\crt32st\string\strupr.c
1310	FLAT	0x0	-1	0	3	0	D:\nt\private\crt32st\string\strupr.c
1311	.file	0x52B	-2	0	103	2	D:\nt\private\crt32st\lowio\write.c
1314	.text	0x30672	1	0	3	1	D:\nt\private\crt32st\lowio\write.c
1316	.data	0x53BA0	3	0	3	1	D:\nt\private\crt32st\lowio\write.c
1318	.data	0x60010	4	0	3	1	D:\nt\private\crt32st\lowio\write.c
1320	.bss	0x41540	2	0	3	1	D:\nt\private\crt32st\lowio\write.c
1322	FLAT	0x0	-1	0	3	0	D:\nt\private\crt32st\lowio\write.c
1323	.file	0x536	-2	0	103	1	agrammar.bd
1325	.text	0x30872	1	0	3	1	agrammar.bd
1327	.data	0x53BA0	3	0	3	1	agrammar.bd
1329	.data	0x60010	4	0	3	1	agrammar.bd
1331	.bss	0x41540	2	0	3	1	agrammar.bd
1333	FLAT	0x0	-1	0	3	0	agrammar.bd
1334	.file	0x542	-2	0	103	2	D:\nt\private\crt32st\convert\atof.c
1337	.text	0x30872	1	0	3	1	D:\nt\private\crt32st\convert\atof.c
1339	.data	0x541B0	3	0	3	1	D:\nt\private\crt32st\convert\atof.c
1341	.data	0x60010	4	0	3	1	D:\nt\private\crt32st\convert\atof.c
1343	.bss	0x41540	2	0	3	1	D:\nt\private\crt32st\convert\atof.c
1345	FLAT	0x0	-1	0	3	0	D:\nt\private\crt32st\convert\atof.c
1346	.file	0x54E	-2	0	103	2	D:\nt\private\fp32st\conv\cfin.c
1349	.text	0x308C2	1	0	3	1	D:\nt\private\fp32st\conv\cfin.c
1351	.data	0x541B0	3	0	3	1	D:\nt\private\fp32st\conv\cfin.c
1353	.data	0x60010	4	0	3	1	D:\nt\private\fp32st\conv\cfin.c
1355	.bss	0x41540	2	0	3	1	D:\nt\private\fp32st\conv\cfin.c
1357	FLAT	0x0	-1	0	3	0	D:\nt\private\fp32st\conv\cfin.c
1358	.file	0x55A	-2	0	103	2	D:\nt\private\crt32st\convert\atox.c
1361	.text	0x30992	1	0	3	1	D:\nt\private\crt32st\convert\atox.c
1363	.data	0x541C0	3	0	3	1	D:\nt\private\crt32st\convert\atox.c
1365	.data	0x60030	4	0	3	1	D:\nt\private\crt32st\convert\atox.c
1367	.bss	0x41560	2	0	3	1	D:\nt\private\crt32st\convert\atox.c
1369	FLAT	0x0	-1	0	3	0	D:\nt\private\crt32st\convert\atox.c
1370	.file	0x566	-2	0	103	2	D:\nt\private\crt32st\time\ctime.c
1373	.text	0x30A22	1	0	3	1	D:\nt\private\crt32st\time\ctime.c
1375	.data	0x541C0	3	0	3	1	D:\nt\private\crt32st\time\ctime.c
1377	.data	0x60030	4	0	3	1	D:\nt\private\crt32st\time\ctime.c
1379	.bss	0x41560	2	0	3	1	D:\nt\private\crt32st\time\ctime.c
1381	FLAT	0x0	-1	0	3	0	D:\nt\private\crt32st\time\ctime.c
1382	.file	0x573	-2	0	103	2	D:\nt\private\crt32st\time\asctime.c
1385	.text	0x30A52	1	0	3	1	D:\nt\private\crt32st\time\asctime.c
1387	.data	0x541C0	3	0	3	1	D:\nt\private\crt32st\time\asctime.c
1389	.data	0x60030	4	0	3	1	D:\nt\private\crt32st\time\asctime.c
1391	.bss	0x41560	2	0	3	1	D:\nt\private\crt32st\time\asctime.c
1393	FLAT	0x0	-1	0	3	0	D:\nt\private\crt32st\time\asctime.c
1394	store_dt	0x30A52	1	0	3	0	D:\nt\private\crt32st\time\asctime.c
1395	.file	0x57E	-2	0	103	1	Common\il.c
1397	.text	0x30B62	1	0	3	1	Common\il.c
1399	.data	0x541C0	3	0	3	1	Common\il.c
1401	.data	0x60030	4	0	3	1	Common\il.c
1403	.bss	0x41580	2	0	3	1	Common\il.c
1405	FLAT	0x0	-1	0	3	0	Common\il.c
1406	.file	0x58A	-2	0	103	2	D:\nt\private\crt32st\stdio\fclose.c
1409	.text	0x30B62	1	0	3	1	D:\nt\private\crt32st\stdio\fclose.c
1411	.data	0x54870	3	0	3	1	D:\nt\private\crt32st\stdio\fclose.c
1413	.data	0x60030	4	0	3	1	D:\nt\private\crt32st\stdio\fclose.c
1415	.bss	0x41580	2	0	3	1	D:\nt\private\crt32st\stdio\fclose.c
1417	FLAT	0x0	-1	0	3	0	D:\nt\private\crt32st\stdio\fclose.c
1418	.file	0x597	-2	0	103	3	D:\nt\private\crt32st\stdio\_freebuf.c
1422	.text	0x30C42	1	0	3	1	D:\nt\private\crt32st\stdio\_freebuf.c
1424	.data	0x54880	3	0	3	1	D:\nt\private\crt32st\stdio\_freebuf.c
1426	.data	0x60030	4	0	3	1	D:\nt\private\crt32st\stdio\_freebuf.c
1428	.bss	0x41580	2	0	3	1	D:\nt\private\crt32st\stdio\_freebuf.c
1430	FLAT	0x0	-1	0	3	0	D:\nt\private\crt32st\stdio\_freebuf.c
1431	.file	0x5A4	-2	0	103	2	D:\nt\private\crt32st\convert\xtoa.c
1434	.text	0x30C72	1	0	3	1	D:\nt\private\crt32st\convert\xtoa.c
1436	.data	0x54880	3	0	3	1	D:\nt\private\crt32st\convert\xtoa.c
1438	.data	0x60030	4	0	3	1	D:\nt\private\crt32st\convert\xtoa.c
1440	.bss	0x41580	2	0	3	1	D:\nt\private\crt32st\convert\xtoa.c
1442	FLAT	0x0	-1	0	3	0	D:\nt\private\crt32st\convert\xtoa.c
1443	xtoa	0x30C72	1	0	3	0	D:\nt\private\crt32st\convert\xtoa.c
1444	.file	0x5B1	-2	0	103	2	D:\nt\private\crt32st\dos\unlink.c
1447	.text	0x30D52	1	0	3	1	D:\nt\private\crt32st\dos\unlink.c
1449	.data	0x54880	3	0	3	1	D:\nt\private\crt32st\dos\unlink.c
1451	.data	0x60030	4	0	3	1	D:\nt\private\crt32st\dos\unlink.c
1453	.bss	0x41580	2	0	3	1	D:\nt\private\crt32st\dos\unlink.c
1455	FLAT	0x0	-1	0	3	0	D:\nt\private\crt32st\dos\unlink.c
1456	.idata$6	0x80274	6	0	3	0	D:\nt\private\crt32st\dos\unlink.c
1457	.file	0x5BD	-2	0	103	2	D:\nt\private\crt32st\stdio\fgets.c
1460	.text	0x30DA8	1	0	3	1	D:\nt\private\crt32st\stdio\fgets.c
1462	.data	0x54880	3	0	3	1	D:\nt\private\crt32st\stdio\fgets.c
1464	.data	0x60030	4	0	3	1	D:\nt\private\crt32st\stdio\fgets.c
1466	.bss	0x41580	2	0	3	1	D:\nt\private\crt32st\stdio\fgets.c
1468	FLAT	0x0	-1	0	3	0	D:\nt\private\crt32st\stdio\fgets.c
1469	.file	0x5CA	-2	0	103	3	D:\nt\private\crt32st\stdio\_filbuf.c
1473	.text	0x30E38	1	0	3	1	D:\nt\private\crt32st\stdio\_filbuf.c
1475	.data	0x54880	3	0	3	1	D:\nt\private\crt32st\stdio\_filbuf.c
1477	.data	0x60030	4	0	3	1	D:\nt\private\crt32st\stdio\_filbuf.c
1479	.bss	0x41580	2	0	3	1	D:\nt\private\crt32st\stdio\_filbuf.c
1481	FLAT	0x0	-1	0	3	0	D:\nt\private\crt32st\stdio\_filbuf.c
1482	.file	0x5D6	-2	0	103	2	D:\nt\private\crt32st\stdio\fopen.c
1485	.text	0x30EE8	1	0	3	1	D:\nt\private\crt32st\stdio\fopen.c
1487	.data	0x54880	3	0	3	1	D:\nt\private\crt32st\stdio\fopen.c
1489	.data	0x60030	4	0	3	1	D:\nt\private\crt32st\stdio\fopen.c
1491	.bss	0x41580	2	0	3	1	D:\nt\private\crt32st\stdio\fopen.c
1493	FLAT	0x0	-1	0	3	0	D:\nt\private\crt32st\stdio\fopen.c
1494	.file	0x5E2	-2	0	103	2	D:\nt\private\crt32st\stdio\stream.c
1497	.text	0x30F28	1	0	3	1	D:\nt\private\crt32st\stdio\stream.c
1499	.data	0x54880	3	0	3	1	D:\nt\private\crt32st\stdio\stream.c
1501	.data	0x60030	4	0	3	1	D:\nt\private\crt32st\stdio\stream.c
1503	.bss	0x41580	2	0	3	1	D:\nt\private\crt32st\stdio\stream.c
1505	FLAT	0x0	-1	0	3	0	D:\nt\private\crt32st\stdio\stream.c
1506	.file	0x5EE	-2	0	103	2	D:\nt\private\crt32st\stdio\_open.c
1509	.text	0x30F68	1	0	3	1	D:\nt\private\crt32st\stdio\_open.c
1511	.data	0x54880	3	0	3	1	D:\nt\private\crt32st\stdio\_open.c
1513	.data	0x60030	4	0	3	1	D:\nt\private\crt32st\stdio\_open.c
1515	.bss	0x41580	2	0	3	1	D:\nt\private\crt32st\stdio\_open.c
1517	FLAT	0x0	-1	0	3	0	D:\nt\private\crt32st\stdio\_open.c
1518	.file	0x5FB	-2	0	103	3	D:\nt\private\crt32st\stdio\ncommode.c
1522	.text	0x31098	1	0	3	1	D:\nt\private\crt32st\stdio\ncommode.c
1524	.data	0x54880	3	0	3	1	D:\nt\private\crt32st\stdio\ncommode.c
1526	.data	0x60030	4	0	3	1	D:\nt\private\crt32st\stdio\ncommode.c
1528	.bss	0x41580	2	0	3	1	D:\nt\private\crt32st\stdio\ncommode.c
1530	FLAT	0x0	-1	0	3	0	D:\nt\private\crt32st\stdio\ncommode.c
1531	.file	0x607	-2	0	103	2	D:\nt\private\crt32st\stdio\fputc.c
1534	.text	0x31098	1	0	3	1	D:\nt\private\crt32st\stdio\fputc.c
1536	.data	0x54890	3	0	3	1	D:\nt\private\crt32st\stdio\fputc.c
1538	.data	0x60030	4	0	3	1	D:\nt\private\crt32st\stdio\fputc.c
1540	.bss	0x41580	2	0	3	1	D:\nt\private\crt32st\stdio\fputc.c
1542	FLAT	0x0	-1	0	3	0	D:\nt\private\crt32st\stdio\fputc.c
1543	.file	0x613	-2	0	103	2	D:\nt\private\crt32st\heap\free.c
1546	.text	0x310F8	1	0	3	1	D:\nt\private\crt32st\heap\free.c
1548	.data	0x54890	3	0	3	1	D:\nt\private\crt32st\heap\free.c
1550	.data	0x60030	4	0	3	1	D:\nt\private\crt32st\heap\free.c
1552	.bss	0x41580	2	0	3	1	D:\nt\private\crt32st\heap\free.c
1554	FLAT	0x0	-1	0	3	0	D:\nt\private\crt32st\heap\free.c
1555	.file	0x620	-2	0	103	3	D:\nt\private\crt32st\stdio\freopen.c
1559	.text	0x31168	1	0	3	1	D:\nt\private\crt32st\stdio\freopen.c
1561	.data	0x54890	3	0	3	1	D:\nt\private\crt32st\stdio\freopen.c
1563	.data	0x60030	4	0	3	1	D:\nt\private\crt32st\stdio\freopen.c
1565	.bss	0x41580	2	0	3	1	D:\nt\private\crt32st\stdio\freopen.c
1567	FLAT	0x0	-1	0	3	0	D:\nt\private\crt32st\stdio\freopen.c
1568	.file	0x62C	-2	0	103	2	D:\nt\private\crt32st\stdio\fseek.c
1571	.text	0x311C8	1	0	3	1	D:\nt\private\crt32st\stdio\fseek.c
1573	.data	0x54890	3	0	3	1	D:\nt\private\crt32st\stdio\fseek.c
1575	.data	0x60030	4	0	3	1	D:\nt\private\crt32st\stdio\fseek.c
1577	.bss	0x41580	2	0	3	1	D:\nt\private\crt32st\stdio\fseek.c
1579	FLAT	0x0	-1	0	3	0	D:\nt\private\crt32st\stdio\fseek.c
1580	.file	0x638	-2	0	103	2	D:\nt\private\crt32st\stdio\ftell.c
1583	.text	0x31258	1	0	3	1	D:\nt\private\crt32st\stdio\ftell.c
1585	.data	0x54890	3	0	3	1	D:\nt\private\crt32st\stdio\ftell.c
1587	.data	0x60030	4	0	3	1	D:\nt\private\crt32st\stdio\ftell.c
1589	.bss	0x41580	2	0	3	1	D:\nt\private\crt32st\stdio\ftell.c
1591	FLAT	0x0	-1	0	3	0	D:\nt\private\crt32st\stdio\ftell.c
1592	.file	0x644	-2	0	103	2	D:\nt\private\crt32st\stdio\fwrite.c
1595	.text	0x313B8	1	0	3	1	D:\nt\private\crt32st\stdio\fwrite.c
1597	.data	0x54890	3	0	3	1	D:\nt\private\crt32st\stdio\fwrite.c
1599	.data	0x60030	4	0	3	1	D:\nt\private\crt32st\stdio\fwrite.c
1601	.bss	0x41580	2	0	3	1	D:\nt\private\crt32st\stdio\fwrite.c
1603	FLAT	0x0	-1	0	3	0	D:\nt\private\crt32st\stdio\fwrite.c
1604	.file	0x650	-2	0	103	2	D:\nt\private\crt32st\misc\getenv.c
1607	.text	0x31508	1	0	3	1	D:\nt\private\crt32st\misc\getenv.c
1609	.data	0x54890	3	0	3	1	D:\nt\private\crt32st\misc\getenv.c
1611	.data	0x60030	4	0	3	1	D:\nt\private\crt32st\misc\getenv.c
1613	.bss	0x41580	2	0	3	1	D:\nt\private\crt32st\misc\getenv.c
1615	FLAT	0x0	-1	0	3	0	D:\nt\private\crt32st\misc\getenv.c
1616	.file	0x65B	-2	0	103	1	Common\ioin.c
1618	.text	0x31588	1	0	3	1	Common\ioin.c
1620	.data	0x54890	3	0	3	1	Common\ioin.c
1622	.data	0x60030	4	0	3	1	Common\ioin.c
1624	.bss	0x41580	2	0	3	1	Common\ioin.c
1626	FLAT	0x0	-1	0	3	0	Common\ioin.c
1627	.file	0x668	-2	0	103	3	D:\nt\private\crt32st\convert\_ctype.c
1631	.text	0x31678	1	0	3	1	D:\nt\private\crt32st\convert\_ctype.c
1633	.data	0x54890	3	0	3	1	D:\nt\private\crt32st\convert\_ctype.c
1635	.data	0x60030	4	0	3	1	D:\nt\private\crt32st\convert\_ctype.c
1637	.bss	0x41580	2	0	3	1	D:\nt\private\crt32st\convert\_ctype.c
1639	FLAT	0x0	-1	0	3	0	D:\nt\private\crt32st\convert\_ctype.c
1640	.file	0x675	-2	0	103	3	D:\nt\private\crt32st\time\localtim.c
1644	.text	0x317B8	1	0	3	1	D:\nt\private\crt32st\time\localtim.c
1646	.data	0x54890	3	0	3	1	D:\nt\private\crt32st\time\localtim.c
1648	.data	0x60030	4	0	3	1	D:\nt\private\crt32st\time\localtim.c
1650	.bss	0x41580	2	0	3	1	D:\nt\private\crt32st\time\localtim.c
1652	FLAT	0x0	-1	0	3	0	D:\nt\private\crt32st\time\localtim.c
1653	.file	0x681	-2	0	103	2	D:\nt\private\crt32st\time\gmtime.c
1656	.text	0x31828	1	0	3	1	D:\nt\private\crt32st\time\gmtime.c
1658	.data	0x54890	3	0	3	1	D:\nt\private\crt32st\time\gmtime.c
1660	.data	0x60030	4	0	3	1	D:\nt\private\crt32st\time\gmtime.c
1662	.bss	0x41580	2	0	3	1	D:\nt\private\crt32st\time\gmtime.c
1664	FLAT	0x0	-1	0	3	0	D:\nt\private\crt32st\time\gmtime.c
1665	.file	0x68D	-2	0	103	2	D:\nt\private\crt32st\heap\malloc.c
1668	.text	0x319D8	1	0	3	1	D:\nt\private\crt32st\heap\malloc.c
1670	.data	0x548C0	3	0	3	1	D:\nt\private\crt32st\heap\malloc.c
1672	.data	0x60030	4	0	3	1	D:\nt\private\crt32st\heap\malloc.c
1674	.bss	0x41580	2	0	3	1	D:\nt\private\crt32st\heap\malloc.c
1676	FLAT	0x0	-1	0	3	0	D:\nt\private\crt32st\heap\malloc.c
1677	.file	0x69C	-2	0	103	3	D:\nt\private\crt32st\heap\heapgrow.c
1681	.text	0x31AD8	1	0	3	1	D:\nt\private\crt32st\heap\heapgrow.c
1683	.data	0x548C0	3	0	3	1	D:\nt\private\crt32st\heap\heapgrow.c
1685	.data	0x60030	4	0	3	1	D:\nt\private\crt32st\heap\heapgrow.c
1687	.bss	0x41580	2	0	3	1	D:\nt\private\crt32st\heap\heapgrow.c
1689	FLAT	0x0	-1	0	3	0	D:\nt\private\crt32st\heap\heapgrow.c
1690	_heap_new_region	0x31B4C	1	0	3	0	D:\nt\private\crt32st\heap\heapgrow.c
1691	.idata$6	0x80282	6	0	3	0	D:\nt\private\crt32st\heap\heapgrow.c
1692	.file	0x6A9	-2	0	103	2	D:\nt\private\crt32st\heap\heapadd.c
1695	.text	0x31D0E	1	0	3	1	D:\nt\private\crt32st\heap\heapadd.c
1697	.data	0x548C0	3	0	3	1	D:\nt\private\crt32st\heap\heapadd.c
1699	.data	0x60030	4	0	3	1	D:\nt\private\crt32st\heap\heapadd.c
1701	.bss	0x41580	2	0	3	1	D:\nt\private\crt32st\heap\heapadd.c
1703	FLAT	0x0	-1	0	3	0	D:\nt\private\crt32st\heap\heapadd.c
1704	_before	0x31F0E	1	0	3	0	D:\nt\private\crt32st\heap\heapadd.c
1705	.file	0x6B6	-2	0	103	3	D:\nt\private\crt32st\heap\findaddr.c
1709	.text	0x31FAE	1	0	3	1	D:\nt\private\crt32st\heap\findaddr.c
1711	.data	0x548C0	3	0	3	1	D:\nt\private\crt32st\heap\findaddr.c
1713	.data	0x60030	4	0	3	1	D:\nt\private\crt32st\heap\findaddr.c
1715	.bss	0x41580	2	0	3	1	D:\nt\private\crt32st\heap\findaddr.c
1717	FLAT	0x0	-1	0	3	0	D:\nt\private\crt32st\heap\findaddr.c
1718	.file	0x6C3	-2	0	103	3	D:\nt\private\crt32st\heap\heapsrch.c
1722	.text	0x3202E	1	0	3	1	D:\nt\private\crt32st\heap\heapsrch.c
1724	.data	0x548C0	3	0	3	1	D:\nt\private\crt32st\heap\heapsrch.c
1726	.data	0x60030	4	0	3	1	D:\nt\private\crt32st\heap\heapsrch.c
1728	.bss	0x41580	2	0	3	1	D:\nt\private\crt32st\heap\heapsrch.c
1730	FLAT	0x0	-1	0	3	0	D:\nt\private\crt32st\heap\heapsrch.c
1731	.file	0x6D0	-2	0	103	3	D:\nt\private\crt32st\string\memchr.c
1735	.text	0x3214E	1	0	3	1	D:\nt\private\crt32st\string\memchr.c
1737	.data	0x548C0	3	0	3	1	D:\nt\private\crt32st\string\memchr.c
1739	.data	0x60030	4	0	3	1	D:\nt\private\crt32st\string\memchr.c
1741	.bss	0x41580	2	0	3	1	D:\nt\private\crt32st\string\memchr.c
1743	FLAT	0x0	-1	0	3	0	D:\nt\private\crt32st\string\memchr.c
1744	.file	0x6DD	-2	0	103	3	D:\nt\private\crt32st\string\memmove.c
1748	.text	0x3218E	1	0	3	1	D:\nt\private\crt32st\string\memmove.c
1750	.data	0x548C0	3	0	3	1	D:\nt\private\crt32st\string\memmove.c
1752	.data	0x60030	4	0	3	1	D:\nt\private\crt32st\string\memmove.c
1754	.bss	0x41580	2	0	3	1	D:\nt\private\crt32st\string\memmove.c
1756	FLAT	0x0	-1	0	3	0	D:\nt\private\crt32st\string\memmove.c
1757	.file	0x6EA	-2	0	103	3	D:\nt\private\crt32st\string\memset.c
1761	.text	0x321EE	1	0	3	1	D:\nt\private\crt32st\string\memset.c
1763	.data	0x548C0	3	0	3	1	D:\nt\private\crt32st\string\memset.c
1765	.data	0x60030	4	0	3	1	D:\nt\private\crt32st\string\memset.c
1767	.bss	0x41580	2	0	3	1	D:\nt\private\crt32st\string\memset.c
1769	FLAT	0x0	-1	0	3	0	D:\nt\private\crt32st\string\memset.c
1770	.file	0x6F7	-2	0	103	2	D:\nt\private\crt32st\heap\realloc.c
1773	.text	0x3221E	1	0	3	1	D:\nt\private\crt32st\heap\realloc.c
1775	.data	0x548C0	3	0	3	1	D:\nt\private\crt32st\heap\realloc.c
1777	.data	0x60030	4	0	3	1	D:\nt\private\crt32st\heap\realloc.c
1779	.bss	0x41580	2	0	3	1	D:\nt\private\crt32st\heap\realloc.c
1781	FLAT	0x0	-1	0	3	0	D:\nt\private\crt32st\heap\realloc.c
1782	_heap_expand_block	0x3244A	1	0	3	0	D:\nt\private\crt32st\heap\realloc.c
1783	.file	0x6FC	-2	0	103	1	i386\stubs.asm
1785	.text	0x324CE	1	0	3	1	i386\stubs.asm
1787	FLAT	0x0	-1	0	3	0	i386\stubs.asm
1788	.file	0x709	-2	0	103	3	D:\nt\private\crt32st\string\strchr.c
1792	.text	0x324FE	1	0	3	1	D:\nt\private\crt32st\string\strchr.c
1794	.data	0x548C0	3	0	3	1	D:\nt\private\crt32st\string\strchr.c
1796	.data	0x60030	4	0	3	1	D:\nt\private\crt32st\string\strchr.c
1798	.bss	0x41580	2	0	3	1	D:\nt\private\crt32st\string\strchr.c
1800	FLAT	0x0	-1	0	3	0	D:\nt\private\crt32st\string\strchr.c
1801	.file	0x716	-2	0	103	3	D:\nt\private\crt32st\string\strcat.c
1805	.text	0x3252E	1	0	3	1	D:\nt\private\crt32st\string\strcat.c
1807	.data	0x548C0	3	0	3	1	D:\nt\private\crt32st\string\strcat.c
1809	.data	0x60030	4	0	3	1	D:\nt\private\crt32st\string\strcat.c
1811	.bss	0x41580	2	0	3	1	D:\nt\private\crt32st\string\strcat.c
1813	FLAT	0x0	-1	0	3	0	D:\nt\private\crt32st\string\strcat.c
1814	.file	0x723	-2	0	103	3	D:\nt\private\crt32st\string\strlen.c
1818	.text	0x3257E	1	0	3	1	D:\nt\private\crt32st\string\strlen.c
1820	.data	0x548C0	3	0	3	1	D:\nt\private\crt32st\string\strlen.c
1822	.data	0x60030	4	0	3	1	D:\nt\private\crt32st\string\strlen.c
1824	.bss	0x41580	2	0	3	1	D:\nt\private\crt32st\string\strlen.c
1826	FLAT	0x0	-1	0	3	0	D:\nt\private\crt32st\string\strlen.c
1827	.file	0x730	-2	0	103	3	D:\nt\private\crt32st\string\strncmp.c
1831	.text	0x3259E	1	0	3	1	D:\nt\private\crt32st\string\strncmp.c
1833	.data	0x548C0	3	0	3	1	D:\nt\private\crt32st\string\strncmp.c
1835	.data	0x60030	4	0	3	1	D:\nt\private\crt32st\string\strncmp.c
1837	.bss	0x41580	2	0	3	1	D:\nt\private\crt32st\string\strncmp.c
1839	FLAT	0x0	-1	0	3	0	D:\nt\private\crt32st\string\strncmp.c
1840	.file	0x73D	-2	0	103	3	D:\nt\private\crt32st\string\strncpy.c
1844	.text	0x325DE	1	0	3	1	D:\nt\private\crt32st\string\strncpy.c
1846	.data	0x548C0	3	0	3	1	D:\nt\private\crt32st\string\strncpy.c
1848	.data	0x60030	4	0	3	1	D:\nt\private\crt32st\string\strncpy.c
1850	.bss	0x41580	2	0	3	1	D:\nt\private\crt32st\string\strncpy.c
1852	FLAT	0x0	-1	0	3	0	D:\nt\private\crt32st\string\strncpy.c
1853	.file	0x74A	-2	0	103	2	D:\nt\private\crt32st\time\time.c
1856	.text	0x3261E	1	0	3	1	D:\nt\private\crt32st\time\time.c
1858	.data	0x548C0	3	0	3	1	D:\nt\private\crt32st\time\time.c
1860	.data	0x60030	4	0	3	1	D:\nt\private\crt32st\time\time.c
1862	.bss	0x41580	2	0	3	1	D:\nt\private\crt32st\time\time.c
1864	FLAT	0x0	-1	0	3	0	D:\nt\private\crt32st\time\time.c
1865	.idata$6	0x80290	6	0	3	0	D:\nt\private\crt32st\time\time.c
1866	.file	0x757	-2	0	103	3	D:\nt\private\crt32st\convert\toupper.c
1870	.text	0x32674	1	0	3	1	D:\nt\private\crt32st\convert\toupper.c
1872	.data	0x548C0	3	0	3	1	D:\nt\private\crt32st\convert\toupper.c
1874	.data	0x60030	4	0	3	1	D:\nt\private\crt32st\convert\toupper.c
1876	.bss	0x41580	2	0	3	1	D:\nt\private\crt32st\convert\toupper.c
1878	FLAT	0x0	-1	0	3	0	D:\nt\private\crt32st\convert\toupper.c
1879	.file	0x762	-2	0	103	1	grammard.c
1881	.text	0x326A4	1	0	3	1	grammard.c
1883	.data	0x548C0	3	0	3	1	grammard.c
1885	.data	0x60030	4	0	3	1	grammard.c
1887	.bss	0x41580	2	0	3	1	grammard.c
1889	FLAT	0x0	-1	0	3	0	grammard.c
1890	.file	0x0	-2	0	103	1	Common\ltoa.c
1892	.text	0x326A4	1	0	3	1	Common\ltoa.c
1894	.data	0x55C70	3	0	3	1	Common\ltoa.c
1896	.data	0x60030	4	0	3	1	Common\ltoa.c
1898	.bss	0x41590	2	0	3	1	Common\ltoa.c
1900	FLAT	0x0	-1	0	3	0	Common\ltoa.c
1901	.idata$6	0x802A0	6	0	3	0	Common\ltoa.c
1902	.idata$6	0x802C2	6	0	3	0	Common\ltoa.c
1903	__except_list	0x0	-1	0	2	0	Common\ltoa.c
1904	header	0x0	-2	0	2	0	Common\ltoa.c
1905	_init_main2	0x10000	1	0	2	0	Common\ltoa.c
1906	_main	0x10501	1	0	2	0	Common\ltoa.c
1907	_trymain	0x10585	1	0	2	0	Common\ltoa.c
1908	MAIN_COMPILE	0x105B2	1	0	2	0	Common\ltoa.c
1909	GETCURRENTPATH	0x1074F	1	0	2	0	Common\ltoa.c
1910	OPENFILENAME	0x10767	1	0	2	0	Common\ltoa.c
1911	_handling_function	0x1077D	1	0	2	0	Common\ltoa.c
1912	TO_HUMAN	0x10789	1	0	2	0	Common\ltoa.c
1913	GET_KEYWORD	0x107E0	1	0	2	0	Common\ltoa.c
1914	IS_KEYWORD	0x1088D	1	0	2	0	Common\ltoa.c
1915	CLEAR_KEYWORD	0x108BB	1	0	2	0	Common\ltoa.c
1916	IS_PKEYWORD	0x108D5	1	0	2	0	Common\ltoa.c
1917	IS_PRAGMA	0x10960	1	0	2	0	Common\ltoa.c
1918	CVINITTYPES	0x109F0	1	0	2	0	Common\ltoa.c
1919	CVASSIGNTYPE	0x10A1C	1	0	2	0	Common\ltoa.c
1920	PRIMITIVEINDIRECTIONTINDEX	0x10B30	1	0	2	0	Common\ltoa.c
1921	PARTIALPRIMITIVETINDEX	0x10BB8	1	0	2	0	Common\ltoa.c
1922	PRIMITIVETINDEX	0x10C38	1	0	2	0	Common\ltoa.c
1923	ASSIGNFUNCTINDEX	0x10CB9	1	0	2	0	Common\ltoa.c
1924	ASSIGNPLIST	0x10D05	1	0	2	0	Common\ltoa.c
1925	CVASSIGNCLASSTINDEX	0x10D83	1	0	2	0	Common\ltoa.c
1926	ALLOCCVTYPETABLE	0x10E14	1	0	2	0	Common\ltoa.c
1927	CLEARCVTYPETABLE	0x10E7D	1	0	2	0	Common\ltoa.c
1928	CVEMITTYPES	0x10EBE	1	0	2	0	Common\ltoa.c
1929	EMITPTRTYPE	0x1103B	1	0	2	0	Common\ltoa.c
1930	EMITARRAYTYPE	0x11202	1	0	2	0	Common\ltoa.c
1931	EMITCLASSTYPE	0x1124B	1	0	2	0	Common\ltoa.c
1932	EMITSTRUCTTLIST	0x11344	1	0	2	0	Common\ltoa.c
1933	EMITSTRUCTNLIST	0x113EB	1	0	2	0	Common\ltoa.c
1934	EMITBITFIELD	0x114C2	1	0	2	0	Common\ltoa.c
1935	EMITFUNCTYPE	0x1151E	1	0	2	0	Common\ltoa.c
1936	EMITPARMLIST	0x115D3	1	0	2	0	Common\ltoa.c
1937	EMITTYPEREC	0x1166B	1	0	2	0	Common\ltoa.c
1938	SET_INDEX	0x116B2	1	0	2	0	Common\ltoa.c
1939	SET_CVSYMOFF	0x116CC	1	0	2	0	Common\ltoa.c
1940	SET_SIGNED	0x116EA	1	0	2	0	Common\ltoa.c
1941	SET_UNSIGNED	0x11744	1	0	2	0	Common\ltoa.c
1942	SET_NAME	0x11793	1	0	2	0	Common\ltoa.c
1943	RM_BTMOD	0x117E0	1	0	2	0	Common\ltoa.c
1944	DECLARESYMBOL	0x1180C	1	0	2	0	Common\ltoa.c
1945	ATTRIBUTESYMBOL	0x1188C	1	0	2	0	Common\ltoa.c
1946	ALLOCATESYMBOL	0x11907	1	0	2	0	Common\ltoa.c
1947	MODREMOVEMEMMODS	0x11A45	1	0	2	0	Common\ltoa.c
1948	SAME_MODS	0x11A7D	1	0	2	0	Common\ltoa.c
1949	CBFORMALS	0x11B2B	1	0	2	0	Common\ltoa.c
1950	TYPESYMBOL	0x11B67	1	0	2	0	Common\ltoa.c
1951	INCURRENTLEVEL	0x11EE2	1	0	2	0	Common\ltoa.c
1952	INLEVELN	0x11FCE	1	0	2	0	Common\ltoa.c
1953	TOLEVEL0	0x120F5	1	0	2	0	Common\ltoa.c
1954	BASEDALLOCATION	0x12148	1	0	2	0	Common\ltoa.c
1955	CHK_ENTRY	0x12174	1	0	2	0	Common\ltoa.c
1956	DEREG	0x122CA	1	0	2	0	Common\ltoa.c
1957	REDEFINED	0x1231D	1	0	2	0	Common\ltoa.c
1958	SAME_CLASS	0x123FB	1	0	2	0	Common\ltoa.c
1959	F_DECLARATION	0x12455	1	0	2	0	Common\ltoa.c
1960	SAME_INDIR	0x124C3	1	0	2	0	Common\ltoa.c
1961	ENTERSYMBOL	0x125B1	1	0	2	0	Common\ltoa.c
1962	GET_SYMBOL	0x1262B	1	0	2	0	Common\ltoa.c
1963	CMPCASEINS	0x1268E	1	0	2	0	Common\ltoa.c
1964	GETSYMBOLCASEINS	0x126F8	1	0	2	0	Common\ltoa.c
1965	LOOK_SYMBOL	0x12773	1	0	2	0	Common\ltoa.c
1966	LOOKSYMBOLCASEINS	0x12798	1	0	2	0	Common\ltoa.c
1967	LOOKSEGMENT	0x127EA	1	0	2	0	Common\ltoa.c
1968	NEW_KEY	0x12830	1	0	2	0	Common\ltoa.c
1969	IS_HUGE	0x12850	1	0	2	0	Common\ltoa.c
1970	ALLOCSEGMENT	0x12855	1	0	2	0	Common\ltoa.c
1971	INITDEFAULTSYMBOLS	0x128A2	1	0	2	0	Common\ltoa.c
1972	NEWSEGMENT	0x128DB	1	0	2	0	Common\ltoa.c
1973	SAME_SEGMENT	0x12972	1	0	2	0	Common\ltoa.c
1974	ENTER_BLOCK	0x12A5A	1	0	2	0	Common\ltoa.c
1975	LEAVE_BLOCK	0x12AB4	1	0	2	0	Common\ltoa.c
1976	LINK_DEAD	0x12B2B	1	0	2	0	Common\ltoa.c
1977	DDEAD1	0x12B74	1	0	2	0	Common\ltoa.c
1978	DDEAD	0x12BD1	1	0	2	0	Common\ltoa.c
1979	ALLOC_TYPE	0x12C90	1	0	2	0	Common\ltoa.c
1980	YYCHECKBTTYPES	0x12CCA	1	0	2	0	Common\ltoa.c
1981	YYMERGEQUAL	0x12EE8	1	0	2	0	Common\ltoa.c
1982	YYMERGETYPE	0x12F43	1	0	2	0	Common\ltoa.c
1983	CHECK_BTMODS	0x12FD9	1	0	2	0	Common\ltoa.c
1984	YYCOPYTYPE	0x13036	1	0	2	0	Common\ltoa.c
1985	YYCOOKTYPE	0x1304C	1	0	2	0	Common\ltoa.c
1986	HASH_TYPE	0x13171	1	0	2	0	Common\ltoa.c
1987	HASH_INDIR	0x1320C	1	0	2	0	Common\ltoa.c
1988	GETPVOID	0x13310	1	0	2	0	Common\ltoa.c
1989	GET_FUNCRET	0x1335D	1	0	2	0	Common\ltoa.c
1990	SKIPALLOCINDIR	0x1345E	1	0	2	0	Common\ltoa.c
1991	FIX_INDIR	0x1347D	1	0	2	0	Common\ltoa.c
1992	CHOPFIRSTINDIRECTION	0x13555	1	0	2	0	Common\ltoa.c
1993	PTYPEADDPFUNC	0x13588	1	0	2	0	Common\ltoa.c
1994	PTYPEADDTMPINDIR	0x135B5	1	0	2	0	Common\ltoa.c
1995	ADD_INDIR	0x135FA	1	0	2	0	Common\ltoa.c
1996	ADDTMPSEGMENTINDIR	0x1363B	1	0	2	0	Common\ltoa.c
1997	ADDSEGMENTINDIR	0x1367D	1	0	2	0	Common\ltoa.c
1998	COPY_TYPE	0x136BF	1	0	2	0	Common\ltoa.c
1999	INDIRECT_TYPE	0x136EA	1	0	2	0	Common\ltoa.c
2000	NEW_INDIR	0x13712	1	0	2	0	Common\ltoa.c
2001	T_ERR	0x137AF	1	0	2	0	Common\ltoa.c
2002	CRVOIDLIST	0x137C5	1	0	2	0	Common\ltoa.c
2003	CREATE_FLIST	0x137F7	1	0	2	0	Common\ltoa.c
2004	STR_TYPE	0x13990	1	0	2	0	Common\ltoa.c
2005	BUILD_CONST	0x13A37	1	0	2	0	Common\ltoa.c
2006	BUILDCINT	0x13AFE	1	0	2	0	Common\ltoa.c
2007	CRUSH_BCONS	0x13B2D	1	0	2	0	Common\ltoa.c
2008	FLOAT_OP	0x140A8	1	0	2	0	Common\ltoa.c
2009	NEWREAL	0x142AF	1	0	2	0	Common\ltoa.c
2010	ALLOC_TREE	0x142E0	1	0	2	0	Common\ltoa.c
2011	RESULT_TYPE	0x1431D	1	0	2	0	Common\ltoa.c
2012	BUILD_EXTRACT	0x14372	1	0	2	0	Common\ltoa.c
2013	BUILD_BINARY	0x143AB	1	0	2	0	Common\ltoa.c
2014	PTYPEARRAYTOPOINTER	0x14B87	1	0	2	0	Common\ltoa.c
2015	FINDSUPOINTER	0x14BDE	1	0	2	0	Common\ltoa.c
2016	BUILD_UNARY	0x14C03	1	0	2	0	Common\ltoa.c
2017	TYPE_CHECK	0x15163	1	0	2	0	Common\ltoa.c
2018	TRTR_TYPE	0x15450	1	0	2	0	Common\ltoa.c
2019	TYTR_TYPE	0x1548A	1	0	2	0	Common\ltoa.c
2020	TYTY_TYPE	0x155A1	1	0	2	0	Common\ltoa.c
2021	CHECKCONSTATTRIB	0x15A48	1	0	2	0	Common\ltoa.c
2022	CHECKBASEDATTRIBUTES	0x15ACB	1	0	2	0	Common\ltoa.c
2023	SAMEATTRIBUTES	0x15BA5	1	0	2	0	Common\ltoa.c
2024	BUILD_HYBRID	0x15C15	1	0	2	0	Common\ltoa.c
2025	BUILD_SNODE	0x15C3C	1	0	2	0	Common\ltoa.c
2026	BAD_OP	0x15CCD	1	0	2	0	Common\ltoa.c
2027	NOT_STUN	0x15CF9	1	0	2	0	Common\ltoa.c
2028	IS_STUN	0x15D90	1	0	2	0	Common\ltoa.c
2029	PREPARELVALUE	0x15DC1	1	0	2	0	Common\ltoa.c
2030	CHECKVOIDINDIRECTION	0x15EAA	1	0	2	0	Common\ltoa.c
2031	BUILDSEGOP	0x15EDC	1	0	2	0	Common\ltoa.c
2032	IBASEDONPOINTER	0x16020	1	0	2	0	Common\ltoa.c
2033	GETBASEDSYMBOL	0x1605B	1	0	2	0	Common\ltoa.c
2034	SEGMENTCASTPOINTER	0x160C4	1	0	2	0	Common\ltoa.c
2035	SEGMENTCASTIDENTIFIER	0x16156	1	0	2	0	Common\ltoa.c
2036	SEGMENTCASTSELF	0x161DA	1	0	2	0	Common\ltoa.c
2037	BASEOF	0x161FE	1	0	2	0	Common\ltoa.c
2038	BASEDADDR	0x162D4	1	0	2	0	Common\ltoa.c
2039	DEBASE	0x16368	1	0	2	0	Common\ltoa.c
2040	FIND_SYM	0x163C0	1	0	2	0	Common\ltoa.c
2041	ENTER_LABEL	0x1641D	1	0	2	0	Common\ltoa.c
2042	GET_LABEL	0x1643D	1	0	2	0	Common\ltoa.c
2043	DEFINEUSERLABEL	0x16479	1	0	2	0	Common\ltoa.c
2044	MAKEMYLABEL	0x164EA	1	0	2	0	Common\ltoa.c
2045	DUMP_LABELS	0x1652F	1	0	2	0	Common\ltoa.c
2046	EHMARKLABELS	0x16596	1	0	2	0	Common\ltoa.c
2047	BUILD_CAST	0x165CE	1	0	2	0	Common\ltoa.c
2048	CAST_CHECK	0x16607	1	0	2	0	Common\ltoa.c
2049	CAST_VALID	0x169E9	1	0	2	0	Common\ltoa.c
2050	CAST_CONST	0x16ACC	1	0	2	0	Common\ltoa.c
2051	VOID_PTR	0x16B33	1	0	2	0	Common\ltoa.c
2052	SIZE_TERM	0x16B72	1	0	2	0	Common\ltoa.c
2053	SIZE_CONST	0x16BD3	1	0	2	0	Common\ltoa.c
2054	ISUDT	0x16C27	1	0	2	0	Common\ltoa.c
2055	ISTYPEUDT	0x16C44	1	0	2	0	Common\ltoa.c
2056	CON_E	0x16C6A	1	0	2	0	Common\ltoa.c
2057	TAIL_LINK	0x16C9F	1	0	2	0	Common\ltoa.c
2058	CHECK_EMPTY_DECL	0x16CCC	1	0	2	0	Common\ltoa.c
2059	ASMDEFINELABEL	0x16DC8	1	0	2	0	Common\ltoa.c
2060	CANONMODIFIERS	0x16E72	1	0	2	0	Common\ltoa.c
2061	DEFAULTSYMBOL	0x17185	1	0	2	0	Common\ltoa.c
2062	MAKESYMBOL	0x171E8	1	0	2	0	Common\ltoa.c
2063	MODIFYSYMBOL	0x1722B	1	0	2	0	Common\ltoa.c
2064	MAKEABSTRACTSYMBOL	0x17253	1	0	2	0	Common\ltoa.c
2065	IDENT	0x1729C	1	0	2	0	Common\ltoa.c
2066	IDENTOP	0x172AD	1	0	2	0	Common\ltoa.c
2067	IDENTMAYBEOP	0x172BE	1	0	2	0	Common\ltoa.c
2068	BUILDIDENT	0x17357	1	0	2	0	Common\ltoa.c
2069	W40_WARNING	0x173CB	1	0	2	0	Common\ltoa.c
2070	W47_WARNING	0x173E1	1	0	2	0	Common\ltoa.c
2071	W1_WARNING	0x173FC	1	0	2	0	Common\ltoa.c
2072	W79_WARNING	0x17418	1	0	2	0	Common\ltoa.c
2073	W80_WARNING	0x17433	1	0	2	0	Common\ltoa.c
2074	W112_WARNING	0x1744E	1	0	2	0	Common\ltoa.c
2075	LOOK_TAG	0x17470	1	0	2	0	Common\ltoa.c
2076	GET_TAG	0x1749E	1	0	2	0	Common\ltoa.c
2077	DEFINEESU	0x1750F	1	0	2	0	Common\ltoa.c
2078	DEFINEPARTIALTAG	0x17743	1	0	2	0	Common\ltoa.c
2079	REFERENCEESU	0x177CB	1	0	2	0	Common\ltoa.c
2080	LEAVEENUM	0x178C1	1	0	2	0	Common\ltoa.c
2081	LEAVESU	0x17971	1	0	2	0	Common\ltoa.c
2082	ASMLOOKMEMBER	0x17A33	1	0	2	0	Common\ltoa.c
2083	ASMFINDMEMBER	0x17A5A	1	0	2	0	Common\ltoa.c
2084	_SzUdtKeywd	0x17B2C	1	0	2	0	Common\ltoa.c
2085	REVERSEINDIRECTION	0x17B63	1	0	2	0	Common\ltoa.c
2086	PTAGFOROBJECT	0x18289	1	0	2	0	Common\ltoa.c
2087	CLEARINSTRUCTION	0x182C0	1	0	2	0	Common\ltoa.c
2088	RESETOPERAND	0x182FA	1	0	2	0	Common\ltoa.c
2089	SETOPCODES	0x18363	1	0	2	0	Common\ltoa.c
2090	ASMPTR	0x183C0	1	0	2	0	Common\ltoa.c
2091	JMPMCODE	0x183F8	1	0	2	0	Common\ltoa.c
2092	ASMTYPEOPR	0x18446	1	0	2	0	Common\ltoa.c
2093	ASMLENGTHOPR	0x1849A	1	0	2	0	Common\ltoa.c
2094	ASMSETSIZE	0x184D0	1	0	2	0	Common\ltoa.c
2095	ASMSTRUCTOFFSET	0x1855D	1	0	2	0	Common\ltoa.c
2096	ASMADDOFFSET	0x18650	1	0	2	0	Common\ltoa.c
2097	ASMSEARCHSYMBOL	0x18668	1	0	2	0	Common\ltoa.c
2098	ASMCONTEXT	0x18708	1	0	2	0	Common\ltoa.c
2099	ASMNFCPYSTR	0x18796	1	0	2	0	Common\ltoa.c
2100	INLINE_ASSEMBLER	0x187B2	1	0	2	0	Common\ltoa.c
2101	ASM_YYPARSE	0x18950	1	0	2	0	Common\ltoa.c
2102	ASMALLOCATREE	0x19260	1	0	2	0	Common\ltoa.c
2103	ASMCONSTOP	0x1926E	1	0	2	0	Common\ltoa.c
2104	ASMSCALELOG2	0x19458	1	0	2	0	Common\ltoa.c
2105	ASMSCALEOP	0x1948C	1	0	2	0	Common\ltoa.c
2106	ASMOP	0x19547	1	0	2	0	Common\ltoa.c
2107	ASMCONSTUNOP	0x1961E	1	0	2	0	Common\ltoa.c
2108	ASMCONSTVAL	0x196A5	1	0	2	0	Common\ltoa.c
2109	ASMSYMBOL	0x196BC	1	0	2	0	Common\ltoa.c
2110	ASMCOLONOPR	0x1980A	1	0	2	0	Common\ltoa.c
2111	ASMSEGOPR	0x19875	1	0	2	0	Common\ltoa.c
2112	ASMOFFSETOPR	0x198D4	1	0	2	0	Common\ltoa.c
2113	ASMREGBASE	0x1995A	1	0	2	0	Common\ltoa.c
2114	REGISTER	0x19A77	1	0	2	0	Common\ltoa.c
2115	FLOATREG	0x19B3E	1	0	2	0	Common\ltoa.c
2116	ASM_YYLEX	0x19BF0	1	0	2	0	Common\ltoa.c
2117	ASMIDENTIFIER	0x19CD8	1	0	2	0	Common\ltoa.c
2118	ASMRSEARCH	0x19EEB	1	0	2	0	Common\ltoa.c
2119	ASMOSEARCH	0x19F6C	1	0	2	0	Common\ltoa.c
2120	CHECKBINARYNUMBER	0x19FED	1	0	2	0	Common\ltoa.c
2121	ASMGETNUM	0x1A02B	1	0	2	0	Common\ltoa.c
2122	ASMDUMPCOMMENT	0x1A286	1	0	2	0	Common\ltoa.c
2123	ASMEXITEOL	0x1A30B	1	0	2	0	Common\ltoa.c
2124	DIRECTIVE	0x1A350	1	0	2	0	Common\ltoa.c
2125	MERGESIZES	0x1A3F4	1	0	2	0	Common\ltoa.c
2126	CHECKSIZE	0x1A509	1	0	2	0	Common\ltoa.c
2127	SWAPPOINTERS	0x1A775	1	0	2	0	Common\ltoa.c
2128	ASMFLOATOPCODE	0x1A78C	1	0	2	0	Common\ltoa.c
2129	ASMCONTEXT_ERROR	0x1A88B	1	0	2	0	Common\ltoa.c
2130	OPERANDWALK	0x1A8B8	1	0	2	0	Common\ltoa.c
2131	MERGEOPERANDS	0x1A9A1	1	0	2	0	Common\ltoa.c
2132	ASMSEGOPCODE	0x1ADC9	1	0	2	0	Common\ltoa.c
2133	HICMODE	0x1AE30	1	0	2	0	Common\ltoa.c
2134	ASMSYMKEY	0x1AEBF	1	0	2	0	Common\ltoa.c
2135	CREATEASMSTRING	0x1AEDF	1	0	2	0	Common\ltoa.c
2136	OPERANDCOUNT	0x1B117	1	0	2	0	Common\ltoa.c
2137	BITSIZE	0x1B277	1	0	2	0	Common\ltoa.c
2138	OPERANDTYPE	0x1B29A	1	0	2	0	Common\ltoa.c
2139	OPERANDSIZEMATCH	0x1B2E1	1	0	2	0	Common\ltoa.c
2140	OPERANDCHECK	0x1B306	1	0	2	0	Common\ltoa.c
2141	ASSEMBLE	0x1B933	1	0	2	0	Common\ltoa.c
2142	DFLT_INTRINSIC	0x1B980	1	0	2	0	Common\ltoa.c
2143	IS_INTRINSIC	0x1BB2A	1	0	2	0	Common\ltoa.c
2144	INTRINSIC	0x1BBB5	1	0	2	0	Common\ltoa.c
2145	FUNCTION	0x1BC2C	1	0	2	0	Common\ltoa.c
2146	DEINTRINSIC	0x1BC95	1	0	2	0	Common\ltoa.c
2147	INITIDBUFFER	0x1BCE0	1	0	2	0	Common\ltoa.c
2148	IDENTIFIEREOB	0x1BCFB	1	0	2	0	Common\ltoa.c
2149	GETID	0x1BD5D	1	0	2	0	Common\ltoa.c
2150	LEX_GETID	0x1BE1F	1	0	2	0	Common\ltoa.c
2151	ADDSTRINGTOIDLIST	0x1BEFE	1	0	2	0	Common\ltoa.c
2152	P0IDINITCOPYSTRING	0x1BF81	1	0	2	0	Common\ltoa.c
2153	P0IDCOPYSTRING	0x1BF93	1	0	2	0	Common\ltoa.c
2154	P0IDADDCOPYSTRING	0x1BFE9	1	0	2	0	Common\ltoa.c
2155	ADDTOIDLIST	0x1C033	1	0	2	0	Common\ltoa.c
2156	LOCAL_C_HASH	0x1C0D0	1	0	2	0	Common\ltoa.c
2157	PREP_STRING	0x1C0F5	1	0	2	0	Common\ltoa.c
2158	MYMBTOWC	0x1C28C	1	0	2	0	Common\ltoa.c
2159	CHAR_CONST	0x1C2CD	1	0	2	0	Common\ltoa.c
2160	MYMBSTOWCS	0x1C466	1	0	2	0	Common\ltoa.c
2161	MBSTOWCSMOVE	0x1C496	1	0	2	0	Common\ltoa.c
2162	STR_CONST	0x1C523	1	0	2	0	Common\ltoa.c
2163	STR_CONCAT	0x1C680	1	0	2	0	Common\ltoa.c
2164	DO_NEWLINE	0x1C718	1	0	2	0	Common\ltoa.c
2165	GETNUM	0x1C842	1	0	2	0	Common\ltoa.c
2166	GET_REAL	0x1CA55	1	0	2	0	Common\ltoa.c
2167	CHECKINTEGER	0x1CC15	1	0	2	0	Common\ltoa.c
2168	UC_SIZE	0x1CCDF	1	0	2	0	Common\ltoa.c
2169	C_SIZE	0x1CCF4	1	0	2	0	Common\ltoa.c
2170	L_SIZE	0x1CCF9	1	0	2	0	Common\ltoa.c
2171	UL_SIZE	0x1CD0E	1	0	2	0	Common\ltoa.c
2172	CTOI	0x1CD13	1	0	2	0	Common\ltoa.c
2173	ESCAPE	0x1CD3C	1	0	2	0	Common\ltoa.c
2174	CHECKOP	0x1CF52	1	0	2	0	Common\ltoa.c
2175	SKIPSLASHCOMMENT	0x1CF77	1	0	2	0	Common\ltoa.c
2176	DUMPSLASHCOMMENT	0x1CFC0	1	0	2	0	Common\ltoa.c
2177	DUMPSTARCOMMENT	0x1D076	1	0	2	0	Common\ltoa.c
2178	SKIPSTARCOMMENT	0x1D14E	1	0	2	0	Common\ltoa.c
2179	SKIPCOMMENT	0x1D1C7	1	0	2	0	Common\ltoa.c
2180	SKIP_CWHITE	0x1D240	1	0	2	0	Common\ltoa.c
2181	CHECKNL	0x1D2A6	1	0	2	0	Common\ltoa.c
2182	GET_NON_EOF	0x1D313	1	0	2	0	Common\ltoa.c
2183	DOMALLOC	0x1D370	1	0	2	0	Common\ltoa.c
2184	DOREALLOC	0x1D392	1	0	2	0	Common\ltoa.c
2185	FSIZEOFALLOCATION	0x1D3C0	1	0	2	0	Common\ltoa.c
2186	FGETSYMBOLCASEINS	0x1D3CF	1	0	2	0	Common\ltoa.c
2187	FGET_LABEL	0x1D3DE	1	0	2	0	Common\ltoa.c
2188	FENTER_LABEL	0x1D3ED	1	0	2	0	Common\ltoa.c
2189	FDEFAULTSYMBOL	0x1D3FC	1	0	2	0	Common\ltoa.c
2190	FCMPCASEINS	0x1D40F	1	0	2	0	Common\ltoa.c
2191	FBUILD_CONST	0x1D421	1	0	2	0	Common\ltoa.c
2192	FGET_SYMBOL	0x1D434	1	0	2	0	Common\ltoa.c
2193	FHASH_TYPE	0x1D443	1	0	2	0	Common\ltoa.c
2194	FYYPARSE	0x1D452	1	0	2	0	Common\ltoa.c
2195	FINIT_STRING	0x1D458	1	0	2	0	Common\ltoa.c
2196	FSTR_TYPE	0x1D467	1	0	2	0	Common\ltoa.c
2197	FALLOC_TREE	0x1D476	1	0	2	0	Common\ltoa.c
2198	FBUILDCINT	0x1D47C	1	0	2	0	Common\ltoa.c
2199	FGET_FUNCRET	0x1D48B	1	0	2	0	Common\ltoa.c
2200	FELEMENT_SIZE	0x1D49F	1	0	2	0	Common\ltoa.c
2201	FOP_PRAGMA	0x1D4AE	1	0	2	0	Common\ltoa.c
2202	FOP_TOIL	0x1D4BD	1	0	2	0	Common\ltoa.c
2203	FPTR_SIZE	0x1D4CF	1	0	2	0	Common\ltoa.c
2204	FSKIPALLOCINDIR	0x1D4E0	1	0	2	0	Common\ltoa.c
2205	FNEW_KEY	0x1D4EF	1	0	2	0	Common\ltoa.c
2206	FCHOPFIRSTINDIRECTION	0x1D4F5	1	0	2	0	Common\ltoa.c
2207	FALLOC_TYPE	0x1D504	1	0	2	0	Common\ltoa.c
2208	FBUILD_BINARY	0x1D50A	1	0	2	0	Common\ltoa.c
2209	FBUILD_CAST	0x1D520	1	0	2	0	Common\ltoa.c
2210	FBUILD_EXTRACT	0x1D532	1	0	2	0	Common\ltoa.c
2211	FBUILD_HYBRID	0x1D541	1	0	2	0	Common\ltoa.c
2212	FBUILD_SNODE	0x1D557	1	0	2	0	Common\ltoa.c
2213	FCANONMODIFIERS	0x1D566	1	0	2	0	Common\ltoa.c
2214	FDATA_RECORDS	0x1D57C	1	0	2	0	Common\ltoa.c
2215	FDECLARESYMBOL	0x1D591	1	0	2	0	Common\ltoa.c
2216	FFIX_INDIR	0x1D5A3	1	0	2	0	Common\ltoa.c
2217	FHASH_INDIR	0x1D5BF	1	0	2	0	Common\ltoa.c
2218	FINIT_1	0x1D5CE	1	0	2	0	Common\ltoa.c
2219	FLABELTOIL	0x1D5E3	1	0	2	0	Common\ltoa.c
2220	FMAKEMYLABEL	0x1D5F2	1	0	2	0	Common\ltoa.c
2221	FNEW_INDIR	0x1D601	1	0	2	0	Common\ltoa.c
2222	FPTYPEADDTMPINDIR	0x1D61A	1	0	2	0	Common\ltoa.c
2223	FSIZEOFTYPE	0x1D636	1	0	2	0	Common\ltoa.c
2224	FTTOIL	0x1D64D	1	0	2	0	Common\ltoa.c
2225	FTYTR_TYPE	0x1D65C	1	0	2	0	Common\ltoa.c
2226	FLOSEINDIR	0x1D672	1	0	2	0	Common\ltoa.c
2227	FNEWREAL	0x1D695	1	0	2	0	Common\ltoa.c
2228	FGET_NON_EOF	0x1D6A4	1	0	2	0	Common\ltoa.c
2229	FHANDLE_EOS	0x1D6AA	1	0	2	0	Common\ltoa.c
2230	FSKIP_NLONLY	0x1D6B0	1	0	2	0	Common\ltoa.c
2231	FCHECKINTEGER	0x1D6B6	1	0	2	0	Common\ltoa.c
2232	FDO_NEWLINE	0x1D6CB	1	0	2	0	Common\ltoa.c
2233	FBUILD_ARG	0x1D6D1	1	0	2	0	Common\ltoa.c
2234	FTERM_FUNCT	0x1D6E6	1	0	2	0	Common\ltoa.c
2235	FFUNCT	0x1D6F5	1	0	2	0	Common\ltoa.c
2236	FCALL_CHECK	0x1D704	1	0	2	0	Common\ltoa.c
2237	FUNCT	0x1D720	1	0	2	0	Common\ltoa.c
2238	TERM_FUNCT	0x1D86B	1	0	2	0	Common\ltoa.c
2239	GET_FUNCTYPELIST	0x1DA12	1	0	2	0	Common\ltoa.c
2240	BUILD_ARG	0x1DA77	1	0	2	0	Common\ltoa.c
2241	CHECK_ACTUAL	0x1DAB6	1	0	2	0	Common\ltoa.c
2242	CBACTUALS	0x1DE96	1	0	2	0	Common\ltoa.c
2243	CALL_CHECK	0x1DEDF	1	0	2	0	Common\ltoa.c
2244	INITIAL	0x1E030	1	0	2	0	Common\ltoa.c
2245	INIT_1	0x1E064	1	0	2	0	Common\ltoa.c
2246	ADDR_SIZE	0x1E0EA	1	0	2	0	Common\ltoa.c
2247	DATA_RECORDS	0x1E180	1	0	2	0	Common\ltoa.c
2248	IS_SYMBOLIC	0x1E6FD	1	0	2	0	Common\ltoa.c
2249	CONS_OFFSET	0x1E7D9	1	0	2	0	Common\ltoa.c
2250	INIT_STRING	0x1E805	1	0	2	0	Common\ltoa.c
2251	START_FUNCTION	0x1E890	1	0	2	0	Common\ltoa.c
2252	INTERNALSTARTFUNCTION	0x1E992	1	0	2	0	Common\ltoa.c
2253	CBFORMALSOLDSTYLE	0x1EB27	1	0	2	0	Common\ltoa.c
2254	CHK_FUNC_BODY	0x1EB58	1	0	2	0	Common\ltoa.c
2255	INTERNALENDFUNCTION	0x1EE15	1	0	2	0	Common\ltoa.c
2256	END_FUNCTION	0x1EE16	1	0	2	0	Common\ltoa.c
2257	XFORMSYMBOLTOFUNCTION	0x1EF33	1	0	2	0	Common\ltoa.c
2258	GOTFORMALLIST	0x1EFD0	1	0	2	0	Common\ltoa.c
2259	MAKEFUNCTION	0x1F003	1	0	2	0	Common\ltoa.c
2260	UNIQUE_FORMAL	0x1F026	1	0	2	0	Common\ltoa.c
2261	FM_CHECK	0x1F07C	1	0	2	0	Common\ltoa.c
2262	OLDSTYLEFORMAL	0x1F154	1	0	2	0	Common\ltoa.c
2263	DEFAULTFUNCTION	0x1F1E3	1	0	2	0	Common\ltoa.c
2264	DFLT_FORMAL	0x1F200	1	0	2	0	Common\ltoa.c
2265	NONZEROSIZEOFTYPE	0x1F250	1	0	2	0	Common\ltoa.c
2266	SIZEOFTYPE	0x1F2A2	1	0	2	0	Common\ltoa.c
2267	SIZEOFALLOCATION	0x1F39C	1	0	2	0	Common\ltoa.c
2268	BASIC_SIZE	0x1F41D	1	0	2	0	Common\ltoa.c
2269	ELEMENT_SIZE	0x1F44C	1	0	2	0	Common\ltoa.c
2270	NUMBEROFELEMENTS	0x1F494	1	0	2	0	Common\ltoa.c
2271	PTR_SIZE	0x1F4CA	1	0	2	0	Common\ltoa.c
2272	FREEMEM	0x1F530	1	0	2	0	Common\ltoa.c
2273	GET_MEM	0x1F589	1	0	2	0	Common\ltoa.c
2274	NEAR_EVEN	0x1F62F	1	0	2	0	Common\ltoa.c
2275	FAR_EVEN	0x1F663	1	0	2	0	Common\ltoa.c
2276	FBMALLOC	0x1F697	1	0	2	0	Common\ltoa.c
2277	INITMACROBUFFER	0x1F6D0	1	0	2	0	Common\ltoa.c
2278	UNDEFINE	0x1F721	1	0	2	0	Common\ltoa.c
2279	DEFINE	0x1F795	1	0	2	0	Common\ltoa.c
2280	GET_FORMALS	0x1F881	1	0	2	0	Common\ltoa.c
2281	INSTALLDEFINE	0x1F996	1	0	2	0	Common\ltoa.c
2282	GET_DEFINED	0x1FABF	1	0	2	0	Common\ltoa.c
2283	REDEFN	0x1FAE6	1	0	2	0	Common\ltoa.c
2284	GET_DEFINITION	0x1FB2E	1	0	2	0	Common\ltoa.c
2285	IS_MACRO_ARG	0x1FDF2	1	0	2	0	Common\ltoa.c
2286	CHKBUF	0x1FE59	1	0	2	0	Common\ltoa.c
2287	GATHER_CHARS	0x1FE81	1	0	2	0	Common\ltoa.c
2288	CAN_EXPAND	0x1FF35	1	0	2	0	Common\ltoa.c
2289	GET_ACTUALS	0x2041D	1	0	2	0	Common\ltoa.c
2290	RESCAN_EXPANSION	0x20770	1	0	2	0	Common\ltoa.c
2291	MOVE_TO_ACTUAL	0x20804	1	0	2	0	Common\ltoa.c
2292	MOVE_TO_EXP_ESC	0x20896	1	0	2	0	Common\ltoa.c
2293	MOVE_TO_EXP	0x2096E	1	0	2	0	Common\ltoa.c
2294	PUSH_MACRO	0x209B2	1	0	2	0	Common\ltoa.c
2295	EXPAND_DEFINITION	0x20A23	1	0	2	0	Common\ltoa.c
2296	EXPAND_ACTUAL	0x20A3D	1	0	2	0	Common\ltoa.c
2297	EXPAND_MACRO	0x20A65	1	0	2	0	Common\ltoa.c
2298	POST_PASTE	0x20A9C	1	0	2	0	Common\ltoa.c
2299	DO_MACFORMAL	0x20AD3	1	0	2	0	Common\ltoa.c
2300	TL_GETID	0x20B53	1	0	2	0	Common\ltoa.c
2301	DO_STRFORMAL	0x20CE2	1	0	2	0	Common\ltoa.c
2302	CAN_GET_NON_WHITE	0x20D2B	1	0	2	0	Common\ltoa.c
2303	FATAL_IN_MACRO	0x20E0C	1	0	2	0	Common\ltoa.c
2304	HANDLEFILEEOS	0x20E26	1	0	2	0	Common\ltoa.c
2305	ITRIGRAPHEOS	0x20E52	1	0	2	0	Common\ltoa.c
2306	HANDLE_EOS	0x20F31	1	0	2	0	Common\ltoa.c
2307	ASCFTIME	0x21050	1	0	2	0	Common\ltoa.c
2308	GETCURTIME	0x21094	1	0	2	0	Common\ltoa.c
2309	GETFTIME	0x210A4	1	0	2	0	Common\ltoa.c
2310	_DayOfWeek	0x210D3	1	0	2	0	Common\ltoa.c
2311	INCR_IFSTACK	0x21150	1	0	2	0	Common\ltoa.c
2312	SYSTEMINCLUDE	0x2116D	1	0	2	0	Common\ltoa.c
2313	PREPROCESS	0x21201	1	0	2	0	Common\ltoa.c
2314	SKIPTO	0x2188B	1	0	2	0	Common\ltoa.c
2315	IN_STANDARD	0x21931	1	0	2	0	Common\ltoa.c
2316	CHK_NEWLINE	0x21A14	1	0	2	0	Common\ltoa.c
2317	SKIP_QUOTED	0x21A42	1	0	2	0	Common\ltoa.c
2318	NEXT_CONTROL	0x21AB2	1	0	2	0	Common\ltoa.c
2319	DO_DEFINED	0x21B58	1	0	2	0	Common\ltoa.c
2320	SKIP_CNEW	0x21CC9	1	0	2	0	Common\ltoa.c
2321	SKIP_NLONLY	0x21D00	1	0	2	0	Common\ltoa.c
2322	NEXTIS	0x21D30	1	0	2	0	Common\ltoa.c
2323	P0EVAL	0x21DF8	1	0	2	0	Common\ltoa.c
2324	DO_CONSTEXPR	0x2209F	1	0	2	0	Common\ltoa.c
2325	CONSTEXPR	0x2211B	1	0	2	0	Common\ltoa.c
2326	ORELSE	0x22168	1	0	2	0	Common\ltoa.c
2327	ANDIF	0x221B0	1	0	2	0	Common\ltoa.c
2328	OR	0x221F8	1	0	2	0	Common\ltoa.c
2329	XOR	0x22223	1	0	2	0	Common\ltoa.c
2330	AND	0x2224E	1	0	2	0	Common\ltoa.c
2331	EQSET	0x22279	1	0	2	0	Common\ltoa.c
2332	RELATION	0x222B4	1	0	2	0	Common\ltoa.c
2333	SHIFT	0x2230D	1	0	2	0	Common\ltoa.c
2334	PLUS	0x22348	1	0	2	0	Common\ltoa.c
2335	MULT	0x2238D	1	0	2	0	Common\ltoa.c
2336	PRIM	0x223D6	1	0	2	0	Common\ltoa.c
2337	CONSTANT	0x2242C	1	0	2	0	Common\ltoa.c
2338	GETTIMESTAMP	0x224A0	1	0	2	0	Common\ltoa.c
2339	OPENFILE	0x224BA	1	0	2	0	Common\ltoa.c
2340	_CloseAllSources	0x226B2	1	0	2	0	Common\ltoa.c
2341	FPOP	0x226D7	1	0	2	0	Common\ltoa.c
2342	NESTEDINCLUDE	0x227C3	1	0	2	0	Common\ltoa.c
2343	ESC_SEQUENCE	0x2288B	1	0	2	0	Common\ltoa.c
2344	EMIT_LINE	0x228CF	1	0	2	0	Common\ltoa.c
2345	IO_EOB	0x22945	1	0	2	0	Common\ltoa.c
2346	P0_INIT	0x229EA	1	0	2	0	Common\ltoa.c
2347	WRITEMESSAGE	0x22D4B	1	0	2	0	Common\ltoa.c
2348	BUILD_STRUCT	0x22D80	1	0	2	0	Common\ltoa.c
2349	AUTO_PAD	0x22DD8	1	0	2	0	Common\ltoa.c
2350	CREATE_INTRINSIC	0x22E27	1	0	2	0	Common\ltoa.c
2351	CARRAY_SIZE	0x22E47	1	0	2	0	Common\ltoa.c
2352	INIT_AUTO1	0x22ECC	1	0	2	0	Common\ltoa.c
2353	FIELD_VAR_INIT	0x22F83	1	0	2	0	Common\ltoa.c
2354	INIT_AUTO_SCALAR	0x2306F	1	0	2	0	Common\ltoa.c
2355	SETUP_INIT	0x2308F	1	0	2	0	Common\ltoa.c
2356	SIMPLE_INIT	0x23133	1	0	2	0	Common\ltoa.c
2357	COMPLEX_INIT	0x232FB	1	0	2	0	Common\ltoa.c
2358	DO_INIT	0x233AE	1	0	2	0	Common\ltoa.c
2359	GO_SCALAR	0x23646	1	0	2	0	Common\ltoa.c
2360	PUSH_INIT	0x23689	1	0	2	0	Common\ltoa.c
2361	POP_INIT	0x2384E	1	0	2	0	Common\ltoa.c
2362	IS_CARRAY	0x23A96	1	0	2	0	Common\ltoa.c
2363	IS_SCALAR	0x23AFD	1	0	2	0	Common\ltoa.c
2364	NEW_ITOS	0x23B4A	1	0	2	0	Common\ltoa.c
2365	PUSH_CURLY	0x23C1F	1	0	2	0	Common\ltoa.c
2366	POP_CURLY	0x23C8B	1	0	2	0	Common\ltoa.c
2367	SKIP_LCURLY	0x23CE0	1	0	2	0	Common\ltoa.c
2368	SKIP_MEMBER	0x23D0A	1	0	2	0	Common\ltoa.c
2369	GET_SUB	0x23E69	1	0	2	0	Common\ltoa.c
2370	FINISH_INIT	0x23E86	1	0	2	0	Common\ltoa.c
2371	CARRAY_INIT	0x23F92	1	0	2	0	Common\ltoa.c
2372	SKIP_CAST	0x24014	1	0	2	0	Common\ltoa.c
2373	EMIT_DATAREC	0x24076	1	0	2	0	Common\ltoa.c
2374	CONST_INTRINSIC	0x24120	1	0	2	0	Common\ltoa.c
2375	STOIL	0x24258	1	0	2	0	Common\ltoa.c
2376	SYMIL_KEY	0x24301	1	0	2	0	Common\ltoa.c
2377	SYMIL_SHORT	0x2434E	1	0	2	0	Common\ltoa.c
2378	SYMIL_LONG	0x243E2	1	0	2	0	Common\ltoa.c
2379	STOIL_1	0x244A8	1	0	2	0	Common\ltoa.c
2380	TTOIL	0x24B9B	1	0	2	0	Common\ltoa.c
2381	TTOIL_1	0x24BB3	1	0	2	0	Common\ltoa.c
2382	NODE_TOIL	0x24D64	1	0	2	0	Common\ltoa.c
2383	EXPIL_SHORT	0x24D7E	1	0	2	0	Common\ltoa.c
2384	EXPIL_LONG	0x24E12	1	0	2	0	Common\ltoa.c
2385	OP_TOIL	0x24ED8	1	0	2	0	Common\ltoa.c
2386	CBRANCH	0x254DE	1	0	2	0	Common\ltoa.c
2387	OP_PRAGMA	0x2565E	1	0	2	0	Common\ltoa.c
2388	LABELTOIL	0x25925	1	0	2	0	Common\ltoa.c
2389	VERIFYJUMP	0x2599C	1	0	2	0	Common\ltoa.c
2390	CVSYMEMITDATA	0x25A10	1	0	2	0	Common\ltoa.c
2391	_pstrdup	0x25A60	1	0	2	0	Common\ltoa.c
2392	_fpstrdup	0x25AB0	1	0	2	0	Common\ltoa.c
2393	PSTRNDUP	0x25AF1	1	0	2	0	Common\ltoa.c
2394	_fpstrndup	0x25B2D	1	0	2	0	Common\ltoa.c
2395	_fpfstrndup	0x25B67	1	0	2	0	Common\ltoa.c
2396	APPEND_NF	0x25BA1	1	0	2	0	Common\ltoa.c
2397	NFSTRZTOL	0x25BBD	1	0	2	0	Common\ltoa.c
2398	_MapToChar	0x25C00	1	0	2	0	Common\ltoa.c
2399	_SetLname	0x25C1D	1	0	2	0	Common\ltoa.c
2400	_ChGroupA	0x25CEC	1	0	2	0	Common\ltoa.c
2401	_PchAddGroupB	0x25D53	1	0	2	0	Common\ltoa.c
2402	_TypeDname	0x25E5C	1	0	2	0	Common\ltoa.c
2403	_ChCalling	0x26094	1	0	2	0	Common\ltoa.c
2404	_FormalsDname	0x2611A	1	0	2	0	Common\ltoa.c
2405	OUTPUTSTRING	0x2618F	1	0	2	0	Common\ltoa.c
2406	OUTPUTDNAME	0x261CB	1	0	2	0	Common\ltoa.c
2407	RETURNSTMT	0x26260	1	0	2	0	Common\ltoa.c
2408	PUSH_STACK	0x2630F	1	0	2	0	Common\ltoa.c
2409	POP_STACK	0x26329	1	0	2	0	Common\ltoa.c
2410	PUSH_LABS	0x26339	1	0	2	0	Common\ltoa.c
2411	DO_STMT	0x2635F	1	0	2	0	Common\ltoa.c
2412	SWITCH_STMT	0x26395	1	0	2	0	Common\ltoa.c
2413	FIND_TYPE	0x264C0	1	0	2	0	Common\ltoa.c
2414	END_SWITCH	0x2654A	1	0	2	0	Common\ltoa.c
2415	CASE_STATEMENT	0x265D2	1	0	2	0	Common\ltoa.c
2416	EHEXCEPT	0x2671E	1	0	2	0	Common\ltoa.c
2417	EHFINALLY	0x26740	1	0	2	0	Common\ltoa.c
2418	EHTRY	0x26757	1	0	2	0	Common\ltoa.c
2419	EHLEAVETRYBLOCK	0x2678D	1	0	2	0	Common\ltoa.c
2420	EHLEAVEEXCEPTBLOCK	0x26799	1	0	2	0	Common\ltoa.c
2421	EHLEAVEFINALLYBLOCK	0x267B5	1	0	2	0	Common\ltoa.c
2422	EHENTERFILTER	0x267D1	1	0	2	0	Common\ltoa.c
2423	EHLEAVEFILTER	0x267DC	1	0	2	0	Common\ltoa.c
2424	YYLEX_NON_EOF	0x267F0	1	0	2	0	Common\ltoa.c
2425	CHK_LPAREN	0x26809	1	0	2	0	Common\ltoa.c
2426	P0PAREN_VALUE	0x2683B	1	0	2	0	Common\ltoa.c
2427	P0NAME_LIST	0x26854	1	0	2	0	Common\ltoa.c
2428	P0_GOT_INS	0x268BE	1	0	2	0	Common\ltoa.c
2429	PRAGMA	0x26A52	1	0	2	0	Common\ltoa.c
2430	OP_LISTING	0x273B3	1	0	2	0	Common\ltoa.c
2431	SALIGN	0x27460	1	0	2	0	Common\ltoa.c
2432	MEMBERSINSERT	0x274FF	1	0	2	0	Common\ltoa.c
2433	MEMBER_INSERT	0x27545	1	0	2	0	Common\ltoa.c
2434	SBR_SET_SYM	0x27560	1	0	2	0	Common\ltoa.c
2435	SBR_EMIT_REC	0x2758A	1	0	2	0	Common\ltoa.c
2436	SBR_EMIT_REC_MACRODEF	0x276E9	1	0	2	0	Common\ltoa.c
2437	SBR_EMIT_REC_SYMDEF	0x27723	1	0	2	0	Common\ltoa.c
2438	SBR_EMIT_REC_MACROREF	0x27858	1	0	2	0	Common\ltoa.c
2439	SBR_EMIT_REC_SYMREF	0x2787C	1	0	2	0	Common\ltoa.c
2440	SBR_EMIT_REC_OWNER	0x278A4	1	0	2	0	Common\ltoa.c
2441	SBR_EMIT_REC_MACROEND	0x278BA	1	0	2	0	Common\ltoa.c
2442	SBR_EMIT_REC_HEADER	0x278C6	1	0	2	0	Common\ltoa.c
2443	SBR_EMIT_REC_MODULE	0x278D2	1	0	2	0	Common\ltoa.c
2444	SBR_EMIT_REC_MODEND	0x278DE	1	0	2	0	Common\ltoa.c
2445	SBR_EMIT_REC_BLKBEG	0x278EA	1	0	2	0	Common\ltoa.c
2446	SBR_EMIT_REC_BLKEND	0x278F6	1	0	2	0	Common\ltoa.c
2447	YYLEX	0x27910	1	0	2	0	Common\ltoa.c
2448	LEX_IDENTIFIER	0x2845C	1	0	2	0	Common\ltoa.c
2449	SKIPTORCURLY	0x28A68	1	0	2	0	Common\ltoa.c
2450	YYPARSE	0x28B4D	1	0	2	0	Common\ltoa.c
2451	GET_OFFSET	0x2A7A0	1	0	2	0	Common\ltoa.c
2452	DEF_MOE	0x2A978	1	0	2	0	Common\ltoa.c
2453	GETUNIQUEMEMBER	0x2AB2E	1	0	2	0	Common\ltoa.c
2454	APPENDNAMELESSMEMBERS	0x2AB90	1	0	2	0	Common\ltoa.c
2455	DEFINEMEMBER	0x2AC3E	1	0	2	0	Common\ltoa.c
2456	DEF_BIT_FIELD	0x2ADC0	1	0	2	0	Common\ltoa.c
2457	LOOP_START	0x2B050	1	0	2	0	Common\ltoa.c
2458	LOOP_END	0x2B0F0	1	0	2	0	Common\ltoa.c
2459	STRIPSTROP	0x2B150	1	0	2	0	Common\ltoa.c
2460	STROP	0x2B187	1	0	2	0	Common\ltoa.c
2461	CPYSTR	0x2B400	1	0	2	0	Common\ltoa.c
2462	BACKCPY	0x2B41C	1	0	2	0	Common\ltoa.c
2463	BACKCPYRNF	0x2B438	1	0	2	0	Common\ltoa.c
2464	ZGBTNAME	0x2B45F	1	0	2	0	Common\ltoa.c
2465	ZGSYMBOL	0x2B54C	1	0	2	0	Common\ltoa.c
2466	ZGDECLARATOR	0x2B637	1	0	2	0	Common\ltoa.c
2467	ZGDECLARATOR1	0x2B686	1	0	2	0	Common\ltoa.c
2468	ZGINDIR	0x2B88C	1	0	2	0	Common\ltoa.c
2469	ZGTYPE	0x2B922	1	0	2	0	Common\ltoa.c
2470	ZGCLASS	0x2B9D2	1	0	2	0	Common\ltoa.c
2471	ZGFUNC	0x2B9F0	1	0	2	0	Common\ltoa.c
2472	ZGATTRS	0x2BA87	1	0	2	0	Common\ltoa.c
2473	_nextword	0x2BC60	1	0	2	0	Common\ltoa.c
2474	_InitLeadByte	0x2BC81	1	0	2	0	Common\ltoa.c
2475	_init_main1	0x2BCBE	1	0	2	0	Common\ltoa.c
2476	SET_SIZES	0x2BD46	1	0	2	0	Common\ltoa.c
2477	_FMS_RT	0x2BE20	1	0	2	0	Common\ltoa.c
2478	_FMSIZE	0x2BE5D	1	0	2	0	Common\ltoa.c
2479	_FMRT_RT	0x2BE7C	1	0	2	0	Common\ltoa.c
2480	_FMADD	0x2BEA4	1	0	2	0	Common\ltoa.c
2481	_FMSUB	0x2BF08	1	0	2	0	Common\ltoa.c
2482	_FMMUL	0x2BF6C	1	0	2	0	Common\ltoa.c
2483	_FMDIV	0x2BFD0	1	0	2	0	Common\ltoa.c
2484	_FMRT_R4	0x2C034	1	0	2	0	Common\ltoa.c
2485	_FMRT_R8	0x2C05C	1	0	2	0	Common\ltoa.c
2486	_FMR4_RT	0x2C084	1	0	2	0	Common\ltoa.c
2487	_FMR8_RT	0x2C0B5	1	0	2	0	Common\ltoa.c
2488	_FMI4_RT	0x2C0E6	1	0	2	0	Common\ltoa.c
2489	_FMU4_RT	0x2C117	1	0	2	0	Common\ltoa.c
2490	_FMRT_I4	0x2C155	1	0	2	0	Common\ltoa.c
2491	_FMCOMPARE	0x2C181	1	0	2	0	Common\ltoa.c
2492	_error	0x2C457	1	0	2	0	Common\ltoa.c
2493	_fatal	0x2C4A4	1	0	2	0	Common\ltoa.c
2494	_warning	0x2C55D	1	0	2	0	Common\ltoa.c
2495	_message	0x2C5AD	1	0	2	0	Common\ltoa.c
2496	_format	0x2C752	1	0	2	0	Common\ltoa.c
2497	_do_format	0x2C766	1	0	2	0	Common\ltoa.c
2498	_crack_cmd	0x2C890	1	0	2	0	Common\ltoa.c
2499	_substr	0x2C974	1	0	2	0	Common\ltoa.c
2500	_getnumber	0x2CAE8	1	0	2	0	Common\ltoa.c
2501	_isita	0x2CB41	1	0	2	0	Common\ltoa.c
2502	_tailmatch	0x2CB65	1	0	2	0	Common\ltoa.c
2503	_unconcat	0x2CBEF	1	0	2	0	Common\ltoa.c
2504	_WinMainCRTStartup	0x2CCC0	1	0	2	0	Common\ltoa.c
2505	__amsg_exit	0x2CE78	1	0	2	0	Common\ltoa.c
2506	_GetCommandLineA	0x2CEA0	1	0	2	0	Common\ltoa.c
2507	_GetEnvironmentStrings	0x2CEA6	1	0	2	0	Common\ltoa.c
2508	_GetModuleHandleA	0x2CEAC	1	0	2	0	Common\ltoa.c
2509	_GetStartupInfoA	0x2CEB2	1	0	2	0	Common\ltoa.c
2510	_GetVersion	0x2CEB8	1	0	2	0	Common\ltoa.c
2511	_UnhandledExceptionFilter	0x2CEBE	1	0	2	0	Common\ltoa.c
2512	_WinMain	0x2CEC4	1	0	2	0	Common\ltoa.c
2513	_chwrite	0x2CF64	1	0	2	0	Common\ltoa.c
2514	_shwrite	0x2CF8F	1	0	2	0	Common\ltoa.c
2515	_keywrite	0x2D03C	1	0	2	0	Common\ltoa.c
2516	_lowrite	0x2D08F	1	0	2	0	Common\ltoa.c
2517	_flwrite	0x2D19A	1	0	2	0	Common\ltoa.c
2518	_dowrite	0x2D1B1	1	0	2	0	Common\ltoa.c
2519	_zswrite	0x2D1C8	1	0	2	0	Common\ltoa.c
2520	_fzswrite	0x2D1E3	1	0	2	0	Common\ltoa.c
2521	_lswrite	0x2D219	1	0	2	0	Common\ltoa.c
2522	__FF_MSGBANNER	0x2D244	1	0	2	0	Common\ltoa.c
2523	__NMSG_WRITE	0x2D270	1	0	2	0	Common\ltoa.c
2524	_WriteFile	0x2D2E4	1	0	2	0	Common\ltoa.c
2525	__cinit	0x2D2EA	1	0	2	0	Common\ltoa.c
2526	_exit	0x2D3CA	1	0	2	0	Common\ltoa.c
2527	__exit	0x2D3DE	1	0	2	0	Common\ltoa.c
2528	__cexit	0x2D3F2	1	0	2	0	Common\ltoa.c
2529	__c_exit	0x2D402	1	0	2	0	Common\ltoa.c
2530	_ExitProcess	0x2D4AA	1	0	2	0	Common\ltoa.c
2531	_GetFileType	0x2D4B0	1	0	2	0	Common\ltoa.c
2532	_GetStdHandle	0x2D4B6	1	0	2	0	Common\ltoa.c
2533	__atold	0x2D4BC	1	0	2	0	Common\ltoa.c
2534	___STRINGTOLD	0x2D4EC	1	0	2	0	Common\ltoa.c
2535	___addl	0x2DAAC	1	0	2	0	Common\ltoa.c
2536	___add_12	0x2DAF8	1	0	2	0	Common\ltoa.c
2537	___shl_12	0x2DB78	1	0	2	0	Common\ltoa.c
2538	___shr_12	0x2DBC8	1	0	2	0	Common\ltoa.c
2539	___mtold12	0x2DC24	1	0	2	0	Common\ltoa.c
2540	___ld12mul	0x2DD2C	1	0	2	0	Common\ltoa.c
2541	___multtenpow12	0x2DF98	1	0	2	0	Common\ltoa.c
2542	__chkstk	0x2E01C	1	0	2	0	Common\ltoa.c
2543	__close	0x2E04C	1	0	2	0	Common\ltoa.c
2544	_CloseHandle	0x2E0CC	1	0	2	0	Common\ltoa.c
2545	_GetLastError	0x2E0D2	1	0	2	0	Common\ltoa.c
2546	__dosmaperr	0x2E0D8	1	0	2	0	Common\ltoa.c
2547	__dup	0x2E158	1	0	2	0	Common\ltoa.c
2548	_DuplicateHandle	0x2E218	1	0	2	0	Common\ltoa.c
2549	_GetCurrentProcess	0x2E21E	1	0	2	0	Common\ltoa.c
2550	__alloc_osfhnd	0x2E224	1	0	2	0	Common\ltoa.c
2551	__set_osfhnd	0x2E264	1	0	2	0	Common\ltoa.c
2552	__free_osfhnd	0x2E2E0	1	0	2	0	Common\ltoa.c
2553	__get_osfhandle	0x2E364	1	0	2	0	Common\ltoa.c
2554	__open_osfhandle	0x2E3A0	1	0	2	0	Common\ltoa.c
2555	_SetStdHandle	0x2E444	1	0	2	0	Common\ltoa.c
2556	__except_handler	0x2E44A	1	0	2	0	Common\ltoa.c
2557	__global_unwind	0x2E4AC	1	0	2	0	Common\ltoa.c
2558	__local_unwind	0x2E4AC	1	0	2	0	Common\ltoa.c
2559	_DbgPrint	0x2E4CA	1	0	2	0	Common\ltoa.c
2560	_RtlUnwind	0x2E4D0	1	0	2	0	Common\ltoa.c
2561	__flsbuf	0x2E4D6	1	0	2	0	Common\ltoa.c
2562	__fpmath	0x2E606	1	0	2	0	Common\ltoa.c
2563	__fpclear	0x2E60E	1	0	2	0	Common\ltoa.c
2564	__cfltcvt_init	0x2E612	1	0	2	0	Common\ltoa.c
2565	__forcdecpt	0x2E646	1	0	2	0	Common\ltoa.c
2566	__cropzeros	0x2E6BA	1	0	2	0	Common\ltoa.c
2567	__positive	0x2E72A	1	0	2	0	Common\ltoa.c
2568	__fassign	0x2E74A	1	0	2	0	Common\ltoa.c
2569	__cftoe	0x2E78E	1	0	2	0	Common\ltoa.c
2570	__cftof	0x2E912	1	0	2	0	Common\ltoa.c
2571	__cftog	0x2EA62	1	0	2	0	Common\ltoa.c
2572	__cfltcvt	0x2EB22	1	0	2	0	Common\ltoa.c
2573	__fltout	0x2EBA6	1	0	2	0	Common\ltoa.c
2574	_$I10_OUTPUT	0x2EC16	1	0	2	0	Common\ltoa.c
2575	___dtold	0x2EFC6	1	0	2	0	Common\ltoa.c
2576	___ldtod	0x2F0D2	1	0	2	0	Common\ltoa.c
2577	__fptostr	0x2F236	1	0	2	0	Common\ltoa.c
2578	__fptrap	0x2F2C6	1	0	2	0	Common\ltoa.c
2579	__fstat	0x2F2D6	1	0	2	0	Common\ltoa.c
2580	_FileTimeToSystemTime	0x2F4E6	1	0	2	0	Common\ltoa.c
2581	_GetFileTime	0x2F4EC	1	0	2	0	Common\ltoa.c
2582	__dtoxtime	0x2F4F2	1	0	2	0	Common\ltoa.c
2583	___tzset	0x2F5C2	1	0	2	0	Common\ltoa.c
2584	__tzset	0x2F5DA	1	0	2	0	Common\ltoa.c
2585	__isindst	0x2F67A	1	0	2	0	Common\ltoa.c
2586	__ftol	0x2F752	1	0	2	0	Common\ltoa.c
2587	__getbuf	0x2F782	1	0	2	0	Common\ltoa.c
2588	_fflush	0x2F7D2	1	0	2	0	Common\ltoa.c
2589	__flush	0x2F81E	1	0	2	0	Common\ltoa.c
2590	__flushall	0x2F892	1	0	2	0	Common\ltoa.c
2591	__endstdio	0x2F91A	1	0	2	0	Common\ltoa.c
2592	__commit	0x2F932	1	0	2	0	Common\ltoa.c
2593	_FlushFileBuffers	0x2F9A2	1	0	2	0	Common\ltoa.c
2594	__fcloseall	0x2F9A8	1	0	2	0	Common\ltoa.c
2595	__heap_init	0x2F9D8	1	0	2	0	Common\ltoa.c
2596	__heap_grow_emptylist	0x2F9EC	1	0	2	0	Common\ltoa.c
2597	_VirtualAlloc	0x2FA38	1	0	2	0	Common\ltoa.c
2598	__heap_abort	0x2FA3E	1	0	2	0	Common\ltoa.c
2599	__isatty	0x2FA4E	1	0	2	0	Common\ltoa.c
2600	__lseek	0x2FA7E	1	0	2	0	Common\ltoa.c
2601	_SetFilePointer	0x2FAFE	1	0	2	0	Common\ltoa.c
2602	__read	0x2FB04	1	0	2	0	Common\ltoa.c
2603	_ReadFile	0x2FD44	1	0	2	0	Common\ltoa.c
2604	__setargv	0x2FD4A	1	0	2	0	Common\ltoa.c
2605	_GetModuleFileNameA	0x2FF6A	1	0	2	0	Common\ltoa.c
2606	__setenvp	0x2FF70	1	0	2	0	Common\ltoa.c
2607	__open	0x30080	1	0	2	0	Common\ltoa.c
2608	__sopen	0x30098	1	0	2	0	Common\ltoa.c
2609	_CreateFileA	0x30390	1	0	2	0	Common\ltoa.c
2610	_GetFileAttributesA	0x30396	1	0	2	0	Common\ltoa.c
2611	_SetEndOfFile	0x3039C	1	0	2	0	Common\ltoa.c
2612	__access	0x303A2	1	0	2	0	Common\ltoa.c
2613	__chsize	0x30402	1	0	2	0	Common\ltoa.c
2614	__setmode	0x30552	1	0	2	0	Common\ltoa.c
2615	__strdup	0x305E2	1	0	2	0	Common\ltoa.c
2616	__strupr	0x30642	1	0	2	0	Common\ltoa.c
2617	__write	0x30672	1	0	2	0	Common\ltoa.c
2618	_atof	0x30872	1	0	2	0	Common\ltoa.c
2619	__fltin	0x308C2	1	0	2	0	Common\ltoa.c
2620	_atol	0x30992	1	0	2	0	Common\ltoa.c
2621	_atoi	0x30A0A	1	0	2	0	Common\ltoa.c
2622	_ctime	0x30A22	1	0	2	0	Common\ltoa.c
2623	_asctime	0x30A82	1	0	2	0	Common\ltoa.c
2624	_fclose	0x30B62	1	0	2	0	Common\ltoa.c
2625	__freebuf	0x30C42	1	0	2	0	Common\ltoa.c
2626	__itoa	0x30CDE	1	0	2	0	Common\ltoa.c
2627	__ltoa	0x30D0A	1	0	2	0	Common\ltoa.c
2628	__ultoa	0x30D3A	1	0	2	0	Common\ltoa.c
2629	_remove	0x30D52	1	0	2	0	Common\ltoa.c
2630	__unlink	0x30D8E	1	0	2	0	Common\ltoa.c
2631	_DeleteFileA	0x30DA2	1	0	2	0	Common\ltoa.c
2632	_fgets	0x30DA8	1	0	2	0	Common\ltoa.c
2633	__filbuf	0x30E38	1	0	2	0	Common\ltoa.c
2634	__fsopen	0x30EE8	1	0	2	0	Common\ltoa.c
2635	_fopen	0x30F08	1	0	2	0	Common\ltoa.c
2636	__getstream	0x30F28	1	0	2	0	Common\ltoa.c
2637	__openfile	0x30F68	1	0	2	0	Common\ltoa.c
2638	_fputc	0x31098	1	0	2	0	Common\ltoa.c
2639	_putc	0x310DC	1	0	2	0	Common\ltoa.c
2640	_free	0x310F8	1	0	2	0	Common\ltoa.c
2641	_freopen	0x31168	1	0	2	0	Common\ltoa.c
2642	_fseek	0x311C8	1	0	2	0	Common\ltoa.c
2643	_ftell	0x31258	1	0	2	0	Common\ltoa.c
2644	_fwrite	0x313B8	1	0	2	0	Common\ltoa.c
2645	_getenv	0x31508	1	0	2	0	Common\ltoa.c
2646	_il_file	0x31588	1	0	2	0	Common\ltoa.c
2647	_werr	0x3161D	1	0	2	0	Common\ltoa.c
2648	_isalpha	0x31678	1	0	2	0	Common\ltoa.c
2649	_isupper	0x3168C	1	0	2	0	Common\ltoa.c
2650	_islower	0x316A0	1	0	2	0	Common\ltoa.c
2651	_isdigit	0x316B4	1	0	2	0	Common\ltoa.c
2652	_isxdigit	0x316C8	1	0	2	0	Common\ltoa.c
2653	_isspace	0x316DC	1	0	2	0	Common\ltoa.c
2654	_ispunct	0x316F0	1	0	2	0	Common\ltoa.c
2655	_isalnum	0x31704	1	0	2	0	Common\ltoa.c
2656	_isprint	0x31718	1	0	2	0	Common\ltoa.c
2657	_isgraph	0x3172C	1	0	2	0	Common\ltoa.c
2658	_iscntrl	0x31740	1	0	2	0	Common\ltoa.c
2659	___isascii	0x31754	1	0	2	0	Common\ltoa.c
2660	___toascii	0x31768	1	0	2	0	Common\ltoa.c
2661	___iscsymf	0x31774	1	0	2	0	Common\ltoa.c
2662	___iscsym	0x31794	1	0	2	0	Common\ltoa.c
2663	_localtime	0x317B8	1	0	2	0	Common\ltoa.c
2664	_gmtime	0x31828	1	0	2	0	Common\ltoa.c
2665	_malloc	0x319D8	1	0	2	0	Common\ltoa.c
2666	__heap_split_block	0x31A70	1	0	2	0	Common\ltoa.c
2667	__heap_grow	0x31AD8	1	0	2	0	Common\ltoa.c
2668	__heap_grow_region	0x31BD8	1	0	2	0	Common\ltoa.c
2669	__heap_free_region	0x31CAC	1	0	2	0	Common\ltoa.c
2670	_VirtualFree	0x31D08	1	0	2	0	Common\ltoa.c
2671	__heapadd	0x31D0E	1	0	2	0	Common\ltoa.c
2672	__heap_addblock	0x31D3A	1	0	2	0	Common\ltoa.c
2673	__heap_findaddr	0x31FAE	1	0	2	0	Common\ltoa.c
2674	__heap_search	0x3202E	1	0	2	0	Common\ltoa.c
2675	_memchr	0x3214E	1	0	2	0	Common\ltoa.c
2676	_memmove	0x3218E	1	0	2	0	Common\ltoa.c
2677	_memset	0x321EE	1	0	2	0	Common\ltoa.c
2678	_realloc	0x3221E	1	0	2	0	Common\ltoa.c
2679	__expand	0x3233E	1	0	2	0	Common\ltoa.c
2680	_dup	0x324CE	1	0	2	0	Common\ltoa.c
2681	_fstat	0x324D3	1	0	2	0	Common\ltoa.c
2682	_lseek	0x324D8	1	0	2	0	Common\ltoa.c
2683	_read	0x324DD	1	0	2	0	Common\ltoa.c
2684	_write	0x324E2	1	0	2	0	Common\ltoa.c
2685	_setmode	0x324E7	1	0	2	0	Common\ltoa.c
2686	_sopen	0x324EC	1	0	2	0	Common\ltoa.c
2687	_close	0x324F1	1	0	2	0	Common\ltoa.c
2688	_strdup	0x324F6	1	0	2	0	Common\ltoa.c
2689	_strchr	0x324FE	1	0	2	0	Common\ltoa.c
2690	_strcat	0x3252E	1	0	2	0	Common\ltoa.c
2691	_strcpy	0x32556	1	0	2	0	Common\ltoa.c
2692	_strlen	0x3257E	1	0	2	0	Common\ltoa.c
2693	_strncmp	0x3259E	1	0	2	0	Common\ltoa.c
2694	_strncpy	0x325DE	1	0	2	0	Common\ltoa.c
2695	_time	0x3261E	1	0	2	0	Common\ltoa.c
2696	_GetSystemTime	0x3266E	1	0	2	0	Common\ltoa.c
2697	__toupper	0x32674	1	0	2	0	Common\ltoa.c
2698	_toupper	0x32680	1	0	2	0	Common\ltoa.c
2699	_zltoa	0x326A4	1	0	2	0	Common\ltoa.c
2700	_Cmd_processor	0x41590	2	0	2	0	Common\ltoa.c
2701	_Ehxtension	0x41594	2	0	2	0	Common\ltoa.c
2702	_ST_BTsegment	0x41598	2	0	2	0	Common\ltoa.c
2703	_ST_BTuint	0x4159C	2	0	2	0	Common\ltoa.c
2704	_ST_BTdouble	0x415A0	2	0	2	0	Common\ltoa.c
2705	_ST_BTlong	0x415A4	2	0	2	0	Common\ltoa.c
2706	_Processor	0x415A8	2	0	2	0	Common\ltoa.c
2707	_NoPoundLines	0x415AC	2	0	2	0	Common\ltoa.c
2708	_I_symfp	0x415B0	2	0	2	0	Common\ltoa.c
2709	_FileNameBuffer	0x415B4	2	0	2	0	Common\ltoa.c
2710	_StringBuffer	0x420B4	2	0	2	0	Common\ltoa.c
2711	_Errfl	0x428B4	2	0	2	0	Common\ltoa.c
2712	_ST_BTvoid	0x428B8	2	0	2	0	Common\ltoa.c
2713	_Nerrors	0x428BC	2	0	2	0	Common\ltoa.c
2714	_ZfExtension	0x428C0	2	0	2	0	Common\ltoa.c
2715	_Loop_opt	0x428C4	2	0	2	0	Common\ltoa.c
2716	_Out_funcdef	0x428C8	2	0	2	0	Common\ltoa.c
2717	_I_stdoutfp	0x428CC	2	0	2	0	Common\ltoa.c
2718	_Model	0x428D0	2	0	2	0	Common\ltoa.c
2719	_NoPasFor	0x428D4	2	0	2	0	Common\ltoa.c
2720	_SourceBrowserExt	0x428D8	2	0	2	0	Common\ltoa.c
2721	_I_sbrfp	0x428DC	2	0	2	0	Common\ltoa.c
2722	_SourceBrowserNam	0x428E0	2	0	2	0	Common\ltoa.c
2723	_I_listfp	0x428E4	2	0	2	0	Common\ltoa.c
2724	_Dump_tables	0x428E8	2	0	2	0	Common\ltoa.c
2725	_Symbolic_debug	0x428EC	2	0	2	0	Common\ltoa.c
2726	_M186	0x428F0	2	0	2	0	Common\ltoa.c
2727	_Extension	0x428F4	2	0	2	0	Common\ltoa.c
2728	_M286	0x428F8	2	0	2	0	Common\ltoa.c
2729	_StdoutFile	0x428FC	2	0	2	0	Common\ltoa.c
2730	_Prep	0x42900	2	0	2	0	Common\ltoa.c
2731	_M386	0x42904	2	0	2	0	Common\ltoa.c
2732	_szDfltPtrs	0x42908	2	0	2	0	Common\ltoa.c
2733	_Argc	0x4291C	2	0	2	0	Common\ltoa.c
2734	_modDfltPtrs	0x42920	2	0	2	0	Common\ltoa.c
2735	_M486	0x42934	2	0	2	0	Common\ltoa.c
2736	_I_initfp	0x42938	2	0	2	0	Common\ltoa.c
2737	_Argv	0x4293C	2	0	2	0	Common\ltoa.c
2738	_I_Eoutput	0x42940	2	0	2	0	Common\ltoa.c
2739	_I_strfp	0x42944	2	0	2	0	Common\ltoa.c
2740	_ST_BTundef	0x42948	2	0	2	0	Common\ltoa.c
2741	_Cmd_loop_opt	0x4294C	2	0	2	0	Common\ltoa.c
2742	_Version	0x42950	2	0	2	0	Common\ltoa.c
2743	_I_expfp	0x42954	2	0	2	0	Common\ltoa.c
2744	_ST_BTcint	0x42958	2	0	2	0	Common\ltoa.c
2745	_Srclist	0x4295C	2	0	2	0	Common\ltoa.c
2746	_ST_BTint	0x42960	2	0	2	0	Common\ltoa.c
2747	_ST_function	0x42964	2	0	2	0	Common\ltoa.c
2748	_ST_pVoid	0x42968	2	0	2	0	Common\ltoa.c
2749	_Input_file	0x4296C	2	0	2	0	Common\ltoa.c
2750	_I_dbilfp	0x42970	2	0	2	0	Common\ltoa.c
2751	_ST_BTshort	0x42974	2	0	2	0	Common\ltoa.c
2752	_FatalMsg	0x42978	2	0	2	0	Common\ltoa.c
2753	_IDlength	0x4297C	2	0	2	0	Common\ltoa.c
2754	_pCurId	0x42980	2	0	2	0	Common\ltoa.c
2755	_typeBuf	0x42984	2	0	2	0	Common\ltoa.c
2756	_CVTypeTable	0x42988	2	0	2	0	Common\ltoa.c
2757	_BasedOn	0x4298C	2	0	2	0	Common\ltoa.c
2758	_Formal_list	0x42990	2	0	2	0	Common\ltoa.c
2759	_Segment	0x42994	2	0	2	0	Common\ltoa.c
2760	_Sym_bucket	0x42998	2	0	2	0	Common\ltoa.c
2761	_DataSegment	0x4299C	2	0	2	0	Common\ltoa.c
2762	_AsmDollarSign	0x429A0	2	0	2	0	Common\ltoa.c
2763	_TmpTypeIndex	0x429A4	2	0	2	0	Common\ltoa.c
2764	_InDataTmp	0x429A8	2	0	2	0	Common\ltoa.c
2765	_Current_function	0x429AC	2	0	2	0	Common\ltoa.c
2766	_Reg_vars	0x429B0	2	0	2	0	Common\ltoa.c
2767	_Plm	0x429B4	2	0	2	0	Common\ltoa.c
2768	_In_alloc_text	0x429B8	2	0	2	0	Common\ltoa.c
2769	_SymbolLevel	0x429BC	2	0	2	0	Common\ltoa.c
2770	_ZcFlag	0x429C0	2	0	2	0	Common\ltoa.c
2771	_Cdeclee	0x429C4	2	0	2	0	Common\ltoa.c
2772	_BlockScope	0x429C8	2	0	2	0	Common\ltoa.c
2773	_Dead_tables	0x429CC	2	0	2	0	Common\ltoa.c
2774	_Lex_level	0x429D0	2	0	2	0	Common\ltoa.c
2775	_Type_table	0x429D4	2	0	2	0	Common\ltoa.c
2776	_Indir_table	0x42DD4	2	0	2	0	Common\ltoa.c
2777	_Flist_table	0x42ED4	2	0	2	0	Common\ltoa.c
2778	_iForceCdecl	0x42F50	2	0	2	0	Common\ltoa.c
2779	_Jflag	0x42F54	2	0	2	0	Common\ltoa.c
2780	_TmpTypePool	0x42F58	2	0	2	0	Common\ltoa.c
2781	_List_type	0x43020	2	0	2	0	Common\ltoa.c
2782	_ZmFlag	0x43024	2	0	2	0	Common\ltoa.c
2783	_C_value	0x43028	2	0	2	0	Common\ltoa.c
2784	_TreePool	0x43030	2	0	2	0	Common\ltoa.c
2785	_BasedUsed	0x43034	2	0	2	0	Common\ltoa.c
2786	_iExceptBlockLevel	0x43038	2	0	2	0	Common\ltoa.c
2787	_ParseFlags	0x4303C	2	0	2	0	Common\ltoa.c
2788	_Cmd_AuFlg	0x43040	2	0	2	0	Common\ltoa.c
2789	_GqFlg	0x43044	2	0	2	0	Common\ltoa.c
2790	_iEsuReferenceLevel	0x43048	2	0	2	0	Common\ltoa.c
2791	_Plmn_pragma	0x4304C	2	0	2	0	Common\ltoa.c
2792	_PP_cast	0x43050	2	0	2	0	Common\ltoa.c
2793	_Plmf_pragma	0x43054	2	0	2	0	Common\ltoa.c
2794	_PP_unnamed	0x43058	2	0	2	0	Common\ltoa.c
2795	_iFinallyBlockLevel	0x4305C	2	0	2	0	Common\ltoa.c
2796	_Enum_head	0x43060	2	0	2	0	Common\ltoa.c
2797	_FastCall	0x43064	2	0	2	0	Common\ltoa.c
2798	_iTryBlockLevel	0x43068	2	0	2	0	Common\ltoa.c
2799	_GwFlg	0x4306C	2	0	2	0	Common\ltoa.c
2800	_Stun_array	0x43070	2	0	2	0	Common\ltoa.c
2801	_Tag_bucket	0x43214	2	0	2	0	Common\ltoa.c
2802	_pCurrTagList	0x43218	2	0	2	0	Common\ltoa.c
2803	_Enum_val	0x4321C	2	0	2	0	Common\ltoa.c
2804	_PP_main	0x43220	2	0	2	0	Common\ltoa.c
2805	_Enum_btype	0x43224	2	0	2	0	Common\ltoa.c
2806	_PP_alignment	0x43228	2	0	2	0	Common\ltoa.c
2807	_pCurrentOperand	0x4322C	2	0	2	0	Common\ltoa.c
2808	_NumOperands	0x43230	2	0	2	0	Common\ltoa.c
2809	_PP_dollar	0x43234	2	0	2	0	Common\ltoa.c
2810	_UserOpcode	0x43238	2	0	2	0	Common\ltoa.c
2811	_IgnoreNL	0x4323C	2	0	2	0	Common\ltoa.c
2812	__st0	0x43240	2	0	2	0	Common\ltoa.c
2813	_Opnd3	0x43270	2	0	2	0	Common\ltoa.c
2814	_InAsm	0x4327C	2	0	2	0	Common\ltoa.c
2815	_AddressSizePrefix	0x43280	2	0	2	0	Common\ltoa.c
2816	_SawPTR	0x43284	2	0	2	0	Common\ltoa.c
2817	_Operand	0x43288	2	0	2	0	Common\ltoa.c
2818	_iOpClass	0x432B8	2	0	2	0	Common\ltoa.c
2819	_NeedOperand	0x432BC	2	0	2	0	Common\ltoa.c
2820	_Opcode	0x432C0	2	0	2	0	Common\ltoa.c
2821	_SawPeriod	0x432C4	2	0	2	0	Common\ltoa.c
2822	_InBracket	0x432C8	2	0	2	0	Common\ltoa.c
2823	_EsuSym	0x432CC	2	0	2	0	Common\ltoa.c
2824	_yylval	0x432D0	2	0	2	0	Common\ltoa.c
2825	_yyval	0x432D8	2	0	2	0	Common\ltoa.c
2826	_AsmToken	0x432E0	2	0	2	0	Common\ltoa.c
2827	_AbsPTR	0x432E4	2	0	2	0	Common\ltoa.c
2828	_CurlyCount	0x432E8	2	0	2	0	Common\ltoa.c
2829	_Reuse_1	0x432EC	2	0	2	0	Common\ltoa.c
2830	_Cflag	0x4336C	2	0	2	0	Common\ltoa.c
2831	_Current_char	0x43370	2	0	2	0	Common\ltoa.c
2832	_AsmString	0x43374	2	0	2	0	Common\ltoa.c
2833	_Asm_align	0x433F4	2	0	2	0	Common\ltoa.c
2834	_pOperand	0x433F8	2	0	2	0	Common\ltoa.c
2835	_MTFlg	0x43400	2	0	2	0	Common\ltoa.c
2836	_Cmd_intrinsic	0x43404	2	0	2	0	Common\ltoa.c
2837	_pIdCopyVar	0x43408	2	0	2	0	Common\ltoa.c
2838	_IdHashBuckets	0x4340C	2	0	2	0	Common\ltoa.c
2839	_pIdPool	0x4380C	2	0	2	0	Common\ltoa.c
2840	_IDhash	0x43810	2	0	2	0	Common\ltoa.c
2841	_pNextAvailId	0x43814	2	0	2	0	Common\ltoa.c
2842	_Linenumber	0x43818	2	0	2	0	Common\ltoa.c
2843	_Tiny_lexer_nesting	0x4381C	2	0	2	0	Common\ltoa.c
2844	_Cross_compile	0x43820	2	0	2	0	Common\ltoa.c
2845	_SBR_BufferNewline	0x43824	2	0	2	0	Common\ltoa.c
2846	_InComment	0x43828	2	0	2	0	Common\ltoa.c
2847	_WarnSlashComment	0x4382C	2	0	2	0	Common\ltoa.c
2848	_InInclude	0x43830	2	0	2	0	Common\ltoa.c
2849	_On_pound_line	0x43834	2	0	2	0	Common\ltoa.c
2850	_Exp_ptr	0x43838	2	0	2	0	Common\ltoa.c
2851	_iWithinFilter	0x4383C	2	0	2	0	Common\ltoa.c
2852	_ConstSegment	0x43840	2	0	2	0	Common\ltoa.c
2853	_SBR_BufferMacro	0x43844	2	0	2	0	Common\ltoa.c
2854	_Exit_label	0x43848	2	0	2	0	Common\ltoa.c
2855	_Ret_seen	0x4384C	2	0	2	0	Common\ltoa.c
2856	_Ret_type	0x43850	2	0	2	0	Common\ltoa.c
2857	_TextSegment	0x43854	2	0	2	0	Common\ltoa.c
2858	_iSkipFunction	0x43858	2	0	2	0	Common\ltoa.c
2859	_Macro_depth	0x4385C	2	0	2	0	Common\ltoa.c
2860	_pSymBitTemp	0x43860	2	0	2	0	Common\ltoa.c
2861	_Macro_expansion	0x43864	2	0	2	0	Common\ltoa.c
2862	_nFormals	0x43D64	2	0	2	0	Common\ltoa.c
2863	_pMacroDefnStart	0x43D68	2	0	2	0	Common\ltoa.c
2864	_Defn_level_0	0x43D6C	2	0	2	0	Common\ltoa.c
2865	_Act_ptr	0x4416C	2	0	2	0	Common\ltoa.c
2866	_Save_Exp_ptr	0x44170	2	0	2	0	Common\ltoa.c
2867	_pActuals	0x44174	2	0	2	0	Common\ltoa.c
2868	_nActuals	0x44178	2	0	2	0	Common\ltoa.c
2869	_Macro_line	0x4417C	2	0	2	0	Common\ltoa.c
2870	_iWhiteFound	0x44180	2	0	2	0	Common\ltoa.c
2871	_InIf	0x44184	2	0	2	0	Common\ltoa.c
2872	_CurrentTime	0x44188	2	0	2	0	Common\ltoa.c
2873	_InMacroActuals	0x4418C	2	0	2	0	Common\ltoa.c
2874	_PP_defined	0x44190	2	0	2	0	Common\ltoa.c
2875	_pMacroBuffer	0x44194	2	0	2	0	Common\ltoa.c
2876	_HasTimeStamp	0x44198	2	0	2	0	Common\ltoa.c
2877	_iSkippedNewLine	0x4419C	2	0	2	0	Common\ltoa.c
2878	_CurrentDate	0x441A0	2	0	2	0	Common\ltoa.c
2879	_CurrentTimeStamp	0x441A4	2	0	2	0	Common\ltoa.c
2880	_ifstack	0x441C0	2	0	2	0	Common\ltoa.c
2881	_Currval	0x44240	2	0	2	0	Common\ltoa.c
2882	_iHasValue	0x44248	2	0	2	0	Common\ltoa.c
2883	_Fstack	0x4424C	2	0	2	0	Common\ltoa.c
2884	_PP_ctor	0x443B4	2	0	2	0	Common\ltoa.c
2885	_PP_dtor	0x443B8	2	0	2	0	Common\ltoa.c
2886	_PP_vtable	0x443BC	2	0	2	0	Common\ltoa.c
2887	_PP_assign	0x443C0	2	0	2	0	Common\ltoa.c
2888	_CurrentDateTime	0x443C4	2	0	2	0	Common\ltoa.c
2889	_PP_new	0x443E0	2	0	2	0	Common\ltoa.c
2890	_PP_delete	0x443E4	2	0	2	0	Common\ltoa.c
2891	_PP_formal	0x443E8	2	0	2	0	Common\ltoa.c
2892	_PP_that	0x443EC	2	0	2	0	Common\ltoa.c
2893	_pInputBuffer	0x443F0	2	0	2	0	Common\ltoa.c
2894	_PP_this	0x473FC	2	0	2	0	Common\ltoa.c
2895	_PP_freeflag	0x47400	2	0	2	0	Common\ltoa.c
2896	_PP_ellipsis	0x47404	2	0	2	0	Common\ltoa.c
2897	_PP_elements	0x47408	2	0	2	0	Common\ltoa.c
2898	_In_stack	0x4740C	2	0	2	0	Common\ltoa.c
2899	_P_init_stk	0x475EC	2	0	2	0	Common\ltoa.c
2900	_Too_many	0x475F0	2	0	2	0	Common\ltoa.c
2901	_Last_was_field	0x475F4	2	0	2	0	Common\ltoa.c
2902	_Last_value	0x475F8	2	0	2	0	Common\ltoa.c
2903	_Last_offset	0x475FC	2	0	2	0	Common\ltoa.c
2904	_ExpressionInit	0x47600	2	0	2	0	Common\ltoa.c
2905	_Base_offset	0x47604	2	0	2	0	Common\ltoa.c
2906	_Base_symbol	0x47608	2	0	2	0	Common\ltoa.c
2907	_Zero_BitTemp	0x4760C	2	0	2	0	Common\ltoa.c
2908	_pSkipCodeBasedData	0x47610	2	0	2	0	Common\ltoa.c
2909	_pTypeZeroArrayEle	0x47614	2	0	2	0	Common\ltoa.c
2910	_Need_enddata	0x47618	2	0	2	0	Common\ltoa.c
2911	_Asm_opt	0x4761C	2	0	2	0	Common\ltoa.c
2912	_Plmf	0x47620	2	0	2	0	Common\ltoa.c
2913	_Plmn	0x47624	2	0	2	0	Common\ltoa.c
2914	_Optimize_string	0x47628	2	0	2	0	Common\ltoa.c
2915	_Optimize_state	0x4762C	2	0	2	0	Common\ltoa.c
2916	_SwitchLabel	0x47630	2	0	2	0	Common\ltoa.c
2917	_Stack_depth	0x47634	2	0	2	0	Common\ltoa.c
2918	_Default	0x47638	2	0	2	0	Common\ltoa.c
2919	_Case	0x4763C	2	0	2	0	Common\ltoa.c
2920	_Start	0x47640	2	0	2	0	Common\ltoa.c
2921	_Break	0x47644	2	0	2	0	Common\ltoa.c
2922	_Continue	0x47648	2	0	2	0	Common\ltoa.c
2923	_Cons_case	0x4764C	2	0	2	0	Common\ltoa.c
2924	_Lex_result	0x47650	2	0	2	0	Common\ltoa.c
2925	_Pointer_check	0x47658	2	0	2	0	Common\ltoa.c
2926	_Listing_title	0x4765C	2	0	2	0	Common\ltoa.c
2927	_BssSegment	0x47660	2	0	2	0	Common\ltoa.c
2928	_Listing_value	0x47664	2	0	2	0	Common\ltoa.c
2929	_Listing_subtitle	0x47668	2	0	2	0	Common\ltoa.c
2930	_Cmd_pointer_check	0x4766C	2	0	2	0	Common\ltoa.c
2931	_SBR_Key	0x47670	2	0	2	0	Common\ltoa.c
2932	_SBR_Name	0x47674	2	0	2	0	Common\ltoa.c
2933	_SBR_Flags	0x47678	2	0	2	0	Common\ltoa.c
2934	_SBR_SymRefBuffer	0x4767C	2	0	2	0	Common\ltoa.c
2935	_TypeName	0x47680	2	0	2	0	Common\ltoa.c
2936	_Type	0x47684	2	0	2	0	Common\ltoa.c
2937	_Member_list	0x4768C	2	0	2	0	Common\ltoa.c
2938	_FormalListDepth	0x47690	2	0	2	0	Common\ltoa.c
2939	_Cmd_AwFlg	0x47694	2	0	2	0	Common\ltoa.c
2940	_Current_linkage	0x47698	2	0	2	0	Common\ltoa.c
2941	_Test	0x4769C	2	0	2	0	Common\ltoa.c
2942	_Loopi_stack	0x476A0	2	0	2	0	Common\ltoa.c
2943	_Dummy_level_0	0x476A4	2	0	2	0	Common\ltoa.c
2944	_In_define	0x47AA4	2	0	2	0	Common\ltoa.c
2945	_Cmd_cdecl	0x47AA8	2	0	2	0	Common\ltoa.c
2946	_WarnIsError	0x47AAC	2	0	2	0	Common\ltoa.c
2947	_Load_ds_with	0x47AB0	2	0	2	0	Common\ltoa.c
2948	_A_string	0x47AB4	2	0	2	0	Common\ltoa.c
2949	_Debug	0x47AB8	2	0	2	0	Common\ltoa.c
2950	_Q_string	0x47ABC	2	0	2	0	Common\ltoa.c
2951	_Bad_pragma	0x47AC0	2	0	2	0	Common\ltoa.c
2952	_TmpInt	0x47AC4	2	0	2	0	Common\ltoa.c
2953	_TmpStr	0x47AC8	2	0	2	0	Common\ltoa.c
2954	_ErrFile	0x47ACC	2	0	2	0	Common\ltoa.c
2955	_BdFlg	0x47AD0	2	0	2	0	Common\ltoa.c
2956	_PostProcess	0x47AD4	2	0	2	0	Common\ltoa.c
2957	_Inteltypes	0x47AD8	2	0	2	0	Common\ltoa.c
2958	_DefaultDBCSTable	0x47ADC	2	0	2	0	Common\ltoa.c
2959	_NewArgv	0x47AE8	2	0	2	0	Common\ltoa.c
2960	__atopsp	0x47AEC	2	0	2	0	Common\ltoa.c
2961	__aenvptr	0x47AF0	2	0	2	0	Common\ltoa.c
2962	__acmdln	0x47AF4	2	0	2	0	Common\ltoa.c
2963	__ptermcon	0x47AF8	2	0	2	0	Common\ltoa.c
2964	__ponexitinit	0x47AFC	2	0	2	0	Common\ltoa.c
2965	__pFFinit	0x47B00	2	0	2	0	Common\ltoa.c
2966	__pgmptr	0x47B04	2	0	2	0	Common\ltoa.c
2967	___onexitend	0x47B08	2	0	2	0	Common\ltoa.c
2968	__prmtmp	0x47B0C	2	0	2	0	Common\ltoa.c
2969	__pinitcon	0x47B10	2	0	2	0	Common\ltoa.c
2970	__pinittime	0x47B14	2	0	2	0	Common\ltoa.c
2971	__heap_regions	0x47B18	2	0	2	0	Common\ltoa.c
2972	__bufin	0x47BD8	2	0	2	0	Common\ltoa.c
2973	__fmode	0x500A0	3	0	2	0	Common\ltoa.c
2974	_Keyw_Table	0x50314	3	0	2	0	Common\ltoa.c
2975	_Keyw_Index	0x503FC	3	0	2	0	Common\ltoa.c
2976	_Keyw_Info	0x5041C	3	0	2	0	Common\ltoa.c
2977	_Pkeyw_Table	0x50504	3	0	2	0	Common\ltoa.c
2978	_Pkeyw_Index	0x50538	3	0	2	0	Common\ltoa.c
2979	_Pkeyw_Info	0x50558	3	0	2	0	Common\ltoa.c
2980	_P0pragma_Table	0x5058C	3	0	2	0	Common\ltoa.c
2981	_P0pragma_Index	0x505F0	3	0	2	0	Common\ltoa.c
2982	_P0pragma_Info	0x50610	3	0	2	0	Common\ltoa.c
2983	_TCounter	0x50680	3	0	2	0	Common\ltoa.c
2984	_XlatePtrMods	0x50684	3	0	2	0	Common\ltoa.c
2985	_SizeCVTypeTable	0x50688	3	0	2	0	Common\ltoa.c
2986	_CVTypeTableIndex	0x5068C	3	0	2	0	Common\ltoa.c
2987	_pSegmentNames	0x50690	3	0	2	0	Common\ltoa.c
2988	_Key	0x506E8	3	0	2	0	Common\ltoa.c
2989	_TypeCount	0x506F0	3	0	2	0	Common\ltoa.c
2990	_TypePool	0x506F4	3	0	2	0	Common\ltoa.c
2991	_ZeroParmList	0x506F8	3	0	2	0	Common\ltoa.c
2992	_pZeroParmList	0x50708	3	0	2	0	Common\ltoa.c
2993	_TreeCount	0x50780	3	0	2	0	Common\ltoa.c
2994	_Label_ptr	0x507F0	3	0	2	0	Common\ltoa.c
2995	_Intrinsic_Table	0x50A30	3	0	2	0	Common\ltoa.c
2996	_Intrinsic_Index	0x50AD8	3	0	2	0	Common\ltoa.c
2997	_Intrinsic_Info	0x50AF8	3	0	2	0	Common\ltoa.c
2998	_Fcstack	0x50E10	3	0	2	0	Common\ltoa.c
2999	_InFuncBody	0x50E30	3	0	2	0	Common\ltoa.c
3000	_heapObject	0x50E60	3	0	2	0	Common\ltoa.c
3001	_Currtok	0x50F90	3	0	2	0	Common\ltoa.c
3002	_Parencnt	0x50F94	3	0	2	0	Common\ltoa.c
3003	_curFileNo	0x50FA0	3	0	2	0	Common\ltoa.c
3004	_Findex	0x50FA4	3	0	2	0	Common\ltoa.c
3005	_In_index	0x51080	3	0	2	0	Common\ltoa.c
3006	_Comment_type	0x510D0	3	0	2	0	Common\ltoa.c
3007	_Comment_string	0x510D4	3	0	2	0	Common\ltoa.c
3008	_SBRinfo	0x51158	3	0	2	0	Common\ltoa.c
3009	_Unnamed	0x51500	3	0	2	0	Common\ltoa.c
3010	_Dname	0x51504	3	0	2	0	Common\ltoa.c
3011	_Use_formal_list	0x51508	3	0	2	0	Common\ltoa.c
3012	_mpAsmModeP1Mode	0x51754	3	0	2	0	Common\ltoa.c
3013	_mpAopaModeAsmMode	0x51760	3	0	2	0	Common\ltoa.c
3014	_ModeInfo	0x51780	3	0	2	0	Common\ltoa.c
3015	___File__	0x517EC	3	0	2	0	Common\ltoa.c
3016	_Cdecl1_str	0x517F0	3	0	2	0	Common\ltoa.c
3017	_Cdecl_str	0x517F8	3	0	2	0	Common\ltoa.c
3018	_Fortran1_str	0x51800	3	0	2	0	Common\ltoa.c
3019	_Fortran_str	0x5180C	3	0	2	0	Common\ltoa.c
3020	_PPelse_str	0x51814	3	0	2	0	Common\ltoa.c
3021	_PPendif_str	0x5181C	3	0	2	0	Common\ltoa.c
3022	_PPifel_str	0x51824	3	0	2	0	Common\ltoa.c
3023	_Pascal1_str	0x51830	3	0	2	0	Common\ltoa.c
3024	_Pascal_str	0x51838	3	0	2	0	Common\ltoa.c
3025	_Struct_str	0x51840	3	0	2	0	Common\ltoa.c
3026	_Syntax_str	0x51848	3	0	2	0	Common\ltoa.c
3027	_Union_str	0x51858	3	0	2	0	Common\ltoa.c
3028	_PPdefine_str	0x51860	3	0	2	0	Common\ltoa.c
3029	_PPundef_str	0x51868	3	0	2	0	Common\ltoa.c
3030	_PPdefined_str	0x51870	3	0	2	0	Common\ltoa.c
3031	_PPerror_str	0x51878	3	0	2	0	Common\ltoa.c
3032	_Plist_number	0x51880	3	0	2	0	Common\ltoa.c
3033	_ParentEsu	0x51884	3	0	2	0	Common\ltoa.c
3034	_Cmd_stack_check	0x51888	3	0	2	0	Common\ltoa.c
3035	_Formal_list_type	0x5188C	3	0	2	0	Common\ltoa.c
3036	_AssignToType	0x51890	3	0	2	0	Common\ltoa.c
3037	_isFunctionCastAllowed	0x51894	3	0	2	0	Common\ltoa.c
3038	_Prep_ifstack	0x51898	3	0	2	0	Common\ltoa.c
3039	_Stack_check	0x5189C	3	0	2	0	Common\ltoa.c
3040	_StunDepth	0x518A0	3	0	2	0	Common\ltoa.c
3041	_Switch_check	0x518A4	3	0	2	0	Common\ltoa.c
3042	_Warn_level	0x518A8	3	0	2	0	Common\ltoa.c
3043	_Max_ival	0x518AC	3	0	2	0	Common\ltoa.c
3044	_Max_uval	0x518C0	3	0	2	0	Common\ltoa.c
3045	_Dummy_table	0x518D4	3	0	2	0	Common\ltoa.c
3046	_Table_0	0x518E4	3	0	2	0	Common\ltoa.c
3047	_Table_n	0x518E8	3	0	2	0	Common\ltoa.c
3048	_Inner_decl	0x518EC	3	0	2	0	Common\ltoa.c
3049	_Table_stack	0x518F0	3	0	2	0	Common\ltoa.c
3050	_Actual_macro_buffer	0x51AF0	3	0	2	0	Common\ltoa.c
3051	_pStringBuffer	0x51AF4	3	0	2	0	Common\ltoa.c
3052	_pFileNameBuffer	0x51AF8	3	0	2	0	Common\ltoa.c
3053	_Filename	0x51AFC	3	0	2	0	Common\ltoa.c
3054	_FileNameBufEnd	0x51B00	3	0	2	0	Common\ltoa.c
3055	_Table_index	0x51B04	3	0	2	0	Common\ltoa.c
3056	_Basic_token	0x51B08	3	0	2	0	Common\ltoa.c
3057	_Defs	0x51B0C	3	0	2	0	Common\ltoa.c
3058	_Includes	0x51B88	3	0	2	0	Common\ltoa.c
3059	_Path_chars	0x51C04	3	0	2	0	Common\ltoa.c
3060	_ErrFilName	0x51C08	3	0	2	0	Common\ltoa.c
3061	_Basename	0x51C0C	3	0	2	0	Common\ltoa.c
3062	_Cmd_pack_size	0x51C10	3	0	2	0	Common\ltoa.c
3063	_Pack_size	0x51C14	3	0	2	0	Common\ltoa.c
3064	_C1Str	0x51CCC	3	0	2	0	Common\ltoa.c
3065	_Unknown	0x51CD0	3	0	2	0	Common\ltoa.c
3066	_Ztab	0x51CD4	3	0	2	0	Common\ltoa.c
3067	_cmdtab	0x51D58	3	0	2	0	Common\ltoa.c
3068	_Charmap	0x51F80	3	0	2	0	Common\ltoa.c
3069	_Contmap	0x52080	3	0	2	0	Common\ltoa.c
3070	_Err_Info	0x52284	3	0	2	0	Common\ltoa.c
3071	_Init_info	0x52384	3	0	2	0	Common\ltoa.c
3072	_Pragma_attrs	0x52424	3	0	2	0	Common\ltoa.c
3073	_Realt_const0	0x52570	3	0	2	0	Common\ltoa.c
3074	_Tokstrings_text	0x528E8	3	0	2	0	Common\ltoa.c
3075	_Tokstrings_token	0x52B28	3	0	2	0	Common\ltoa.c
3076	_Tokstrings_optype	0x52BB8	3	0	2	0	Common\ltoa.c
3077	_Tokstrings_mvalue	0x52DF8	3	0	2	0	Common\ltoa.c
3078	__aexit_rtn	0x52E90	3	0	2	0	Common\ltoa.c
3079	_Wstream	0x52ED0	3	0	2	0	Common\ltoa.c
3080	__adbgmsg	0x531A8	3	0	2	0	Common\ltoa.c
3081	_errno	0x531B0	3	0	2	0	Common\ltoa.c
3082	__doserrno	0x531B4	3	0	2	0	Common\ltoa.c
3083	__umaskval	0x531B8	3	0	2	0	Common\ltoa.c
3084	__osversion	0x531BC	3	0	2	0	Common\ltoa.c
3085	__osmajor	0x531C0	3	0	2	0	Common\ltoa.c
3086	__osminor	0x531C4	3	0	2	0	Common\ltoa.c
3087	__baseversion	0x531C8	3	0	2	0	Common\ltoa.c
3088	__basemajor	0x531CC	3	0	2	0	Common\ltoa.c
3089	__baseminor	0x531D0	3	0	2	0	Common\ltoa.c
3090	__osmode	0x531D4	3	0	2	0	Common\ltoa.c
3091	__cpumode	0x531D5	3	0	2	0	Common\ltoa.c
3092	__nfile	0x531D8	3	0	2	0	Common\ltoa.c
3093	__osfile	0x531DC	3	0	2	0	Common\ltoa.c
3094	__osfhnd	0x5321C	3	0	2	0	Common\ltoa.c
3095	__pipech	0x5331C	3	0	2	0	Common\ltoa.c
3096	___argc	0x5335C	3	0	2	0	Common\ltoa.c
3097	___argv	0x53360	3	0	2	0	Common\ltoa.c
3098	__environ	0x53364	3	0	2	0	Common\ltoa.c
3099	__child	0x53368	3	0	2	0	Common\ltoa.c
3100	__exitflag	0x5336C	3	0	2	0	Common\ltoa.c
3101	__ctype	0x53370	3	0	2	0	Common\ltoa.c
3102	__fltused	0x534D0	3	0	2	0	Common\ltoa.c
3103	__ldused	0x534D4	3	0	2	0	Common\ltoa.c
3104	__FPinit	0x534D8	3	0	2	0	Common\ltoa.c
3105	__FPmtinit	0x534DC	3	0	2	0	Common\ltoa.c
3106	__FPmtterm	0x534E0	3	0	2	0	Common\ltoa.c
3107	__cfltcvt_tab	0x53500	3	0	2	0	Common\ltoa.c
3108	__sigintoff	0x53518	3	0	2	0	Common\ltoa.c
3109	__timezone	0x53558	3	0	2	0	Common\ltoa.c
3110	__daylight	0x5355C	3	0	2	0	Common\ltoa.c
3111	__tzname	0x53560	3	0	2	0	Common\ltoa.c
3112	___dnames	0x53568	3	0	2	0	Common\ltoa.c
3113	___mnames	0x53580	3	0	2	0	Common\ltoa.c
3114	__lpdays	0x535B0	3	0	2	0	Common\ltoa.c
3115	__days	0x535E4	3	0	2	0	Common\ltoa.c
3116	__cflush	0x53620	3	0	2	0	Common\ltoa.c
3117	__pendstdio	0x53624	3	0	2	0	Common\ltoa.c
3118	__heap_desc	0x53630	3	0	2	0	Common\ltoa.c
3119	__heap_resetsize	0x53644	3	0	2	0	Common\ltoa.c
3120	__amblksiz	0x53648	3	0	2	0	Common\ltoa.c
3121	__heap_regionsize	0x5364C	3	0	2	0	Common\ltoa.c
3122	__iob	0x53650	3	0	2	0	Common\ltoa.c
3123	__lastiob	0x538D0	3	0	2	0	Common\ltoa.c
3124	__pow10pos	0x538E0	3	0	2	0	Common\ltoa.c
3125	__pow10neg	0x53A3C	3	0	2	0	Common\ltoa.c
3126	_asm_yyact	0x53BA0	3	0	2	0	Common\ltoa.c
3127	_asm_yypact	0x53DA8	3	0	2	0	Common\ltoa.c
3128	_asm_yypgo	0x53EB8	3	0	2	0	Common\ltoa.c
3129	_asm_yyr1	0x53EE8	3	0	2	0	Common\ltoa.c
3130	_asm_yyr2	0x53F3C	3	0	2	0	Common\ltoa.c
3131	_asm_yychk	0x53F90	3	0	2	0	Common\ltoa.c
3132	_asm_yydef	0x540A0	3	0	2	0	Common\ltoa.c
3133	_expdope	0x542E4	3	0	2	0	Common\ltoa.c
3134	_symdope	0x547F4	3	0	2	0	Common\ltoa.c
3135	__commode	0x54880	3	0	2	0	Common\ltoa.c
3136	_yyact	0x548C0	3	0	2	0	Common\ltoa.c
3137	_yypact	0x550E0	3	0	2	0	Common\ltoa.c
3138	_yypgo	0x553D4	3	0	2	0	Common\ltoa.c
3139	_yyr1	0x554A4	3	0	2	0	Common\ltoa.c
3140	_yyr2	0x55590	3	0	2	0	Common\ltoa.c
3141	_yychk	0x5567C	3	0	2	0	Common\ltoa.c
3142	_yydef	0x55970	3	0	2	0	Common\ltoa.c
3143	_AsmRSearch_Table	0x7077C	5	0	2	0	Common\ltoa.c
3144	_AsmRSearch_Index	0x708AC	5	0	2	0	Common\ltoa.c
3145	_AsmRSearch_Info	0x708E8	5	0	2	0	Common\ltoa.c
3146	_AsmOSearch_Table	0x70A18	5	0	2	0	Common\ltoa.c
3147	_AsmOSearch_Index	0x70F20	5	0	2	0	Common\ltoa.c
3148	_AsmOSearch_Info	0x70F5C	5	0	2	0	Common\ltoa.c
3149	_Opcd	0x71464	5	0	2	0	Common\ltoa.c
3150	_mpMTypeSize	0x71B5C	5	0	2	0	Common\ltoa.c
3151	_SynoArray	0x71B68	5	0	2	0	Common\ltoa.c
3152	_MLTable	0x71C2C	5	0	2	0	Common\ltoa.c
3153	_mpACLSACL1	0x71CF4	5	0	2	0	Common\ltoa.c
3154	_mpP1regP2info	0x71D6C	5	0	2	0	Common\ltoa.c
3155	base_IMPORT_DESCRIPTOR	0x80000	6	0	2	0	Common\ltoa.c
3156	ntdll_IMPORT_DESCRIPTOR	0x80014	6	0	2	0	Common\ltoa.c
3157	NULL_IMPORT_DESCRIPTOR	0x80028	6	0	2	0	Common\ltoa.c
3158	base_NULL_THUNK_DATA	0x800AC	6	0	2	0	Common\ltoa.c
3159	ntdll_NULL_THUNK_DATA	0x800B8	6	0	2	0	Common\ltoa.c
3160	end	0xB0000	-2	0	2	0	Common\ltoa.c
