index	virtual_address	value	type	pad	verified
0	0x1000E	0x428D0	3	0	yes
1	0x1001B	0x42914	3	0	yes
2	0x10020	0x42918	3	0	yes
3	0x10031	0x42914	3	0	yes
4	0x10036	0x42918	3	0	yes
5	0x10040	0x4292C	3	0	yes
6	0x10045	0x42930	3	0	yes
7	0x1004B	0x428D0	3	0	yes
8	0x10058	0x4290C	3	0	yes
9	0x1005D	0x42910	3	0	yes
10	0x1006E	0x4290C	3	0	yes
11	0x10073	0x42910	3	0	yes
12	0x1007D	0x42924	3	0	yes
13	0x10082	0x42928	3	0	yes
14	0x10088	0x415AC	3	0	yes
15	0x10091	0x42900	3	0	yes
16	0x1009A	0x415AC	3	0	yes
17	0x100A6	0x415AC	3	0	yes
18	0x100AF	0x51C10	3	0	yes
19	0x100B4	0x51C14	3	0	yes
20	0x100B9	0x51888	3	0	yes
21	0x100BE	0x5189C	3	0	yes
22	0x100C3	0x4294C	3	0	yes
23	0x100C8	0x428C4	3	0	yes
24	0x100CE	0x428F0	3	0	yes
25	0x100DE	0x428F8	3	0	yes
26	0x100EE	0x42934	3	0	yes
27	0x10103	0x42904	3	0	yes
28	0x10115	0x415A8	3	0	yes
29	0x1011B	0x41590	3	0	yes
30	0x10121	0x428F0	3	0	yes
31	0x1012A	0x428F8	3	0	yes
32	0x10133	0x42904	3	0	yes
33	0x1013C	0x42934	3	0	yes
34	0x10145	0x428F8	3	0	yes
35	0x10151	0x428F8	3	0	yes
36	0x1015A	0x428F0	3	0	yes
37	0x10160	0x428F8	3	0	yes
38	0x10166	0x428C0	3	0	yes
39	0x1016E	0x50000	3	0	yes
40	0x10178	0x50006	3	0	yes
41	0x10182	0x5000A	3	0	yes
42	0x1018C	0x50011	3	0	yes
43	0x10197	0x428F4	3	0	yes
44	0x101A0	0x41594	3	0	yes
45	0x101A8	0x50016	3	0	yes
46	0x101B2	0x517F8	3	0	yes
47	0x101BC	0x5001C	3	0	yes
48	0x101C6	0x50021	3	0	yes
49	0x101D3	0x428D4	3	0	yes
50	0x101DB	0x5180C	3	0	yes
51	0x101E5	0x51838	3	0	yes
52	0x101F0	0x4296C	3	0	yes
53	0x101F5	0x51AF8	3	0	yes
54	0x101FB	0x51AF8	3	0	yes
55	0x1020A	0x51AFC	3	0	yes
56	0x1020E	0x415B4	3	0	yes
57	0x10214	0x428D8	3	0	yes
58	0x1021C	0x428D8	3	0	yes
59	0x10221	0x428E0	3	0	yes
60	0x10227	0x428E0	3	0	yes
61	0x1022F	0x5002B	3	0	yes
62	0x10235	0x428E0	3	0	yes
63	0x10241	0x428DC	3	0	yes
64	0x1024B	0x428E0	3	0	yes
65	0x1025F	0x4295C	3	0	yes
66	0x10268	0x428C8	3	0	yes
67	0x10270	0x5002E	3	0	yes
68	0x10275	0x50039	3	0	yes
69	0x1027A	0x5003B	3	0	yes
70	0x10280	0x51C0C	3	0	yes
71	0x1028D	0x428B4	3	0	yes
72	0x10292	0x5003E	3	0	yes
73	0x10297	0x50046	3	0	yes
74	0x1029C	0x50048	3	0	yes
75	0x102A2	0x51C0C	3	0	yes
76	0x102AF	0x428E4	3	0	yes
77	0x102B5	0x42900	3	0	yes
78	0x102C2	0x428C8	3	0	yes
79	0x102CE	0x5004B	3	0	yes
80	0x102D3	0x50052	3	0	yes
81	0x102D8	0x50054	3	0	yes
82	0x102DE	0x51C0C	3	0	yes
83	0x102EB	0x415B0	3	0	yes
84	0x102F0	0x50057	3	0	yes
85	0x102F5	0x5005E	3	0	yes
86	0x102FA	0x50060	3	0	yes
87	0x10300	0x51C0C	3	0	yes
88	0x1030D	0x42954	3	0	yes
89	0x10312	0x50063	3	0	yes
90	0x10317	0x5006B	3	0	yes
91	0x1031C	0x5006D	3	0	yes
92	0x10322	0x51C0C	3	0	yes
93	0x1032F	0x42938	3	0	yes
94	0x10334	0x50070	3	0	yes
95	0x10339	0x50079	3	0	yes
96	0x1033E	0x5007B	3	0	yes
97	0x10344	0x51C0C	3	0	yes
98	0x10351	0x42944	3	0	yes
99	0x10357	0x428EC	3	0	yes
100	0x1035F	0x5007E	3	0	yes
101	0x10364	0x50084	3	0	yes
102	0x10369	0x50086	3	0	yes
103	0x1036F	0x51C0C	3	0	yes
104	0x1037C	0x42970	3	0	yes
105	0x10382	0x428FC	3	0	yes
106	0x10395	0x53670	3	0	yes
107	0x1039A	0x50089	3	0	yes
108	0x103A0	0x428FC	3	0	yes
109	0x103AD	0x428CC	3	0	yes
110	0x103B7	0x428FC	3	0	yes
111	0x103C6	0x42940	3	0	yes
112	0x103CA	0x53670	3	0	yes
113	0x103D0	0x42900	3	0	yes
114	0x103FB	0x428C8	3	0	yes
115	0x1041E	0x42948	3	0	yes
116	0x10430	0x42960	3	0	yes
117	0x10445	0x4159C	3	0	yes
118	0x10455	0x42974	3	0	yes
119	0x10465	0x415A4	3	0	yes
120	0x10475	0x415A0	3	0	yes
121	0x10485	0x41598	3	0	yes
122	0x10495	0x428B8	3	0	yes
123	0x104AD	0x42958	3	0	yes
124	0x104BD	0x42968	3	0	yes
125	0x104C5	0x42960	3	0	yes
126	0x104CF	0x42964	3	0	yes
127	0x104D5	0x428C8	3	0	yes
128	0x104E8	0x428EC	3	0	yes
129	0x104F5	0x51B0C	3	0	yes
130	0x0	0x0	0	0	
131	0x10519	0x2E44A	3	0	yes
132	0x10520	0x1055C	3	0	yes
133	0x0	0x0	0	0	
134	0x0	0x0	0	0	
135	0x10572	0x5008D	3	0	yes
136	0x1058C	0x4293C	3	0	yes
137	0x10592	0x42978	3	0	yes
138	0x10596	0x50094	3	0	yes
139	0x1059F	0x4291C	3	0	yes
140	0x105BF	0x42900	3	0	yes
141	0x105D2	0x42950	3	0	yes
142	0x105E7	0x42950	3	0	yes
143	0x10608	0x420B4	3	0	yes
144	0x1060D	0x420B4	3	0	yes
145	0x10635	0x428E8	3	0	yes
146	0x10644	0x428C8	3	0	yes
147	0x1064D	0x428E8	3	0	yes
148	0x1067C	0x428C8	3	0	yes
149	0x10685	0x42954	3	0	yes
150	0x10691	0x415B0	3	0	yes
151	0x1069D	0x42938	3	0	yes
152	0x106A9	0x42944	3	0	yes
153	0x106B5	0x428EC	3	0	yes
154	0x106BE	0x42970	3	0	yes
155	0x106CA	0x428E0	3	0	yes
156	0x106D3	0x428DC	3	0	yes
157	0x106E3	0x428E0	3	0	yes
158	0x106F2	0x428FC	3	0	yes
159	0x106FB	0x428CC	3	0	yes
160	0x1070B	0x428FC	3	0	yes
161	0x10719	0x53670	3	0	yes
162	0x10728	0x53690	3	0	yes
163	0x10740	0x428BC	3	0	yes
164	0x10797	0x53670	3	0	yes
165	0x107A0	0x51B08	3	0	yes
166	0x107A7	0x528E4	3	0	yes
167	0x107F8	0x5039D	3	0	yes
168	0x10809	0x428F4	3	0	yes
169	0x10812	0x41594	3	0	yes
170	0x10826	0x50314	3	0	yes
171	0x10834	0x50314	3	0	yes
172	0x10877	0x50314	3	0	yes
173	0x10893	0x4297C	3	0	yes
174	0x1089C	0x42980	3	0	yes
175	0x108AF	0x5041C	3	0	yes
176	0x108C9	0x5041C	3	0	yes
177	0x108EA	0x504D9	3	0	yes
178	0x108F3	0x50504	3	0	yes
179	0x108F8	0x504D9	3	0	yes
180	0x10904	0x50504	3	0	yes
181	0x10947	0x50504	3	0	yes
182	0x10950	0x50558	3	0	yes
183	0x10975	0x50591	3	0	yes
184	0x1097E	0x5058C	3	0	yes
185	0x10983	0x50591	3	0	yes
186	0x1098F	0x5058C	3	0	yes
187	0x109D2	0x5058C	3	0	yes
188	0x109DB	0x50610	3	0	yes
189	0x50314	0x500B0	3	0	yes
190	0x50318	0x500B5	3	0	yes
191	0x5031C	0x500BE	3	0	yes
192	0x50320	0x500C7	3	0	yes
193	0x50324	0x500D1	3	0	yes
194	0x50328	0x500D9	3	0	yes
195	0x5032C	0x500DF	3	0	yes
196	0x50330	0x500E7	3	0	yes
197	0x50334	0x500F2	3	0	yes
198	0x50338	0x500F8	3	0	yes
199	0x5033C	0x50101	3	0	yes
200	0x50340	0x5010A	3	0	yes
201	0x50344	0x50114	3	0	yes
202	0x50348	0x5011B	3	0	yes
203	0x5034C	0x50120	3	0	yes
204	0x50350	0x50128	3	0	yes
205	0x50354	0x50130	3	0	yes
206	0x50358	0x50137	3	0	yes
207	0x5035C	0x5013E	3	0	yes
208	0x50360	0x50143	3	0	yes
209	0x50364	0x50147	3	0	yes
210	0x50368	0x5014C	3	0	yes
211	0x5036C	0x50154	3	0	yes
212	0x50370	0x50159	3	0	yes
213	0x50374	0x5015D	3	0	yes
214	0x50378	0x50162	3	0	yes
215	0x5037C	0x50166	3	0	yes
216	0x50380	0x5016C	3	0	yes
217	0x50384	0x5016E	3	0	yes
218	0x50388	0x50175	3	0	yes
219	0x5038C	0x5017B	3	0	yes
220	0x50390	0x5017F	3	0	yes
221	0x50394	0x50183	3	0	yes
222	0x50398	0x5018A	3	0	yes
223	0x5039C	0x5018D	3	0	yes
224	0x503A0	0x50192	3	0	yes
225	0x503A4	0x50195	3	0	yes
226	0x503A8	0x50199	3	0	yes
227	0x503AC	0x5019D	3	0	yes
228	0x503B0	0x501A6	3	0	yes
229	0x503B4	0x501A9	3	0	yes
230	0x503B8	0x501AB	3	0	yes
231	0x503BC	0x501AF	3	0	yes
232	0x503C0	0x501B3	3	0	yes
233	0x503C4	0x501B9	3	0	yes
234	0x503C8	0x501BF	3	0	yes
235	0x503CC	0x501C7	3	0	yes
236	0x503D0	0x501CD	3	0	yes
237	0x503D4	0x501D3	3	0	yes
238	0x503D8	0x501D9	3	0	yes
239	0x503DC	0x501DF	3	0	yes
240	0x503E0	0x501E5	3	0	yes
241	0x503E4	0x501EA	3	0	yes
242	0x503E8	0x501F1	3	0	yes
243	0x503EC	0x501F9	3	0	yes
244	0x503F0	0x501FE	3	0	yes
245	0x503F4	0x50206	3	0	yes
246	0x503F8	0x5020A	3	0	yes
247	0x50504	0x5020F	3	0	yes
248	0x50508	0x50215	3	0	yes
249	0x5050C	0x5021A	3	0	yes
250	0x50510	0x5021F	3	0	yes
251	0x50514	0x50223	3	0	yes
252	0x50518	0x50227	3	0	yes
253	0x5051C	0x5022E	3	0	yes
254	0x50520	0x50234	3	0	yes
255	0x50524	0x50239	3	0	yes
256	0x50528	0x5023B	3	0	yes
257	0x5052C	0x50240	3	0	yes
258	0x50530	0x50244	3	0	yes
259	0x50534	0x5024A	3	0	yes
260	0x5058C	0x5024F	3	0	yes
261	0x50590	0x50259	3	0	yes
262	0x50594	0x50260	3	0	yes
263	0x50598	0x50268	3	0	yes
264	0x5059C	0x50273	3	0	yes
265	0x505A0	0x50280	3	0	yes
266	0x505A4	0x50288	3	0	yes
267	0x505A8	0x50290	3	0	yes
268	0x505AC	0x50299	3	0	yes
269	0x505B0	0x502A1	3	0	yes
270	0x505B4	0x502A9	3	0	yes
271	0x505B8	0x502B0	3	0	yes
272	0x505BC	0x502BD	3	0	yes
273	0x505C0	0x502C5	3	0	yes
274	0x505C4	0x502C9	3	0	yes
275	0x505C8	0x502CD	3	0	yes
276	0x505CC	0x502D5	3	0	yes
277	0x505D0	0x502D9	3	0	yes
278	0x505D4	0x502DD	3	0	yes
279	0x505D8	0x502E9	3	0	yes
280	0x505DC	0x502F1	3	0	yes
281	0x505E0	0x502F5	3	0	yes
282	0x505E4	0x502FC	3	0	yes
283	0x505E8	0x50306	3	0	yes
284	0x505EC	0x5030E	3	0	yes
285	0x109FE	0x42984	3	0	yes
286	0x10A16	0x50680	3	0	yes
287	0x10A2F	0x428C8	3	0	yes
288	0x10A9A	0x50680	3	0	yes
289	0x10AAA	0x42988	3	0	yes
290	0x10AC7	0x40000	3	0	yes
291	0x10AD8	0x40000	3	0	yes
292	0x10ADD	0x40000	3	0	yes
293	0x10B80	0x428D0	3	0	yes
294	0x10CD7	0x50680	3	0	yes
295	0x10CE7	0x42988	3	0	yes
296	0x10D20	0x428B8	3	0	yes
297	0x10D55	0x50680	3	0	yes
298	0x10D65	0x42988	3	0	yes
299	0x10DA5	0x50680	3	0	yes
300	0x10DB9	0x42988	3	0	yes
301	0x10DF9	0x42988	3	0	yes
302	0x10E16	0x50688	3	0	yes
303	0x10E1C	0x5068C	3	0	yes
304	0x10E23	0x50680	3	0	yes
305	0x10E2D	0x50688	3	0	yes
306	0x10E43	0x5068C	3	0	yes
307	0x10E4B	0x50688	3	0	yes
308	0x10E50	0x50688	3	0	yes
309	0x10E5A	0x42988	3	0	yes
310	0x10E66	0x42988	3	0	yes
311	0x10E77	0x5068C	3	0	yes
312	0x10E7F	0x50688	3	0	yes
313	0x10E88	0x50688	3	0	yes
314	0x10E97	0x42988	3	0	yes
315	0x10EA3	0x42988	3	0	yes
316	0x10EB5	0x5068C	3	0	yes
317	0x10ED4	0x42988	3	0	yes
318	0x10F18	0x40004	3	0	yes
319	0x10F29	0x40004	3	0	yes
320	0x10F2E	0x40004	3	0	yes
321	0x10FA7	0x42988	3	0	yes
322	0x10FBB	0x42988	3	0	yes
323	0x11028	0x5068C	3	0	yes
324	0x11043	0x42984	3	0	yes
325	0x11174	0x50684	3	0	yes
326	0x1119A	0x428D0	3	0	yes
327	0x111A7	0x428D0	3	0	yes
328	0x111EA	0x42984	3	0	yes
329	0x111F3	0x42984	3	0	yes
330	0x11207	0x42984	3	0	yes
331	0x11236	0x42984	3	0	yes
332	0x1123C	0x42984	3	0	yes
333	0x11253	0x42984	3	0	yes
334	0x1129E	0x50680	3	0	yes
335	0x112AC	0x50680	3	0	yes
336	0x112BA	0x42988	3	0	yes
337	0x1131C	0x51C14	3	0	yes
338	0x1132F	0x42984	3	0	yes
339	0x11335	0x42984	3	0	yes
340	0x1134E	0x42984	3	0	yes
341	0x1136A	0x42970	3	0	yes
342	0x11398	0x50680	3	0	yes
343	0x113A7	0x42988	3	0	yes
344	0x113C8	0x42970	3	0	yes
345	0x113D2	0x42984	3	0	yes
346	0x113F8	0x42984	3	0	yes
347	0x11453	0x42970	3	0	yes
348	0x1147C	0x42984	3	0	yes
349	0x11499	0x42970	3	0	yes
350	0x1149F	0x42984	3	0	yes
351	0x114A8	0x42984	3	0	yes
352	0x114CA	0x42984	3	0	yes
353	0x11509	0x42984	3	0	yes
354	0x1150F	0x42984	3	0	yes
355	0x11532	0x42984	3	0	yes
356	0x115BE	0x42984	3	0	yes
357	0x115C4	0x42984	3	0	yes
358	0x115DD	0x42984	3	0	yes
359	0x115F7	0x517EC	3	0	yes
360	0x1161A	0x517EC	3	0	yes
361	0x11655	0x42984	3	0	yes
362	0x1165B	0x42984	3	0	yes
363	0x11682	0x42970	3	0	yes
364	0x116A3	0x517EC	3	0	yes
365	0x11804	0x429A4	3	0	yes
366	0x11820	0x428E0	3	0	yes
367	0x11829	0x429C8	3	0	yes
368	0x11832	0x428D8	3	0	yes
369	0x1184C	0x428E8	3	0	yes
370	0x11869	0x42960	3	0	yes
371	0x118BF	0x429C8	3	0	yes
372	0x118DC	0x429C8	3	0	yes
373	0x118F4	0x429C8	3	0	yes
374	0x11923	0x52954	3	0	yes
375	0x1198F	0x429B0	3	0	yes
376	0x1199B	0x429B0	3	0	yes
377	0x119A6	0x429B0	3	0	yes
378	0x119B2	0x429B0	3	0	yes
379	0x119B9	0x429C8	3	0	yes
380	0x119C8	0x4299C	3	0	yes
381	0x119D1	0x428F4	3	0	yes
382	0x119F2	0x4299C	3	0	yes
383	0x11A0B	0x4299C	3	0	yes
384	0x11AD5	0x428D0	3	0	yes
385	0x11AE6	0x428D0	3	0	yes
386	0x11AFF	0x428D0	3	0	yes
387	0x11B11	0x428D0	3	0	yes
388	0x11B20	0x428D0	3	0	yes
389	0x11C3C	0x42960	3	0	yes
390	0x11CC5	0x428F4	3	0	yes
391	0x11CCE	0x429C8	3	0	yes
392	0x11D01	0x428C8	3	0	yes
393	0x11D16	0x429C4	3	0	yes
394	0x11D25	0x429B4	3	0	yes
395	0x11D43	0x52930	3	0	yes
396	0x11D88	0x429C8	3	0	yes
397	0x11EEC	0x518E8	3	0	yes
398	0x11F14	0x42998	3	0	yes
399	0x11F2C	0x429C0	3	0	yes
400	0x11F3F	0x518E8	3	0	yes
401	0x11F51	0x42998	3	0	yes
402	0x11F65	0x428F4	3	0	yes
403	0x11F7F	0x50694	3	0	yes
404	0x11F8C	0x429C8	3	0	yes
405	0x11FE1	0x429C8	3	0	yes
406	0x11FEA	0x42990	3	0	yes
407	0x1201B	0x518E4	3	0	yes
408	0x1202D	0x42998	3	0	yes
409	0x12045	0x429C0	3	0	yes
410	0x12058	0x518E4	3	0	yes
411	0x1206A	0x42998	3	0	yes
412	0x1209C	0x429C8	3	0	yes
413	0x120FF	0x428F4	3	0	yes
414	0x1210F	0x506B0	3	0	yes
415	0x12161	0x4298C	3	0	yes
416	0x122CF	0x428C8	3	0	yes
417	0x122D8	0x429B0	3	0	yes
418	0x122E0	0x429B0	3	0	yes
419	0x122E7	0x429C8	3	0	yes
420	0x122F1	0x429B0	3	0	yes
421	0x122FD	0x429B0	3	0	yes
422	0x12310	0x429B0	3	0	yes
423	0x12415	0x428F4	3	0	yes
424	0x1241E	0x41594	3	0	yes
425	0x1242B	0x506CA	3	0	yes
426	0x1243F	0x429C8	3	0	yes
427	0x125BD	0x518E8	3	0	yes
428	0x125C5	0x518E4	3	0	yes
429	0x125DD	0x51B04	3	0	yes
430	0x125E3	0x51B04	3	0	yes
431	0x125F6	0x51B04	3	0	yes
432	0x125FD	0x518F0	3	0	yes
433	0x12636	0x51B04	3	0	yes
434	0x12641	0x518F0	3	0	yes
435	0x1264A	0x518F0	3	0	yes
436	0x1267D	0x429BC	3	0	yes
437	0x12702	0x51B04	3	0	yes
438	0x1270D	0x518F0	3	0	yes
439	0x12713	0x518F0	3	0	yes
440	0x12763	0x429BC	3	0	yes
441	0x12777	0x42998	3	0	yes
442	0x1278C	0x42998	3	0	yes
443	0x127A4	0x42998	3	0	yes
444	0x127B5	0x42998	3	0	yes
445	0x127CB	0x42998	3	0	yes
446	0x127D3	0x42998	3	0	yes
447	0x127E1	0x42998	3	0	yes
448	0x127EF	0x50690	3	0	yes
449	0x127F4	0x42998	3	0	yes
450	0x12815	0x50690	3	0	yes
451	0x12832	0x506E8	3	0	yes
452	0x12845	0x506E8	3	0	yes
453	0x1284B	0x506E8	3	0	yes
454	0x12886	0x50690	3	0	yes
455	0x1288E	0x41598	3	0	yes
456	0x12897	0x50690	3	0	yes
457	0x128AF	0x429A0	3	0	yes
458	0x128BC	0x42948	3	0	yes
459	0x1295D	0x428C8	3	0	yes
460	0x12977	0x518E4	3	0	yes
461	0x12989	0x42998	3	0	yes
462	0x129B2	0x42994	3	0	yes
463	0x129CE	0x429B8	3	0	yes
464	0x129E9	0x42994	3	0	yes
465	0x12A5F	0x429C8	3	0	yes
466	0x12A72	0x429C8	3	0	yes
467	0x12A7B	0x518E8	3	0	yes
468	0x12A85	0x518E8	3	0	yes
469	0x12A94	0x428E0	3	0	yes
470	0x12A9D	0x429C8	3	0	yes
471	0x12AA6	0x428D8	3	0	yes
472	0x12ABC	0x428E0	3	0	yes
473	0x12AC5	0x429C8	3	0	yes
474	0x12ACE	0x428D8	3	0	yes
475	0x12ADB	0x518E8	3	0	yes
476	0x12AE5	0x518E8	3	0	yes
477	0x12AF4	0x51B04	3	0	yes
478	0x12AFF	0x428C8	3	0	yes
479	0x12B13	0x429C8	3	0	yes
480	0x12B25	0x429C8	3	0	yes
481	0x12B3A	0x429CC	3	0	yes
482	0x12B65	0x429CC	3	0	yes
483	0x12B84	0x429D0	3	0	yes
484	0x12BD7	0x428C8	3	0	yes
485	0x12BE4	0x429D0	3	0	yes
486	0x12BF0	0x428EC	3	0	yes
487	0x12BF9	0x429AC	3	0	yes
488	0x12C02	0x51884	3	0	yes
489	0x12C0B	0x51884	3	0	yes
490	0x12C16	0x51884	3	0	yes
491	0x12C24	0x429AC	3	0	yes
492	0x12C37	0x518E4	3	0	yes
493	0x12C42	0x429CC	3	0	yes
494	0x12C55	0x42938	3	0	yes
495	0x12C5A	0x52ED0	3	0	yes
496	0x12C60	0x429A8	3	0	yes
497	0x12C66	0x429A8	3	0	yes
498	0x12C71	0x42944	3	0	yes
499	0x12C76	0x52ED0	3	0	yes
500	0x12C7C	0x429A8	3	0	yes
501	0x12C82	0x429A8	3	0	yes
502	0x12C95	0x506F0	3	0	yes
503	0x12C9B	0x506F0	3	0	yes
504	0x12CA4	0x506F0	3	0	yes
505	0x12CB6	0x506F4	3	0	yes
506	0x12CBE	0x506F4	3	0	yes
507	0x12CC4	0x506F4	3	0	yes
508	0x12DE7	0x52968	3	0	yes
509	0x12DFE	0x52978	3	0	yes
510	0x12E2B	0x5297C	3	0	yes
511	0x12E35	0x5070C	3	0	yes
512	0x12E54	0x52970	3	0	yes
513	0x12E5B	0x50717	3	0	yes
514	0x12E74	0x52998	3	0	yes
515	0x12E7C	0x5299C	3	0	yes
516	0x12E84	0x52A70	3	0	yes
517	0x12E8C	0x52994	3	0	yes
518	0x12E95	0x51B08	3	0	yes
519	0x12E9C	0x528E4	3	0	yes
520	0x12EBB	0x5296C	3	0	yes
521	0x12ED3	0x52974	3	0	yes
522	0x12FCF	0x429A4	3	0	yes
523	0x1305B	0x42960	3	0	yes
524	0x13066	0x43024	3	0	yes
525	0x1309C	0x42960	3	0	yes
526	0x130BD	0x42F54	3	0	yes
527	0x130DF	0x428C8	3	0	yes
528	0x13113	0x528E4	3	0	yes
529	0x13168	0x429A4	3	0	yes
530	0x13191	0x429D4	3	0	yes
531	0x131F8	0x428EC	3	0	yes
532	0x1326E	0x42DD4	3	0	yes
533	0x13367	0x40010	3	0	yes
534	0x13378	0x40010	3	0	yes
535	0x1337E	0x42F50	3	0	yes
536	0x133A9	0x50724	3	0	yes
537	0x133E1	0x40014	3	0	yes
538	0x133F2	0x40014	3	0	yes
539	0x133F7	0x40014	3	0	yes
540	0x13414	0x40014	3	0	yes
541	0x13423	0x40010	3	0	yes
542	0x1342D	0x40010	3	0	yes
543	0x1343A	0x40010	3	0	yes
544	0x1348E	0x429A4	3	0	yes
545	0x13494	0x429A4	3	0	yes
546	0x1349A	0x42F58	3	0	yes
547	0x13504	0x40018	3	0	yes
548	0x13515	0x40018	3	0	yes
549	0x1351A	0x40018	3	0	yes
550	0x1354B	0x429A4	3	0	yes
551	0x13632	0x429A4	3	0	yes
552	0x136C6	0x429A4	3	0	yes
553	0x136CC	0x429A4	3	0	yes
554	0x136D2	0x42F58	3	0	yes
555	0x137CA	0x5077C	3	0	yes
556	0x137D2	0x5077C	3	0	yes
557	0x137E2	0x5077C	3	0	yes
558	0x137EE	0x428B8	3	0	yes
559	0x13808	0x43020	3	0	yes
560	0x1381B	0x43020	3	0	yes
561	0x13828	0x43020	3	0	yes
562	0x13834	0x428B8	3	0	yes
563	0x138CB	0x42ED4	3	0	yes
564	0x1397C	0x50708	3	0	yes
565	0x50708	0x506F8	3	0	yes
566	0x1399A	0x429A4	3	0	yes
567	0x139A0	0x429A4	3	0	yes
568	0x139A7	0x42F58	3	0	yes
569	0x139CF	0x42F54	3	0	yes
570	0x13A2D	0x429A4	3	0	yes
571	0x13A5F	0x13A63	3	0	yes
572	0x13A63	0x13A7F	3	0	yes
573	0x13A67	0x13A8F	3	0	yes
574	0x13A6B	0x13A97	3	0	yes
575	0x13A6F	0x13A9F	3	0	yes
576	0x13A73	0x13A9F	3	0	yes
577	0x13A77	0x13AA7	3	0	yes
578	0x13A7B	0x13AA7	3	0	yes
579	0x13ABF	0x429A4	3	0	yes
580	0x13AC5	0x429A4	3	0	yes
581	0x13ACC	0x42F58	3	0	yes
582	0x13AF1	0x429A4	3	0	yes
583	0x13B1F	0x42958	3	0	yes
584	0x13B8C	0x52570	3	0	yes
585	0x13BD7	0x43028	3	0	yes
586	0x13BE7	0x43028	3	0	yes
587	0x13CE6	0x13CEA	3	0	yes
588	0x13CEA	0x13D96	3	0	yes
589	0x13CEE	0x13DA1	3	0	yes
590	0x13CF2	0x13B4C	3	0	yes
591	0x13CF6	0x13B4C	3	0	yes
592	0x13CFA	0x13B4C	3	0	yes
593	0x13CFE	0x13B4C	3	0	yes
594	0x13D02	0x13B4C	3	0	yes
595	0x13D06	0x13B4C	3	0	yes
596	0x13D0A	0x13DCB	3	0	yes
597	0x13D0E	0x13B4C	3	0	yes
598	0x13D12	0x13DF9	3	0	yes
599	0x13D16	0x13B4C	3	0	yes
600	0x13D1A	0x13B4C	3	0	yes
601	0x13D1E	0x13E1D	3	0	yes
602	0x13D22	0x13E3E	3	0	yes
603	0x13D26	0x13B4C	3	0	yes
604	0x13D2A	0x13B4C	3	0	yes
605	0x13D2E	0x13B4C	3	0	yes
606	0x13D32	0x13E59	3	0	yes
607	0x13D36	0x13E6F	3	0	yes
608	0x13D3A	0x13E8A	3	0	yes
609	0x13D3E	0x13EA5	3	0	yes
610	0x13D42	0x13B4C	3	0	yes
611	0x13D46	0x13EB2	3	0	yes
612	0x13D4A	0x13B4C	3	0	yes
613	0x13D4E	0x13EE6	3	0	yes
614	0x13D52	0x13B4C	3	0	yes
615	0x13D56	0x13EEE	3	0	yes
616	0x13D5A	0x13EFF	3	0	yes
617	0x13D5E	0x13B4C	3	0	yes
618	0x13D62	0x13F09	3	0	yes
619	0x13D66	0x13B4C	3	0	yes
620	0x13D6A	0x13F30	3	0	yes
621	0x13D6E	0x13B4C	3	0	yes
622	0x13D72	0x13F30	3	0	yes
623	0x13D76	0x13B4C	3	0	yes
624	0x13D7A	0x13B4C	3	0	yes
625	0x13D7E	0x13B4C	3	0	yes
626	0x13D82	0x13B4C	3	0	yes
627	0x13D86	0x13F3A	3	0	yes
628	0x13D8A	0x13B4C	3	0	yes
629	0x13D8E	0x13B4C	3	0	yes
630	0x13D92	0x13F5E	3	0	yes
631	0x13DB5	0x42960	3	0	yes
632	0x13E0A	0x42960	3	0	yes
633	0x13F21	0x42960	3	0	yes
634	0x13FDC	0x43028	3	0	yes
635	0x140CA	0x140CE	3	0	yes
636	0x140CE	0x14155	3	0	yes
637	0x140D2	0x1414E	3	0	yes
638	0x140D6	0x1414E	3	0	yes
639	0x140DA	0x1414E	3	0	yes
640	0x140DE	0x1414E	3	0	yes
641	0x140E2	0x1414E	3	0	yes
642	0x140E6	0x1414E	3	0	yes
643	0x140EA	0x14199	3	0	yes
644	0x140EE	0x1414E	3	0	yes
645	0x140F2	0x141CB	3	0	yes
646	0x140F6	0x1414E	3	0	yes
647	0x140FA	0x1414E	3	0	yes
648	0x140FE	0x141D6	3	0	yes
649	0x14102	0x141E1	3	0	yes
650	0x14106	0x1414E	3	0	yes
651	0x1410A	0x1414E	3	0	yes
652	0x1410E	0x1414E	3	0	yes
653	0x14112	0x1414E	3	0	yes
654	0x14116	0x141EC	3	0	yes
655	0x1411A	0x141F4	3	0	yes
656	0x1411E	0x141FC	3	0	yes
657	0x14122	0x1414E	3	0	yes
658	0x14126	0x1414E	3	0	yes
659	0x1412A	0x1414E	3	0	yes
660	0x1412E	0x1420D	3	0	yes
661	0x14132	0x1414E	3	0	yes
662	0x14136	0x1421E	3	0	yes
663	0x1413A	0x1414E	3	0	yes
664	0x1413E	0x1414E	3	0	yes
665	0x14142	0x14226	3	0	yes
666	0x14146	0x1414E	3	0	yes
667	0x1414A	0x14253	3	0	yes
668	0x1415B	0x52570	3	0	yes
669	0x1416E	0x52570	3	0	yes
670	0x1417D	0x43028	3	0	yes
671	0x1418C	0x43028	3	0	yes
672	0x1419F	0x52570	3	0	yes
673	0x1422C	0x52570	3	0	yes
674	0x1423F	0x52570	3	0	yes
675	0x14289	0x43028	3	0	yes
676	0x1429B	0x43028	3	0	yes
677	0x142A2	0x43028	3	0	yes
678	0x142E5	0x50780	3	0	yes
679	0x142EB	0x50780	3	0	yes
680	0x142F4	0x50780	3	0	yes
681	0x14309	0x43030	3	0	yes
682	0x14311	0x43030	3	0	yes
683	0x14317	0x43030	3	0	yes
684	0x14392	0x43034	3	0	yes
685	0x14407	0x1440B	3	0	yes
686	0x1440B	0x1452E	3	0	yes
687	0x1440F	0x1470F	3	0	yes
688	0x14413	0x14557	3	0	yes
689	0x14417	0x14557	3	0	yes
690	0x1441B	0x14527	3	0	yes
691	0x1441F	0x145DB	3	0	yes
692	0x14423	0x14B65	3	0	yes
693	0x14427	0x14627	3	0	yes
694	0x1442B	0x1452E	3	0	yes
695	0x1442F	0x14557	3	0	yes
696	0x14433	0x146E9	3	0	yes
697	0x14437	0x14527	3	0	yes
698	0x1443B	0x14527	3	0	yes
699	0x1443F	0x146E9	3	0	yes
700	0x14443	0x146E9	3	0	yes
701	0x14447	0x14627	3	0	yes
702	0x1444B	0x14728	3	0	yes
703	0x1444F	0x14557	3	0	yes
704	0x14453	0x148D5	3	0	yes
705	0x14457	0x146E9	3	0	yes
706	0x1445B	0x146E9	3	0	yes
707	0x1445F	0x14920	3	0	yes
708	0x14463	0x14557	3	0	yes
709	0x14467	0x1452E	3	0	yes
710	0x1446B	0x14557	3	0	yes
711	0x1446F	0x1452E	3	0	yes
712	0x14473	0x14557	3	0	yes
713	0x14477	0x146E9	3	0	yes
714	0x1447B	0x1452E	3	0	yes
715	0x1447F	0x14557	3	0	yes
716	0x14483	0x1470F	3	0	yes
717	0x14487	0x14527	3	0	yes
718	0x1448B	0x14A7D	3	0	yes
719	0x1448F	0x14557	3	0	yes
720	0x14493	0x14527	3	0	yes
721	0x14497	0x14627	3	0	yes
722	0x1449B	0x14627	3	0	yes
723	0x1449F	0x14B4F	3	0	yes
724	0x144A3	0x14557	3	0	yes
725	0x144A7	0x148D5	3	0	yes
726	0x144AB	0x14527	3	0	yes
727	0x144AF	0x14527	3	0	yes
728	0x144B3	0x1452E	3	0	yes
729	0x144B7	0x14557	3	0	yes
730	0x144BB	0x14527	3	0	yes
731	0x144BF	0x14527	3	0	yes
732	0x144C3	0x14527	3	0	yes
733	0x144C7	0x14527	3	0	yes
734	0x144CB	0x14527	3	0	yes
735	0x144CF	0x14527	3	0	yes
736	0x144D3	0x14527	3	0	yes
737	0x144D7	0x14527	3	0	yes
738	0x144DB	0x14527	3	0	yes
739	0x144DF	0x14527	3	0	yes
740	0x144E3	0x14527	3	0	yes
741	0x144E7	0x14527	3	0	yes
742	0x144EB	0x14527	3	0	yes
743	0x144EF	0x14527	3	0	yes
744	0x144F3	0x14527	3	0	yes
745	0x144F7	0x14527	3	0	yes
746	0x144FB	0x14527	3	0	yes
747	0x144FF	0x14527	3	0	yes
748	0x14503	0x14527	3	0	yes
749	0x14507	0x14527	3	0	yes
750	0x1450B	0x14527	3	0	yes
751	0x1450F	0x14527	3	0	yes
752	0x14513	0x14527	3	0	yes
753	0x14517	0x14527	3	0	yes
754	0x1451B	0x14527	3	0	yes
755	0x1451F	0x14527	3	0	yes
756	0x14523	0x14557	3	0	yes
757	0x1458F	0x528E4	3	0	yes
758	0x145A2	0x43034	3	0	yes
759	0x14641	0x528E4	3	0	yes
760	0x14680	0x43028	3	0	yes
761	0x14686	0x518BC	3	0	yes
762	0x1468F	0x43028	3	0	yes
763	0x146B1	0x528E4	3	0	yes
764	0x146C3	0x43034	3	0	yes
765	0x146FC	0x528E4	3	0	yes
766	0x147E0	0x43028	3	0	yes
767	0x147EC	0x43028	3	0	yes
768	0x14902	0x42960	3	0	yes
769	0x149B3	0x42960	3	0	yes
770	0x14A17	0x43028	3	0	yes
771	0x14A23	0x43028	3	0	yes
772	0x14B18	0x43028	3	0	yes
773	0x14B24	0x43028	3	0	yes
774	0x14B71	0x42960	3	0	yes
775	0x14D23	0x40020	3	0	yes
776	0x14DA6	0x40020	3	0	yes
777	0x14DCB	0x40020	3	0	yes
778	0x14DF7	0x40020	3	0	yes
779	0x14E1A	0x529CC	3	0	yes
780	0x14E32	0x42960	3	0	yes
781	0x14EB5	0x40020	3	0	yes
782	0x14EFB	0x43034	3	0	yes
783	0x14F1F	0x40020	3	0	yes
784	0x14F45	0x40020	3	0	yes
785	0x15025	0x42960	3	0	yes
786	0x1505D	0x52A40	3	0	yes
787	0x1506F	0x52A44	3	0	yes
788	0x15088	0x42960	3	0	yes
789	0x150A7	0x52570	3	0	yes
790	0x1510D	0x52B10	3	0	yes
791	0x15134	0x42960	3	0	yes
792	0x151B2	0x151B6	3	0	yes
793	0x151B6	0x152D2	3	0	yes
794	0x151BA	0x152F1	3	0	yes
795	0x151BE	0x152D2	3	0	yes
796	0x151C2	0x15320	3	0	yes
797	0x151C6	0x15447	3	0	yes
798	0x151CA	0x15447	3	0	yes
799	0x151CE	0x15447	3	0	yes
800	0x151D2	0x15447	3	0	yes
801	0x151D6	0x15330	3	0	yes
802	0x151DA	0x15330	3	0	yes
803	0x151DE	0x15362	3	0	yes
804	0x151E2	0x15447	3	0	yes
805	0x151E6	0x15447	3	0	yes
806	0x151EA	0x15362	3	0	yes
807	0x151EE	0x15362	3	0	yes
808	0x151F2	0x15447	3	0	yes
809	0x151F6	0x15447	3	0	yes
810	0x151FA	0x152D2	3	0	yes
811	0x151FE	0x152D2	3	0	yes
812	0x15202	0x15362	3	0	yes
813	0x15206	0x15362	3	0	yes
814	0x1520A	0x15447	3	0	yes
815	0x1520E	0x153D5	3	0	yes
816	0x15212	0x152D2	3	0	yes
817	0x15216	0x152D2	3	0	yes
818	0x1521A	0x15330	3	0	yes
819	0x1521E	0x15330	3	0	yes
820	0x15222	0x15362	3	0	yes
821	0x15226	0x152D2	3	0	yes
822	0x1522A	0x152D2	3	0	yes
823	0x1522E	0x152F1	3	0	yes
824	0x15232	0x15447	3	0	yes
825	0x15236	0x15447	3	0	yes
826	0x1523A	0x153D5	3	0	yes
827	0x1523E	0x15447	3	0	yes
828	0x15242	0x15447	3	0	yes
829	0x15246	0x15447	3	0	yes
830	0x1524A	0x15447	3	0	yes
831	0x1524E	0x152D2	3	0	yes
832	0x15252	0x152D2	3	0	yes
833	0x15256	0x15447	3	0	yes
834	0x1525A	0x15447	3	0	yes
835	0x1525E	0x152D2	3	0	yes
836	0x15262	0x152D2	3	0	yes
837	0x15266	0x15447	3	0	yes
838	0x1526A	0x15447	3	0	yes
839	0x1526E	0x15447	3	0	yes
840	0x15272	0x15447	3	0	yes
841	0x15276	0x15447	3	0	yes
842	0x1527A	0x15447	3	0	yes
843	0x1527E	0x15447	3	0	yes
844	0x15282	0x15447	3	0	yes
845	0x15286	0x15447	3	0	yes
846	0x1528A	0x15447	3	0	yes
847	0x1528E	0x15447	3	0	yes
848	0x15292	0x15447	3	0	yes
849	0x15296	0x15447	3	0	yes
850	0x1529A	0x15447	3	0	yes
851	0x1529E	0x15447	3	0	yes
852	0x152A2	0x15447	3	0	yes
853	0x152A6	0x15447	3	0	yes
854	0x152AA	0x15447	3	0	yes
855	0x152AE	0x15447	3	0	yes
856	0x152B2	0x15447	3	0	yes
857	0x152B6	0x15447	3	0	yes
858	0x152BA	0x15447	3	0	yes
859	0x152BE	0x15447	3	0	yes
860	0x152C2	0x15447	3	0	yes
861	0x152C6	0x15447	3	0	yes
862	0x152CA	0x15447	3	0	yes
863	0x152CE	0x15320	3	0	yes
864	0x153B9	0x528E4	3	0	yes
865	0x153F9	0x43028	3	0	yes
866	0x15403	0x43028	3	0	yes
867	0x15421	0x528E4	3	0	yes
868	0x154CB	0x518A8	3	0	yes
869	0x15569	0x518C0	3	0	yes
870	0x1564A	0x528E4	3	0	yes
871	0x157B3	0x528E4	3	0	yes
872	0x157C5	0x43034	3	0	yes
873	0x157CE	0x518A8	3	0	yes
874	0x158DE	0x428F4	3	0	yes
875	0x158E6	0x50784	3	0	yes
876	0x15933	0x428F4	3	0	yes
877	0x15957	0x507A7	3	0	yes
878	0x15985	0x528E4	3	0	yes
879	0x159A1	0x528E4	3	0	yes
880	0x15A58	0x52B27	3	0	yes
881	0x15A9E	0x528E4	3	0	yes
882	0x15BEE	0x428D0	3	0	yes
883	0x15BF9	0x428D0	3	0	yes
884	0x15C8E	0x43034	3	0	yes
885	0x15CD7	0x507CA	3	0	yes
886	0x15CDE	0x507CF	3	0	yes
887	0x15CEA	0x528E4	3	0	yes
888	0x15D71	0x528E4	3	0	yes
889	0x15DF2	0x428F4	3	0	yes
890	0x15DFA	0x507D5	3	0	yes
891	0x15F95	0x429A4	3	0	yes
892	0x15F9B	0x429A4	3	0	yes
893	0x15FA2	0x42F58	3	0	yes
894	0x15FF5	0x429A4	3	0	yes
895	0x1610C	0x4298C	3	0	yes
896	0x16131	0x4298C	3	0	yes
897	0x161B5	0x4298C	3	0	yes
898	0x163C5	0x51880	3	0	yes
899	0x1640D	0x51880	3	0	yes
900	0x1642C	0x507F0	3	0	yes
901	0x16435	0x507F0	3	0	yes
902	0x16443	0x507F0	3	0	yes
903	0x164BB	0x42948	3	0	yes
904	0x16502	0x42960	3	0	yes
905	0x16535	0x428BC	3	0	yes
906	0x1653E	0x507F0	3	0	yes
907	0x1658B	0x507F0	3	0	yes
908	0x16598	0x507F0	3	0	yes
909	0x1659F	0x4305C	3	0	yes
910	0x165A5	0x43038	3	0	yes
911	0x165AB	0x43068	3	0	yes
912	0x16875	0x507F4	3	0	yes
913	0x1697F	0x429A4	3	0	yes
914	0x16A0B	0x428F4	3	0	yes
915	0x16A25	0x507F8	3	0	yes
916	0x16A35	0x50821	3	0	yes
917	0x16C16	0x4159C	3	0	yes
918	0x16D22	0x43060	3	0	yes
919	0x16D2F	0x428F4	3	0	yes
920	0x16D46	0x43058	3	0	yes
921	0x16D51	0x428F4	3	0	yes
922	0x16D74	0x429C8	3	0	yes
923	0x16D7A	0x43048	3	0	yes
924	0x16DAB	0x5084A	3	0	yes
925	0x16DBA	0x43060	3	0	yes
926	0x16DD2	0x507F0	3	0	yes
927	0x16E47	0x42948	3	0	yes
928	0x16E7B	0x428C8	3	0	yes
929	0x16EB1	0x428D0	3	0	yes
930	0x16ECA	0x42924	3	0	yes
931	0x16EDA	0x43040	3	0	yes
932	0x16EED	0x4292C	3	0	yes
933	0x16F03	0x52954	3	0	yes
934	0x16F09	0x52938	3	0	yes
935	0x16F21	0x4292C	3	0	yes
936	0x16F40	0x43064	3	0	yes
937	0x16F4A	0x429B4	3	0	yes
938	0x16F58	0x52938	3	0	yes
939	0x16F66	0x52A88	3	0	yes
940	0x16F6C	0x5292C	3	0	yes
941	0x16F84	0x42F50	3	0	yes
942	0x16F93	0x429C4	3	0	yes
943	0x16FB2	0x429B4	3	0	yes
944	0x16FEF	0x52954	3	0	yes
945	0x16FF5	0x52938	3	0	yes
946	0x17020	0x5292C	3	0	yes
947	0x17026	0x52938	3	0	yes
948	0x1703F	0x52938	3	0	yes
949	0x17045	0x5293C	3	0	yes
950	0x1706A	0x52928	3	0	yes
951	0x17070	0x52958	3	0	yes
952	0x170AF	0x52A88	3	0	yes
953	0x170B5	0x5292C	3	0	yes
954	0x170E0	0x4306C	3	0	yes
955	0x170E8	0x43044	3	0	yes
956	0x170F0	0x5189C	3	0	yes
957	0x17106	0x5293C	3	0	yes
958	0x17114	0x52938	3	0	yes
959	0x17122	0x52944	3	0	yes
960	0x1712D	0x52930	3	0	yes
961	0x17148	0x4304C	3	0	yes
962	0x17151	0x43054	3	0	yes
963	0x17159	0x5085C	3	0	yes
964	0x1715F	0x52930	3	0	yes
965	0x17173	0x43054	3	0	yes
966	0x17178	0x4304C	3	0	yes
967	0x171C7	0x42960	3	0	yes
968	0x171D3	0x429BC	3	0	yes
969	0x171EF	0x429C8	3	0	yes
970	0x171F8	0x4303D	3	0	yes
971	0x17266	0x43050	3	0	yes
972	0x172D5	0x429C0	3	0	yes
973	0x172FA	0x429C8	3	0	yes
974	0x17309	0x428E0	3	0	yes
975	0x17312	0x429BC	3	0	yes
976	0x1731B	0x428D8	3	0	yes
977	0x1732A	0x428E0	3	0	yes
978	0x17333	0x429BC	3	0	yes
979	0x1733C	0x428D8	3	0	yes
980	0x17378	0x42960	3	0	yes
981	0x173EB	0x528E4	3	0	yes
982	0x17401	0x518A8	3	0	yes
983	0x1741B	0x51B08	3	0	yes
984	0x17422	0x528E4	3	0	yes
985	0x17436	0x51B08	3	0	yes
986	0x1743D	0x528E4	3	0	yes
987	0x17456	0x42980	3	0	yes
988	0x17476	0x43214	3	0	yes
989	0x1748B	0x43214	3	0	yes
990	0x17491	0x43214	3	0	yes
991	0x174A6	0x43058	3	0	yes
992	0x174B1	0x51B04	3	0	yes
993	0x174BD	0x518F0	3	0	yes
994	0x174C3	0x518F0	3	0	yes
995	0x174D9	0x43214	3	0	yes
996	0x174FC	0x429BC	3	0	yes
997	0x1751A	0x4303C	3	0	yes
998	0x17532	0x518E8	3	0	yes
999	0x1754A	0x43214	3	0	yes
1000	0x175E0	0x429C8	3	0	yes
1001	0x175E9	0x50E30	3	0	yes
1002	0x17600	0x429C8	3	0	yes
1003	0x17609	0x429C8	3	0	yes
1004	0x17612	0x50E30	3	0	yes
1005	0x17625	0x43058	3	0	yes
1006	0x17636	0x428E0	3	0	yes
1007	0x1763F	0x429C8	3	0	yes
1008	0x17648	0x428D8	3	0	yes
1009	0x17650	0x43058	3	0	yes
1010	0x1768E	0x4321C	3	0	yes
1011	0x17698	0x43060	3	0	yes
1012	0x1769E	0x43024	3	0	yes
1013	0x176A8	0x43224	3	0	yes
1014	0x176BC	0x42960	3	0	yes
1015	0x176C4	0x518A0	3	0	yes
1016	0x176CA	0x518A0	3	0	yes
1017	0x176E7	0x518A0	3	0	yes
1018	0x176FC	0x4308A	3	0	yes
1019	0x17702	0x43070	3	0	yes
1020	0x17708	0x43074	3	0	yes
1021	0x17712	0x4307C	3	0	yes
1022	0x1771C	0x4308B	3	0	yes
1023	0x17724	0x43080	3	0	yes
1024	0x1772C	0x43078	3	0	yes
1025	0x17732	0x43084	3	0	yes
1026	0x17767	0x43024	3	0	yes
1027	0x17787	0x42960	3	0	yes
1028	0x17797	0x429C8	3	0	yes
1029	0x177A4	0x428E0	3	0	yes
1030	0x177AD	0x429C8	3	0	yes
1031	0x177B6	0x428D8	3	0	yes
1032	0x177D6	0x4303C	3	0	yes
1033	0x177DD	0x4303C	3	0	yes
1034	0x177ED	0x429BC	3	0	yes
1035	0x177F2	0x43048	3	0	yes
1036	0x17823	0x43024	3	0	yes
1037	0x1786F	0x428E0	3	0	yes
1038	0x17878	0x429C8	3	0	yes
1039	0x17881	0x428D8	3	0	yes
1040	0x17898	0x43024	3	0	yes
1041	0x178A5	0x42960	3	0	yes
1042	0x178C8	0x43060	3	0	yes
1043	0x178D1	0x43058	3	0	yes
1044	0x178DC	0x428E0	3	0	yes
1045	0x178E5	0x429C8	3	0	yes
1046	0x178EE	0x428D8	3	0	yes
1047	0x178FC	0x43024	3	0	yes
1048	0x17905	0x429A4	3	0	yes
1049	0x1790B	0x429A4	3	0	yes
1050	0x17912	0x42F58	3	0	yes
1051	0x17920	0x43060	3	0	yes
1052	0x1792A	0x43224	3	0	yes
1053	0x1793E	0x43224	3	0	yes
1054	0x17950	0x43060	3	0	yes
1055	0x1795C	0x429A4	3	0	yes
1056	0x17968	0x42960	3	0	yes
1057	0x1797A	0x518A0	3	0	yes
1058	0x17984	0x43070	3	0	yes
1059	0x1798A	0x43078	3	0	yes
1060	0x17994	0x43080	3	0	yes
1061	0x1799D	0x4308B	3	0	yes
1062	0x179A7	0x43080	3	0	yes
1063	0x179B4	0x4307C	3	0	yes
1064	0x179BA	0x43084	3	0	yes
1065	0x179C5	0x518A0	3	0	yes
1066	0x179CF	0x4307C	3	0	yes
1067	0x179E7	0x43084	3	0	yes
1068	0x179F5	0x43084	3	0	yes
1069	0x179FB	0x518A0	3	0	yes
1070	0x17A03	0x518A0	3	0	yes
1071	0x17A0A	0x43084	3	0	yes
1072	0x17A16	0x43084	3	0	yes
1073	0x17A1C	0x4303C	3	0	yes
1074	0x17A24	0x429C8	3	0	yes
1075	0x17A29	0x43048	3	0	yes
1076	0x17A3C	0x43228	3	0	yes
1077	0x17A6B	0x51B04	3	0	yes
1078	0x17A76	0x518F0	3	0	yes
1079	0x17A93	0x43214	3	0	yes
1080	0x17ADF	0x429BC	3	0	yes
1081	0x17AE7	0x43214	3	0	yes
1082	0x17AEF	0x43214	3	0	yes
1083	0x17B19	0x518F0	3	0	yes
1084	0x17B39	0x50870	3	0	yes
1085	0x17B49	0x50877	3	0	yes
1086	0x17B56	0x5087D	3	0	yes
1087	0x17B5D	0x50882	3	0	yes
1088	0x17CBA	0x43064	3	0	yes
1089	0x17CD2	0x43220	3	0	yes
1090	0x17CDD	0x42F50	3	0	yes
1091	0x17CE9	0x42F50	3	0	yes
1092	0x17CF3	0x42F50	3	0	yes
1093	0x17CFC	0x5292C	3	0	yes
1094	0x17ED6	0x517F8	3	0	yes
1095	0x17EDD	0x51838	3	0	yes
1096	0x17EE4	0x50887	3	0	yes
1097	0x17EEB	0x50891	3	0	yes
1098	0x17F05	0x5089A	3	0	yes
1099	0x1801C	0x5188C	3	0	yes
1100	0x18125	0x518A0	3	0	yes
1101	0x1812C	0x43070	3	0	yes
1102	0x182C8	0x432C0	3	0	yes
1103	0x182CE	0x43238	3	0	yes
1104	0x182D5	0x43230	3	0	yes
1105	0x182DA	0x432BC	3	0	yes
1106	0x182DF	0x432C4	3	0	yes
1107	0x182E4	0x432C8	3	0	yes
1108	0x182E9	0x43280	3	0	yes
1109	0x182F4	0x4322C	3	0	yes
1110	0x18306	0x432CC	3	0	yes
1111	0x18315	0x43288	3	0	yes
1112	0x18328	0x43270	3	0	yes
1113	0x18332	0x43258	3	0	yes
1114	0x18376	0x71468	3	0	yes
1115	0x1837C	0x415A8	3	0	yes
1116	0x18384	0x42980	3	0	yes
1117	0x1839A	0x432C0	3	0	yes
1118	0x183A3	0x71464	3	0	yes
1119	0x183A8	0x432B8	3	0	yes
1120	0x183AD	0x43288	3	0	yes
1121	0x183B2	0x4322C	3	0	yes
1122	0x183B8	0x43258	3	0	yes
1123	0x183C5	0x4322C	3	0	yes
1124	0x183EC	0x4322C	3	0	yes
1125	0x183FC	0x4322C	3	0	yes
1126	0x18406	0x71B2E	3	0	yes
1127	0x18423	0x43284	3	0	yes
1128	0x184E7	0x184EB	3	0	yes
1129	0x184EB	0x18513	3	0	yes
1130	0x184EF	0x1853A	3	0	yes
1131	0x184F3	0x18554	3	0	yes
1132	0x184F7	0x1854B	3	0	yes
1133	0x184FB	0x18554	3	0	yes
1134	0x184FF	0x18517	3	0	yes
1135	0x18503	0x18554	3	0	yes
1136	0x18507	0x18520	3	0	yes
1137	0x1850B	0x18554	3	0	yes
1138	0x1850F	0x18529	3	0	yes
1139	0x18563	0x432CC	3	0	yes
1140	0x18575	0x4322C	3	0	yes
1141	0x18581	0x4322C	3	0	yes
1142	0x1858E	0x4322C	3	0	yes
1143	0x1859F	0x4322C	3	0	yes
1144	0x185CA	0x432CC	3	0	yes
1145	0x185E2	0x432CC	3	0	yes
1146	0x18618	0x432CC	3	0	yes
1147	0x18641	0x4322C	3	0	yes
1148	0x18654	0x4322C	3	0	yes
1149	0x1866D	0x43234	3	0	yes
1150	0x18677	0x429A0	3	0	yes
1151	0x18690	0x429C0	3	0	yes
1152	0x186CC	0x42948	3	0	yes
1153	0x186F5	0x429C8	3	0	yes
1154	0x18712	0x432BC	3	0	yes
1155	0x1871C	0x508A0	3	0	yes
1156	0x1873F	0x508A0	3	0	yes
1157	0x1874F	0x43230	3	0	yes
1158	0x18760	0x508A8	3	0	yes
1159	0x18783	0x508A8	3	0	yes
1160	0x187B7	0x4327C	3	0	yes
1161	0x187C0	0x429AC	3	0	yes
1162	0x187D6	0x4323C	3	0	yes
1163	0x187E5	0x4327C	3	0	yes
1164	0x18819	0x432E0	3	0	yes
1165	0x18822	0x432D0	3	0	yes
1166	0x18833	0x432E0	3	0	yes
1167	0x1883A	0x71C2C	3	0	yes
1168	0x1886D	0x18871	3	0	yes
1169	0x18871	0x188B7	3	0	yes
1170	0x18875	0x188B7	3	0	yes
1171	0x18879	0x188B7	3	0	yes
1172	0x1887D	0x188A5	3	0	yes
1173	0x18881	0x188AD	3	0	yes
1174	0x18885	0x188B7	3	0	yes
1175	0x18889	0x188B7	3	0	yes
1176	0x1888D	0x1889D	3	0	yes
1177	0x18891	0x188B7	3	0	yes
1178	0x18895	0x188B7	3	0	yes
1179	0x18899	0x188B7	3	0	yes
1180	0x188AE	0x42948	3	0	yes
1181	0x188ED	0x432E0	3	0	yes
1182	0x188F6	0x432D0	3	0	yes
1183	0x18908	0x432E0	3	0	yes
1184	0x1890F	0x71C2C	3	0	yes
1185	0x18928	0x432BC	3	0	yes
1186	0x18962	0x404DE	3	0	yes
1187	0x18969	0x40028	3	0	yes
1188	0x18974	0x4060C	3	0	yes
1189	0x1898E	0x432D8	3	0	yes
1190	0x189A9	0x53DA8	3	0	yes
1191	0x189B9	0x508EC	3	0	yes
1192	0x189C9	0x508EC	3	0	yes
1193	0x189CF	0x508EC	3	0	yes
1194	0x189E9	0x53BA0	3	0	yes
1195	0x189F8	0x53F90	3	0	yes
1196	0x189FE	0x508EC	3	0	yes
1197	0x18A0E	0x540A0	3	0	yes
1198	0x18A1E	0x508EC	3	0	yes
1199	0x18A2E	0x508EC	3	0	yes
1200	0x18A38	0x508DC	3	0	yes
1201	0x18A3F	0x508B0	3	0	yes
1202	0x18A5D	0x508EC	3	0	yes
1203	0x18A83	0x508F4	3	0	yes
1204	0x18AA2	0x508EC	3	0	yes
1205	0x18AAF	0x508EC	3	0	yes
1206	0x18AC4	0x508E8	3	0	yes
1207	0x18AF0	0x508E8	3	0	yes
1208	0x18AF9	0x508EA	3	0	yes
1209	0x18B07	0x508F4	3	0	yes
1210	0x18B11	0x508F4	3	0	yes
1211	0x18B19	0x508EC	3	0	yes
1212	0x18B34	0x432D8	3	0	yes
1213	0x18B44	0x508EC	3	0	yes
1214	0x18B52	0x5090A	3	0	yes
1215	0x18B5D	0x508F0	3	0	yes
1216	0x18B64	0x508F4	3	0	yes
1217	0x18B6D	0x404E0	3	0	yes
1218	0x18B81	0x53DA8	3	0	yes
1219	0x18B9F	0x53BA0	3	0	yes
1220	0x18BA7	0x53F90	3	0	yes
1221	0x18BBB	0x508EC	3	0	yes
1222	0x18BC4	0x432D8	3	0	yes
1223	0x18BCB	0x432D0	3	0	yes
1224	0x18BDC	0x508F4	3	0	yes
1225	0x18BEA	0x508F4	3	0	yes
1226	0x18BFB	0x53BA0	3	0	yes
1227	0x18C0E	0x53F3C	3	0	yes
1228	0x18C20	0x432D8	3	0	yes
1229	0x18C3A	0x53EE8	3	0	yes
1230	0x18C49	0x53EB8	3	0	yes
1231	0x18C6B	0x53BA0	3	0	yes
1232	0x18C7A	0x53F90	3	0	yes
1233	0x18C8E	0x53BA0	3	0	yes
1234	0x18CAA	0x18CAE	3	0	yes
1235	0x18CAE	0x18DF7	3	0	yes
1236	0x18CB2	0x18DEE	3	0	yes
1237	0x18CB6	0x1896D	3	0	yes
1238	0x18CBA	0x1896D	3	0	yes
1239	0x18CBE	0x18E15	3	0	yes
1240	0x18CC2	0x1896D	3	0	yes
1241	0x18CC6	0x18E20	3	0	yes
1242	0x18CCA	0x1896D	3	0	yes
1243	0x18CCE	0x18E2D	3	0	yes
1244	0x18CD2	0x18E3E	3	0	yes
1245	0x18CD6	0x18E8B	3	0	yes
1246	0x18CDA	0x18E56	3	0	yes
1247	0x18CDE	0x18FE0	3	0	yes
1248	0x18CE2	0x18E65	3	0	yes
1249	0x18CE6	0x18E71	3	0	yes
1250	0x18CEA	0x1896D	3	0	yes
1251	0x18CEE	0x1896D	3	0	yes
1252	0x18CF2	0x18E82	3	0	yes
1253	0x18CF6	0x18E82	3	0	yes
1254	0x18CFA	0x1896D	3	0	yes
1255	0x18CFE	0x18E95	3	0	yes
1256	0x18D02	0x1896D	3	0	yes
1257	0x18D06	0x18EA0	3	0	yes
1258	0x18D0A	0x1896D	3	0	yes
1259	0x18D0E	0x18EC8	3	0	yes
1260	0x18D12	0x18EEA	3	0	yes
1261	0x18D16	0x18F14	3	0	yes
1262	0x18D1A	0x18F14	3	0	yes
1263	0x18D1E	0x18F14	3	0	yes
1264	0x18D22	0x18F14	3	0	yes
1265	0x18D26	0x18F14	3	0	yes
1266	0x18D2A	0x18F14	3	0	yes
1267	0x18D2E	0x18F14	3	0	yes
1268	0x18D32	0x18F14	3	0	yes
1269	0x18D36	0x18F14	3	0	yes
1270	0x18D3A	0x18F14	3	0	yes
1271	0x18D3E	0x18F14	3	0	yes
1272	0x18D42	0x18F14	3	0	yes
1273	0x18D46	0x18F14	3	0	yes
1274	0x18D4A	0x18F29	3	0	yes
1275	0x18D4E	0x18F29	3	0	yes
1276	0x18D52	0x18F3E	3	0	yes
1277	0x18D56	0x18F95	3	0	yes
1278	0x18D5A	0x18FAE	3	0	yes
1279	0x18D5E	0x18FC6	3	0	yes
1280	0x18D62	0x18FAE	3	0	yes
1281	0x18D66	0x18FE0	3	0	yes
1282	0x18D6A	0x18FEF	3	0	yes
1283	0x18D6E	0x1896D	3	0	yes
1284	0x18D72	0x19007	3	0	yes
1285	0x18D76	0x19014	3	0	yes
1286	0x18D7A	0x19014	3	0	yes
1287	0x18D7E	0x19014	3	0	yes
1288	0x18D82	0x19014	3	0	yes
1289	0x18D86	0x19014	3	0	yes
1290	0x18D8A	0x19026	3	0	yes
1291	0x18D8E	0x19037	3	0	yes
1292	0x18D92	0x1904A	3	0	yes
1293	0x18D96	0x19056	3	0	yes
1294	0x18D9A	0x19062	3	0	yes
1295	0x18D9E	0x19073	3	0	yes
1296	0x18DA2	0x19081	3	0	yes
1297	0x18DA6	0x19092	3	0	yes
1298	0x18DAA	0x19092	3	0	yes
1299	0x18DAE	0x19096	3	0	yes
1300	0x18DB2	0x190AC	3	0	yes
1301	0x18DB6	0x190BE	3	0	yes
1302	0x18DBA	0x190CA	3	0	yes
1303	0x18DBE	0x190D8	3	0	yes
1304	0x18DC2	0x190EA	3	0	yes
1305	0x18DC6	0x19114	3	0	yes
1306	0x18DCA	0x19148	3	0	yes
1307	0x18DCE	0x19169	3	0	yes
1308	0x18DD2	0x19182	3	0	yes
1309	0x18DD6	0x191CB	3	0	yes
1310	0x18DDA	0x191F2	3	0	yes
1311	0x18DDE	0x19209	3	0	yes
1312	0x18DE2	0x191F2	3	0	yes
1313	0x18DE6	0x19209	3	0	yes
1314	0x18DEA	0x18FF9	3	0	yes
1315	0x18DF1	0x508F4	3	0	yes
1316	0x18E17	0x432E8	3	0	yes
1317	0x18E40	0x432BC	3	0	yes
1318	0x18E58	0x432C4	3	0	yes
1319	0x18E68	0x43230	3	0	yes
1320	0x18E73	0x43230	3	0	yes
1321	0x18E97	0x43230	3	0	yes
1322	0x18EA2	0x43230	3	0	yes
1323	0x18EAF	0x43230	3	0	yes
1324	0x18EB5	0x43230	3	0	yes
1325	0x18EBF	0x4322C	3	0	yes
1326	0x18F44	0x43284	3	0	yes
1327	0x18F49	0x432E4	3	0	yes
1328	0x18F97	0x432C4	3	0	yes
1329	0x18FB0	0x432C4	3	0	yes
1330	0x18FC8	0x432C4	3	0	yes
1331	0x18FD7	0x432CC	3	0	yes
1332	0x18FE2	0x432C4	3	0	yes
1333	0x18FF1	0x432C4	3	0	yes
1334	0x1905C	0x71B2E	3	0	yes
1335	0x19098	0x432C4	3	0	yes
1336	0x190EC	0x43284	3	0	yes
1337	0x190F6	0x432E4	3	0	yes
1338	0x19105	0x71B2E	3	0	yes
1339	0x19116	0x43284	3	0	yes
1340	0x19120	0x432E4	3	0	yes
1341	0x1913E	0x4303C	3	0	yes
1342	0x1914A	0x43284	3	0	yes
1343	0x19154	0x432E4	3	0	yes
1344	0x1916F	0x43284	3	0	yes
1345	0x19174	0x432E4	3	0	yes
1346	0x19187	0x43284	3	0	yes
1347	0x19191	0x432E4	3	0	yes
1348	0x191BF	0x4303C	3	0	yes
1349	0x191CD	0x43284	3	0	yes
1350	0x191D7	0x432E4	3	0	yes
1351	0x191F4	0x432C8	3	0	yes
1352	0x19200	0x432D8	3	0	yes
1353	0x1920B	0x432C8	3	0	yes
1354	0x1921E	0x71C2C	3	0	yes
1355	0x19231	0x432C8	3	0	yes
1356	0x19246	0x508F6	3	0	yes
1357	0x1928C	0x71C2C	3	0	yes
1358	0x192BB	0x71C2C	3	0	yes
1359	0x192F2	0x192F6	3	0	yes
1360	0x192F6	0x1935A	3	0	yes
1361	0x192FA	0x19376	3	0	yes
1362	0x192FE	0x19385	3	0	yes
1363	0x19302	0x19397	3	0	yes
1364	0x19306	0x193A1	3	0	yes
1365	0x1930A	0x193AB	3	0	yes
1366	0x1930E	0x193BA	3	0	yes
1367	0x19312	0x193C5	3	0	yes
1368	0x19316	0x1944F	3	0	yes
1369	0x1931A	0x193EE	3	0	yes
1370	0x1931E	0x193FC	3	0	yes
1371	0x19322	0x1940C	3	0	yes
1372	0x19326	0x19419	3	0	yes
1373	0x1932A	0x1944F	3	0	yes
1374	0x1932E	0x1944F	3	0	yes
1375	0x19332	0x1944F	3	0	yes
1376	0x19336	0x1944F	3	0	yes
1377	0x1933A	0x1944F	3	0	yes
1378	0x1933E	0x1944F	3	0	yes
1379	0x19342	0x1944F	3	0	yes
1380	0x19346	0x1944F	3	0	yes
1381	0x1934A	0x1944F	3	0	yes
1382	0x1934E	0x1944F	3	0	yes
1383	0x19352	0x19427	3	0	yes
1384	0x19356	0x1942F	3	0	yes
1385	0x19494	0x432C8	3	0	yes
1386	0x194B3	0x4322C	3	0	yes
1387	0x194E1	0x4322C	3	0	yes
1388	0x194F3	0x4322C	3	0	yes
1389	0x1959A	0x71C2C	3	0	yes
1390	0x195E4	0x71C2C	3	0	yes
1391	0x19639	0x71C2C	3	0	yes
1392	0x196DE	0x4322C	3	0	yes
1393	0x19714	0x432B8	3	0	yes
1394	0x1971D	0x432B8	3	0	yes
1395	0x19726	0x432B8	3	0	yes
1396	0x1972F	0x432B8	3	0	yes
1397	0x1974C	0x4322C	3	0	yes
1398	0x19757	0x432E4	3	0	yes
1399	0x19775	0x42980	3	0	yes
1400	0x19789	0x4322C	3	0	yes
1401	0x197A3	0x4322C	3	0	yes
1402	0x197BD	0x4322C	3	0	yes
1403	0x19817	0x71D6C	3	0	yes
1404	0x19822	0x4322C	3	0	yes
1405	0x19833	0x432C8	3	0	yes
1406	0x19879	0x4322C	3	0	yes
1407	0x19886	0x4322C	3	0	yes
1408	0x19892	0x4322C	3	0	yes
1409	0x198AC	0x4322C	3	0	yes
1410	0x198B4	0x429A0	3	0	yes
1411	0x198BB	0x4322C	3	0	yes
1412	0x198D9	0x4322C	3	0	yes
1413	0x198F6	0x42980	3	0	yes
1414	0x1992A	0x4322C	3	0	yes
1415	0x19932	0x429A0	3	0	yes
1416	0x19941	0x4322C	3	0	yes
1417	0x19975	0x4322C	3	0	yes
1418	0x19983	0x4322C	3	0	yes
1419	0x19997	0x42980	3	0	yes
1420	0x199AF	0x4322C	3	0	yes
1421	0x199BB	0x71D6C	3	0	yes
1422	0x19A0A	0x42980	3	0	yes
1423	0x19A2C	0x42980	3	0	yes
1424	0x19A50	0x42980	3	0	yes
1425	0x19A7F	0x432C8	3	0	yes
1426	0x19A9E	0x71D6C	3	0	yes
1427	0x19ACB	0x432C0	3	0	yes
1428	0x19AD4	0x42934	3	0	yes
1429	0x19AF8	0x42980	3	0	yes
1430	0x19B0A	0x4322C	3	0	yes
1431	0x19B43	0x432B8	3	0	yes
1432	0x19B4A	0x71CF4	3	0	yes
1433	0x19B68	0x4322C	3	0	yes
1434	0x19B80	0x71D6C	3	0	yes
1435	0x19BB0	0x50920	3	0	yes
1436	0x19C0C	0x4323C	3	0	yes
1437	0x19C22	0x4323C	3	0	yes
1438	0x19C30	0x52DF7	3	0	yes
1439	0x19C3B	0x51B08	3	0	yes
1440	0x19C48	0x52DF7	3	0	yes
1441	0x19C5C	0x42980	3	0	yes
1442	0x19C61	0x432D0	3	0	yes
1443	0x19C74	0x432BC	3	0	yes
1444	0x19C7D	0x4303C	3	0	yes
1445	0x19C85	0x432D0	3	0	yes
1446	0x19C8D	0x432E0	3	0	yes
1447	0x19CA3	0x432D0	3	0	yes
1448	0x19CB4	0x43370	3	0	yes
1449	0x19CBB	0x51B08	3	0	yes
1450	0x19CC8	0x52DF7	3	0	yes
1451	0x19CD2	0x432E0	3	0	yes
1452	0x19CE1	0x432BC	3	0	yes
1453	0x19CEE	0x432C4	3	0	yes
1454	0x19CFB	0x42980	3	0	yes
1455	0x19D24	0x432D0	3	0	yes
1456	0x19D2A	0x432E0	3	0	yes
1457	0x19D4D	0x432D0	3	0	yes
1458	0x19D53	0x432E0	3	0	yes
1459	0x19D76	0x432D0	3	0	yes
1460	0x19D7C	0x432E0	3	0	yes
1461	0x19D93	0x432E0	3	0	yes
1462	0x19D98	0x432D0	3	0	yes
1463	0x19DA1	0x42980	3	0	yes
1464	0x19DB0	0x42980	3	0	yes
1465	0x19DC5	0x432D0	3	0	yes
1466	0x19DE2	0x432D0	3	0	yes
1467	0x19DE8	0x432E0	3	0	yes
1468	0x19DF7	0x42980	3	0	yes
1469	0x19E21	0x43238	3	0	yes
1470	0x19E33	0x432D0	3	0	yes
1471	0x19E39	0x432E0	3	0	yes
1472	0x19E5C	0x43238	3	0	yes
1473	0x19E68	0x719AA	3	0	yes
1474	0x19E73	0x43238	3	0	yes
1475	0x19E7E	0x43238	3	0	yes
1476	0x19E8C	0x432D0	3	0	yes
1477	0x19E92	0x432E0	3	0	yes
1478	0x19EA5	0x432D0	3	0	yes
1479	0x19EAB	0x432E0	3	0	yes
1480	0x19EBA	0x42980	3	0	yes
1481	0x19EC9	0x42980	3	0	yes
1482	0x19EDE	0x432E0	3	0	yes
1483	0x19F00	0x53371	3	0	yes
1484	0x19F14	0x707EE	3	0	yes
1485	0x19F1D	0x7077C	3	0	yes
1486	0x19F25	0x707EE	3	0	yes
1487	0x19F32	0x7077C	3	0	yes
1488	0x19F52	0x7077C	3	0	yes
1489	0x19F5C	0x708E8	3	0	yes
1490	0x19F81	0x53371	3	0	yes
1491	0x19F95	0x70E62	3	0	yes
1492	0x19F9E	0x70A18	3	0	yes
1493	0x19FA6	0x70E62	3	0	yes
1494	0x19FB3	0x70A18	3	0	yes
1495	0x19FD3	0x70A18	3	0	yes
1496	0x19FDD	0x70F5C	3	0	yes
1497	0x1A03C	0x432EC	3	0	yes
1498	0x1A066	0x42900	3	0	yes
1499	0x1A06F	0x432EC	3	0	yes
1500	0x1A075	0x432ED	3	0	yes
1501	0x1A093	0x52080	3	0	yes
1502	0x1A09C	0x432EC	3	0	yes
1503	0x1A0BD	0x432EC	3	0	yes
1504	0x1A0C3	0x432ED	3	0	yes
1505	0x1A0E7	0x52080	3	0	yes
1506	0x1A0F7	0x52080	3	0	yes
1507	0x1A118	0x52080	3	0	yes
1508	0x1A120	0x43370	3	0	yes
1509	0x1A126	0x43370	3	0	yes
1510	0x1A132	0x52080	3	0	yes
1511	0x1A189	0x42900	3	0	yes
1512	0x1A196	0x43370	3	0	yes
1513	0x1A19C	0x43370	3	0	yes
1514	0x1A1B1	0x42900	3	0	yes
1515	0x1A1C7	0x43370	3	0	yes
1516	0x1A1D0	0x42900	3	0	yes
1517	0x1A1D9	0x42940	3	0	yes
1518	0x1A1E2	0x432EC	3	0	yes
1519	0x1A1E8	0x432EC	3	0	yes
1520	0x1A209	0x42900	3	0	yes
1521	0x1A216	0x43370	3	0	yes
1522	0x1A21C	0x43370	3	0	yes
1523	0x1A243	0x432EC	3	0	yes
1524	0x1A25A	0x432EC	3	0	yes
1525	0x1A266	0x432EC	3	0	yes
1526	0x1A26C	0x432EC	3	0	yes
1527	0x1A278	0x432D0	3	0	yes
1528	0x1A28E	0x4336C	3	0	yes
1529	0x1A29E	0x42940	3	0	yes
1530	0x1A2A7	0x50930	3	0	yes
1531	0x1A2B4	0x43370	3	0	yes
1532	0x1A2BA	0x43370	3	0	yes
1533	0x1A2C9	0x51F80	3	0	yes
1534	0x1A2D9	0x42940	3	0	yes
1535	0x1A305	0x43370	3	0	yes
1536	0x1A30D	0x51B08	3	0	yes
1537	0x1A316	0x432E8	3	0	yes
1538	0x1A324	0x432E8	3	0	yes
1539	0x1A32D	0x43370	3	0	yes
1540	0x1A335	0x51B08	3	0	yes
1541	0x1A33E	0x432E8	3	0	yes
1542	0x1A368	0x432C4	3	0	yes
1543	0x1A38D	0x433F4	3	0	yes
1544	0x1A395	0x42980	3	0	yes
1545	0x1A3A9	0x432C4	3	0	yes
1546	0x1A3C0	0x43230	3	0	yes
1547	0x1A3D7	0x433F4	3	0	yes
1548	0x1A3E8	0x432C4	3	0	yes
1549	0x1A3F6	0x432C0	3	0	yes
1550	0x1A3FD	0x43238	3	0	yes
1551	0x1A406	0x43238	3	0	yes
1552	0x1A411	0x43238	3	0	yes
1553	0x1A41C	0x43238	3	0	yes
1554	0x1A423	0x719AB	3	0	yes
1555	0x1A42A	0x43230	3	0	yes
1556	0x1A437	0x43230	3	0	yes
1557	0x1A43F	0x4329C	3	0	yes
1558	0x1A445	0x4328C	3	0	yes
1559	0x1A44D	0x4328C	3	0	yes
1560	0x1A457	0x432B8	3	0	yes
1561	0x1A460	0x432B8	3	0	yes
1562	0x1A469	0x432B8	3	0	yes
1563	0x1A472	0x432B8	3	0	yes
1564	0x1A47B	0x432B8	3	0	yes
1565	0x1A493	0x432C0	3	0	yes
1566	0x1A49D	0x432C0	3	0	yes
1567	0x1A4A6	0x43230	3	0	yes
1568	0x1A4AE	0x43288	3	0	yes
1569	0x1A4BD	0x51760	3	0	yes
1570	0x1A4C3	0x51754	3	0	yes
1571	0x1A4CB	0x43298	3	0	yes
1572	0x1A4DA	0x51760	3	0	yes
1573	0x1A4E0	0x51754	3	0	yes
1574	0x1A4E9	0x432B8	3	0	yes
1575	0x1A4F3	0x432C0	3	0	yes
1576	0x1A4FB	0x4329C	3	0	yes
1577	0x1A501	0x4328C	3	0	yes
1578	0x1A51C	0x432B8	3	0	yes
1579	0x1A55C	0x432C0	3	0	yes
1580	0x1A576	0x432C0	3	0	yes
1581	0x1A58B	0x43298	3	0	yes
1582	0x1A5A2	0x43288	3	0	yes
1583	0x1A5B1	0x51760	3	0	yes
1584	0x1A5B7	0x51754	3	0	yes
1585	0x1A5E3	0x432C0	3	0	yes
1586	0x1A5ED	0x432C0	3	0	yes
1587	0x1A5FF	0x43288	3	0	yes
1588	0x1A60A	0x43298	3	0	yes
1589	0x1A611	0x43288	3	0	yes
1590	0x1A620	0x51760	3	0	yes
1591	0x1A626	0x51754	3	0	yes
1592	0x1A62E	0x4328C	3	0	yes
1593	0x1A63E	0x43288	3	0	yes
1594	0x1A67E	0x432B8	3	0	yes
1595	0x1A68C	0x71CF4	3	0	yes
1596	0x1A6A7	0x4328C	3	0	yes
1597	0x1A6B7	0x43288	3	0	yes
1598	0x1A6DA	0x432B8	3	0	yes
1599	0x1A6FD	0x432B8	3	0	yes
1600	0x1A709	0x71CF4	3	0	yes
1601	0x1A73D	0x43238	3	0	yes
1602	0x1A795	0x432C0	3	0	yes
1603	0x1A7A2	0x432B8	3	0	yes
1604	0x1A7BF	0x432C0	3	0	yes
1605	0x1A7CC	0x43230	3	0	yes
1606	0x1A7D5	0x43230	3	0	yes
1607	0x1A7DB	0x43230	3	0	yes
1608	0x1A7E6	0x4322C	3	0	yes
1609	0x1A7FE	0x43230	3	0	yes
1610	0x1A80A	0x4322C	3	0	yes
1611	0x1A820	0x43230	3	0	yes
1612	0x1A831	0x43230	3	0	yes
1613	0x1A83C	0x4322C	3	0	yes
1614	0x1A84B	0x43230	3	0	yes
1615	0x1A851	0x43230	3	0	yes
1616	0x1A85B	0x4322C	3	0	yes
1617	0x1A86A	0x432B8	3	0	yes
1618	0x1A877	0x432C0	3	0	yes
1619	0x1A891	0x43230	3	0	yes
1620	0x1A899	0x43230	3	0	yes
1621	0x1A8AF	0x43230	3	0	yes
1622	0x1A8C5	0x43288	3	0	yes
1623	0x1A8E4	0x51760	3	0	yes
1624	0x1A8EA	0x51754	3	0	yes
1625	0x1A939	0x71D6C	3	0	yes
1626	0x1A94C	0x71D6C	3	0	yes
1627	0x1A973	0x71D6C	3	0	yes
1628	0x1A993	0x43230	3	0	yes
1629	0x1A9AA	0x43244	3	0	yes
1630	0x1A9AE	0x43248	3	0	yes
1631	0x1A9BA	0x43244	3	0	yes
1632	0x1A9C4	0x432B8	3	0	yes
1633	0x1A9D5	0x1A9D9	3	0	yes
1634	0x1A9D9	0x1AAC9	3	0	yes
1635	0x1A9DD	0x1AD4A	3	0	yes
1636	0x1A9E1	0x1AAE7	3	0	yes
1637	0x1A9E5	0x1AD4A	3	0	yes
1638	0x1A9E9	0x1AD4A	3	0	yes
1639	0x1A9ED	0x1AD4A	3	0	yes
1640	0x1A9F1	0x1AD4A	3	0	yes
1641	0x1A9F5	0x1AD4A	3	0	yes
1642	0x1A9F9	0x1AD4A	3	0	yes
1643	0x1A9FD	0x1AD4A	3	0	yes
1644	0x1AA01	0x1AD32	3	0	yes
1645	0x1AA05	0x1AD4A	3	0	yes
1646	0x1AA09	0x1AD4A	3	0	yes
1647	0x1AA0D	0x1AD4A	3	0	yes
1648	0x1AA11	0x1AB1F	3	0	yes
1649	0x1AA15	0x1AB1F	3	0	yes
1650	0x1AA19	0x1AB07	3	0	yes
1651	0x1AA1D	0x1AB8F	3	0	yes
1652	0x1AA21	0x1ABB6	3	0	yes
1653	0x1AA25	0x1AD4A	3	0	yes
1654	0x1AA29	0x1ABE1	3	0	yes
1655	0x1AA2D	0x1AD4A	3	0	yes
1656	0x1AA31	0x1AD4A	3	0	yes
1657	0x1AA35	0x1AD4A	3	0	yes
1658	0x1AA39	0x1AD4A	3	0	yes
1659	0x1AA3D	0x1AD4A	3	0	yes
1660	0x1AA41	0x1AD4A	3	0	yes
1661	0x1AA45	0x1AB1D	3	0	yes
1662	0x1AA49	0x1AC38	3	0	yes
1663	0x1AA4D	0x1AD4A	3	0	yes
1664	0x1AA51	0x1AC4F	3	0	yes
1665	0x1AA55	0x1AC6A	3	0	yes
1666	0x1AA59	0x1AC6A	3	0	yes
1667	0x1AA5D	0x1AC6A	3	0	yes
1668	0x1AA61	0x1AC6A	3	0	yes
1669	0x1AA65	0x1AC6A	3	0	yes
1670	0x1AA69	0x1AC6A	3	0	yes
1671	0x1AA6D	0x1AC6A	3	0	yes
1672	0x1AA71	0x1AC73	3	0	yes
1673	0x1AA75	0x1AC73	3	0	yes
1674	0x1AA79	0x1AC6A	3	0	yes
1675	0x1AA7D	0x1AC6A	3	0	yes
1676	0x1AA81	0x1AD4A	3	0	yes
1677	0x1AA85	0x1AC6A	3	0	yes
1678	0x1AA89	0x1AC6A	3	0	yes
1679	0x1AA8D	0x1AD4A	3	0	yes
1680	0x1AA91	0x1AD4A	3	0	yes
1681	0x1AA95	0x1AD4A	3	0	yes
1682	0x1AA99	0x1AD4A	3	0	yes
1683	0x1AA9D	0x1AD4A	3	0	yes
1684	0x1AAA1	0x1AC7F	3	0	yes
1685	0x1AAA5	0x1ACCC	3	0	yes
1686	0x1AAA9	0x1AD4A	3	0	yes
1687	0x1AAAD	0x1AD4A	3	0	yes
1688	0x1AAB1	0x1AD4A	3	0	yes
1689	0x1AAB5	0x1AD4A	3	0	yes
1690	0x1AAB9	0x1AD4A	3	0	yes
1691	0x1AABD	0x1AC73	3	0	yes
1692	0x1AAC1	0x1AC73	3	0	yes
1693	0x1AAC5	0x1AC73	3	0	yes
1694	0x1AACC	0x432C0	3	0	yes
1695	0x1AADC	0x432C0	3	0	yes
1696	0x1AAE8	0x43288	3	0	yes
1697	0x1AAFA	0x43288	3	0	yes
1698	0x1AB08	0x43244	3	0	yes
1699	0x1AB0F	0x43238	3	0	yes
1700	0x1AB16	0x719AB	3	0	yes
1701	0x1AB20	0x43288	3	0	yes
1702	0x1AB34	0x43244	3	0	yes
1703	0x1AB3F	0x43288	3	0	yes
1704	0x1AB4B	0x43288	3	0	yes
1705	0x1AB69	0x43288	3	0	yes
1706	0x1AB91	0x43230	3	0	yes
1707	0x1AB9D	0x43230	3	0	yes
1708	0x1ABA6	0x43288	3	0	yes
1709	0x1ABBC	0x43230	3	0	yes
1710	0x1ABC8	0x4322C	3	0	yes
1711	0x1ABCD	0x43298	3	0	yes
1712	0x1ABE3	0x43230	3	0	yes
1713	0x1ABED	0x43298	3	0	yes
1714	0x1ABF3	0x43288	3	0	yes
1715	0x1AC11	0x43230	3	0	yes
1716	0x1AC1A	0x43288	3	0	yes
1717	0x1AC20	0x432A8	3	0	yes
1718	0x1AC3A	0x432C0	3	0	yes
1719	0x1AC50	0x43244	3	0	yes
1720	0x1AC57	0x43238	3	0	yes
1721	0x1AC5E	0x719AB	3	0	yes
1722	0x1AC6B	0x43244	3	0	yes
1723	0x1AC80	0x432A8	3	0	yes
1724	0x1AC8F	0x51760	3	0	yes
1725	0x1AC95	0x51754	3	0	yes
1726	0x1AC9E	0x43230	3	0	yes
1727	0x1ACA7	0x43298	3	0	yes
1728	0x1ACAD	0x432A8	3	0	yes
1729	0x1ACC2	0x43230	3	0	yes
1730	0x1ACCE	0x4329C	3	0	yes
1731	0x1ACD7	0x432C0	3	0	yes
1732	0x1ACF0	0x432C0	3	0	yes
1733	0x1ACF7	0x43288	3	0	yes
1734	0x1AD03	0x43288	3	0	yes
1735	0x1AD0F	0x43288	3	0	yes
1736	0x1AD28	0x43244	3	0	yes
1737	0x1AD34	0x43230	3	0	yes
1738	0x1AD42	0x43230	3	0	yes
1739	0x1AD51	0x432B8	3	0	yes
1740	0x1AD5A	0x43230	3	0	yes
1741	0x1AD63	0x43244	3	0	yes
1742	0x1AD6A	0x43258	3	0	yes
1743	0x1AD71	0x43264	3	0	yes
1744	0x1AD77	0x433F8	3	0	yes
1745	0x1AD7B	0x43288	3	0	yes
1746	0x1AD81	0x433FC	3	0	yes
1747	0x1AD85	0x43298	3	0	yes
1748	0x1AD9B	0x43288	3	0	yes
1749	0x1ADA0	0x43298	3	0	yes
1750	0x1ADAA	0x433F8	3	0	yes
1751	0x1ADAF	0x433FC	3	0	yes
1752	0x1ADB9	0x43244	3	0	yes
1753	0x1ADBF	0x432C0	3	0	yes
1754	0x1ADD0	0x43288	3	0	yes
1755	0x1ADDE	0x43230	3	0	yes
1756	0x1ADEA	0x43298	3	0	yes
1757	0x1ADFE	0x43374	3	0	yes
1758	0x1AE05	0x43375	3	0	yes
1759	0x1AE0C	0x43377	3	0	yes
1760	0x1AE17	0x43378	3	0	yes
1761	0x1AE1E	0x43376	3	0	yes
1762	0x1AE23	0x43379	3	0	yes
1763	0x1AE43	0x51760	3	0	yes
1764	0x1AE97	0x429A0	3	0	yes
1765	0x1AEE8	0x43244	3	0	yes
1766	0x1AEEF	0x43375	3	0	yes
1767	0x1AEF6	0x432C0	3	0	yes
1768	0x1AF00	0x432C0	3	0	yes
1769	0x1AF09	0x43244	3	0	yes
1770	0x1AF1E	0x1AF22	3	0	yes
1771	0x1AF22	0x1AF40	3	0	yes
1772	0x1AF26	0x1AF46	3	0	yes
1773	0x1AF2A	0x1AF4C	3	0	yes
1774	0x1AF2E	0x1AF52	3	0	yes
1775	0x1AF32	0x1AF58	3	0	yes
1776	0x1AF36	0x1AF5E	3	0	yes
1777	0x1AF65	0x43244	3	0	yes
1778	0x1AF73	0x43376	3	0	yes
1779	0x1AF78	0x43377	3	0	yes
1780	0x1AF87	0x43244	3	0	yes
1781	0x1AF94	0x433F8	3	0	yes
1782	0x1AFB1	0x71D7C	3	0	yes
1783	0x1AFBC	0x433F8	3	0	yes
1784	0x1AFD9	0x71D78	3	0	yes
1785	0x1AFF6	0x51780	3	0	yes
1786	0x1B020	0x1B024	3	0	yes
1787	0x1B024	0x1B080	3	0	yes
1788	0x1B028	0x1B000	3	0	yes
1789	0x1B02C	0x1B098	3	0	yes
1790	0x1B030	0x1B000	3	0	yes
1791	0x1B034	0x1B000	3	0	yes
1792	0x1B038	0x1B0A5	3	0	yes
1793	0x1B03C	0x1B000	3	0	yes
1794	0x1B040	0x1B0B8	3	0	yes
1795	0x1B044	0x1B000	3	0	yes
1796	0x1B048	0x1B000	3	0	yes
1797	0x1B04C	0x1B000	3	0	yes
1798	0x1B050	0x1B0C3	3	0	yes
1799	0x1B054	0x1B000	3	0	yes
1800	0x1B058	0x1B098	3	0	yes
1801	0x1B05C	0x1B000	3	0	yes
1802	0x1B060	0x1B000	3	0	yes
1803	0x1B064	0x1B080	3	0	yes
1804	0x1B068	0x1B0C8	3	0	yes
1805	0x1B06C	0x1B000	3	0	yes
1806	0x1B070	0x1B000	3	0	yes
1807	0x1B074	0x1B098	3	0	yes
1808	0x1B078	0x1B000	3	0	yes
1809	0x1B07C	0x1B0E4	3	0	yes
1810	0x1B0FA	0x43230	3	0	yes
1811	0x1B10A	0x43374	3	0	yes
1812	0x1B10F	0x43374	3	0	yes
1813	0x1B119	0x432B8	3	0	yes
1814	0x1B11F	0x43230	3	0	yes
1815	0x1B127	0x71CF4	3	0	yes
1816	0x1B16D	0x432C0	3	0	yes
1817	0x1B186	0x432C0	3	0	yes
1818	0x1B1A2	0x43298	3	0	yes
1819	0x1B1B1	0x51760	3	0	yes
1820	0x1B1B7	0x51754	3	0	yes
1821	0x1B1CA	0x432C0	3	0	yes
1822	0x1B1D3	0x432C0	3	0	yes
1823	0x1B1DC	0x432C0	3	0	yes
1824	0x1B1E3	0x71464	3	0	yes
1825	0x1B1E8	0x432B8	3	0	yes
1826	0x1B1F3	0x432C0	3	0	yes
1827	0x1B1FA	0x43238	3	0	yes
1828	0x1B21C	0x432C0	3	0	yes
1829	0x1B22C	0x432C0	3	0	yes
1830	0x1B236	0x432C0	3	0	yes
1831	0x1B240	0x432C0	3	0	yes
1832	0x1B24A	0x432C0	3	0	yes
1833	0x1B254	0x432C0	3	0	yes
1834	0x1B25E	0x432C0	3	0	yes
1835	0x1B311	0x43230	3	0	yes
1836	0x1B316	0x43288	3	0	yes
1837	0x1B325	0x51760	3	0	yes
1838	0x1B32B	0x51754	3	0	yes
1839	0x1B33E	0x43298	3	0	yes
1840	0x1B34D	0x51760	3	0	yes
1841	0x1B354	0x51754	3	0	yes
1842	0x1B371	0x432B8	3	0	yes
1843	0x1B379	0x71CF4	3	0	yes
1844	0x1B389	0x432C0	3	0	yes
1845	0x1B393	0x432C0	3	0	yes
1846	0x1B39D	0x432C0	3	0	yes
1847	0x1B3BA	0x43298	3	0	yes
1848	0x1B3C5	0x71D6C	3	0	yes
1849	0x1B3D9	0x43288	3	0	yes
1850	0x1B3E4	0x71D6C	3	0	yes
1851	0x1B400	0x432B8	3	0	yes
1852	0x1B407	0x71CF4	3	0	yes
1853	0x1B417	0x432B8	3	0	yes
1854	0x1B41E	0x71CF4	3	0	yes
1855	0x1B42F	0x43288	3	0	yes
1856	0x1B446	0x43298	3	0	yes
1857	0x1B458	0x432B8	3	0	yes
1858	0x1B46C	0x1B470	3	0	yes
1859	0x1B470	0x1B51C	3	0	yes
1860	0x1B474	0x1B929	3	0	yes
1861	0x1B478	0x1B54D	3	0	yes
1862	0x1B47C	0x1B5FD	3	0	yes
1863	0x1B480	0x1B914	3	0	yes
1864	0x1B484	0x1B615	3	0	yes
1865	0x1B488	0x1B69B	3	0	yes
1866	0x1B48C	0x1B69B	3	0	yes
1867	0x1B490	0x1B929	3	0	yes
1868	0x1B494	0x1B929	3	0	yes
1869	0x1B498	0x1B929	3	0	yes
1870	0x1B49C	0x1B6B2	3	0	yes
1871	0x1B4A0	0x1B6D2	3	0	yes
1872	0x1B4A4	0x1B929	3	0	yes
1873	0x1B4A8	0x1B929	3	0	yes
1874	0x1B4AC	0x1B929	3	0	yes
1875	0x1B4B0	0x1B929	3	0	yes
1876	0x1B4B4	0x1B70D	3	0	yes
1877	0x1B4B8	0x1B74D	3	0	yes
1878	0x1B4BC	0x1B759	3	0	yes
1879	0x1B4C0	0x1B777	3	0	yes
1880	0x1B4C4	0x1B929	3	0	yes
1881	0x1B4C8	0x1B929	3	0	yes
1882	0x1B4CC	0x1B929	3	0	yes
1883	0x1B4D0	0x1B929	3	0	yes
1884	0x1B4D4	0x1B929	3	0	yes
1885	0x1B4D8	0x1B929	3	0	yes
1886	0x1B4DC	0x1B929	3	0	yes
1887	0x1B4E0	0x1B929	3	0	yes
1888	0x1B4E4	0x1B929	3	0	yes
1889	0x1B4E8	0x1B819	3	0	yes
1890	0x1B4EC	0x1B819	3	0	yes
1891	0x1B4F0	0x1B929	3	0	yes
1892	0x1B4F4	0x1B929	3	0	yes
1893	0x1B4F8	0x1B929	3	0	yes
1894	0x1B4FC	0x1B848	3	0	yes
1895	0x1B500	0x1B848	3	0	yes
1896	0x1B504	0x1B929	3	0	yes
1897	0x1B508	0x1B929	3	0	yes
1898	0x1B50C	0x1B929	3	0	yes
1899	0x1B510	0x1B929	3	0	yes
1900	0x1B514	0x1B929	3	0	yes
1901	0x1B518	0x1B8B9	3	0	yes
1902	0x1B526	0x415A8	3	0	yes
1903	0x1B52E	0x43298	3	0	yes
1904	0x1B543	0x43298	3	0	yes
1905	0x1B550	0x432C0	3	0	yes
1906	0x1B55A	0x432C0	3	0	yes
1907	0x1B562	0x43288	3	0	yes
1908	0x1B567	0x43298	3	0	yes
1909	0x1B56E	0x43298	3	0	yes
1910	0x1B573	0x43288	3	0	yes
1911	0x1B57A	0x432C0	3	0	yes
1912	0x1B584	0x432C0	3	0	yes
1913	0x1B5E1	0x432C0	3	0	yes
1914	0x1B5EB	0x432C0	3	0	yes
1915	0x1B5FF	0x415A8	3	0	yes
1916	0x1B616	0x43288	3	0	yes
1917	0x1B622	0x71D6C	3	0	yes
1918	0x1B635	0x43298	3	0	yes
1919	0x1B640	0x71D6C	3	0	yes
1920	0x1B66E	0x43298	3	0	yes
1921	0x1B679	0x71D6C	3	0	yes
1922	0x1B686	0x432C0	3	0	yes
1923	0x1B68D	0x71AE4	3	0	yes
1924	0x1B692	0x432B8	3	0	yes
1925	0x1B6A5	0x43288	3	0	yes
1926	0x1B6C1	0x43298	3	0	yes
1927	0x1B6D4	0x415A8	3	0	yes
1928	0x1B716	0x43288	3	0	yes
1929	0x1B735	0x43298	3	0	yes
1930	0x1B740	0x71D6C	3	0	yes
1931	0x1B750	0x43288	3	0	yes
1932	0x1B75A	0x43288	3	0	yes
1933	0x1B77A	0x432C0	3	0	yes
1934	0x1B782	0x43298	3	0	yes
1935	0x1B787	0x43288	3	0	yes
1936	0x1B78E	0x43288	3	0	yes
1937	0x1B793	0x43298	3	0	yes
1938	0x1B7A4	0x51760	3	0	yes
1939	0x1B7AA	0x51754	3	0	yes
1940	0x1B7BA	0x71D6D	3	0	yes
1941	0x1B7D1	0x51760	3	0	yes
1942	0x1B7DD	0x51754	3	0	yes
1943	0x1B800	0x51754	3	0	yes
1944	0x1B81C	0x432C0	3	0	yes
1945	0x1B826	0x432C0	3	0	yes
1946	0x1B82E	0x43288	3	0	yes
1947	0x1B84B	0x432C0	3	0	yes
1948	0x1B855	0x432C0	3	0	yes
1949	0x1B85F	0x432C0	3	0	yes
1950	0x1B86A	0x432C0	3	0	yes
1951	0x1B881	0x43298	3	0	yes
1952	0x1B891	0x432B8	3	0	yes
1953	0x1B89D	0x43288	3	0	yes
1954	0x1B8BA	0x432A8	3	0	yes
1955	0x1B8C9	0x51760	3	0	yes
1956	0x1B8CF	0x51754	3	0	yes
1957	0x1B8D9	0x432A8	3	0	yes
1958	0x1B8EA	0x432A8	3	0	yes
1959	0x1B8F9	0x51760	3	0	yes
1960	0x1B8FF	0x51754	3	0	yes
1961	0x1B90B	0x432A8	3	0	yes
1962	0x1B91C	0x43288	3	0	yes
1963	0x1B94E	0x43230	3	0	yes
1964	0x1B9AF	0x50AD8	3	0	yes
1965	0x1B9B8	0x50A30	3	0	yes
1966	0x1B9C0	0x50AD8	3	0	yes
1967	0x1B9CC	0x50A30	3	0	yes
1968	0x1B9DC	0x50A30	3	0	yes
1969	0x1B9E5	0x43400	3	0	yes
1970	0x1B9F4	0x50B06	3	0	yes
1971	0x1BA01	0x43404	3	0	yes
1972	0x1BA0F	0x50B04	3	0	yes
1973	0x1BA5B	0x50AF8	3	0	yes
1974	0x1BA66	0x50B04	3	0	yes
1975	0x1BA71	0x50AFC	3	0	yes
1976	0x1BA7B	0x42F54	3	0	yes
1977	0x1BA9B	0x50B00	3	0	yes
1978	0x1BAA5	0x50B00	3	0	yes
1979	0x1BAE9	0x428E0	3	0	yes
1980	0x1BAFB	0x50B04	3	0	yes
1981	0x1BB42	0x50A79	3	0	yes
1982	0x1BB4B	0x50A30	3	0	yes
1983	0x1BB50	0x50A79	3	0	yes
1984	0x1BB5C	0x50A30	3	0	yes
1985	0x1BB9F	0x50A30	3	0	yes
1986	0x1BC0F	0x50AF8	3	0	yes
1987	0x1BC1A	0x50B04	3	0	yes
1988	0x1BCB0	0x50D98	3	0	yes
1989	0x1BCB7	0x50D9F	3	0	yes
1990	0x1BCBE	0x50DA6	3	0	yes
1991	0x1BCCC	0x42980	3	0	yes
1992	0x50A30	0x50940	3	0	yes
1993	0x50A34	0x50947	3	0	yes
1994	0x50A38	0x5094C	3	0	yes
1995	0x50A3C	0x50951	3	0	yes
1996	0x50A40	0x50957	3	0	yes
1997	0x50A44	0x5095D	3	0	yes
1998	0x50A48	0x5096C	3	0	yes
1999	0x50A4C	0x5097B	3	0	yes
2000	0x50A50	0x50982	3	0	yes
2001	0x50A54	0x5098A	3	0	yes
2002	0x50A58	0x50991	3	0	yes
2003	0x50A5C	0x509A6	3	0	yes
2004	0x50A60	0x509AB	3	0	yes
2005	0x50A64	0x509AF	3	0	yes
2006	0x50A68	0x509B3	3	0	yes
2007	0x50A6C	0x509B7	3	0	yes
2008	0x50A70	0x509BA	3	0	yes
2009	0x50A74	0x509BE	3	0	yes
2010	0x50A78	0x509C1	3	0	yes
2011	0x50A7C	0x509C4	3	0	yes
2012	0x50A80	0x509C8	3	0	yes
2013	0x50A84	0x509CC	3	0	yes
2014	0x50A88	0x509D0	3	0	yes
2015	0x50A8C	0x509D3	3	0	yes
2016	0x50A90	0x509D8	3	0	yes
2017	0x50A94	0x509DB	3	0	yes
2018	0x50A98	0x509DF	3	0	yes
2019	0x50A9C	0x509E5	3	0	yes
2020	0x50AA0	0x509EB	3	0	yes
2021	0x50AA4	0x509F1	3	0	yes
2022	0x50AA8	0x509F6	3	0	yes
2023	0x50AAC	0x509FA	3	0	yes
2024	0x50AB0	0x509FD	3	0	yes
2025	0x50AB4	0x50A03	3	0	yes
2026	0x50AB8	0x50A09	3	0	yes
2027	0x50ABC	0x50A0F	3	0	yes
2028	0x50AC0	0x50A15	3	0	yes
2029	0x50AC4	0x50A1B	3	0	yes
2030	0x50AC8	0x50A1F	3	0	yes
2031	0x50ACC	0x50A23	3	0	yes
2032	0x50AD0	0x50A26	3	0	yes
2033	0x50AD4	0x50A2A	3	0	yes
2034	0x1BCF0	0x4380C	3	0	yes
2035	0x1BCF5	0x43814	3	0	yes
2036	0x1BD01	0x4380C	3	0	yes
2037	0x1BD07	0x43814	3	0	yes
2038	0x1BD1A	0x43814	3	0	yes
2039	0x1BD2B	0x4380C	3	0	yes
2040	0x1BD37	0x43814	3	0	yes
2041	0x1BD3D	0x43814	3	0	yes
2042	0x1BD4C	0x4380C	3	0	yes
2043	0x1BD51	0x43814	3	0	yes
2044	0x1BD67	0x43810	3	0	yes
2045	0x1BD6C	0x43814	3	0	yes
2046	0x1BD81	0x43810	3	0	yes
2047	0x1BD8F	0x4380C	3	0	yes
2048	0x1BDA3	0x43370	3	0	yes
2049	0x1BDA9	0x43370	3	0	yes
2050	0x1BDB7	0x52080	3	0	yes
2051	0x1BDF0	0x4380C	3	0	yes
2052	0x1BE05	0x43814	3	0	yes
2053	0x1BE0B	0x4297C	3	0	yes
2054	0x1BE16	0x43370	3	0	yes
2055	0x1BE33	0x43810	3	0	yes
2056	0x1BE38	0x43814	3	0	yes
2057	0x1BE4D	0x43810	3	0	yes
2058	0x1BE5B	0x4380C	3	0	yes
2059	0x1BE6F	0x43370	3	0	yes
2060	0x1BE75	0x43370	3	0	yes
2061	0x1BE83	0x52080	3	0	yes
2062	0x1BE90	0x51F80	3	0	yes
2063	0x1BE98	0x43370	3	0	yes
2064	0x1BE9E	0x43370	3	0	yes
2065	0x1BEAF	0x43370	3	0	yes
2066	0x1BEC0	0x4380C	3	0	yes
2067	0x1BEDB	0x43814	3	0	yes
2068	0x1BEE0	0x4297C	3	0	yes
2069	0x1BEEE	0x4297C	3	0	yes
2070	0x1BF04	0x43814	3	0	yes
2071	0x1BF0A	0x43810	3	0	yes
2072	0x1BF1E	0x43810	3	0	yes
2073	0x1BF2C	0x4380C	3	0	yes
2074	0x1BF58	0x4380C	3	0	yes
2075	0x1BF6D	0x43814	3	0	yes
2076	0x1BF73	0x4297C	3	0	yes
2077	0x1BF82	0x43814	3	0	yes
2078	0x1BF87	0x43408	3	0	yes
2079	0x1BF8D	0x43810	3	0	yes
2080	0x1BFA6	0x43810	3	0	yes
2081	0x1BFAB	0x43408	3	0	yes
2082	0x1BFB1	0x43408	3	0	yes
2083	0x1BFBB	0x43408	3	0	yes
2084	0x1BFC1	0x4380C	3	0	yes
2085	0x1BFCE	0x43408	3	0	yes
2086	0x1BFD8	0x43408	3	0	yes
2087	0x1BFED	0x43408	3	0	yes
2088	0x1BFF3	0x43408	3	0	yes
2089	0x1BFFB	0x43408	3	0	yes
2090	0x1C001	0x4380C	3	0	yes
2091	0x1C00E	0x43408	3	0	yes
2092	0x1C018	0x43408	3	0	yes
2093	0x1C01D	0x43408	3	0	yes
2094	0x1C023	0x43814	3	0	yes
2095	0x1C028	0x4297C	3	0	yes
2096	0x1C03D	0x43814	3	0	yes
2097	0x1C047	0x43810	3	0	yes
2098	0x1C04F	0x4340C	3	0	yes
2099	0x1C064	0x4297C	3	0	yes
2100	0x1C08A	0x42980	3	0	yes
2101	0x1C0A0	0x43814	3	0	yes
2102	0x1C0A9	0x42980	3	0	yes
2103	0x1C0B3	0x4297C	3	0	yes
2104	0x1C0B9	0x43814	3	0	yes
2105	0x1C0BE	0x42980	3	0	yes
2106	0x1C102	0x42940	3	0	yes
2107	0x1C113	0x43370	3	0	yes
2108	0x1C119	0x43370	3	0	yes
2109	0x1C12B	0x51F80	3	0	yes
2110	0x1C149	0x42940	3	0	yes
2111	0x1C17F	0x42940	3	0	yes
2112	0x1C19C	0x42940	3	0	yes
2113	0x1C1C1	0x42940	3	0	yes
2114	0x1C1D5	0x52080	3	0	yes
2115	0x1C1FB	0x52080	3	0	yes
2116	0x1C208	0x42940	3	0	yes
2117	0x1C23D	0x52080	3	0	yes
2118	0x1C24A	0x42940	3	0	yes
2119	0x1C25A	0x42940	3	0	yes
2120	0x1C272	0x42940	3	0	yes
2121	0x1C281	0x43370	3	0	yes
2122	0x1C2D7	0x51AF4	3	0	yes
2123	0x1C2DD	0x42F54	3	0	yes
2124	0x1C2F4	0x43370	3	0	yes
2125	0x1C2FA	0x43370	3	0	yes
2126	0x1C30B	0x51F80	3	0	yes
2127	0x1C319	0x51F80	3	0	yes
2128	0x1C3B0	0x43370	3	0	yes
2129	0x1C3D0	0x43370	3	0	yes
2130	0x1C3F1	0x51AF4	3	0	yes
2131	0x1C404	0x51AF4	3	0	yes
2132	0x1C423	0x42F54	3	0	yes
2133	0x1C436	0x4327C	3	0	yes
2134	0x1C43F	0x43834	3	0	yes
2135	0x1C459	0x432D0	3	0	yes
2136	0x1C533	0x51AF4	3	0	yes
2137	0x1C538	0x432D0	3	0	yes
2138	0x1C545	0x432D6	3	0	yes
2139	0x1C550	0x432D6	3	0	yes
2140	0x1C555	0x43370	3	0	yes
2141	0x1C55B	0x43370	3	0	yes
2142	0x1C56A	0x51F80	3	0	yes
2143	0x1C5A4	0x43830	3	0	yes
2144	0x1C5F1	0x428B3	3	0	yes
2145	0x1C622	0x43370	3	0	yes
2146	0x1C634	0x51F80	3	0	yes
2147	0x1C64C	0x432D0	3	0	yes
2148	0x1C651	0x428B3	3	0	yes
2149	0x1C659	0x432D0	3	0	yes
2150	0x1C66A	0x432D0	3	0	yes
2151	0x1C671	0x432D4	3	0	yes
2152	0x1C676	0x51AF4	3	0	yes
2153	0x1C6BB	0x428B3	3	0	yes
2154	0x1C720	0x43818	3	0	yes
2155	0x1C72D	0x1C731	3	0	yes
2156	0x1C731	0x1C7B4	3	0	yes
2157	0x1C735	0x1C802	3	0	yes
2158	0x1C739	0x1C761	3	0	yes
2159	0x1C73D	0x1C773	3	0	yes
2160	0x1C741	0x1C820	3	0	yes
2161	0x1C745	0x1C7AE	3	0	yes
2162	0x1C749	0x1C820	3	0	yes
2163	0x1C74D	0x1C820	3	0	yes
2164	0x1C751	0x1C820	3	0	yes
2165	0x1C755	0x1C820	3	0	yes
2166	0x1C759	0x1C820	3	0	yes
2167	0x1C75D	0x1C7D6	3	0	yes
2168	0x1C774	0x43370	3	0	yes
2169	0x1C7B0	0x43818	3	0	yes
2170	0x1C7B6	0x42900	3	0	yes
2171	0x1C7BF	0x42940	3	0	yes
2172	0x1C7C4	0x43370	3	0	yes
2173	0x1C7D8	0x43824	3	0	yes
2174	0x1C7E9	0x43370	3	0	yes
2175	0x1C7F4	0x52080	3	0	yes
2176	0x1C7FE	0x43370	3	0	yes
2177	0x1C803	0x43370	3	0	yes
2178	0x1C809	0x43370	3	0	yes
2179	0x1C813	0x51F80	3	0	yes
2180	0x1C822	0x43824	3	0	yes
2181	0x1C82C	0x43370	3	0	yes
2182	0x1C832	0x50E30	3	0	yes
2183	0x1C84F	0x432EC	3	0	yes
2184	0x1C871	0x42900	3	0	yes
2185	0x1C87A	0x432EC	3	0	yes
2186	0x1C880	0x432ED	3	0	yes
2187	0x1C8A9	0x52080	3	0	yes
2188	0x1C8B5	0x432EC	3	0	yes
2189	0x1C8CF	0x432EC	3	0	yes
2190	0x1C8D5	0x432ED	3	0	yes
2191	0x1C8F5	0x4336C	3	0	yes
2192	0x1C909	0x52080	3	0	yes
2193	0x1C935	0x42900	3	0	yes
2194	0x1C956	0x42900	3	0	yes
2195	0x1C974	0x43370	3	0	yes
2196	0x1C980	0x42900	3	0	yes
2197	0x1C989	0x42940	3	0	yes
2198	0x1C990	0x432EC	3	0	yes
2199	0x1C996	0x432EC	3	0	yes
2200	0x1C9B4	0x42900	3	0	yes
2201	0x1C9DA	0x432EC	3	0	yes
2202	0x1C9DF	0x432EC	3	0	yes
2203	0x1CA3A	0x432D0	3	0	yes
2204	0x1CA45	0x43370	3	0	yes
2205	0x1CA67	0x43820	3	0	yes
2206	0x1CA70	0x4381C	3	0	yes
2207	0x1CA84	0x43820	3	0	yes
2208	0x1CA93	0x52080	3	0	yes
2209	0x1CAAD	0x4336C	3	0	yes
2210	0x1CACA	0x52080	3	0	yes
2211	0x1CB08	0x52080	3	0	yes
2212	0x1CB11	0x4381C	3	0	yes
2213	0x1CB41	0x52080	3	0	yes
2214	0x1CB7A	0x43370	3	0	yes
2215	0x1CB8A	0x4381C	3	0	yes
2216	0x1CB92	0x43838	3	0	yes
2217	0x1CB9C	0x42900	3	0	yes
2218	0x1CBA5	0x42940	3	0	yes
2219	0x1CBAC	0x432EC	3	0	yes
2220	0x1CBB2	0x432EC	3	0	yes
2221	0x1CBC1	0x432EC	3	0	yes
2222	0x1CBC6	0x40610	3	0	yes
2223	0x1CBDF	0x40610	3	0	yes
2224	0x1CBE6	0x52570	3	0	yes
2225	0x1CBEE	0x40610	3	0	yes
2226	0x1CC08	0x432D0	3	0	yes
2227	0x1CCB4	0x50DB0	3	0	yes
2228	0x1CD1C	0x52080	3	0	yes
2229	0x1CD4E	0x52080	3	0	yes
2230	0x1CE03	0x52080	3	0	yes
2231	0x1CE29	0x42900	3	0	yes
2232	0x1CE51	0x518A8	3	0	yes
2233	0x1CE60	0x52080	3	0	yes
2234	0x1CE74	0x43370	3	0	yes
2235	0x1CED5	0x52080	3	0	yes
2236	0x1CF15	0x52080	3	0	yes
2237	0x1CF6D	0x43370	3	0	yes
2238	0x1CF7C	0x518A8	3	0	yes
2239	0x1CF85	0x4382C	3	0	yes
2240	0x1CF8D	0x50DBF	3	0	yes
2241	0x1CF98	0x4382C	3	0	yes
2242	0x1CFA2	0x4336C	3	0	yes
2243	0x1CFAB	0x43834	3	0	yes
2244	0x1CFC8	0x42940	3	0	yes
2245	0x1CFD1	0x50DD3	3	0	yes
2246	0x1CFDE	0x43370	3	0	yes
2247	0x1CFE4	0x43370	3	0	yes
2248	0x1CFF3	0x51F80	3	0	yes
2249	0x1D004	0x42940	3	0	yes
2250	0x1D015	0x43370	3	0	yes
2251	0x1D036	0x53674	3	0	yes
2252	0x1D03D	0x53670	3	0	yes
2253	0x1D046	0x53670	3	0	yes
2254	0x1D04D	0x53670	3	0	yes
2255	0x1D070	0x43370	3	0	yes
2256	0x1D07E	0x42940	3	0	yes
2257	0x1D087	0x50DD6	3	0	yes
2258	0x1D094	0x43370	3	0	yes
2259	0x1D09A	0x43370	3	0	yes
2260	0x1D0A9	0x51F80	3	0	yes
2261	0x1D0BD	0x43370	3	0	yes
2262	0x1D0DE	0x53674	3	0	yes
2263	0x1D0E5	0x53670	3	0	yes
2264	0x1D0EE	0x53670	3	0	yes
2265	0x1D0F5	0x53670	3	0	yes
2266	0x1D11F	0x43818	3	0	yes
2267	0x1D125	0x42940	3	0	yes
2268	0x1D13A	0x42940	3	0	yes
2269	0x1D143	0x50DD9	3	0	yes
2270	0x1D151	0x43370	3	0	yes
2271	0x1D157	0x43370	3	0	yes
2272	0x1D182	0x43370	3	0	yes
2273	0x1D188	0x43370	3	0	yes
2274	0x1D19D	0x43818	3	0	yes
2275	0x1D1A3	0x42900	3	0	yes
2276	0x1D1AC	0x42940	3	0	yes
2277	0x1D1D7	0x43828	3	0	yes
2278	0x1D1E1	0x4336C	3	0	yes
2279	0x1D1EA	0x43834	3	0	yes
2280	0x1D1FF	0x43828	3	0	yes
2281	0x1D210	0x428F4	3	0	yes
2282	0x1D219	0x41594	3	0	yes
2283	0x1D22D	0x43828	3	0	yes
2284	0x1D26B	0x51F80	3	0	yes
2285	0x1D280	0x43370	3	0	yes
2286	0x1D286	0x43370	3	0	yes
2287	0x1D2C8	0x43370	3	0	yes
2288	0x1D2D1	0x43370	3	0	yes
2289	0x1D2D7	0x43370	3	0	yes
2290	0x1D2E6	0x43370	3	0	yes
2291	0x1D2F0	0x43818	3	0	yes
2292	0x1D2F6	0x42900	3	0	yes
2293	0x1D2FF	0x42940	3	0	yes
2294	0x1D31D	0x4381C	3	0	yes
2295	0x1D32A	0x43370	3	0	yes
2296	0x1D330	0x43370	3	0	yes
2297	0x1D738	0x429C0	3	0	yes
2298	0x1D776	0x428E0	3	0	yes
2299	0x1D77F	0x429BC	3	0	yes
2300	0x1D788	0x428D8	3	0	yes
2301	0x1D797	0x428E0	3	0	yes
2302	0x1D7A0	0x429BC	3	0	yes
2303	0x1D7A9	0x428D8	3	0	yes
2304	0x1D7FB	0x50DE0	3	0	yes
2305	0x1D908	0x50E10	3	0	yes
2306	0x1D91E	0x4383C	3	0	yes
2307	0x1D926	0x43038	3	0	yes
2308	0x1D936	0x4383C	3	0	yes
2309	0x1D946	0x4305C	3	0	yes
2310	0x1D971	0x50E10	3	0	yes
2311	0x1D985	0x51880	3	0	yes
2312	0x1D98F	0x50E10	3	0	yes
2313	0x1D996	0x50E14	3	0	yes
2314	0x1D9C0	0x50E10	3	0	yes
2315	0x1D9CE	0x50E10	3	0	yes
2316	0x1D9FB	0x50E10	3	0	yes
2317	0x1DA22	0x50E10	3	0	yes
2318	0x1DA6E	0x50E10	3	0	yes
2319	0x1DADF	0x42948	3	0	yes
2320	0x1DAF7	0x50E10	3	0	yes
2321	0x1DB4A	0x50E10	3	0	yes
2322	0x1DBA1	0x42960	3	0	yes
2323	0x1DBF4	0x50E10	3	0	yes
2324	0x1DC23	0x50E10	3	0	yes
2325	0x1DC4B	0x50E10	3	0	yes
2326	0x1DC8A	0x50E10	3	0	yes
2327	0x1DC9E	0x50E10	3	0	yes
2328	0x1DCBA	0x50E10	3	0	yes
2329	0x1DCCE	0x50E10	3	0	yes
2330	0x1DD04	0x50E10	3	0	yes
2331	0x1DD15	0x50E10	3	0	yes
2332	0x1DD59	0x50E10	3	0	yes
2333	0x1DD7B	0x50E10	3	0	yes
2334	0x1DDC8	0x42914	3	0	yes
2335	0x1DDFE	0x429A4	3	0	yes
2336	0x1DE04	0x429A4	3	0	yes
2337	0x1DE0B	0x42F58	3	0	yes
2338	0x1DE3A	0x429A4	3	0	yes
2339	0x1DE6D	0x50E10	3	0	yes
2340	0x1DE89	0x42948	3	0	yes
2341	0x1DEAD	0x42948	3	0	yes
2342	0x1DEE8	0x50E10	3	0	yes
2343	0x1DF63	0x50E10	3	0	yes
2344	0x1DF82	0x50E10	3	0	yes
2345	0x1DF9D	0x50E10	3	0	yes
2346	0x1DFBE	0x50E10	3	0	yes
2347	0x1DFCD	0x50E10	3	0	yes
2348	0x1DFDB	0x50E10	3	0	yes
2349	0x1DFE8	0x50E10	3	0	yes
2350	0x1DFF5	0x50E10	3	0	yes
2351	0x1E009	0x50E10	3	0	yes
2352	0x1E010	0x50E10	3	0	yes
2353	0x1E016	0x43034	3	0	yes
2354	0x1E03B	0x42944	3	0	yes
2355	0x1E045	0x42944	3	0	yes
2356	0x1E04A	0x52ED0	3	0	yes
2357	0x1E050	0x429A8	3	0	yes
2358	0x1E056	0x429A8	3	0	yes
2359	0x1E06F	0x52ED0	3	0	yes
2360	0x1E075	0x52384	3	0	yes
2361	0x1E151	0x4290C	3	0	yes
2362	0x1E178	0x42914	3	0	yes
2363	0x1E2EE	0x52384	3	0	yes
2364	0x1E2FF	0x52ED0	3	0	yes
2365	0x1E330	0x1E334	3	0	yes
2366	0x1E334	0x1E388	3	0	yes
2367	0x1E338	0x1E309	3	0	yes
2368	0x1E33C	0x1E309	3	0	yes
2369	0x1E340	0x1E397	3	0	yes
2370	0x1E344	0x1E309	3	0	yes
2371	0x1E348	0x1E309	3	0	yes
2372	0x1E34C	0x1E3A6	3	0	yes
2373	0x1E350	0x1E309	3	0	yes
2374	0x1E354	0x1E3B6	3	0	yes
2375	0x1E358	0x1E309	3	0	yes
2376	0x1E35C	0x1E3C1	3	0	yes
2377	0x1E360	0x1E309	3	0	yes
2378	0x1E364	0x1E309	3	0	yes
2379	0x1E368	0x1E42D	3	0	yes
2380	0x1E36C	0x1E446	3	0	yes
2381	0x1E370	0x1E309	3	0	yes
2382	0x1E374	0x1E44E	3	0	yes
2383	0x1E378	0x1E309	3	0	yes
2384	0x1E37C	0x1E309	3	0	yes
2385	0x1E380	0x1E309	3	0	yes
2386	0x1E384	0x1E638	3	0	yes
2387	0x1E845	0x43840	3	0	yes
2388	0x1E84F	0x43840	3	0	yes
2389	0x1E8CF	0x43858	3	0	yes
2390	0x1E8DF	0x42964	3	0	yes
2391	0x1E8EA	0x5188C	3	0	yes
2392	0x1E90F	0x42990	3	0	yes
2393	0x1E928	0x52958	3	0	yes
2394	0x1E940	0x43854	3	0	yes
2395	0x1E958	0x43854	3	0	yes
2396	0x1E978	0x43854	3	0	yes
2397	0x1E985	0x429AC	3	0	yes
2398	0x1E999	0x429AC	3	0	yes
2399	0x1E9AA	0x429AC	3	0	yes
2400	0x1E9B5	0x428B8	3	0	yes
2401	0x1E9C0	0x429AC	3	0	yes
2402	0x1E9C8	0x429AC	3	0	yes
2403	0x1E9DB	0x43848	3	0	yes
2404	0x1E9E0	0x429AC	3	0	yes
2405	0x1EA05	0x43850	3	0	yes
2406	0x1EA0B	0x4384C	3	0	yes
2407	0x1EA25	0x43850	3	0	yes
2408	0x1EA30	0x429AC	3	0	yes
2409	0x1EA43	0x428C8	3	0	yes
2410	0x1EA67	0x429AC	3	0	yes
2411	0x1EA92	0x518E8	3	0	yes
2412	0x1EA9A	0x42990	3	0	yes
2413	0x1EAAF	0x42990	3	0	yes
2414	0x1EAB7	0x51B04	3	0	yes
2415	0x1EABC	0x51B04	3	0	yes
2416	0x1EAC3	0x518F0	3	0	yes
2417	0x1EAC9	0x518E8	3	0	yes
2418	0x1EACF	0x429C8	3	0	yes
2419	0x1EAD6	0x428E0	3	0	yes
2420	0x1EADF	0x43844	3	0	yes
2421	0x1EAE5	0x43844	3	0	yes
2422	0x1EAF4	0x429AC	3	0	yes
2423	0x1EAFF	0x429AC	3	0	yes
2424	0x1EB0A	0x43844	3	0	yes
2425	0x1EB10	0x42990	3	0	yes
2426	0x1EB61	0x429AC	3	0	yes
2427	0x1EB6D	0x429AC	3	0	yes
2428	0x1EB84	0x40620	3	0	yes
2429	0x1EB99	0x5189C	3	0	yes
2430	0x1EBAD	0x40620	3	0	yes
2431	0x1EBB6	0x429AC	3	0	yes
2432	0x1EBC0	0x428C8	3	0	yes
2433	0x1EBC9	0x42990	3	0	yes
2434	0x1EBE6	0x429B0	3	0	yes
2435	0x1EBF2	0x429B0	3	0	yes
2436	0x1EBFA	0x429B0	3	0	yes
2437	0x1EC06	0x429B0	3	0	yes
2438	0x1EC23	0x429AC	3	0	yes
2439	0x1EC35	0x42990	3	0	yes
2440	0x1EC41	0x429AC	3	0	yes
2441	0x1EC67	0x42990	3	0	yes
2442	0x1ED16	0x5188C	3	0	yes
2443	0x1ED2A	0x5188C	3	0	yes
2444	0x1ED37	0x5188C	3	0	yes
2445	0x1ED3C	0x43020	3	0	yes
2446	0x1ED49	0x5188C	3	0	yes
2447	0x1ED58	0x42990	3	0	yes
2448	0x1ED7D	0x5188C	3	0	yes
2449	0x1ED86	0x5188C	3	0	yes
2450	0x1ED8F	0x428C8	3	0	yes
2451	0x1ED97	0x429AC	3	0	yes
2452	0x1EDA7	0x42940	3	0	yes
2453	0x1EDB1	0x429AC	3	0	yes
2454	0x1EDBB	0x429AC	3	0	yes
2455	0x1EDC7	0x428C8	3	0	yes
2456	0x1EDD1	0x42940	3	0	yes
2457	0x1EDDC	0x4385C	3	0	yes
2458	0x1EDEC	0x428EC	3	0	yes
2459	0x1EDF5	0x428C8	3	0	yes
2460	0x1EE09	0x50E30	3	0	yes
2461	0x1EE0E	0x51890	3	0	yes
2462	0x1EE1B	0x429AC	3	0	yes
2463	0x1EE28	0x4384C	3	0	yes
2464	0x1EE30	0x43850	3	0	yes
2465	0x1EE4F	0x429AC	3	0	yes
2466	0x1EE60	0x43850	3	0	yes
2467	0x1EE6A	0x429AC	3	0	yes
2468	0x1EE7B	0x429AC	3	0	yes
2469	0x1EE90	0x428C8	3	0	yes
2470	0x1EEA0	0x43848	3	0	yes
2471	0x1EEAB	0x428EC	3	0	yes
2472	0x1EECE	0x428C8	3	0	yes
2473	0x1EEE6	0x51AF4	3	0	yes
2474	0x1EEEA	0x420B4	3	0	yes
2475	0x1EEF1	0x429CC	3	0	yes
2476	0x1EEF6	0x42990	3	0	yes
2477	0x1EEFB	0x43850	3	0	yes
2478	0x1EF00	0x429B0	3	0	yes
2479	0x1EF05	0x43860	3	0	yes
2480	0x1EF0A	0x429AC	3	0	yes
2481	0x1EF0F	0x428E8	3	0	yes
2482	0x1EF14	0x50E30	3	0	yes
2483	0x1EF19	0x5188C	3	0	yes
2484	0x1EF1E	0x429C8	3	0	yes
2485	0x1EF24	0x428BC	3	0	yes
2486	0x1EF3C	0x43020	3	0	yes
2487	0x1EF8D	0x429AC	3	0	yes
2488	0x1EF96	0x42990	3	0	yes
2489	0x1EFA8	0x5188C	3	0	yes
2490	0x1EFB3	0x43020	3	0	yes
2491	0x1EFB8	0x5188C	3	0	yes
2492	0x1EFC5	0x42990	3	0	yes
2493	0x1F099	0x428F4	3	0	yes
2494	0x1F0A0	0x50E34	3	0	yes
2495	0x1F166	0x42990	3	0	yes
2496	0x1F1CF	0x415A0	3	0	yes
2497	0x1F1F5	0x42964	3	0	yes
2498	0x1F233	0x42960	3	0	yes
2499	0x1F4E7	0x1F4EB	3	0	yes
2500	0x1F4EB	0x1F516	3	0	yes
2501	0x1F4EF	0x1F516	3	0	yes
2502	0x1F4F3	0x1F51F	3	0	yes
2503	0x1F4F7	0x1F516	3	0	yes
2504	0x1F4FB	0x1F516	3	0	yes
2505	0x1F4FF	0x1F516	3	0	yes
2506	0x1F503	0x1F516	3	0	yes
2507	0x1F507	0x1F516	3	0	yes
2508	0x1F50E	0x42908	3	0	yes
2509	0x1F536	0x50E60	3	0	yes
2510	0x1F56F	0x50780	3	0	yes
2511	0x1F574	0x506F0	3	0	yes
2512	0x1F57D	0x50F38	3	0	yes
2513	0x1F5A6	0x50ECC	3	0	yes
2514	0x1F639	0x50E68	3	0	yes
2515	0x1F646	0x50E60	3	0	yes
2516	0x1F66D	0x50ED4	3	0	yes
2517	0x1F67A	0x50ECC	3	0	yes
2518	0x1F6D5	0x51AF0	3	0	yes
2519	0x1F6E0	0x44194	3	0	yes
2520	0x1F6EA	0x51AF0	3	0	yes
2521	0x1F6F0	0x51AF0	3	0	yes
2522	0x1F6FA	0x44194	3	0	yes
2523	0x1F6FF	0x51AF0	3	0	yes
2524	0x1F707	0x44194	3	0	yes
2525	0x1F70C	0x43838	3	0	yes
2526	0x1F711	0x44170	3	0	yes
2527	0x1F716	0x44194	3	0	yes
2528	0x1F71B	0x4416C	3	0	yes
2529	0x1F72A	0x42980	3	0	yes
2530	0x1F730	0x44190	3	0	yes
2531	0x1F737	0x51868	3	0	yes
2532	0x1F750	0x43D6C	3	0	yes
2533	0x1F785	0x428E0	3	0	yes
2534	0x1F7A9	0x51F80	3	0	yes
2535	0x1F7D0	0x43D64	3	0	yes
2536	0x1F7D9	0x44194	3	0	yes
2537	0x1F7DE	0x43D68	3	0	yes
2538	0x1F7E3	0x43370	3	0	yes
2539	0x1F7E9	0x43370	3	0	yes
2540	0x1F7F8	0x51F80	3	0	yes
2541	0x1F831	0x43370	3	0	yes
2542	0x1F844	0x43D64	3	0	yes
2543	0x1F84D	0x43D64	3	0	yes
2544	0x1F86E	0x43D68	3	0	yes
2545	0x1F875	0x43D64	3	0	yes
2546	0x1F88B	0x43D68	3	0	yes
2547	0x1F8A3	0x51F80	3	0	yes
2548	0x1F8DE	0x43D68	3	0	yes
2549	0x1F8ED	0x43D68	3	0	yes
2550	0x1F8F3	0x43D64	3	0	yes
2551	0x1F8FE	0x51F80	3	0	yes
2552	0x1F907	0x43D64	3	0	yes
2553	0x1F91D	0x51F80	3	0	yes
2554	0x1F940	0x43370	3	0	yes
2555	0x1F946	0x43370	3	0	yes
2556	0x1F954	0x52080	3	0	yes
2557	0x1F985	0x43370	3	0	yes
2558	0x1F9AC	0x44190	3	0	yes
2559	0x1F9B2	0x42980	3	0	yes
2560	0x1F9B9	0x51860	3	0	yes
2561	0x1FA04	0x42980	3	0	yes
2562	0x1FA24	0x42980	3	0	yes
2563	0x1FA34	0x43D6C	3	0	yes
2564	0x1FA3D	0x43D6C	3	0	yes
2565	0x1FAA1	0x428E0	3	0	yes
2566	0x1FAC1	0x42980	3	0	yes
2567	0x1FACF	0x43D6C	3	0	yes
2568	0x1FB41	0x43D68	3	0	yes
2569	0x1FB5A	0x51F80	3	0	yes
2570	0x1FBA9	0x43370	3	0	yes
2571	0x1FBAF	0x43370	3	0	yes
2572	0x1FBCD	0x51F80	3	0	yes
2573	0x1FC0A	0x44194	3	0	yes
2574	0x1FC10	0x51AF0	3	0	yes
2575	0x1FC3C	0x43370	3	0	yes
2576	0x1FC42	0x43370	3	0	yes
2577	0x1FC4C	0x51F80	3	0	yes
2578	0x1FC61	0x43D64	3	0	yes
2579	0x1FC6D	0x43370	3	0	yes
2580	0x1FC89	0x43D68	3	0	yes
2581	0x1FCB7	0x51F80	3	0	yes
2582	0x1FCC4	0x43370	3	0	yes
2583	0x1FCD1	0x43D64	3	0	yes
2584	0x1FCE3	0x43370	3	0	yes
2585	0x1FCFB	0x51F80	3	0	yes
2586	0x1FD08	0x51F80	3	0	yes
2587	0x1FD33	0x43370	3	0	yes
2588	0x1FD39	0x43370	3	0	yes
2589	0x1FD47	0x52080	3	0	yes
2590	0x1FD54	0x51F80	3	0	yes
2591	0x1FDC4	0x43370	3	0	yes
2592	0x1FDCA	0x44194	3	0	yes
2593	0x1FDE9	0x43D68	3	0	yes
2594	0x1FDFB	0x44194	3	0	yes
2595	0x1FE07	0x43D64	3	0	yes
2596	0x1FE5D	0x44194	3	0	yes
2597	0x1FE63	0x51AF0	3	0	yes
2598	0x1FE70	0x432EC	3	0	yes
2599	0x1FE9C	0x43370	3	0	yes
2600	0x1FEA2	0x43370	3	0	yes
2601	0x1FEB1	0x51F80	3	0	yes
2602	0x1FEE4	0x43370	3	0	yes
2603	0x1FF02	0x43370	3	0	yes
2604	0x1FF44	0x4381C	3	0	yes
2605	0x1FF49	0x43838	3	0	yes
2606	0x1FF4E	0x44170	3	0	yes
2607	0x1FF53	0x43818	3	0	yes
2608	0x1FF58	0x4417C	3	0	yes
2609	0x1FF5D	0x4416C	3	0	yes
2610	0x1FF62	0x44174	3	0	yes
2611	0x1FF68	0x44178	3	0	yes
2612	0x1FF83	0x428E0	3	0	yes
2613	0x1FF9A	0x4385C	3	0	yes
2614	0x1FFA1	0x43870	3	0	yes
2615	0x1FFBA	0x1FFBE	3	0	yes
2616	0x1FFBE	0x1FFD6	3	0	yes
2617	0x1FFC2	0x20031	3	0	yes
2618	0x1FFC6	0x20038	3	0	yes
2619	0x1FFCA	0x20042	3	0	yes
2620	0x1FFCE	0x2004C	3	0	yes
2621	0x1FFD2	0x20064	3	0	yes
2622	0x1FFD8	0x44198	3	0	yes
2623	0x1FFE1	0x44198	3	0	yes
2624	0x1FFF8	0x441A4	3	0	yes
2625	0x2000C	0x441AF	3	0	yes
2626	0x20018	0x441B7	3	0	yes
2627	0x20026	0x441A4	3	0	yes
2628	0x20032	0x50F43	3	0	yes
2629	0x2003C	0x44188	3	0	yes
2630	0x20046	0x441A0	3	0	yes
2631	0x2004E	0x43838	3	0	yes
2632	0x20054	0x51AFC	3	0	yes
2633	0x2005E	0x43838	3	0	yes
2634	0x20066	0x43818	3	0	yes
2635	0x2006B	0x50F40	3	0	yes
2636	0x20070	0x432EC	3	0	yes
2637	0x2007D	0x432EC	3	0	yes
2638	0x200AA	0x428E0	3	0	yes
2639	0x200CF	0x44170	3	0	yes
2640	0x200D4	0x43838	3	0	yes
2641	0x200F5	0x43370	3	0	yes
2642	0x200FE	0x51F80	3	0	yes
2643	0x20107	0x43370	3	0	yes
2644	0x20116	0x43370	3	0	yes
2645	0x2011B	0x43370	3	0	yes
2646	0x20124	0x51F80	3	0	yes
2647	0x2012D	0x43370	3	0	yes
2648	0x2013A	0x4418C	3	0	yes
2649	0x20149	0x4418C	3	0	yes
2650	0x20153	0x428E0	3	0	yes
2651	0x2016D	0x4419C	3	0	yes
2652	0x20176	0x4419C	3	0	yes
2653	0x20180	0x43370	3	0	yes
2654	0x20185	0x43370	3	0	yes
2655	0x2018E	0x43818	3	0	yes
2656	0x20199	0x44180	3	0	yes
2657	0x201A6	0x43370	3	0	yes
2658	0x201AB	0x43370	3	0	yes
2659	0x201B8	0x44194	3	0	yes
2660	0x201BE	0x51AF0	3	0	yes
2661	0x201C7	0x43838	3	0	yes
2662	0x201D5	0x43370	3	0	yes
2663	0x201DB	0x43370	3	0	yes
2664	0x201EA	0x51F80	3	0	yes
2665	0x20261	0x43838	3	0	yes
2666	0x20267	0x43838	3	0	yes
2667	0x20271	0x43370	3	0	yes
2668	0x20277	0x43370	3	0	yes
2669	0x20287	0x43838	3	0	yes
2670	0x2028C	0x44194	3	0	yes
2671	0x20292	0x51AF0	3	0	yes
2672	0x202A9	0x43370	3	0	yes
2673	0x202B2	0x52080	3	0	yes
2674	0x202BA	0x43838	3	0	yes
2675	0x202C0	0x43838	3	0	yes
2676	0x202D1	0x43838	3	0	yes
2677	0x202D7	0x43838	3	0	yes
2678	0x202E1	0x44194	3	0	yes
2679	0x202E7	0x51AF0	3	0	yes
2680	0x202F0	0x43838	3	0	yes
2681	0x202FE	0x43370	3	0	yes
2682	0x20304	0x43370	3	0	yes
2683	0x20312	0x52080	3	0	yes
2684	0x20326	0x43838	3	0	yes
2685	0x20336	0x43370	3	0	yes
2686	0x20340	0x43838	3	0	yes
2687	0x20345	0x44170	3	0	yes
2688	0x2036D	0x43838	3	0	yes
2689	0x20373	0x43838	3	0	yes
2690	0x2037B	0x43838	3	0	yes
2691	0x20381	0x43838	3	0	yes
2692	0x20387	0x42980	3	0	yes
2693	0x203A1	0x44184	3	0	yes
2694	0x203A9	0x44190	3	0	yes
2695	0x203AF	0x42980	3	0	yes
2696	0x203B7	0x42980	3	0	yes
2697	0x203D6	0x43370	3	0	yes
2698	0x203DC	0x43370	3	0	yes
2699	0x203E5	0x52080	3	0	yes
2700	0x203EE	0x43370	3	0	yes
2701	0x203F7	0x43838	3	0	yes
2702	0x203FD	0x43838	3	0	yes
2703	0x20408	0x4381C	3	0	yes
2704	0x20426	0x43838	3	0	yes
2705	0x2042C	0x43838	3	0	yes
2706	0x20432	0x43370	3	0	yes
2707	0x20443	0x4416C	3	0	yes
2708	0x20455	0x44194	3	0	yes
2709	0x2045B	0x51AF0	3	0	yes
2710	0x20464	0x43838	3	0	yes
2711	0x2047F	0x43370	3	0	yes
2712	0x20488	0x51F80	3	0	yes
2713	0x20491	0x43370	3	0	yes
2714	0x2049F	0x43838	3	0	yes
2715	0x204AB	0x43838	3	0	yes
2716	0x204B2	0x43838	3	0	yes
2717	0x204C1	0x43370	3	0	yes
2718	0x204C7	0x43370	3	0	yes
2719	0x204D6	0x51F80	3	0	yes
2720	0x2053D	0x43838	3	0	yes
2721	0x20543	0x43838	3	0	yes
2722	0x20553	0x43370	3	0	yes
2723	0x20573	0x43838	3	0	yes
2724	0x20589	0x43838	3	0	yes
2725	0x2058E	0x4416C	3	0	yes
2726	0x205AC	0x4416C	3	0	yes
2727	0x205B2	0x43838	3	0	yes
2728	0x205CE	0x43838	3	0	yes
2729	0x205E6	0x43838	3	0	yes
2730	0x205EB	0x44194	3	0	yes
2731	0x205F1	0x51AF0	3	0	yes
2732	0x20603	0x43838	3	0	yes
2733	0x20618	0x43838	3	0	yes
2734	0x20622	0x51F80	3	0	yes
2735	0x2062A	0x43838	3	0	yes
2736	0x20630	0x43838	3	0	yes
2737	0x20639	0x43838	3	0	yes
2738	0x20641	0x44178	3	0	yes
2739	0x20648	0x43838	3	0	yes
2740	0x20652	0x43838	3	0	yes
2741	0x20658	0x43838	3	0	yes
2742	0x20690	0x44194	3	0	yes
2743	0x20696	0x51AF0	3	0	yes
2744	0x2069F	0x43838	3	0	yes
2745	0x206AD	0x43838	3	0	yes
2746	0x206B3	0x43838	3	0	yes
2747	0x206BD	0x43370	3	0	yes
2748	0x206C3	0x43370	3	0	yes
2749	0x206D1	0x52080	3	0	yes
2750	0x206DE	0x51F80	3	0	yes
2751	0x206E7	0x43370	3	0	yes
2752	0x2070F	0x44174	3	0	yes
2753	0x20715	0x44178	3	0	yes
2754	0x20722	0x42980	3	0	yes
2755	0x20730	0x42980	3	0	yes
2756	0x20757	0x44174	3	0	yes
2757	0x2075C	0x4416C	3	0	yes
2758	0x20761	0x44170	3	0	yes
2759	0x20766	0x43838	3	0	yes
2760	0x20775	0x4381C	3	0	yes
2761	0x2077C	0x44194	3	0	yes
2762	0x20782	0x51AF0	3	0	yes
2763	0x2078B	0x43838	3	0	yes
2764	0x20799	0x43838	3	0	yes
2765	0x2079F	0x43838	3	0	yes
2766	0x207A7	0x43838	3	0	yes
2767	0x207AD	0x43838	3	0	yes
2768	0x207B6	0x4385C	3	0	yes
2769	0x207BD	0x4386C	3	0	yes
2770	0x207C2	0x43370	3	0	yes
2771	0x207CC	0x43844	3	0	yes
2772	0x207D4	0x4385C	3	0	yes
2773	0x207DB	0x43864	3	0	yes
2774	0x207E1	0x43370	3	0	yes
2775	0x207E7	0x43868	3	0	yes
2776	0x207ED	0x4416C	3	0	yes
2777	0x207F3	0x43870	3	0	yes
2778	0x207FC	0x4385C	3	0	yes
2779	0x20817	0x4416C	3	0	yes
2780	0x2081D	0x51AF0	3	0	yes
2781	0x20825	0x44194	3	0	yes
2782	0x20837	0x4416C	3	0	yes
2783	0x20866	0x4416C	3	0	yes
2784	0x2088B	0x4416C	3	0	yes
2785	0x208AD	0x43838	3	0	yes
2786	0x208B8	0x44194	3	0	yes
2787	0x208BE	0x51AF0	3	0	yes
2788	0x208CB	0x43838	3	0	yes
2789	0x208D8	0x43838	3	0	yes
2790	0x208E2	0x51F80	3	0	yes
2791	0x2091B	0x51F80	3	0	yes
2792	0x2092C	0x51F80	3	0	yes
2793	0x20964	0x43838	3	0	yes
2794	0x2097F	0x44194	3	0	yes
2795	0x20985	0x51AF0	3	0	yes
2796	0x2098E	0x43838	3	0	yes
2797	0x2099C	0x43838	3	0	yes
2798	0x209A7	0x43838	3	0	yes
2799	0x209B7	0x4385C	3	0	yes
2800	0x209BD	0x4385C	3	0	yes
2801	0x209CE	0x4381C	3	0	yes
2802	0x209D4	0x4385C	3	0	yes
2803	0x209DE	0x43870	3	0	yes
2804	0x209E4	0x44174	3	0	yes
2805	0x209EA	0x43868	3	0	yes
2806	0x209F0	0x44178	3	0	yes
2807	0x209F6	0x43874	3	0	yes
2808	0x209FC	0x43875	3	0	yes
2809	0x20A03	0x43370	3	0	yes
2810	0x20A09	0x43864	3	0	yes
2811	0x20A0F	0x44170	3	0	yes
2812	0x20A15	0x43838	3	0	yes
2813	0x20A1B	0x4386C	3	0	yes
2814	0x20A25	0x4385C	3	0	yes
2815	0x20A2C	0x43870	3	0	yes
2816	0x20A35	0x43370	3	0	yes
2817	0x20A42	0x4385C	3	0	yes
2818	0x20A49	0x43868	3	0	yes
2819	0x20A5D	0x43370	3	0	yes
2820	0x20A6D	0x4385C	3	0	yes
2821	0x20A75	0x43875	3	0	yes
2822	0x20A80	0x43874	3	0	yes
2823	0x20A9D	0x43370	3	0	yes
2824	0x20AA3	0x43370	3	0	yes
2825	0x20AAE	0x51F80	3	0	yes
2826	0x20AB7	0x52080	3	0	yes
2827	0x20AC0	0x43370	3	0	yes
2828	0x20AC9	0x43370	3	0	yes
2829	0x20ADC	0x4385C	3	0	yes
2830	0x20AE3	0x43868	3	0	yes
2831	0x20AEC	0x43370	3	0	yes
2832	0x20AF2	0x43370	3	0	yes
2833	0x20AFF	0x43874	3	0	yes
2834	0x20B29	0x4385C	3	0	yes
2835	0x20B30	0x43874	3	0	yes
2836	0x20B5C	0x43838	3	0	yes
2837	0x20B7E	0x51F80	3	0	yes
2838	0x20BA5	0x52080	3	0	yes
2839	0x20BAF	0x44194	3	0	yes
2840	0x20BB5	0x51AF0	3	0	yes
2841	0x20BBE	0x43838	3	0	yes
2842	0x20BCC	0x43838	3	0	yes
2843	0x20BD7	0x43838	3	0	yes
2844	0x20BDE	0x43838	3	0	yes
2845	0x20BE4	0x43838	3	0	yes
2846	0x20BF1	0x43370	3	0	yes
2847	0x20BF7	0x43370	3	0	yes
2848	0x20C05	0x52080	3	0	yes
2849	0x20C0D	0x44194	3	0	yes
2850	0x20C13	0x51AF0	3	0	yes
2851	0x20C1C	0x43838	3	0	yes
2852	0x20C2A	0x43838	3	0	yes
2853	0x20C30	0x43838	3	0	yes
2854	0x20C46	0x51F80	3	0	yes
2855	0x20C4E	0x43370	3	0	yes
2856	0x20C54	0x43370	3	0	yes
2857	0x20C66	0x51F80	3	0	yes
2858	0x20C7E	0x43370	3	0	yes
2859	0x20C87	0x43838	3	0	yes
2860	0x20C9A	0x43838	3	0	yes
2861	0x20CA3	0x43838	3	0	yes
2862	0x20CA8	0x43838	3	0	yes
2863	0x20CB2	0x43838	3	0	yes
2864	0x20CBD	0x43838	3	0	yes
2865	0x20CCF	0x42980	3	0	yes
2866	0x20CEA	0x4385C	3	0	yes
2867	0x20CF1	0x43868	3	0	yes
2868	0x20CF7	0x43370	3	0	yes
2869	0x20CFD	0x43370	3	0	yes
2870	0x20D0A	0x43874	3	0	yes
2871	0x20D38	0x4419C	3	0	yes
2872	0x20D3D	0x44180	3	0	yes
2873	0x20D42	0x43370	3	0	yes
2874	0x20D48	0x43370	3	0	yes
2875	0x20D52	0x51F80	3	0	yes
2876	0x20D6B	0x43370	3	0	yes
2877	0x20D78	0x44180	3	0	yes
2878	0x20D84	0x44194	3	0	yes
2879	0x20D8A	0x51AF0	3	0	yes
2880	0x20D93	0x43838	3	0	yes
2881	0x20DA1	0x43838	3	0	yes
2882	0x20DB0	0x43838	3	0	yes
2883	0x20DD5	0x43834	3	0	yes
2884	0x20DDE	0x43818	3	0	yes
2885	0x20DE4	0x4419C	3	0	yes
2886	0x20DEE	0x44180	3	0	yes
2887	0x20DFD	0x43370	3	0	yes
2888	0x20E10	0x4417C	3	0	yes
2889	0x20E15	0x43818	3	0	yes
2890	0x20E31	0x43828	3	0	yes
2891	0x20E3E	0x4418C	3	0	yes
2892	0x20E54	0x43370	3	0	yes
2893	0x20E67	0x4385C	3	0	yes
2894	0x20E70	0x43370	3	0	yes
2895	0x20E7A	0x43370	3	0	yes
2896	0x20E8C	0x4385C	3	0	yes
2897	0x20E99	0x43370	3	0	yes
2898	0x20EA4	0x43370	3	0	yes
2899	0x20F2C	0x43370	3	0	yes
2900	0x20F3A	0x43370	3	0	yes
2901	0x20F6B	0x4385C	3	0	yes
2902	0x20F84	0x43370	3	0	yes
2903	0x20FA2	0x4386C	3	0	yes
2904	0x20FA8	0x43838	3	0	yes
2905	0x20FB3	0x4385C	3	0	yes
2906	0x20FBA	0x4386C	3	0	yes
2907	0x20FBF	0x43838	3	0	yes
2908	0x20FE8	0x43864	3	0	yes
2909	0x20FEE	0x43370	3	0	yes
2910	0x20FF4	0x43870	3	0	yes
2911	0x21001	0x44194	3	0	yes
2912	0x21006	0x4416C	3	0	yes
2913	0x2100C	0x51AF0	3	0	yes
2914	0x21015	0x43838	3	0	yes
2915	0x2101B	0x43844	3	0	yes
2916	0x21024	0x428E0	3	0	yes
2917	0x21032	0x4385C	3	0	yes
2918	0x21038	0x43844	3	0	yes
2919	0x21048	0x4385C	3	0	yes
2920	0x21067	0x40630	3	0	yes
2921	0x2107F	0x4063B	3	0	yes
2922	0x21084	0x40640	3	0	yes
2923	0x21152	0x51898	3	0	yes
2924	0x21158	0x51898	3	0	yes
2925	0x21168	0x51898	3	0	yes
2926	0x21171	0x51AF8	3	0	yes
2927	0x21183	0x43370	3	0	yes
2928	0x2119A	0x51AF8	3	0	yes
2929	0x211A0	0x51AF8	3	0	yes
2930	0x211BC	0x43370	3	0	yes
2931	0x211C6	0x51AF8	3	0	yes
2932	0x211D5	0x53371	3	0	yes
2933	0x211E8	0x51B00	3	0	yes
2934	0x211F8	0x51AF8	3	0	yes
2935	0x2120B	0x4385C	3	0	yes
2936	0x21218	0x42980	3	0	yes
2937	0x2121D	0x43370	3	0	yes
2938	0x21223	0x43370	3	0	yes
2939	0x21231	0x51F80	3	0	yes
2940	0x2124B	0x51F80	3	0	yes
2941	0x21296	0x43370	3	0	yes
2942	0x212A9	0x42980	3	0	yes
2943	0x212AF	0x43834	3	0	yes
2944	0x212D0	0x212D4	3	0	yes
2945	0x212D4	0x2130C	3	0	yes
2946	0x212D8	0x21443	3	0	yes
2947	0x212DC	0x2146F	3	0	yes
2948	0x212E0	0x214A8	3	0	yes
2949	0x212E4	0x21381	3	0	yes
2950	0x212E8	0x21381	3	0	yes
2951	0x212EC	0x21504	3	0	yes
2952	0x212F0	0x2150E	3	0	yes
2953	0x212F4	0x21657	3	0	yes
2954	0x212F8	0x21661	3	0	yes
2955	0x212FC	0x216A7	3	0	yes
2956	0x21300	0x217EF	3	0	yes
2957	0x21304	0x217F7	3	0	yes
2958	0x21308	0x2182D	3	0	yes
2959	0x2130E	0x42900	3	0	yes
2960	0x21314	0x42900	3	0	yes
2961	0x2131E	0x44184	3	0	yes
2962	0x2132F	0x44184	3	0	yes
2963	0x21339	0x42900	3	0	yes
2964	0x2133E	0x51824	3	0	yes
2965	0x21363	0x415AC	3	0	yes
2966	0x21378	0x50F71	3	0	yes
2967	0x2138E	0x51F80	3	0	yes
2968	0x2139B	0x51F80	3	0	yes
2969	0x213C5	0x50F5F	3	0	yes
2970	0x213CC	0x50F66	3	0	yes
2971	0x21409	0x50F6E	3	0	yes
2972	0x21423	0x441C0	3	0	yes
2973	0x21429	0x415AC	3	0	yes
2974	0x21444	0x51898	3	0	yes
2975	0x2144A	0x51898	3	0	yes
2976	0x21468	0x415AC	3	0	yes
2977	0x21471	0x51898	3	0	yes
2978	0x21479	0x51898	3	0	yes
2979	0x2147F	0x51898	3	0	yes
2980	0x21486	0x441C0	3	0	yes
2981	0x21496	0x51814	3	0	yes
2982	0x214A9	0x51898	3	0	yes
2983	0x214AF	0x51898	3	0	yes
2984	0x214C1	0x415AC	3	0	yes
2985	0x214CF	0x428F4	3	0	yes
2986	0x214E1	0x5181C	3	0	yes
2987	0x214FB	0x441C0	3	0	yes
2988	0x21510	0x42900	3	0	yes
2989	0x21516	0x42900	3	0	yes
2990	0x21520	0x43830	3	0	yes
2991	0x2152F	0x43830	3	0	yes
2992	0x21539	0x42900	3	0	yes
2993	0x21540	0x51B08	3	0	yes
2994	0x21555	0x51B08	3	0	yes
2995	0x2155C	0x528E4	3	0	yes
2996	0x21570	0x432D6	3	0	yes
2997	0x21581	0x51B00	3	0	yes
2998	0x21588	0x51AF4	3	0	yes
2999	0x2158D	0x51AF4	3	0	yes
3000	0x21596	0x432D0	3	0	yes
3001	0x2159C	0x51AF4	3	0	yes
3002	0x215A3	0x50F56	3	0	yes
3003	0x215AE	0x42900	3	0	yes
3004	0x215C2	0x51C04	3	0	yes
3005	0x215D5	0x51C04	3	0	yes
3006	0x215EC	0x51B08	3	0	yes
3007	0x2161E	0x51AF8	3	0	yes
3008	0x21627	0x51AF8	3	0	yes
3009	0x2162D	0x51AF8	3	0	yes
3010	0x2166E	0x51F80	3	0	yes
3011	0x2167B	0x51F80	3	0	yes
3012	0x2169E	0x50F74	3	0	yes
3013	0x216A9	0x42900	3	0	yes
3014	0x216AF	0x42900	3	0	yes
3015	0x216BE	0x51B08	3	0	yes
3016	0x216C8	0x51B08	3	0	yes
3017	0x216CF	0x528E4	3	0	yes
3018	0x216DE	0x42900	3	0	yes
3019	0x216E8	0x432D0	3	0	yes
3020	0x216F1	0x43818	3	0	yes
3021	0x216FC	0x42900	3	0	yes
3022	0x21703	0x51B08	3	0	yes
3023	0x21715	0x51B08	3	0	yes
3024	0x2171C	0x528E4	3	0	yes
3025	0x2172C	0x432D6	3	0	yes
3026	0x2173D	0x432D0	3	0	yes
3027	0x21743	0x51AFC	3	0	yes
3028	0x2176F	0x51AFC	3	0	yes
3029	0x21774	0x51AF8	3	0	yes
3030	0x21779	0x432D0	3	0	yes
3031	0x2177E	0x51AF4	3	0	yes
3032	0x21784	0x51AF8	3	0	yes
3033	0x2178A	0x51AF8	3	0	yes
3034	0x2178F	0x51AF4	3	0	yes
3035	0x21795	0x51AF4	3	0	yes
3036	0x217A3	0x42900	3	0	yes
3037	0x217B3	0x428E0	3	0	yes
3038	0x217C5	0x432D0	3	0	yes
3039	0x217CA	0x51AF4	3	0	yes
3040	0x217D0	0x42900	3	0	yes
3041	0x217E6	0x50F50	3	0	yes
3042	0x217F8	0x432EC	3	0	yes
3043	0x21813	0x43370	3	0	yes
3044	0x2181B	0x432EC	3	0	yes
3045	0x2182F	0x42900	3	0	yes
3046	0x21835	0x42900	3	0	yes
3047	0x21844	0x42900	3	0	yes
3048	0x2184A	0x51B08	3	0	yes
3049	0x2185A	0x510D0	3	0	yes
3050	0x21863	0x432D0	3	0	yes
3051	0x21868	0x510D4	3	0	yes
3052	0x21874	0x51878	3	0	yes
3053	0x2187F	0x43834	3	0	yes
3054	0x218A9	0x218AD	3	0	yes
3055	0x218AD	0x218C5	3	0	yes
3056	0x218B1	0x218CC	3	0	yes
3057	0x218B5	0x218C8	3	0	yes
3058	0x218B9	0x218D2	3	0	yes
3059	0x218BD	0x218C5	3	0	yes
3060	0x218C1	0x218C5	3	0	yes
3061	0x218EA	0x5181C	3	0	yes
3062	0x21905	0x428F4	3	0	yes
3063	0x21914	0x51814	3	0	yes
3064	0x2193A	0x51B88	3	0	yes
3065	0x2194B	0x51C00	3	0	yes
3066	0x21955	0x51AF8	3	0	yes
3067	0x21966	0x50F7B	3	0	yes
3068	0x21985	0x51AF8	3	0	yes
3069	0x2198B	0x51AF8	3	0	yes
3070	0x2199A	0x51AF8	3	0	yes
3071	0x219A5	0x51C04	3	0	yes
3072	0x219B5	0x51AF8	3	0	yes
3073	0x219BB	0x51AF8	3	0	yes
3074	0x219C6	0x51AF8	3	0	yes
3075	0x219CC	0x51AF8	3	0	yes
3076	0x219EB	0x51AF8	3	0	yes
3077	0x21A3A	0x43370	3	0	yes
3078	0x21A5B	0x43370	3	0	yes
3079	0x21A61	0x43370	3	0	yes
3080	0x21A70	0x51F80	3	0	yes
3081	0x21A84	0x43370	3	0	yes
3082	0x21AAA	0x43370	3	0	yes
3083	0x21AC7	0x51F80	3	0	yes
3084	0x21ADF	0x43818	3	0	yes
3085	0x21AE5	0x42900	3	0	yes
3086	0x21AEE	0x42940	3	0	yes
3087	0x21B14	0x51F80	3	0	yes
3088	0x21B2D	0x43370	3	0	yes
3089	0x21B4D	0x42980	3	0	yes
3090	0x21B69	0x50F7E	3	0	yes
3091	0x21BA9	0x4381C	3	0	yes
3092	0x21BB0	0x43370	3	0	yes
3093	0x21BBB	0x43370	3	0	yes
3094	0x21BCF	0x4381C	3	0	yes
3095	0x21BD6	0x43370	3	0	yes
3096	0x21BE1	0x4381C	3	0	yes
3097	0x21BEE	0x51F80	3	0	yes
3098	0x21C00	0x43370	3	0	yes
3099	0x21C15	0x51F80	3	0	yes
3100	0x21C35	0x43370	3	0	yes
3101	0x21C3B	0x4385C	3	0	yes
3102	0x21C62	0x43370	3	0	yes
3103	0x21C70	0x51F80	3	0	yes
3104	0x21C7D	0x51F80	3	0	yes
3105	0x21C92	0x43370	3	0	yes
3106	0x21C9B	0x51F80	3	0	yes
3107	0x21CA4	0x43370	3	0	yes
3108	0x21CAF	0x4381C	3	0	yes
3109	0x21CD3	0x43370	3	0	yes
3110	0x21CD9	0x43370	3	0	yes
3111	0x21CE3	0x51F80	3	0	yes
3112	0x21CFB	0x43370	3	0	yes
3113	0x21D07	0x43370	3	0	yes
3114	0x21D0D	0x43370	3	0	yes
3115	0x21D17	0x51F80	3	0	yes
3116	0x21D29	0x43370	3	0	yes
3117	0x21D38	0x50F90	3	0	yes
3118	0x21D45	0x50F90	3	0	yes
3119	0x21D4D	0x50F90	3	0	yes
3120	0x21D5C	0x50F90	3	0	yes
3121	0x21D80	0x51B08	3	0	yes
3122	0x21D87	0x51B08	3	0	yes
3123	0x21D8C	0x50F90	3	0	yes
3124	0x21D94	0x432D0	3	0	yes
3125	0x21D9E	0x44244	3	0	yes
3126	0x21DA5	0x44240	3	0	yes
3127	0x21DAE	0x432D0	3	0	yes
3128	0x21DCB	0x432D0	3	0	yes
3129	0x21DD3	0x44244	3	0	yes
3130	0x21DDD	0x44240	3	0	yes
3131	0x21DED	0x50F90	3	0	yes
3132	0x21E3E	0x21E42	3	0	yes
3133	0x21E42	0x21EEE	3	0	yes
3134	0x21E46	0x21EF9	3	0	yes
3135	0x21E4A	0x22088	3	0	yes
3136	0x21E4E	0x22088	3	0	yes
3137	0x21E52	0x22088	3	0	yes
3138	0x21E56	0x22088	3	0	yes
3139	0x21E5A	0x22088	3	0	yes
3140	0x21E5E	0x22088	3	0	yes
3141	0x21E62	0x21F16	3	0	yes
3142	0x21E66	0x22088	3	0	yes
3143	0x21E6A	0x21F2F	3	0	yes
3144	0x21E6E	0x21F3E	3	0	yes
3145	0x21E72	0x22088	3	0	yes
3146	0x21E76	0x21F44	3	0	yes
3147	0x21E7A	0x21F67	3	0	yes
3148	0x21E7E	0x22088	3	0	yes
3149	0x21E82	0x22088	3	0	yes
3150	0x21E86	0x22088	3	0	yes
3151	0x21E8A	0x21F81	3	0	yes
3152	0x21E8E	0x21F98	3	0	yes
3153	0x21E92	0x21FB2	3	0	yes
3154	0x21E96	0x21FCC	3	0	yes
3155	0x21E9A	0x22088	3	0	yes
3156	0x21E9E	0x21FD7	3	0	yes
3157	0x21EA2	0x22088	3	0	yes
3158	0x21EA6	0x22006	3	0	yes
3159	0x21EAA	0x22088	3	0	yes
3160	0x21EAE	0x22011	3	0	yes
3161	0x21EB2	0x22022	3	0	yes
3162	0x21EB6	0x22088	3	0	yes
3163	0x21EBA	0x2202A	3	0	yes
3164	0x21EBE	0x22088	3	0	yes
3165	0x21EC2	0x22046	3	0	yes
3166	0x21EC6	0x22088	3	0	yes
3167	0x21ECA	0x22088	3	0	yes
3168	0x21ECE	0x22088	3	0	yes
3169	0x21ED2	0x22088	3	0	yes
3170	0x21ED6	0x22088	3	0	yes
3171	0x21EDA	0x22088	3	0	yes
3172	0x21EDE	0x2204E	3	0	yes
3173	0x21EE2	0x22074	3	0	yes
3174	0x21EE6	0x2207B	3	0	yes
3175	0x21EEA	0x22082	3	0	yes
3176	0x21FEE	0x44248	3	0	yes
3177	0x220A5	0x50F94	3	0	yes
3178	0x220AF	0x50F90	3	0	yes
3179	0x220BD	0x50F90	3	0	yes
3180	0x220C5	0x50F94	3	0	yes
3181	0x220CB	0x50F94	3	0	yes
3182	0x220E2	0x50F90	3	0	yes
3183	0x220EA	0x51824	3	0	yes
3184	0x220FC	0x50F94	3	0	yes
3185	0x22172	0x44248	3	0	yes
3186	0x22185	0x44248	3	0	yes
3187	0x221A6	0x44248	3	0	yes
3188	0x221BA	0x44248	3	0	yes
3189	0x221CD	0x44248	3	0	yes
3190	0x221EE	0x44248	3	0	yes
3191	0x22441	0x50F94	3	0	yes
3192	0x22464	0x50F94	3	0	yes
3193	0x2248B	0x44240	3	0	yes
3194	0x224A8	0x50FA0	3	0	yes
3195	0x224C8	0x53660	3	0	yes
3196	0x224CD	0x50FA0	3	0	yes
3197	0x224D3	0x50FA4	3	0	yes
3198	0x224D9	0x50FA4	3	0	yes
3199	0x224EA	0x50FA4	3	0	yes
3200	0x224F1	0x4424C	3	0	yes
3201	0x224F6	0x51898	3	0	yes
3202	0x224FF	0x50FA4	3	0	yes
3203	0x22509	0x443F2	3	0	yes
3204	0x22521	0x50FA0	3	0	yes
3205	0x2254B	0x50FA4	3	0	yes
3206	0x22555	0x453F5	3	0	yes
3207	0x22564	0x463F8	3	0	yes
3208	0x2257C	0x50FA4	3	0	yes
3209	0x2258F	0x4385C	3	0	yes
3210	0x22598	0x43878	3	0	yes
3211	0x225A0	0x43370	3	0	yes
3212	0x225C7	0x4385C	3	0	yes
3213	0x225D5	0x43878	3	0	yes
3214	0x225E2	0x43370	3	0	yes
3215	0x22620	0x43370	3	0	yes
3216	0x22628	0x43818	3	0	yes
3217	0x22630	0x50FA0	3	0	yes
3218	0x22646	0x43370	3	0	yes
3219	0x22656	0x51AFC	3	0	yes
3220	0x2265C	0x43818	3	0	yes
3221	0x22666	0x415AC	3	0	yes
3222	0x22674	0x42900	3	0	yes
3223	0x22684	0x428E0	3	0	yes
3224	0x2268D	0x43824	3	0	yes
3225	0x2269C	0x43370	3	0	yes
3226	0x226A1	0x43370	3	0	yes
3227	0x226B6	0x50FA4	3	0	yes
3228	0x226BD	0x44250	3	0	yes
3229	0x226C9	0x50FA4	3	0	yes
3230	0x226CF	0x50FA4	3	0	yes
3231	0x226DD	0x50FA4	3	0	yes
3232	0x226EB	0x50FA0	3	0	yes
3233	0x226F7	0x50FA4	3	0	yes
3234	0x226FE	0x51898	3	0	yes
3235	0x22704	0x4426C	3	0	yes
3236	0x2270C	0x51AFC	3	0	yes
3237	0x2271B	0x428E0	3	0	yes
3238	0x22729	0x43818	3	0	yes
3239	0x2272F	0x50FA4	3	0	yes
3240	0x22736	0x4425C	3	0	yes
3241	0x2273C	0x43370	3	0	yes
3242	0x22742	0x44258	3	0	yes
3243	0x22748	0x51AF8	3	0	yes
3244	0x2274E	0x44254	3	0	yes
3245	0x22753	0x43818	3	0	yes
3246	0x22759	0x50FA4	3	0	yes
3247	0x22761	0x43818	3	0	yes
3248	0x22766	0x44258	3	0	yes
3249	0x2276B	0x51AFC	3	0	yes
3250	0x22776	0x50FA4	3	0	yes
3251	0x2277D	0x44258	3	0	yes
3252	0x22783	0x51AFC	3	0	yes
3253	0x22789	0x44250	3	0	yes
3254	0x2278E	0x50FA0	3	0	yes
3255	0x22794	0x50FA4	3	0	yes
3256	0x227A2	0x42900	3	0	yes
3257	0x227B2	0x415AC	3	0	yes
3258	0x227CE	0x50FA4	3	0	yes
3259	0x227D7	0x44258	3	0	yes
3260	0x227F8	0x51F80	3	0	yes
3261	0x22808	0x51C04	3	0	yes
3262	0x22821	0x51AF8	3	0	yes
3263	0x22850	0x51AF8	3	0	yes
3264	0x22869	0x51AF8	3	0	yes
3265	0x2289F	0x51F80	3	0	yes
3266	0x228D8	0x43818	3	0	yes
3267	0x228DF	0x50FA8	3	0	yes
3268	0x228F1	0x42940	3	0	yes
3269	0x22914	0x432EC	3	0	yes
3270	0x2291A	0x51AFC	3	0	yes
3271	0x22927	0x42940	3	0	yes
3272	0x2292F	0x432EC	3	0	yes
3273	0x22935	0x432EC	3	0	yes
3274	0x2294F	0x50FA4	3	0	yes
3275	0x22956	0x44260	3	0	yes
3276	0x2295C	0x43370	3	0	yes
3277	0x22964	0x44264	3	0	yes
3278	0x2296E	0x43370	3	0	yes
3279	0x2297A	0x43370	3	0	yes
3280	0x22982	0x43370	3	0	yes
3281	0x22988	0x50FA4	3	0	yes
3282	0x2298F	0x4424C	3	0	yes
3283	0x22996	0x50FA0	3	0	yes
3284	0x229A6	0x50FA4	3	0	yes
3285	0x229AD	0x44264	3	0	yes
3286	0x229B3	0x44268	3	0	yes
3287	0x229B9	0x44264	3	0	yes
3288	0x229D1	0x51AFC	3	0	yes
3289	0x229F4	0x51F81	3	0	yes
3290	0x229FB	0x51F82	3	0	yes
3291	0x22A02	0x51F83	3	0	yes
3292	0x22A09	0x51F84	3	0	yes
3293	0x22A10	0x428F4	3	0	yes
3294	0x22A19	0x51FA4	3	0	yes
3295	0x22A20	0x520A4	3	0	yes
3296	0x22A28	0x50FB2	3	0	yes
3297	0x22A32	0x44190	3	0	yes
3298	0x22A39	0x50FBA	3	0	yes
3299	0x22A43	0x443E8	3	0	yes
3300	0x22A4A	0x50FC1	3	0	yes
3301	0x22A54	0x47404	3	0	yes
3302	0x22A5B	0x50FC5	3	0	yes
3303	0x22A65	0x473FC	3	0	yes
3304	0x22A6C	0x50FCA	3	0	yes
3305	0x22A76	0x443EC	3	0	yes
3306	0x22A7D	0x50FD1	3	0	yes
3307	0x22A87	0x43050	3	0	yes
3308	0x22A8E	0x50FD6	3	0	yes
3309	0x22A98	0x43220	3	0	yes
3310	0x22A9F	0x50FDB	3	0	yes
3311	0x22AA9	0x443BC	3	0	yes
3312	0x22AB0	0x50FE6	3	0	yes
3313	0x22ABA	0x47408	3	0	yes
3314	0x22AC1	0x50FF1	3	0	yes
3315	0x22ACB	0x47400	3	0	yes
3316	0x22AD2	0x50FFC	3	0	yes
3317	0x22ADC	0x443B4	3	0	yes
3318	0x22AE3	0x51001	3	0	yes
3319	0x22AED	0x443B8	3	0	yes
3320	0x22AF4	0x51006	3	0	yes
3321	0x22AFE	0x443C0	3	0	yes
3322	0x22B05	0x51008	3	0	yes
3323	0x22B0F	0x443E0	3	0	yes
3324	0x22B16	0x5100C	3	0	yes
3325	0x22B20	0x443E4	3	0	yes
3326	0x22B27	0x51013	3	0	yes
3327	0x22B31	0x43228	3	0	yes
3328	0x22B38	0x51026	3	0	yes
3329	0x22B42	0x43058	3	0	yes
3330	0x22B49	0x51035	3	0	yes
3331	0x22B53	0x43234	3	0	yes
3332	0x22B6B	0x443C4	3	0	yes
3333	0x22B91	0x441A0	3	0	yes
3334	0x22B95	0x443C8	3	0	yes
3335	0x22B9B	0x44188	3	0	yes
3336	0x22B9F	0x443D4	3	0	yes
3337	0x22BA6	0x443D3	3	0	yes
3338	0x22BAB	0x443DC	3	0	yes
3339	0x22BB7	0x51037	3	0	yes
3340	0x22BCE	0x51040	3	0	yes
3341	0x22BE5	0x51049	3	0	yes
3342	0x22BFC	0x51052	3	0	yes
3343	0x22C12	0x428F4	3	0	yes
3344	0x22C1C	0x5105B	3	0	yes
3345	0x22C33	0x51064	3	0	yes
3346	0x22C5B	0x44194	3	0	yes
3347	0x22C6E	0x51F80	3	0	yes
3348	0x22C9C	0x51F80	3	0	yes
3349	0x22CBE	0x53371	3	0	yes
3350	0x22CDC	0x44194	3	0	yes
3351	0x22CEB	0x44194	3	0	yes
3352	0x22CF4	0x44194	3	0	yes
3353	0x22D1C	0x42900	3	0	yes
3354	0x22D3A	0x51AFC	3	0	yes
3355	0x22D50	0x53690	3	0	yes
3356	0x22D86	0x47608	3	0	yes
3357	0x22D95	0x47608	3	0	yes
3358	0x22DAF	0x47608	3	0	yes
3359	0x22DBF	0x47604	3	0	yes
3360	0x22DCC	0x42948	3	0	yes
3361	0x22E03	0x43028	3	0	yes
3362	0x22E1B	0x43028	3	0	yes
3363	0x22E21	0x47604	3	0	yes
3364	0x22EDF	0x428F4	3	0	yes
3365	0x22EE7	0x51084	3	0	yes
3366	0x22F79	0x47604	3	0	yes
3367	0x22F8B	0x43860	3	0	yes
3368	0x22F95	0x429C8	3	0	yes
3369	0x22FA0	0x43860	3	0	yes
3370	0x22FA6	0x415A4	3	0	yes
3371	0x22FB7	0x4760C	3	0	yes
3372	0x22FC1	0x4760C	3	0	yes
3373	0x22FC9	0x43860	3	0	yes
3374	0x22FF5	0x4760C	3	0	yes
3375	0x22FFE	0x475EC	3	0	yes
3376	0x2301E	0x43860	3	0	yes
3377	0x230BE	0x429AC	3	0	yes
3378	0x230D6	0x428E0	3	0	yes
3379	0x230DF	0x429C8	3	0	yes
3380	0x230E8	0x428D8	3	0	yes
3381	0x230FC	0x428C8	3	0	yes
3382	0x23105	0x429C8	3	0	yes
3383	0x23114	0x47600	3	0	yes
3384	0x23120	0x47600	3	0	yes
3385	0x2316A	0x47600	3	0	yes
3386	0x23204	0x47600	3	0	yes
3387	0x2322A	0x47600	3	0	yes
3388	0x23233	0x47608	3	0	yes
3389	0x23239	0x47604	3	0	yes
3390	0x2324E	0x42938	3	0	yes
3391	0x23259	0x47600	3	0	yes
3392	0x232A0	0x43028	3	0	yes
3393	0x232B1	0x47600	3	0	yes
3394	0x232B9	0x42938	3	0	yes
3395	0x232BE	0x52ED0	3	0	yes
3396	0x232C4	0x429A8	3	0	yes
3397	0x232CA	0x429A8	3	0	yes
3398	0x232D6	0x428E0	3	0	yes
3399	0x232DF	0x429C8	3	0	yes
3400	0x232E8	0x428D8	3	0	yes
3401	0x23309	0x47618	3	0	yes
3402	0x23318	0x475F0	3	0	yes
3403	0x23322	0x51080	3	0	yes
3404	0x23341	0x47608	3	0	yes
3405	0x23347	0x47604	3	0	yes
3406	0x23356	0x475EC	3	0	yes
3407	0x2336E	0x475EC	3	0	yes
3408	0x23378	0x429C8	3	0	yes
3409	0x23380	0x475EC	3	0	yes
3410	0x23395	0x42938	3	0	yes
3411	0x233A0	0x47618	3	0	yes
3412	0x233C0	0x51080	3	0	yes
3413	0x233E3	0x475EC	3	0	yes
3414	0x233F4	0x475F4	3	0	yes
3415	0x233FD	0x475F4	3	0	yes
3416	0x23407	0x475F8	3	0	yes
3417	0x23410	0x475EC	3	0	yes
3418	0x2341A	0x475FC	3	0	yes
3419	0x2342D	0x475EC	3	0	yes
3420	0x2344E	0x47600	3	0	yes
3421	0x23457	0x428F4	3	0	yes
3422	0x23497	0x475EC	3	0	yes
3423	0x234AF	0x475F8	3	0	yes
3424	0x234B9	0x475EC	3	0	yes
3425	0x234CD	0x475EC	3	0	yes
3426	0x234DF	0x47600	3	0	yes
3427	0x234E7	0x475EC	3	0	yes
3428	0x234F6	0x475EC	3	0	yes
3429	0x234FF	0x42938	3	0	yes
3430	0x23513	0x475EC	3	0	yes
3431	0x23525	0x428F4	3	0	yes
3432	0x2352D	0x510A7	3	0	yes
3433	0x2353A	0x475F0	3	0	yes
3434	0x23543	0x475F0	3	0	yes
3435	0x23571	0x475EC	3	0	yes
3436	0x235A1	0x475F0	3	0	yes
3437	0x235AA	0x475F0	3	0	yes
3438	0x235CB	0x43028	3	0	yes
3439	0x235D9	0x475EC	3	0	yes
3440	0x235E4	0x47600	3	0	yes
3441	0x235EC	0x475EC	3	0	yes
3442	0x23626	0x475F0	3	0	yes
3443	0x2362F	0x475F0	3	0	yes
3444	0x23658	0x475EC	3	0	yes
3445	0x23668	0x475EC	3	0	yes
3446	0x23693	0x51080	3	0	yes
3447	0x236A2	0x475EC	3	0	yes
3448	0x236B3	0x475EC	3	0	yes
3449	0x236DC	0x475EC	3	0	yes
3450	0x23708	0x475EC	3	0	yes
3451	0x23712	0x475EC	3	0	yes
3452	0x23722	0x475EC	3	0	yes
3453	0x23739	0x475EC	3	0	yes
3454	0x2374D	0x47614	3	0	yes
3455	0x237D9	0x51080	3	0	yes
3456	0x237E2	0x51080	3	0	yes
3457	0x237E7	0x51080	3	0	yes
3458	0x237EF	0x4740C	3	0	yes
3459	0x237F4	0x475EC	3	0	yes
3460	0x237FA	0x51080	3	0	yes
3461	0x23803	0x475EC	3	0	yes
3462	0x23818	0x51080	3	0	yes
3463	0x23831	0x475EC	3	0	yes
3464	0x23858	0x51080	3	0	yes
3465	0x23866	0x475EC	3	0	yes
3466	0x23878	0x51080	3	0	yes
3467	0x23881	0x51080	3	0	yes
3468	0x23886	0x51080	3	0	yes
3469	0x2388E	0x4740C	3	0	yes
3470	0x23893	0x475EC	3	0	yes
3471	0x23899	0x51080	3	0	yes
3472	0x238B2	0x475F0	3	0	yes
3473	0x238BB	0x475F0	3	0	yes
3474	0x238CC	0x475EC	3	0	yes
3475	0x238E4	0x475EC	3	0	yes
3476	0x23948	0x475F4	3	0	yes
3477	0x23953	0x475F8	3	0	yes
3478	0x23958	0x43028	3	0	yes
3479	0x23966	0x475F4	3	0	yes
3480	0x23970	0x43228	3	0	yes
3481	0x2397B	0x475F4	3	0	yes
3482	0x23983	0x475F8	3	0	yes
3483	0x23988	0x43028	3	0	yes
3484	0x23996	0x475F4	3	0	yes
3485	0x239A2	0x43028	3	0	yes
3486	0x239A8	0x47600	3	0	yes
3487	0x239B9	0x43028	3	0	yes
3488	0x239BF	0x47604	3	0	yes
3489	0x239D0	0x475F4	3	0	yes
3490	0x239D8	0x475FC	3	0	yes
3491	0x239E2	0x475F8	3	0	yes
3492	0x239E7	0x43028	3	0	yes
3493	0x239F5	0x475F4	3	0	yes
3494	0x239FE	0x475EC	3	0	yes
3495	0x23A20	0x51080	3	0	yes
3496	0x23A29	0x51080	3	0	yes
3497	0x23A2E	0x51080	3	0	yes
3498	0x23A36	0x4740C	3	0	yes
3499	0x23A3B	0x475EC	3	0	yes
3500	0x23A40	0x475EC	3	0	yes
3501	0x23A6A	0x43028	3	0	yes
3502	0x23A7A	0x475EC	3	0	yes
3503	0x23B52	0x51080	3	0	yes
3504	0x23B58	0x51080	3	0	yes
3505	0x23B61	0x4740C	3	0	yes
3506	0x23B67	0x51080	3	0	yes
3507	0x23B70	0x475EC	3	0	yes
3508	0x23B7E	0x475EC	3	0	yes
3509	0x23B89	0x475EC	3	0	yes
3510	0x23B98	0x475EC	3	0	yes
3511	0x23BB8	0x475EC	3	0	yes
3512	0x23BC7	0x475EC	3	0	yes
3513	0x23C14	0x475EC	3	0	yes
3514	0x23C24	0x51080	3	0	yes
3515	0x23C2C	0x475EC	3	0	yes
3516	0x23C3C	0x475EC	3	0	yes
3517	0x23C56	0x475F0	3	0	yes
3518	0x23C5E	0x475F0	3	0	yes
3519	0x23C6D	0x475EC	3	0	yes
3520	0x23C81	0x475EC	3	0	yes
3521	0x23C94	0x51080	3	0	yes
3522	0x23CA3	0x475EC	3	0	yes
3523	0x23CBF	0x475EC	3	0	yes
3524	0x23CD2	0x43028	3	0	yes
3525	0x23CE5	0x51080	3	0	yes
3526	0x23CFC	0x475EC	3	0	yes
3527	0x23D14	0x51080	3	0	yes
3528	0x23D22	0x475EC	3	0	yes
3529	0x23D68	0x475EC	3	0	yes
3530	0x23D83	0x475F4	3	0	yes
3531	0x23D8B	0x475F8	3	0	yes
3532	0x23D90	0x43028	3	0	yes
3533	0x23DB8	0x475F4	3	0	yes
3534	0x23DC1	0x475FC	3	0	yes
3535	0x23DD0	0x43228	3	0	yes
3536	0x23DE9	0x475F4	3	0	yes
3537	0x23DF2	0x475F4	3	0	yes
3538	0x23E17	0x43228	3	0	yes
3539	0x23E46	0x475EC	3	0	yes
3540	0x23E54	0x475F4	3	0	yes
3541	0x23E6F	0x47404	3	0	yes
3542	0x23E81	0x47414	3	0	yes
3543	0x23E91	0x428C8	3	0	yes
3544	0x23F15	0x47614	3	0	yes
3545	0x23F1E	0x47614	3	0	yes
3546	0x23F3E	0x47614	3	0	yes
3547	0x23F48	0x47618	3	0	yes
3548	0x23F50	0x42938	3	0	yes
3549	0x23F55	0x52ED0	3	0	yes
3550	0x23F5B	0x429A8	3	0	yes
3551	0x23F61	0x429A8	3	0	yes
3552	0x23F6D	0x428E0	3	0	yes
3553	0x23F76	0x429C8	3	0	yes
3554	0x23F7F	0x428D8	3	0	yes
3555	0x2407C	0x47600	3	0	yes
3556	0x24089	0x43028	3	0	yes
3557	0x24095	0x42938	3	0	yes
3558	0x240B6	0x43860	3	0	yes
3559	0x240C2	0x43860	3	0	yes
3560	0x240D5	0x43028	3	0	yes
3561	0x240EC	0x4760C	3	0	yes
3562	0x240FD	0x43028	3	0	yes
3563	0x24145	0x24149	3	0	yes
3564	0x24149	0x24171	3	0	yes
3565	0x2414D	0x24171	3	0	yes
3566	0x24151	0x2424F	3	0	yes
3567	0x24155	0x24171	3	0	yes
3568	0x24159	0x2424F	3	0	yes
3569	0x2415D	0x2424F	3	0	yes
3570	0x24161	0x2420D	3	0	yes
3571	0x24165	0x2424F	3	0	yes
3572	0x24169	0x2420D	3	0	yes
3573	0x2416D	0x2420D	3	0	yes
3574	0x242AB	0x429D0	3	0	yes
3575	0x242DD	0x428EC	3	0	yes
3576	0x24305	0x415B0	3	0	yes
3577	0x24327	0x415B0	3	0	yes
3578	0x24361	0x415B0	3	0	yes
3579	0x24381	0x415B0	3	0	yes
3580	0x243E8	0x415B0	3	0	yes
3581	0x24537	0x547F4	3	0	yes
3582	0x24540	0x415B0	3	0	yes
3583	0x24565	0x24569	3	0	yes
3584	0x24569	0x245C5	3	0	yes
3585	0x2456D	0x24619	3	0	yes
3586	0x24571	0x247AA	3	0	yes
3587	0x24575	0x247CF	3	0	yes
3588	0x24579	0x247E8	3	0	yes
3589	0x2457D	0x247EE	3	0	yes
3590	0x24581	0x24804	3	0	yes
3591	0x24585	0x2483A	3	0	yes
3592	0x24589	0x248A2	3	0	yes
3593	0x2458D	0x248E2	3	0	yes
3594	0x24591	0x248D1	3	0	yes
3595	0x24595	0x248FD	3	0	yes
3596	0x24599	0x24977	3	0	yes
3597	0x2459D	0x24A98	3	0	yes
3598	0x245A1	0x24AA1	3	0	yes
3599	0x245A5	0x24AB9	3	0	yes
3600	0x245A9	0x24B1D	3	0	yes
3601	0x245AD	0x24783	3	0	yes
3602	0x245B1	0x24547	3	0	yes
3603	0x245B5	0x24547	3	0	yes
3604	0x245B9	0x24547	3	0	yes
3605	0x245BD	0x24783	3	0	yes
3606	0x245C1	0x24B75	3	0	yes
3607	0x24621	0x429D0	3	0	yes
3608	0x247F0	0x428EC	3	0	yes
3609	0x2482A	0x429D0	3	0	yes
3610	0x24834	0x429D0	3	0	yes
3611	0x248AA	0x52ED0	3	0	yes
3612	0x24AAD	0x52ED0	3	0	yes
3613	0x24BCA	0x52DF7	3	0	yes
3614	0x24C52	0x4159C	3	0	yes
3615	0x24C92	0x42990	3	0	yes
3616	0x24C9A	0x42990	3	0	yes
3617	0x24CC2	0x42990	3	0	yes
3618	0x24D70	0x52BB4	3	0	yes
3619	0x24D91	0x42954	3	0	yes
3620	0x24DB1	0x42954	3	0	yes
3621	0x24E18	0x42954	3	0	yes
3622	0x24EE1	0x42954	3	0	yes
3623	0x24F06	0x542E8	3	0	yes
3624	0x24F16	0x42954	3	0	yes
3625	0x24F3D	0x24F41	3	0	yes
3626	0x24F41	0x24F79	3	0	yes
3627	0x24F45	0x253FC	3	0	yes
3628	0x24F49	0x24F9D	3	0	yes
3629	0x24F4D	0x24F1F	3	0	yes
3630	0x24F51	0x2505A	3	0	yes
3631	0x24F55	0x25062	3	0	yes
3632	0x24F59	0x251BC	3	0	yes
3633	0x24F5D	0x2525E	3	0	yes
3634	0x24F61	0x24F1F	3	0	yes
3635	0x24F65	0x2534C	3	0	yes
3636	0x24F69	0x2539B	3	0	yes
3637	0x24F6D	0x24F1F	3	0	yes
3638	0x24F71	0x251BC	3	0	yes
3639	0x24F75	0x251BC	3	0	yes
3640	0x24FD2	0x24FD6	3	0	yes
3641	0x24FD6	0x24FEE	3	0	yes
3642	0x24FDA	0x24FF7	3	0	yes
3643	0x24FDE	0x24FF7	3	0	yes
3644	0x24FE2	0x25000	3	0	yes
3645	0x24FE6	0x25009	3	0	yes
3646	0x24FEA	0x25012	3	0	yes
3647	0x25276	0x2527A	3	0	yes
3648	0x2527A	0x25308	3	0	yes
3649	0x2527E	0x25308	3	0	yes
3650	0x25282	0x252DB	3	0	yes
3651	0x25286	0x252DB	3	0	yes
3652	0x2528A	0x252DB	3	0	yes
3653	0x2528E	0x252D6	3	0	yes
3654	0x25292	0x252DB	3	0	yes
3655	0x25296	0x252D6	3	0	yes
3656	0x2529A	0x252D6	3	0	yes
3657	0x2529E	0x252D6	3	0	yes
3658	0x252A2	0x252D6	3	0	yes
3659	0x252A6	0x252D6	3	0	yes
3660	0x252AA	0x252D6	3	0	yes
3661	0x252AE	0x252D6	3	0	yes
3662	0x252B2	0x252D6	3	0	yes
3663	0x252B6	0x252D6	3	0	yes
3664	0x252BA	0x252D6	3	0	yes
3665	0x252BE	0x252E3	3	0	yes
3666	0x252C2	0x252E3	3	0	yes
3667	0x252C6	0x252E3	3	0	yes
3668	0x252CA	0x252F4	3	0	yes
3669	0x252CE	0x252F4	3	0	yes
3670	0x252D2	0x25302	3	0	yes
3671	0x252F5	0x47630	3	0	yes
3672	0x25525	0x52BB4	3	0	yes
3673	0x25666	0x428C8	3	0	yes
3674	0x25672	0x42954	3	0	yes
3675	0x2568F	0x42954	3	0	yes
3676	0x256B4	0x52424	3	0	yes
3677	0x256E2	0x256E6	3	0	yes
3678	0x256E6	0x2572A	3	0	yes
3679	0x256EA	0x25738	3	0	yes
3680	0x256EE	0x25738	3	0	yes
3681	0x256F2	0x25753	3	0	yes
3682	0x256F6	0x2577C	3	0	yes
3683	0x256FA	0x25797	3	0	yes
3684	0x256FE	0x257B5	3	0	yes
3685	0x25702	0x257D3	3	0	yes
3686	0x25706	0x25834	3	0	yes
3687	0x2570A	0x25858	3	0	yes
3688	0x2570E	0x2587C	3	0	yes
3689	0x25712	0x258A3	3	0	yes
3690	0x25716	0x258C9	3	0	yes
3691	0x2571A	0x258EF	3	0	yes
3692	0x2571E	0x256C3	3	0	yes
3693	0x25722	0x256C3	3	0	yes
3694	0x25726	0x258FA	3	0	yes
3695	0x2572C	0x43818	3	0	yes
3696	0x25739	0x42954	3	0	yes
3697	0x2573E	0x52ED0	3	0	yes
3698	0x25744	0x51AFC	3	0	yes
3699	0x25754	0x42954	3	0	yes
3700	0x25762	0x5189C	3	0	yes
3701	0x25770	0x5189C	3	0	yes
3702	0x2577D	0x42954	3	0	yes
3703	0x25798	0x42954	3	0	yes
3704	0x257A6	0x428C4	3	0	yes
3705	0x257AF	0x428C4	3	0	yes
3706	0x257B6	0x42954	3	0	yes
3707	0x257C4	0x518A4	3	0	yes
3708	0x257CD	0x518A4	3	0	yes
3709	0x257D5	0x42994	3	0	yes
3710	0x257DD	0x42994	3	0	yes
3711	0x257F1	0x42954	3	0	yes
3712	0x25813	0x42954	3	0	yes
3713	0x25835	0x42954	3	0	yes
3714	0x25843	0x47624	3	0	yes
3715	0x2584F	0x47624	3	0	yes
3716	0x25859	0x42954	3	0	yes
3717	0x25867	0x47620	3	0	yes
3718	0x25873	0x47620	3	0	yes
3719	0x2587D	0x42954	3	0	yes
3720	0x25882	0x52ED0	3	0	yes
3721	0x25887	0x510D0	3	0	yes
3722	0x2589A	0x510D4	3	0	yes
3723	0x258A4	0x42954	3	0	yes
3724	0x258A9	0x52ED0	3	0	yes
3725	0x258AE	0x43374	3	0	yes
3726	0x258B6	0x43374	3	0	yes
3727	0x258CA	0x42954	3	0	yes
3728	0x258D8	0x4761C	3	0	yes
3729	0x258E5	0x4761C	3	0	yes
3730	0x258F1	0x433F4	3	0	yes
3731	0x258FB	0x42954	3	0	yes
3732	0x25900	0x52ED0	3	0	yes
3733	0x25905	0x4762C	3	0	yes
3734	0x25918	0x47628	3	0	yes
3735	0x2593A	0x429C8	3	0	yes
3736	0x25949	0x4305C	3	0	yes
3737	0x2594F	0x43038	3	0	yes
3738	0x25955	0x43068	3	0	yes
3739	0x2597B	0x4305C	3	0	yes
3740	0x25981	0x43038	3	0	yes
3741	0x25987	0x43068	3	0	yes
3742	0x259C8	0x4305C	3	0	yes
3743	0x259CE	0x43038	3	0	yes
3744	0x259D4	0x43068	3	0	yes
3745	0x259E1	0x4305C	3	0	yes
3746	0x259E7	0x43038	3	0	yes
3747	0x259ED	0x43068	3	0	yes
3748	0x25DA7	0x428F4	3	0	yes
3749	0x260DE	0x4292C	3	0	yes
3750	0x26268	0x43850	3	0	yes
3751	0x262AC	0x43850	3	0	yes
3752	0x262BB	0x43034	3	0	yes
3753	0x262F5	0x4384C	3	0	yes
3754	0x26301	0x43848	3	0	yes
3755	0x26356	0x47634	3	0	yes
3756	0x26363	0x47640	3	0	yes
3757	0x2636F	0x47648	3	0	yes
3758	0x2637B	0x47644	3	0	yes
3759	0x26387	0x47640	3	0	yes
3760	0x2639E	0x47640	3	0	yes
3761	0x263AA	0x47644	3	0	yes
3762	0x263B6	0x4763C	3	0	yes
3763	0x263C2	0x4763C	3	0	yes
3764	0x263CE	0x47638	3	0	yes
3765	0x263DA	0x47638	3	0	yes
3766	0x263EA	0x47640	3	0	yes
3767	0x263F3	0x42960	3	0	yes
3768	0x26428	0x47640	3	0	yes
3769	0x26433	0x47640	3	0	yes
3770	0x26442	0x47640	3	0	yes
3771	0x26458	0x429A4	3	0	yes
3772	0x26468	0x47640	3	0	yes
3773	0x2647D	0x47640	3	0	yes
3774	0x26486	0x42960	3	0	yes
3775	0x264A4	0x47640	3	0	yes
3776	0x264B0	0x47630	3	0	yes
3777	0x264F0	0x52BB4	3	0	yes
3778	0x264F7	0x542E5	3	0	yes
3779	0x26556	0x47640	3	0	yes
3780	0x2655E	0x4763C	3	0	yes
3781	0x2656F	0x47640	3	0	yes
3782	0x2657D	0x47640	3	0	yes
3783	0x2658C	0x47640	3	0	yes
3784	0x26598	0x429C8	3	0	yes
3785	0x265A0	0x47638	3	0	yes
3786	0x265AC	0x47644	3	0	yes
3787	0x265B7	0x47630	3	0	yes
3788	0x265C4	0x47644	3	0	yes
3789	0x26603	0x47640	3	0	yes
3790	0x2663E	0x518AC	3	0	yes
3791	0x26658	0x518C0	3	0	yes
3792	0x2668C	0x4764C	3	0	yes
3793	0x2669B	0x4764C	3	0	yes
3794	0x266A6	0x4764C	3	0	yes
3795	0x266C0	0x4763C	3	0	yes
3796	0x266F0	0x4763C	3	0	yes
3797	0x26711	0x4763C	3	0	yes
3798	0x26738	0x43038	3	0	yes
3799	0x26751	0x4305C	3	0	yes
3800	0x2675C	0x4305C	3	0	yes
3801	0x2677D	0x429AC	3	0	yes
3802	0x26787	0x43068	3	0	yes
3803	0x26794	0x43068	3	0	yes
3804	0x267A3	0x43038	3	0	yes
3805	0x267BF	0x4305C	3	0	yes
3806	0x267D3	0x4383C	3	0	yes
3807	0x267DE	0x4383C	3	0	yes
3808	0x26816	0x51B08	3	0	yes
3809	0x2681D	0x528E4	3	0	yes
3810	0x26859	0x429C8	3	0	yes
3811	0x26884	0x432D0	3	0	yes
3812	0x268A6	0x51B08	3	0	yes
3813	0x268AD	0x528E4	3	0	yes
3814	0x268D8	0x51B08	3	0	yes
3815	0x2690A	0x432D0	3	0	yes
3816	0x2690F	0x510D8	3	0	yes
3817	0x2692F	0x47650	3	0	yes
3818	0x2693D	0x432D0	3	0	yes
3819	0x26942	0x510DB	3	0	yes
3820	0x26962	0x47650	3	0	yes
3821	0x2697D	0x432D0	3	0	yes
3822	0x26982	0x47650	3	0	yes
3823	0x2698D	0x432D0	3	0	yes
3824	0x269A9	0x432D0	3	0	yes
3825	0x269B9	0x432D0	3	0	yes
3826	0x269D0	0x47650	3	0	yes
3827	0x269D5	0x51AF4	3	0	yes
3828	0x269DB	0x51B08	3	0	yes
3829	0x269F4	0x432D0	3	0	yes
3830	0x26A22	0x51B08	3	0	yes
3831	0x26A29	0x528E4	3	0	yes
3832	0x26A5D	0x42900	3	0	yes
3833	0x26A6A	0x42940	3	0	yes
3834	0x26A73	0x510DF	3	0	yes
3835	0x26A81	0x43834	3	0	yes
3836	0x26A96	0x53670	3	0	yes
3837	0x26A9F	0x51B08	3	0	yes
3838	0x26AA6	0x528E4	3	0	yes
3839	0x26ADC	0x43834	3	0	yes
3840	0x26AEB	0x428C8	3	0	yes
3841	0x26B03	0x51B08	3	0	yes
3842	0x26B0D	0x51B08	3	0	yes
3843	0x26B14	0x528E4	3	0	yes
3844	0x26B28	0x432D0	3	0	yes
3845	0x26B3C	0x26B40	3	0	yes
3846	0x26B40	0x26BB4	3	0	yes
3847	0x26B44	0x26C00	3	0	yes
3848	0x26B48	0x26C46	3	0	yes
3849	0x26B4C	0x26C89	3	0	yes
3850	0x26B50	0x26CA1	3	0	yes
3851	0x26B54	0x26CB6	3	0	yes
3852	0x26B58	0x26D1D	3	0	yes
3853	0x26B5C	0x26D4C	3	0	yes
3854	0x26B60	0x26D72	3	0	yes
3855	0x26B64	0x26D9E	3	0	yes
3856	0x26B68	0x26DCF	3	0	yes
3857	0x26B6C	0x26E00	3	0	yes
3858	0x26B70	0x26E00	3	0	yes
3859	0x26B74	0x26E49	3	0	yes
3860	0x26B78	0x26E66	3	0	yes
3861	0x26B7C	0x26E83	3	0	yes
3862	0x26B80	0x26EC0	3	0	yes
3863	0x26B84	0x26BA4	3	0	yes
3864	0x26B88	0x26EFD	3	0	yes
3865	0x26B8C	0x26F22	3	0	yes
3866	0x26B90	0x2708D	3	0	yes
3867	0x26B94	0x271C6	3	0	yes
3868	0x26B98	0x2729D	3	0	yes
3869	0x26B9C	0x273A4	3	0	yes
3870	0x26BA0	0x2729D	3	0	yes
3871	0x26BBC	0x51B08	3	0	yes
3872	0x26BD6	0x51888	3	0	yes
3873	0x26BDB	0x5189C	3	0	yes
3874	0x26BFA	0x47650	3	0	yes
3875	0x26C02	0x429C8	3	0	yes
3876	0x26C32	0x47650	3	0	yes
3877	0x26C39	0x4294C	3	0	yes
3878	0x26C3E	0x428C4	3	0	yes
3879	0x26C52	0x47650	3	0	yes
3880	0x26C57	0x51C14	3	0	yes
3881	0x26C7B	0x51C10	3	0	yes
3882	0x26C80	0x51C14	3	0	yes
3883	0x26C93	0x1BBB5	3	0	yes
3884	0x26CB0	0x1BC2C	3	0	yes
3885	0x26CCC	0x432D0	3	0	yes
3886	0x26CD2	0x43058	3	0	yes
3887	0x26CDF	0x42994	3	0	yes
3888	0x26CF0	0x51B08	3	0	yes
3889	0x26CF7	0x528E4	3	0	yes
3890	0x26D04	0x429B8	3	0	yes
3891	0x26D0D	0x12972	3	0	yes
3892	0x26D21	0x43058	3	0	yes
3893	0x26D2F	0x42994	3	0	yes
3894	0x26D35	0x429B8	3	0	yes
3895	0x26D5B	0x47650	3	0	yes
3896	0x26D62	0x4766C	3	0	yes
3897	0x26D67	0x47658	3	0	yes
3898	0x26D81	0x47650	3	0	yes
3899	0x26D89	0x518A4	3	0	yes
3900	0x26D93	0x518A4	3	0	yes
3901	0x26DAD	0x47650	3	0	yes
3902	0x26DB5	0x47624	3	0	yes
3903	0x26DBF	0x47624	3	0	yes
3904	0x26DC4	0x4304C	3	0	yes
3905	0x26DDE	0x47650	3	0	yes
3906	0x26DE6	0x47620	3	0	yes
3907	0x26DF0	0x47620	3	0	yes
3908	0x26DF5	0x43054	3	0	yes
3909	0x26E0C	0x47650	3	0	yes
3910	0x26E11	0x47664	3	0	yes
3911	0x26E2C	0x47664	3	0	yes
3912	0x26E59	0x47650	3	0	yes
3913	0x26E5E	0x47668	3	0	yes
3914	0x26E76	0x47650	3	0	yes
3915	0x26E7B	0x4765C	3	0	yes
3916	0x26E8F	0x47650	3	0	yes
3917	0x26E94	0x47664	3	0	yes
3918	0x26EB1	0x47664	3	0	yes
3919	0x26ECC	0x47650	3	0	yes
3920	0x26ED1	0x47664	3	0	yes
3921	0x26EEE	0x47664	3	0	yes
3922	0x26F0A	0x47650	3	0	yes
3923	0x26F14	0x510E7	3	0	yes
3924	0x26F36	0x51B08	3	0	yes
3925	0x26F49	0x432D0	3	0	yes
3926	0x26F4F	0x510D4	3	0	yes
3927	0x26F58	0x510E9	3	0	yes
3928	0x26F78	0x510D0	3	0	yes
3929	0x26F82	0x510D4	3	0	yes
3930	0x26F86	0x510F2	3	0	yes
3931	0x26F90	0x510F3	3	0	yes
3932	0x26FB0	0x510D0	3	0	yes
3933	0x26FBB	0x510F7	3	0	yes
3934	0x26FDB	0x510D0	3	0	yes
3935	0x26FE6	0x510FE	3	0	yes
3936	0x2700A	0x510D0	3	0	yes
3937	0x27019	0x510D4	3	0	yes
3938	0x27022	0x51B08	3	0	yes
3939	0x27037	0x432D0	3	0	yes
3940	0x27044	0x432D0	3	0	yes
3941	0x2705B	0x510D4	3	0	yes
3942	0x27060	0x51AF4	3	0	yes
3943	0x27066	0x51B08	3	0	yes
3944	0x27073	0x510D4	3	0	yes
3945	0x270A8	0x432D0	3	0	yes
3946	0x270AD	0x51103	3	0	yes
3947	0x270CC	0x43854	3	0	yes
3948	0x270D8	0x51109	3	0	yes
3949	0x270F7	0x4299C	3	0	yes
3950	0x27103	0x5110F	3	0	yes
3951	0x27122	0x47660	3	0	yes
3952	0x2712E	0x51114	3	0	yes
3953	0x27155	0x43840	3	0	yes
3954	0x2716A	0x51B08	3	0	yes
3955	0x27190	0x432D0	3	0	yes
3956	0x27196	0x43058	3	0	yes
3957	0x271B4	0x51B08	3	0	yes
3958	0x271BB	0x528E4	3	0	yes
3959	0x271CD	0x429C8	3	0	yes
3960	0x27201	0x432D0	3	0	yes
3961	0x27211	0x432D0	3	0	yes
3962	0x27228	0x47650	3	0	yes
3963	0x2722D	0x47628	3	0	yes
3964	0x27233	0x51B08	3	0	yes
3965	0x2723D	0x51B08	3	0	yes
3966	0x27244	0x528E4	3	0	yes
3967	0x2725D	0x51AF4	3	0	yes
3968	0x27275	0x47650	3	0	yes
3969	0x2727A	0x4762C	3	0	yes
3970	0x2728D	0x51AF4	3	0	yes
3971	0x272A8	0x4299C	3	0	yes
3972	0x272B1	0x43854	3	0	yes
3973	0x272D3	0x51B08	3	0	yes
3974	0x272E2	0x432D0	3	0	yes
3975	0x272F2	0x432D0	3	0	yes
3976	0x27307	0x51B08	3	0	yes
3977	0x27320	0x51AF4	3	0	yes
3978	0x27330	0x51B08	3	0	yes
3979	0x2733B	0x432D0	3	0	yes
3980	0x27348	0x432D0	3	0	yes
3981	0x2735F	0x51AF4	3	0	yes
3982	0x27387	0x51B08	3	0	yes
3983	0x27393	0x51B08	3	0	yes
3984	0x273A5	0x5111A	3	0	yes
3985	0x273B8	0x4295C	3	0	yes
3986	0x273C4	0x428E4	3	0	yes
3987	0x273C9	0x52ED0	3	0	yes
3988	0x273DF	0x52ED0	3	0	yes
3989	0x273EE	0x43818	3	0	yes
3990	0x27405	0x27409	3	0	yes
3991	0x27409	0x27439	3	0	yes
3992	0x2740D	0x27459	3	0	yes
3993	0x27411	0x27439	3	0	yes
3994	0x27415	0x27459	3	0	yes
3995	0x27419	0x27459	3	0	yes
3996	0x2741D	0x27459	3	0	yes
3997	0x27421	0x27439	3	0	yes
3998	0x27425	0x27445	3	0	yes
3999	0x27429	0x2744D	3	0	yes
4000	0x2742D	0x27459	3	0	yes
4001	0x27431	0x27459	3	0	yes
4002	0x27435	0x27439	3	0	yes
4003	0x2743A	0x47664	3	0	yes
4004	0x27447	0x47668	3	0	yes
4005	0x2744F	0x4765C	3	0	yes
4006	0x2746A	0x518A0	3	0	yes
4007	0x27474	0x4307C	3	0	yes
4008	0x27479	0x51C14	3	0	yes
4009	0x2749E	0x43084	3	0	yes
4010	0x274AC	0x43084	3	0	yes
4011	0x274B6	0x429C8	3	0	yes
4012	0x274BF	0x4303D	3	0	yes
4013	0x274DC	0x43228	3	0	yes
4014	0x274EE	0x518A0	3	0	yes
4015	0x274F5	0x4307C	3	0	yes
4016	0x27507	0x518A0	3	0	yes
4017	0x27511	0x43074	3	0	yes
4018	0x2751A	0x43074	3	0	yes
4019	0x27528	0x43070	3	0	yes
4020	0x2753D	0x43074	3	0	yes
4021	0x27577	0x47670	3	0	yes
4022	0x27582	0x47674	3	0	yes
4023	0x27593	0x43844	3	0	yes
4024	0x2759C	0x43844	3	0	yes
4025	0x275AD	0x43824	3	0	yes
4026	0x275B6	0x43824	3	0	yes
4027	0x275C0	0x4767C	3	0	yes
4028	0x275D0	0x428DC	3	0	yes
4029	0x275D5	0x52ED0	3	0	yes
4030	0x275E0	0x51158	3	0	yes
4031	0x275EB	0x428DC	3	0	yes
4032	0x2764D	0x47678	3	0	yes
4033	0x2765A	0x51AFC	3	0	yes
4034	0x27668	0x47670	3	0	yes
4035	0x27670	0x43818	3	0	yes
4036	0x27696	0x428DC	3	0	yes
4037	0x276B3	0x428DC	3	0	yes
4038	0x276C5	0x47674	3	0	yes
4039	0x27701	0x47678	3	0	yes
4040	0x2770A	0x47674	3	0	yes
4041	0x27714	0x47670	3	0	yes
4042	0x27742	0x47678	3	0	yes
4043	0x2775F	0x47678	3	0	yes
4044	0x27779	0x47678	3	0	yes
4045	0x277A9	0x47678	3	0	yes
4046	0x277C1	0x277C5	3	0	yes
4047	0x277C5	0x277E1	3	0	yes
4048	0x277C9	0x2781B	3	0	yes
4049	0x277CD	0x27824	3	0	yes
4050	0x277D1	0x27824	3	0	yes
4051	0x277D5	0x2782D	3	0	yes
4052	0x277D9	0x27836	3	0	yes
4053	0x277DD	0x27845	3	0	yes
4054	0x277F3	0x47679	3	0	yes
4055	0x27805	0x47679	3	0	yes
4056	0x27814	0x47679	3	0	yes
4057	0x2781D	0x47679	3	0	yes
4058	0x27826	0x47679	3	0	yes
4059	0x2782F	0x47679	3	0	yes
4060	0x2783E	0x47679	3	0	yes
4061	0x27847	0x47679	3	0	yes
4062	0x27863	0x47674	3	0	yes
4063	0x2786D	0x47670	3	0	yes
4064	0x27880	0x4767C	3	0	yes
4065	0x2789C	0x4767C	3	0	yes
4066	0x51158	0x51130	3	0	yes
4067	0x5115C	0x51137	3	0	yes
4068	0x51160	0x5113A	3	0	yes
4069	0x51164	0x5113D	3	0	yes
4070	0x51168	0x51142	3	0	yes
4071	0x5116C	0x51145	3	0	yes
4072	0x51170	0x51148	3	0	yes
4073	0x51174	0x5114A	3	0	yes
4074	0x51178	0x5114C	3	0	yes
4075	0x5117C	0x5114E	3	0	yes
4076	0x51180	0x51150	3	0	yes
4077	0x51184	0x51152	3	0	yes
4078	0x27918	0x43370	3	0	yes
4079	0x2791E	0x43370	3	0	yes
4080	0x27927	0x51F80	3	0	yes
4081	0x27930	0x42900	3	0	yes
4082	0x27945	0x27949	3	0	yes
4083	0x27949	0x27F57	3	0	yes
4084	0x2794D	0x27917	3	0	yes
4085	0x27951	0x27A01	3	0	yes
4086	0x27955	0x27DF7	3	0	yes
4087	0x27959	0x27A52	3	0	yes
4088	0x2795D	0x27D64	3	0	yes
4089	0x27961	0x27F0D	3	0	yes
4090	0x27965	0x27DE9	3	0	yes
4091	0x27969	0x27DF0	3	0	yes
4092	0x2796D	0x28101	3	0	yes
4093	0x27971	0x27A96	3	0	yes
4094	0x27975	0x27D27	3	0	yes
4095	0x27979	0x27ABE	3	0	yes
4096	0x2797D	0x27AE6	3	0	yes
4097	0x27981	0x27B0E	3	0	yes
4098	0x27985	0x27B36	3	0	yes
4099	0x27989	0x27B6A	3	0	yes
4100	0x2798D	0x27B9F	3	0	yes
4101	0x27991	0x27BD4	3	0	yes
4102	0x27995	0x27C11	3	0	yes
4103	0x27999	0x27C6B	3	0	yes
4104	0x2799D	0x2826A	3	0	yes
4105	0x279A1	0x282B3	3	0	yes
4106	0x279A5	0x27F0D	3	0	yes
4107	0x279A9	0x282FC	3	0	yes
4108	0x279AD	0x28303	3	0	yes
4109	0x279B1	0x27CC2	3	0	yes
4110	0x279B5	0x281AA	3	0	yes
4111	0x279B9	0x281AE	3	0	yes
4112	0x279BD	0x281B2	3	0	yes
4113	0x279C1	0x281EB	3	0	yes
4114	0x279C5	0x281EF	3	0	yes
4115	0x279C9	0x281F3	3	0	yes
4116	0x279CD	0x27F0D	3	0	yes
4117	0x279D1	0x281F7	3	0	yes
4118	0x279D5	0x281FE	3	0	yes
4119	0x279D9	0x27F0D	3	0	yes
4120	0x279DD	0x27F0D	3	0	yes
4121	0x279E1	0x27F0D	3	0	yes
4122	0x279E5	0x27FCC	3	0	yes
4123	0x279E9	0x2802D	3	0	yes
4124	0x279ED	0x27F0D	3	0	yes
4125	0x279F1	0x27F0D	3	0	yes
4126	0x279F5	0x27F0D	3	0	yes
4127	0x279F9	0x27F0D	3	0	yes
4128	0x279FD	0x27FFC	3	0	yes
4129	0x27A02	0x43370	3	0	yes
4130	0x27A08	0x43370	3	0	yes
4131	0x27A11	0x51F80	3	0	yes
4132	0x27A34	0x428F4	3	0	yes
4133	0x27A3D	0x41594	3	0	yes
4134	0x27A53	0x43370	3	0	yes
4135	0x27A59	0x43370	3	0	yes
4136	0x27A62	0x51F80	3	0	yes
4137	0x27A97	0x43370	3	0	yes
4138	0x27A9D	0x43370	3	0	yes
4139	0x27AA6	0x51F80	3	0	yes
4140	0x27ABF	0x43370	3	0	yes
4141	0x27AC5	0x43370	3	0	yes
4142	0x27ACE	0x51F80	3	0	yes
4143	0x27AE7	0x43370	3	0	yes
4144	0x27AED	0x43370	3	0	yes
4145	0x27AF6	0x51F80	3	0	yes
4146	0x27B0F	0x43370	3	0	yes
4147	0x27B15	0x43370	3	0	yes
4148	0x27B1E	0x51F80	3	0	yes
4149	0x27B37	0x43370	3	0	yes
4150	0x27B3D	0x43370	3	0	yes
4151	0x27B46	0x51F80	3	0	yes
4152	0x27B6B	0x43370	3	0	yes
4153	0x27B71	0x43370	3	0	yes
4154	0x27B7A	0x51F80	3	0	yes
4155	0x27BA0	0x43370	3	0	yes
4156	0x27BA6	0x43370	3	0	yes
4157	0x27BAF	0x51F80	3	0	yes
4158	0x27BD5	0x43370	3	0	yes
4159	0x27BDB	0x43370	3	0	yes
4160	0x27BE4	0x51F80	3	0	yes
4161	0x27C12	0x43370	3	0	yes
4162	0x27C18	0x43370	3	0	yes
4163	0x27C21	0x51F80	3	0	yes
4164	0x27C43	0x43370	3	0	yes
4165	0x27C49	0x43370	3	0	yes
4166	0x27C52	0x51F80	3	0	yes
4167	0x27C6C	0x43370	3	0	yes
4168	0x27C72	0x43370	3	0	yes
4169	0x27C7B	0x51F80	3	0	yes
4170	0x27C9A	0x43370	3	0	yes
4171	0x27CA0	0x43370	3	0	yes
4172	0x27CA9	0x51F80	3	0	yes
4173	0x27CC3	0x43370	3	0	yes
4174	0x27CC9	0x43370	3	0	yes
4175	0x27CD2	0x51F80	3	0	yes
4176	0x27D08	0x43370	3	0	yes
4177	0x27D0E	0x43370	3	0	yes
4178	0x27D16	0x51B08	3	0	yes
4179	0x27D1B	0x432D0	3	0	yes
4180	0x27D35	0x43370	3	0	yes
4181	0x27D3B	0x43818	3	0	yes
4182	0x27D4A	0x53670	3	0	yes
4183	0x27D53	0x51190	3	0	yes
4184	0x27D66	0x43834	3	0	yes
4185	0x27D73	0x4327C	3	0	yes
4186	0x27D84	0x53674	3	0	yes
4187	0x27D8B	0x53670	3	0	yes
4188	0x27D94	0x53670	3	0	yes
4189	0x27D9B	0x53670	3	0	yes
4190	0x27DAA	0x4419C	3	0	yes
4191	0x27DB3	0x4419C	3	0	yes
4192	0x27DBD	0x415AC	3	0	yes
4193	0x27DCF	0x53670	3	0	yes
4194	0x27DD8	0x51192	3	0	yes
4195	0x27DF8	0x43370	3	0	yes
4196	0x27E26	0x53674	3	0	yes
4197	0x27E2D	0x53670	3	0	yes
4198	0x27E36	0x53670	3	0	yes
4199	0x27E3D	0x53670	3	0	yes
4200	0x27E4C	0x53674	3	0	yes
4201	0x27E59	0x53670	3	0	yes
4202	0x27E61	0x53670	3	0	yes
4203	0x27E6B	0x53670	3	0	yes
4204	0x27E9C	0x4385C	3	0	yes
4205	0x27EC0	0x51B08	3	0	yes
4206	0x27EC5	0x432D0	3	0	yes
4207	0x27ECA	0x52B93	3	0	yes
4208	0x27EE9	0x4336C	3	0	yes
4209	0x27EF2	0x43834	3	0	yes
4210	0x27F12	0x43370	3	0	yes
4211	0x27F29	0x53674	3	0	yes
4212	0x27F30	0x53670	3	0	yes
4213	0x27F36	0x43370	3	0	yes
4214	0x27F45	0x53670	3	0	yes
4215	0x27F4A	0x43370	3	0	yes
4216	0x27F59	0x43370	3	0	yes
4217	0x27F69	0x53674	3	0	yes
4218	0x27F70	0x53670	3	0	yes
4219	0x27F7B	0x53670	3	0	yes
4220	0x27F83	0x43370	3	0	yes
4221	0x27F88	0x53670	3	0	yes
4222	0x27F9A	0x43370	3	0	yes
4223	0x27FA9	0x52080	3	0	yes
4224	0x27FB9	0x52080	3	0	yes
4225	0x27FC3	0x43370	3	0	yes
4226	0x27FCE	0x43370	3	0	yes
4227	0x27FF0	0x43370	3	0	yes
4228	0x27FF8	0x42900	3	0	yes
4229	0x27FFD	0x43370	3	0	yes
4230	0x28003	0x43370	3	0	yes
4231	0x2800D	0x51F80	3	0	yes
4232	0x28020	0x43370	3	0	yes
4233	0x28025	0x43370	3	0	yes
4234	0x2802F	0x4385C	3	0	yes
4235	0x28037	0x43370	3	0	yes
4236	0x2804A	0x42900	3	0	yes
4237	0x2806C	0x42940	3	0	yes
4238	0x28094	0x42940	3	0	yes
4239	0x280A6	0x43370	3	0	yes
4240	0x280EB	0x51B08	3	0	yes
4241	0x280F2	0x51B08	3	0	yes
4242	0x280F8	0x52B27	3	0	yes
4243	0x28102	0x43370	3	0	yes
4244	0x28108	0x43370	3	0	yes
4245	0x28112	0x51F80	3	0	yes
4246	0x28127	0x43370	3	0	yes
4247	0x2812E	0x51B08	3	0	yes
4248	0x28133	0x432D0	3	0	yes
4249	0x28138	0x52B75	3	0	yes
4250	0x2815A	0x43370	3	0	yes
4251	0x2816C	0x43370	3	0	yes
4252	0x28179	0x51B08	3	0	yes
4253	0x2817E	0x432D0	3	0	yes
4254	0x28189	0x432EC	3	0	yes
4255	0x2818F	0x43370	3	0	yes
4256	0x28197	0x432ED	3	0	yes
4257	0x2819C	0x432EE	3	0	yes
4258	0x281B4	0x4327C	3	0	yes
4259	0x281BD	0x43834	3	0	yes
4260	0x281C5	0x43370	3	0	yes
4261	0x281D9	0x43370	3	0	yes
4262	0x28208	0x51B08	3	0	yes
4263	0x2820D	0x432D0	3	0	yes
4264	0x28212	0x52B5F	3	0	yes
4265	0x2821E	0x51B08	3	0	yes
4266	0x28223	0x432D0	3	0	yes
4267	0x28228	0x52B70	3	0	yes
4268	0x28233	0x43370	3	0	yes
4269	0x28241	0x51B08	3	0	yes
4270	0x28246	0x432D0	3	0	yes
4271	0x2824B	0x52B71	3	0	yes
4272	0x28257	0x51B08	3	0	yes
4273	0x2825C	0x432D0	3	0	yes
4274	0x28261	0x52B83	3	0	yes
4275	0x2826B	0x43370	3	0	yes
4276	0x28271	0x43370	3	0	yes
4277	0x2827A	0x51F80	3	0	yes
4278	0x28284	0x51B08	3	0	yes
4279	0x28289	0x432D0	3	0	yes
4280	0x2828E	0x52B67	3	0	yes
4281	0x28299	0x43370	3	0	yes
4282	0x282A0	0x51B08	3	0	yes
4283	0x282A5	0x432D0	3	0	yes
4284	0x282AA	0x52B68	3	0	yes
4285	0x282B4	0x43370	3	0	yes
4286	0x282BA	0x43370	3	0	yes
4287	0x282C3	0x51F80	3	0	yes
4288	0x282CD	0x51B08	3	0	yes
4289	0x282D2	0x432D0	3	0	yes
4290	0x282D7	0x52B7C	3	0	yes
4291	0x282E2	0x43370	3	0	yes
4292	0x282E9	0x51B08	3	0	yes
4293	0x282EE	0x432D0	3	0	yes
4294	0x282F3	0x52B7D	3	0	yes
4295	0x2830D	0x51B08	3	0	yes
4296	0x28312	0x432D0	3	0	yes
4297	0x28317	0x52B64	3	0	yes
4298	0x28323	0x51B08	3	0	yes
4299	0x28328	0x432D0	3	0	yes
4300	0x2832D	0x52B6A	3	0	yes
4301	0x28339	0x51B08	3	0	yes
4302	0x2833E	0x432D0	3	0	yes
4303	0x28343	0x52B6C	3	0	yes
4304	0x2834F	0x51B08	3	0	yes
4305	0x28354	0x432D0	3	0	yes
4306	0x28359	0x52B5D	3	0	yes
4307	0x28365	0x51B08	3	0	yes
4308	0x2836A	0x432D0	3	0	yes
4309	0x2836F	0x52B78	3	0	yes
4310	0x2837B	0x51B08	3	0	yes
4311	0x28380	0x432D0	3	0	yes
4312	0x28385	0x52B77	3	0	yes
4313	0x28391	0x51B08	3	0	yes
4314	0x28396	0x432D0	3	0	yes
4315	0x2839B	0x52B65	3	0	yes
4316	0x283A7	0x51B08	3	0	yes
4317	0x283AC	0x432D0	3	0	yes
4318	0x283B1	0x52B58	3	0	yes
4319	0x283BD	0x51B08	3	0	yes
4320	0x283C2	0x432D0	3	0	yes
4321	0x283C7	0x52B57	3	0	yes
4322	0x283D3	0x51B08	3	0	yes
4323	0x283D8	0x432D0	3	0	yes
4324	0x283DD	0x52B73	3	0	yes
4325	0x283E6	0x51B08	3	0	yes
4326	0x283EB	0x432D0	3	0	yes
4327	0x283F0	0x52B74	3	0	yes
4328	0x283FA	0x51B08	3	0	yes
4329	0x283FF	0x432D0	3	0	yes
4330	0x28404	0x52B81	3	0	yes
4331	0x2840E	0x51B08	3	0	yes
4332	0x28413	0x432D0	3	0	yes
4333	0x28418	0x52B60	3	0	yes
4334	0x28422	0x51B08	3	0	yes
4335	0x28427	0x432D0	3	0	yes
4336	0x2842C	0x52B6E	3	0	yes
4337	0x28435	0x42980	3	0	yes
4338	0x2843D	0x42940	3	0	yes
4339	0x28455	0x51B08	3	0	yes
4340	0x28565	0x51B08	3	0	yes
4341	0x2856A	0x432D0	3	0	yes
4342	0x28572	0x42980	3	0	yes
4343	0x28577	0x432D0	3	0	yes
4344	0x2857D	0x4303C	3	0	yes
4345	0x2859A	0x432D4	3	0	yes
4346	0x285A0	0x47680	3	0	yes
4347	0x285A6	0x428E0	3	0	yes
4348	0x285AF	0x429C8	3	0	yes
4349	0x285B8	0x428D8	3	0	yes
4350	0x285C7	0x4303C	3	0	yes
4351	0x285CF	0x51B08	3	0	yes
4352	0x285DC	0x432D0	3	0	yes
4353	0x285E8	0x432D0	3	0	yes
4354	0x285F4	0x432D0	3	0	yes
4355	0x28600	0x432D0	3	0	yes
4356	0x2860C	0x432D0	3	0	yes
4357	0x28619	0x432D0	3	0	yes
4358	0x28627	0x432D0	3	0	yes
4359	0x28635	0x432D0	3	0	yes
4360	0x28643	0x432D0	3	0	yes
4361	0x28651	0x432D0	3	0	yes
4362	0x2865F	0x432D0	3	0	yes
4363	0x2866D	0x432D0	3	0	yes
4364	0x2867B	0x432D0	3	0	yes
4365	0x28689	0x432D0	3	0	yes
4366	0x28697	0x432D0	3	0	yes
4367	0x286A5	0x432D0	3	0	yes
4368	0x286B3	0x432D0	3	0	yes
4369	0x286C0	0x4303C	3	0	yes
4370	0x286CA	0x432D0	3	0	yes
4371	0x286DA	0x432D0	3	0	yes
4372	0x286E9	0x4303C	3	0	yes
4373	0x286F3	0x432D0	3	0	yes
4374	0x286FE	0x432D0	3	0	yes
4375	0x28709	0x432D0	3	0	yes
4376	0x28711	0x4303C	3	0	yes
4377	0x2871B	0x432D0	3	0	yes
4378	0x28726	0x432D0	3	0	yes
4379	0x28731	0x432D0	3	0	yes
4380	0x2873C	0x432D0	3	0	yes
4381	0x28747	0x432D0	3	0	yes
4382	0x28752	0x432D0	3	0	yes
4383	0x2875D	0x432D0	3	0	yes
4384	0x28768	0x432D0	3	0	yes
4385	0x28773	0x432D0	3	0	yes
4386	0x2877D	0x4303C	3	0	yes
4387	0x2878D	0x432D0	3	0	yes
4388	0x28797	0x51B08	3	0	yes
4389	0x287A0	0x52B27	3	0	yes
4390	0x287DF	0x432D0	3	0	yes
4391	0x287EC	0x432D0	3	0	yes
4392	0x287F6	0x528E4	3	0	yes
4393	0x28812	0x528E4	3	0	yes
4394	0x28837	0x51B08	3	0	yes
4395	0x2883E	0x528E4	3	0	yes
4396	0x28848	0x528E4	3	0	yes
4397	0x2886C	0x47680	3	0	yes
4398	0x28879	0x528E4	3	0	yes
4399	0x28895	0x528E4	3	0	yes
4400	0x2889F	0x528E4	3	0	yes
4401	0x288D5	0x42948	3	0	yes
4402	0x28968	0x51B08	3	0	yes
4403	0x2896F	0x52B27	3	0	yes
4404	0x28987	0x432D0	3	0	yes
4405	0x28994	0x432D0	3	0	yes
4406	0x289B8	0x47680	3	0	yes
4407	0x289C4	0x47680	3	0	yes
4408	0x289E2	0x432D4	3	0	yes
4409	0x28A00	0x51B08	3	0	yes
4410	0x28A07	0x528E4	3	0	yes
4411	0x28A1C	0x51B08	3	0	yes
4412	0x28A23	0x528E4	3	0	yes
4413	0x28A83	0x51B08	3	0	yes
4414	0x28A9B	0x43370	3	0	yes
4415	0x28ABA	0x51AF4	3	0	yes
4416	0x28ABE	0x420B4	3	0	yes
4417	0x28B62	0x410F6	3	0	yes
4418	0x28B69	0x40650	3	0	yes
4419	0x28B74	0x413A0	3	0	yes
4420	0x28B7F	0x513E6	3	0	yes
4421	0x28BA1	0x432D8	3	0	yes
4422	0x28BB2	0x550E0	3	0	yes
4423	0x28BC8	0x513DC	3	0	yes
4424	0x28BDC	0x513DC	3	0	yes
4425	0x28BE3	0x513DC	3	0	yes
4426	0x28C08	0x548C0	3	0	yes
4427	0x28C13	0x5567C	3	0	yes
4428	0x28C19	0x513DC	3	0	yes
4429	0x28C25	0x513DC	3	0	yes
4430	0x28C2E	0x432D8	3	0	yes
4431	0x28C35	0x432D0	3	0	yes
4432	0x28C42	0x513E4	3	0	yes
4433	0x28C50	0x513E4	3	0	yes
4434	0x28C61	0x55970	3	0	yes
4435	0x28C71	0x513DC	3	0	yes
4436	0x28C85	0x513DC	3	0	yes
4437	0x28C90	0x5120C	3	0	yes
4438	0x28C98	0x511A0	3	0	yes
4439	0x28CA1	0x513DC	3	0	yes
4440	0x28CE2	0x513E4	3	0	yes
4441	0x28CFC	0x5132C	3	0	yes
4442	0x28D10	0x5132C	3	0	yes
4443	0x28D27	0x5132C	3	0	yes
4444	0x28D35	0x5132E	3	0	yes
4445	0x28D45	0x513E4	3	0	yes
4446	0x28D52	0x513E4	3	0	yes
4447	0x28D5F	0x513DC	3	0	yes
4448	0x28D74	0x432D8	3	0	yes
4449	0x28D86	0x51330	3	0	yes
4450	0x28D94	0x513FA	3	0	yes
4451	0x28D9F	0x513E0	3	0	yes
4452	0x28DA6	0x513E4	3	0	yes
4453	0x28DAF	0x410F8	3	0	yes
4454	0x28DC3	0x550E0	3	0	yes
4455	0x28DE8	0x548C0	3	0	yes
4456	0x28DF0	0x5567C	3	0	yes
4457	0x28E03	0x548C0	3	0	yes
4458	0x28E1A	0x550E0	3	0	yes
4459	0x28E37	0x513DC	3	0	yes
4460	0x28E49	0x513DC	3	0	yes
4461	0x28E86	0x55590	3	0	yes
4462	0x28E95	0x55590	3	0	yes
4463	0x28EA0	0x432D8	3	0	yes
4464	0x28EBB	0x554A4	3	0	yes
4465	0x28EC9	0x553D4	3	0	yes
4466	0x28EED	0x548C0	3	0	yes
4467	0x28EFC	0x5567C	3	0	yes
4468	0x28F15	0x553D4	3	0	yes
4469	0x28F1D	0x548C0	3	0	yes
4470	0x28F31	0x513E4	3	0	yes
4471	0x28F46	0x513E4	3	0	yes
4472	0x28F5A	0x51AF4	3	0	yes
4473	0x28F5E	0x420B4	3	0	yes
4474	0x28F64	0x429AC	3	0	yes
4475	0x28F6E	0x5188C	3	0	yes
4476	0x28F78	0x4303C	3	0	yes
4477	0x28FAB	0x4303C	3	0	yes
4478	0x28FBA	0x51407	3	0	yes
4479	0x28FCA	0x4303C	3	0	yes
4480	0x28FE8	0x4303C	3	0	yes
4481	0x28FF3	0x47684	3	0	yes
4482	0x29003	0x47684	3	0	yes
4483	0x29014	0x42960	3	0	yes
4484	0x29019	0x432DC	3	0	yes
4485	0x2901F	0x432D8	3	0	yes
4486	0x29025	0x47684	3	0	yes
4487	0x2902D	0x432D8	3	0	yes
4488	0x29036	0x4303C	3	0	yes
4489	0x29041	0x47684	3	0	yes
4490	0x29049	0x432D8	3	0	yes
4491	0x2905E	0x432DC	3	0	yes
4492	0x29064	0x4303C	3	0	yes
4493	0x29097	0x432DC	3	0	yes
4494	0x290AD	0x432D8	3	0	yes
4495	0x290CB	0x42948	3	0	yes
4496	0x290DD	0x432D8	3	0	yes
4497	0x29114	0x432DC	3	0	yes
4498	0x29150	0x432DC	3	0	yes
4499	0x2915F	0x432D8	3	0	yes
4500	0x2916B	0x429A4	3	0	yes
4501	0x29171	0x429A4	3	0	yes
4502	0x29178	0x42F58	3	0	yes
4503	0x29188	0x429A4	3	0	yes
4504	0x2918E	0x42F58	3	0	yes
4505	0x29193	0x432DC	3	0	yes
4506	0x29198	0x432DC	3	0	yes
4507	0x291B9	0x432DC	3	0	yes
4508	0x291CC	0x432DC	3	0	yes
4509	0x291DF	0x432DC	3	0	yes
4510	0x291EE	0x432DC	3	0	yes
4511	0x291F9	0x4303C	3	0	yes
4512	0x29204	0x432DC	3	0	yes
4513	0x2921D	0x432D8	3	0	yes
4514	0x29258	0x432D8	3	0	yes
4515	0x29269	0x43060	3	0	yes
4516	0x2926F	0x4321C	3	0	yes
4517	0x2927F	0x4303C	3	0	yes
4518	0x2928E	0x43060	3	0	yes
4519	0x2929B	0x40654	3	0	yes
4520	0x292A8	0x429A4	3	0	yes
4521	0x292BC	0x4303C	3	0	yes
4522	0x292CC	0x4768C	3	0	yes
4523	0x292D7	0x40654	3	0	yes
4524	0x292E4	0x429A4	3	0	yes
4525	0x292F8	0x4303C	3	0	yes
4526	0x2930B	0x432DC	3	0	yes
4527	0x29311	0x4303C	3	0	yes
4528	0x29318	0x4303C	3	0	yes
4529	0x29341	0x432DC	3	0	yes
4530	0x2934C	0x432DC	3	0	yes
4531	0x2935F	0x4768C	3	0	yes
4532	0x2936F	0x4768C	3	0	yes
4533	0x29379	0x432D8	3	0	yes
4534	0x29385	0x432D8	3	0	yes
4535	0x2938F	0x432D8	3	0	yes
4536	0x2939D	0x4303C	3	0	yes
4537	0x293A8	0x432D8	3	0	yes
4538	0x293B0	0x432D8	3	0	yes
4539	0x293C6	0x432D8	3	0	yes
4540	0x293CB	0x432D8	3	0	yes
4541	0x293D1	0x43228	3	0	yes
4542	0x293DF	0x4303C	3	0	yes
4543	0x293EA	0x47684	3	0	yes
4544	0x293FC	0x428C8	3	0	yes
4545	0x29413	0x40654	3	0	yes
4546	0x29420	0x429A4	3	0	yes
4547	0x29434	0x51AF4	3	0	yes
4548	0x29438	0x420B4	3	0	yes
4549	0x29443	0x428C8	3	0	yes
4550	0x29474	0x47684	3	0	yes
4551	0x29487	0x432D8	3	0	yes
4552	0x2948D	0x4303C	3	0	yes
4553	0x29499	0x428C8	3	0	yes
4554	0x294AD	0x40654	3	0	yes
4555	0x294BA	0x429A4	3	0	yes
4556	0x294CE	0x51AF4	3	0	yes
4557	0x294D2	0x420B4	3	0	yes
4558	0x294DD	0x428C8	3	0	yes
4559	0x294F9	0x428C8	3	0	yes
4560	0x2951B	0x432D8	3	0	yes
4561	0x29521	0x4303C	3	0	yes
4562	0x2953E	0x432D8	3	0	yes
4563	0x29544	0x4303C	3	0	yes
4564	0x29551	0x432D8	3	0	yes
4565	0x29569	0x432D8	3	0	yes
4566	0x2956F	0x432D8	3	0	yes
4567	0x2957B	0x4298C	3	0	yes
4568	0x2958D	0x40650	3	0	yes
4569	0x29593	0x432D8	3	0	yes
4570	0x2959C	0x40650	3	0	yes
4571	0x295B5	0x432D8	3	0	yes
4572	0x295C2	0x432D8	3	0	yes
4573	0x295CD	0x429C8	3	0	yes
4574	0x295D3	0x4303C	3	0	yes
4575	0x295DF	0x429C8	3	0	yes
4576	0x295E7	0x432D8	3	0	yes
4577	0x295F2	0x432D8	3	0	yes
4578	0x295FC	0x43020	3	0	yes
4579	0x2960B	0x43020	3	0	yes
4580	0x2961A	0x43020	3	0	yes
4581	0x29629	0x43020	3	0	yes
4582	0x2964F	0x432D8	3	0	yes
4583	0x29663	0x432D8	3	0	yes
4584	0x2966E	0x4303C	3	0	yes
4585	0x2967C	0x432D8	3	0	yes
4586	0x29687	0x432D8	3	0	yes
4587	0x29691	0x43020	3	0	yes
4588	0x296A0	0x43020	3	0	yes
4589	0x296AF	0x43020	3	0	yes
4590	0x296CC	0x432D8	3	0	yes
4591	0x296D7	0x4303C	3	0	yes
4592	0x296E3	0x43034	3	0	yes
4593	0x296F1	0x432D8	3	0	yes
4594	0x296FD	0x432D8	3	0	yes
4595	0x29706	0x4298C	3	0	yes
4596	0x29712	0x432D8	3	0	yes
4597	0x29720	0x4298C	3	0	yes
4598	0x29726	0x4298C	3	0	yes
4599	0x29734	0x432D8	3	0	yes
4600	0x29742	0x432D8	3	0	yes
4601	0x29771	0x432D8	3	0	yes
4602	0x29788	0x432D8	3	0	yes
4603	0x2979D	0x432D8	3	0	yes
4604	0x297D3	0x432D8	3	0	yes
4605	0x297E9	0x432D8	3	0	yes
4606	0x297FE	0x4303C	3	0	yes
4607	0x29835	0x432D8	3	0	yes
4608	0x2983A	0x432D8	3	0	yes
4609	0x29842	0x432D8	3	0	yes
4610	0x2984D	0x432D8	3	0	yes
4611	0x29853	0x443E8	3	0	yes
4612	0x2985F	0x432D8	3	0	yes
4613	0x2986A	0x4303C	3	0	yes
4614	0x2987C	0x432D8	3	0	yes
4615	0x2988F	0x432D8	3	0	yes
4616	0x298A8	0x432D8	3	0	yes
4617	0x298C4	0x432D8	3	0	yes
4618	0x298D0	0x432D8	3	0	yes
4619	0x298E8	0x432D8	3	0	yes
4620	0x298EE	0x432D8	3	0	yes
4621	0x298FA	0x4298C	3	0	yes
4622	0x2990C	0x40650	3	0	yes
4623	0x29912	0x432D8	3	0	yes
4624	0x2991B	0x40650	3	0	yes
4625	0x29934	0x432D8	3	0	yes
4626	0x29941	0x432D8	3	0	yes
4627	0x2994C	0x428F4	3	0	yes
4628	0x29958	0x51437	3	0	yes
4629	0x29967	0x51464	3	0	yes
4630	0x2997E	0x432D8	3	0	yes
4631	0x29983	0x432D8	3	0	yes
4632	0x2998B	0x432D8	3	0	yes
4633	0x29991	0x47404	3	0	yes
4634	0x29999	0x432D8	3	0	yes
4635	0x299B0	0x432D8	3	0	yes
4636	0x299B5	0x432D8	3	0	yes
4637	0x299BD	0x432D8	3	0	yes
4638	0x299C3	0x47404	3	0	yes
4639	0x299CB	0x432D8	3	0	yes
4640	0x299DA	0x428C8	3	0	yes
4641	0x299E7	0x43858	3	0	yes
4642	0x29A03	0x4303C	3	0	yes
4643	0x29A14	0x428C8	3	0	yes
4644	0x29A21	0x43858	3	0	yes
4645	0x29A2E	0x43858	3	0	yes
4646	0x29A42	0x4303C	3	0	yes
4647	0x29A4E	0x4303C	3	0	yes
4648	0x29A59	0x47684	3	0	yes
4649	0x29A81	0x513E4	3	0	yes
4650	0x29A95	0x51AF4	3	0	yes
4651	0x29A99	0x420B4	3	0	yes
4652	0x29B0D	0x47648	3	0	yes
4653	0x29B27	0x47640	3	0	yes
4654	0x29B3D	0x47644	3	0	yes
4655	0x29B4A	0x47640	3	0	yes
4656	0x29B51	0x47640	3	0	yes
4657	0x29B56	0x47648	3	0	yes
4658	0x29B5D	0x47648	3	0	yes
4659	0x29B62	0x47644	3	0	yes
4660	0x29B69	0x47644	3	0	yes
4661	0x29B6F	0x47634	3	0	yes
4662	0x29B76	0x47634	3	0	yes
4663	0x29B90	0x513E4	3	0	yes
4664	0x29BA4	0x51AF4	3	0	yes
4665	0x29BA8	0x420B4	3	0	yes
4666	0x29BC8	0x47644	3	0	yes
4667	0x29BDA	0x47640	3	0	yes
4668	0x29BE1	0x47640	3	0	yes
4669	0x29BE6	0x47644	3	0	yes
4670	0x29BED	0x47644	3	0	yes
4671	0x29BF2	0x4763C	3	0	yes
4672	0x29BF9	0x4763C	3	0	yes
4673	0x29BFE	0x47638	3	0	yes
4674	0x29C05	0x47638	3	0	yes
4675	0x29C0B	0x47634	3	0	yes
4676	0x29C12	0x47634	3	0	yes
4677	0x29C30	0x47644	3	0	yes
4678	0x29C3E	0x47644	3	0	yes
4679	0x29C5E	0x47648	3	0	yes
4680	0x29C6C	0x47648	3	0	yes
4681	0x29CA1	0x513E4	3	0	yes
4682	0x29CB5	0x51AF4	3	0	yes
4683	0x29CB9	0x420B4	3	0	yes
4684	0x29CF6	0x42948	3	0	yes
4685	0x29D18	0x513E4	3	0	yes
4686	0x29D2C	0x51AF4	3	0	yes
4687	0x29D30	0x420B4	3	0	yes
4688	0x29D69	0x513E4	3	0	yes
4689	0x29DA6	0x4764C	3	0	yes
4690	0x29DCC	0x4763C	3	0	yes
4691	0x29DF3	0x47638	3	0	yes
4692	0x29E0C	0x47638	3	0	yes
4693	0x29E29	0x4764C	3	0	yes
4694	0x29E35	0x47638	3	0	yes
4695	0x29E3B	0x4764C	3	0	yes
4696	0x29E50	0x47638	3	0	yes
4697	0x29E58	0x47638	3	0	yes
4698	0x29E60	0x4764C	3	0	yes
4699	0x29E65	0x47638	3	0	yes
4700	0x29E7E	0x432D8	3	0	yes
4701	0x29E91	0x432D8	3	0	yes
4702	0x29EA9	0x432D8	3	0	yes
4703	0x29EB1	0x432D8	3	0	yes
4704	0x29ED0	0x432D8	3	0	yes
4705	0x29EE5	0x432D8	3	0	yes
4706	0x29EF0	0x432D8	3	0	yes
4707	0x29F0C	0x432D8	3	0	yes
4708	0x29F24	0x432D8	3	0	yes
4709	0x29F3C	0x432D8	3	0	yes
4710	0x29F54	0x432D8	3	0	yes
4711	0x29F6C	0x432D8	3	0	yes
4712	0x29F84	0x432D8	3	0	yes
4713	0x29F9C	0x432D8	3	0	yes
4714	0x29FB4	0x432D8	3	0	yes
4715	0x29FCC	0x432D8	3	0	yes
4716	0x29FE4	0x432D8	3	0	yes
4717	0x29FFC	0x432D8	3	0	yes
4718	0x2A014	0x432D8	3	0	yes
4719	0x2A02C	0x432D8	3	0	yes
4720	0x2A044	0x432D8	3	0	yes
4721	0x2A05C	0x432D8	3	0	yes
4722	0x2A081	0x432D8	3	0	yes
4723	0x2A08C	0x43028	3	0	yes
4724	0x2A09D	0x43028	3	0	yes
4725	0x2A0AD	0x432D8	3	0	yes
4726	0x2A0C3	0x432D8	3	0	yes
4727	0x2A0D6	0x432D8	3	0	yes
4728	0x2A0E9	0x432D8	3	0	yes
4729	0x2A0FC	0x432D8	3	0	yes
4730	0x2A107	0x43028	3	0	yes
4731	0x2A128	0x43028	3	0	yes
4732	0x2A138	0x432D8	3	0	yes
4733	0x2A14C	0x432D8	3	0	yes
4734	0x2A15F	0x432D8	3	0	yes
4735	0x2A172	0x432D8	3	0	yes
4736	0x2A196	0x432D8	3	0	yes
4737	0x2A1AA	0x432D8	3	0	yes
4738	0x2A1BE	0x432D8	3	0	yes
4739	0x2A1D7	0x432D8	3	0	yes
4740	0x2A1E2	0x43034	3	0	yes
4741	0x2A1EF	0x432D8	3	0	yes
4742	0x2A1FC	0x432D8	3	0	yes
4743	0x2A206	0x432D8	3	0	yes
4744	0x2A20C	0x432D8	3	0	yes
4745	0x2A21C	0x432D8	3	0	yes
4746	0x2A228	0x432D8	3	0	yes
4747	0x2A234	0x43034	3	0	yes
4748	0x2A241	0x432D8	3	0	yes
4749	0x2A24B	0x432D8	3	0	yes
4750	0x2A251	0x432D8	3	0	yes
4751	0x2A261	0x4303C	3	0	yes
4752	0x2A27A	0x432D8	3	0	yes
4753	0x2A280	0x4303C	3	0	yes
4754	0x2A295	0x432D8	3	0	yes
4755	0x2A2A6	0x432D8	3	0	yes
4756	0x2A2C4	0x432D8	3	0	yes
4757	0x2A2FD	0x43058	3	0	yes
4758	0x2A30B	0x432D8	3	0	yes
4759	0x2A31D	0x432D8	3	0	yes
4760	0x2A351	0x40654	3	0	yes
4761	0x2A35E	0x432D8	3	0	yes
4762	0x2A36A	0x432D8	3	0	yes
4763	0x2A373	0x432D8	3	0	yes
4764	0x2A37E	0x40654	3	0	yes
4765	0x2A384	0x4303C	3	0	yes
4766	0x2A397	0x432D8	3	0	yes
4767	0x2A3A9	0x432D8	3	0	yes
4768	0x2A3BE	0x432D8	3	0	yes
4769	0x2A3D4	0x432D8	3	0	yes
4770	0x2A3F3	0x2A3F7	3	0	yes
4771	0x2A3F7	0x28F2E	3	0	yes
4772	0x2A3FB	0x28F85	3	0	yes
4773	0x2A3FF	0x28F95	3	0	yes
4774	0x2A403	0x28F9F	3	0	yes
4775	0x2A407	0x28FA9	3	0	yes
4776	0x2A40B	0x28FC8	3	0	yes
4777	0x2A40F	0x2A78B	3	0	yes
4778	0x2A413	0x28FE6	3	0	yes
4779	0x2A417	0x28FF2	3	0	yes
4780	0x2A41B	0x2A78B	3	0	yes
4781	0x2A41F	0x2A78B	3	0	yes
4782	0x2A423	0x2A78B	3	0	yes
4783	0x2A427	0x2A78B	3	0	yes
4784	0x2A42B	0x29002	3	0	yes
4785	0x2A42F	0x29013	3	0	yes
4786	0x2A433	0x29040	3	0	yes
4787	0x2A437	0x29055	3	0	yes
4788	0x2A43B	0x2906E	3	0	yes
4789	0x2A43F	0x290A0	3	0	yes
4790	0x2A443	0x2914E	3	0	yes
4791	0x2A447	0x2915D	3	0	yes
4792	0x2A44B	0x29169	3	0	yes
4793	0x2A44F	0x2A78B	3	0	yes
4794	0x2A453	0x291AC	3	0	yes
4795	0x2A457	0x291C2	3	0	yes
4796	0x2A45B	0x291D5	3	0	yes
4797	0x2A45F	0x291E8	3	0	yes
4798	0x2A463	0x291F7	3	0	yes
4799	0x2A467	0x2A78B	3	0	yes
4800	0x2A46B	0x2920D	3	0	yes
4801	0x2A46F	0x29226	3	0	yes
4802	0x2A473	0x29235	3	0	yes
4803	0x2A477	0x29244	3	0	yes
4804	0x2A47B	0x29256	3	0	yes
4805	0x2A47F	0x2A78B	3	0	yes
4806	0x2A483	0x2A78B	3	0	yes
4807	0x2A487	0x2A78B	3	0	yes
4808	0x2A48B	0x29265	3	0	yes
4809	0x2A48F	0x2927D	3	0	yes
4810	0x2A493	0x29289	3	0	yes
4811	0x2A497	0x2A78B	3	0	yes
4812	0x2A49B	0x2A78B	3	0	yes
4813	0x2A49F	0x292C6	3	0	yes
4814	0x2A4A3	0x29302	3	0	yes
4815	0x2A4A7	0x29322	3	0	yes
4816	0x2A4AB	0x2934A	3	0	yes
4817	0x2A4AF	0x2935D	3	0	yes
4818	0x2A4B3	0x2A78B	3	0	yes
4819	0x2A4B7	0x2936C	3	0	yes
4820	0x2A4BB	0x29378	3	0	yes
4821	0x2A4BF	0x2938E	3	0	yes
4822	0x2A4C3	0x2939B	3	0	yes
4823	0x2A4C7	0x293A7	3	0	yes
4824	0x2A4CB	0x293BE	3	0	yes
4825	0x2A4CF	0x2A78B	3	0	yes
4826	0x2A4D3	0x2A78B	3	0	yes
4827	0x2A4D7	0x293DD	3	0	yes
4828	0x2A4DB	0x2A78B	3	0	yes
4829	0x2A4DF	0x293E9	3	0	yes
4830	0x2A4E3	0x293FA	3	0	yes
4831	0x2A4E7	0x29441	3	0	yes
4832	0x2A4EB	0x2945F	3	0	yes
4833	0x2A4EF	0x2946C	3	0	yes
4834	0x2A4F3	0x2A78B	3	0	yes
4835	0x2A4F7	0x2A78B	3	0	yes
4836	0x2A4FB	0x29497	3	0	yes
4837	0x2A4FF	0x294DB	3	0	yes
4838	0x2A503	0x294F7	3	0	yes
4839	0x2A507	0x29513	3	0	yes
4840	0x2A50B	0x2952B	3	0	yes
4841	0x2A50F	0x2954E	3	0	yes
4842	0x2A513	0x29566	3	0	yes
4843	0x2A517	0x29589	3	0	yes
4844	0x2A51B	0x295AA	3	0	yes
4845	0x2A51F	0x2A78B	3	0	yes
4846	0x2A523	0x295BE	3	0	yes
4847	0x2A527	0x295CB	3	0	yes
4848	0x2A52B	0x295DD	3	0	yes
4849	0x2A52F	0x295F0	3	0	yes
4850	0x2A533	0x29609	3	0	yes
4851	0x2A537	0x29618	3	0	yes
4852	0x2A53B	0x29627	3	0	yes
4853	0x2A53F	0x2A78B	3	0	yes
4854	0x2A543	0x29636	3	0	yes
4855	0x2A547	0x29645	3	0	yes
4856	0x2A54B	0x29658	3	0	yes
4857	0x2A54F	0x2966C	3	0	yes
4858	0x2A553	0x29678	3	0	yes
4859	0x2A557	0x29685	3	0	yes
4860	0x2A55B	0x2969E	3	0	yes
4861	0x2A55F	0x296AD	3	0	yes
4862	0x2A563	0x2A78B	3	0	yes
4863	0x2A567	0x296BC	3	0	yes
4864	0x2A56B	0x2A78B	3	0	yes
4865	0x2A56F	0x296D5	3	0	yes
4866	0x2A573	0x296E1	3	0	yes
4867	0x2A577	0x296FA	3	0	yes
4868	0x2A57B	0x2A78B	3	0	yes
4869	0x2A57F	0x2970F	3	0	yes
4870	0x2A583	0x2973F	3	0	yes
4871	0x2A587	0x29763	3	0	yes
4872	0x2A58B	0x2977A	3	0	yes
4873	0x2A58F	0x29791	3	0	yes
4874	0x2A593	0x2A78B	3	0	yes
4875	0x2A597	0x297A6	3	0	yes
4876	0x2A59B	0x297B5	3	0	yes
4877	0x2A59F	0x297C1	3	0	yes
4878	0x2A5A3	0x297D0	3	0	yes
4879	0x2A5A7	0x2A78B	3	0	yes
4880	0x2A5AB	0x29808	3	0	yes
4881	0x2A5AF	0x29817	3	0	yes
4882	0x2A5B3	0x29823	3	0	yes
4883	0x2A5B7	0x29832	3	0	yes
4884	0x2A5BB	0x2A78B	3	0	yes
4885	0x2A5BF	0x2A78B	3	0	yes
4886	0x2A5C3	0x29874	3	0	yes
4887	0x2A5C7	0x29885	3	0	yes
4888	0x2A5CB	0x29898	3	0	yes
4889	0x2A5CF	0x298B1	3	0	yes
4890	0x2A5D3	0x298CD	3	0	yes
4891	0x2A5D7	0x298E5	3	0	yes
4892	0x2A5DB	0x29908	3	0	yes
4893	0x2A5DF	0x29929	3	0	yes
4894	0x2A5E3	0x2A78B	3	0	yes
4895	0x2A5E7	0x2993D	3	0	yes
4896	0x2A5EB	0x2994A	3	0	yes
4897	0x2A5EF	0x299A6	3	0	yes
4898	0x2A5F3	0x299D8	3	0	yes
4899	0x2A5F7	0x29A0D	3	0	yes
4900	0x2A5FB	0x29A12	3	0	yes
4901	0x2A5FF	0x2A78B	3	0	yes
4902	0x2A603	0x2A78B	3	0	yes
4903	0x2A607	0x29A4C	3	0	yes
4904	0x2A60B	0x29A58	3	0	yes
4905	0x2A60F	0x2A78B	3	0	yes
4906	0x2A613	0x29A68	3	0	yes
4907	0x2A617	0x2A78B	3	0	yes
4908	0x2A61B	0x2A78B	3	0	yes
4909	0x2A61F	0x2A78B	3	0	yes
4910	0x2A623	0x29A76	3	0	yes
4911	0x2A627	0x29AA2	3	0	yes
4912	0x2A62B	0x29AA7	3	0	yes
4913	0x2A62F	0x29AB4	3	0	yes
4914	0x2A633	0x29AC1	3	0	yes
4915	0x2A637	0x29AC6	3	0	yes
4916	0x2A63B	0x29AD7	3	0	yes
4917	0x2A63F	0x29AE1	3	0	yes
4918	0x2A643	0x29AE6	3	0	yes
4919	0x2A647	0x29AF8	3	0	yes
4920	0x2A64B	0x29B02	3	0	yes
4921	0x2A64F	0x29B0C	3	0	yes
4922	0x2A653	0x29BB1	3	0	yes
4923	0x2A657	0x29BBE	3	0	yes
4924	0x2A65B	0x29C2E	3	0	yes
4925	0x2A65F	0x29C5C	3	0	yes
4926	0x2A663	0x29C8A	3	0	yes
4927	0x2A667	0x29C96	3	0	yes
4928	0x2A66B	0x29CC2	3	0	yes
4929	0x2A66F	0x29D39	3	0	yes
4930	0x2A673	0x29D43	3	0	yes
4931	0x2A677	0x29D4D	3	0	yes
4932	0x2A67B	0x29D57	3	0	yes
4933	0x2A67F	0x29D61	3	0	yes
4934	0x2A683	0x29D66	3	0	yes
4935	0x2A687	0x29D74	3	0	yes
4936	0x2A68B	0x29D7E	3	0	yes
4937	0x2A68F	0x29D88	3	0	yes
4938	0x2A693	0x29D92	3	0	yes
4939	0x2A697	0x29DA4	3	0	yes
4940	0x2A69B	0x2A78B	3	0	yes
4941	0x2A69F	0x29DB3	3	0	yes
4942	0x2A6A3	0x29DC0	3	0	yes
4943	0x2A6A7	0x29DF1	3	0	yes
4944	0x2A6AB	0x29E76	3	0	yes
4945	0x2A6AF	0x29EA1	3	0	yes
4946	0x2A6B3	0x29ECE	3	0	yes
4947	0x2A6B7	0x2A78B	3	0	yes
4948	0x2A6BB	0x29EDD	3	0	yes
4949	0x2A6BF	0x29EEE	3	0	yes
4950	0x2A6C3	0x2A78B	3	0	yes
4951	0x2A6C7	0x29EFD	3	0	yes
4952	0x2A6CB	0x29F15	3	0	yes
4953	0x2A6CF	0x29F2D	3	0	yes
4954	0x2A6D3	0x29F45	3	0	yes
4955	0x2A6D7	0x29F5D	3	0	yes
4956	0x2A6DB	0x29F75	3	0	yes
4957	0x2A6DF	0x29F8D	3	0	yes
4958	0x2A6E3	0x29FA5	3	0	yes
4959	0x2A6E7	0x29FBD	3	0	yes
4960	0x2A6EB	0x29FD5	3	0	yes
4961	0x2A6EF	0x29FED	3	0	yes
4962	0x2A6F3	0x2A005	3	0	yes
4963	0x2A6F7	0x2A01D	3	0	yes
4964	0x2A6FB	0x2A035	3	0	yes
4965	0x2A6FF	0x2A04D	3	0	yes
4966	0x2A703	0x2A065	3	0	yes
4967	0x2A707	0x2A78B	3	0	yes
4968	0x2A70B	0x2A08A	3	0	yes
4969	0x2A70F	0x2A0B6	3	0	yes
4970	0x2A713	0x2A0CC	3	0	yes
4971	0x2A717	0x2A0DF	3	0	yes
4972	0x2A71B	0x2A0F2	3	0	yes
4973	0x2A71F	0x2A105	3	0	yes
4974	0x2A723	0x2A141	3	0	yes
4975	0x2A727	0x2A155	3	0	yes
4976	0x2A72B	0x2A168	3	0	yes
4977	0x2A72F	0x2A17B	3	0	yes
4978	0x2A733	0x2A19F	3	0	yes
4979	0x2A737	0x2A1B3	3	0	yes
4980	0x2A73B	0x2A1C7	3	0	yes
4981	0x2A73F	0x2A1E0	3	0	yes
4982	0x2A743	0x2A21A	3	0	yes
4983	0x2A747	0x2A25F	3	0	yes
4984	0x2A74B	0x2A26B	3	0	yes
4985	0x2A74F	0x2A28A	3	0	yes
4986	0x2A753	0x2A29E	3	0	yes
4987	0x2A757	0x2A78B	3	0	yes
4988	0x2A75B	0x2A2AF	3	0	yes
4989	0x2A75F	0x2A2BB	3	0	yes
4990	0x2A763	0x2A2ED	3	0	yes
4991	0x2A767	0x2A314	3	0	yes
4992	0x2A76B	0x2A33D	3	0	yes
4993	0x2A76F	0x2A34F	3	0	yes
4994	0x2A773	0x2A35A	3	0	yes
4995	0x2A777	0x2A367	3	0	yes
4996	0x2A77B	0x2A38E	3	0	yes
4997	0x2A77F	0x2A3A0	3	0	yes
4998	0x2A783	0x2A3B2	3	0	yes
4999	0x2A787	0x2A3C7	3	0	yes
5000	0x2A7EA	0x428F4	3	0	yes
5001	0x2A802	0x51470	3	0	yes
5002	0x2A824	0x518A0	3	0	yes
5003	0x2A82E	0x4308A	3	0	yes
5004	0x2A838	0x43080	3	0	yes
5005	0x2A842	0x43080	3	0	yes
5006	0x2A84F	0x4307C	3	0	yes
5007	0x2A855	0x4308B	3	0	yes
5008	0x2A88F	0x51C14	3	0	yes
5009	0x2A8B8	0x518A0	3	0	yes
5010	0x2A8C2	0x4308A	3	0	yes
5011	0x2A8CB	0x4307C	3	0	yes
5012	0x2A8E0	0x4307C	3	0	yes
5013	0x2A8E9	0x4307C	3	0	yes
5014	0x2A8F1	0x518A0	3	0	yes
5015	0x2A8F8	0x43070	3	0	yes
5016	0x2A922	0x4307C	3	0	yes
5017	0x2A92A	0x4307C	3	0	yes
5018	0x2A95E	0x518A0	3	0	yes
5019	0x2A965	0x43070	3	0	yes
5020	0x2A98C	0x518E8	3	0	yes
5021	0x2A9A4	0x42998	3	0	yes
5022	0x2A9CB	0x429C8	3	0	yes
5023	0x2A9D4	0x50E30	3	0	yes
5024	0x2A9F3	0x429C8	3	0	yes
5025	0x2A9FC	0x4303D	3	0	yes
5026	0x2AA1F	0x429C8	3	0	yes
5027	0x2AA35	0x518BC	3	0	yes
5028	0x2AA3C	0x518BC	3	0	yes
5029	0x2AA5B	0x43024	3	0	yes
5030	0x2AA6C	0x51496	3	0	yes
5031	0x2AA77	0x43224	3	0	yes
5032	0x2AA94	0x518C0	3	0	yes
5033	0x2AABA	0x518AC	3	0	yes
5034	0x2AADA	0x5149E	3	0	yes
5035	0x2AAE4	0x51492	3	0	yes
5036	0x2AAEA	0x43224	3	0	yes
5037	0x2AAF7	0x4321C	3	0	yes
5038	0x2AAFD	0x428E0	3	0	yes
5039	0x2AB06	0x429C8	3	0	yes
5040	0x2AB0F	0x428D8	3	0	yes
5041	0x2AB38	0x43228	3	0	yes
5042	0x2AB43	0x518A0	3	0	yes
5043	0x2AB4A	0x43070	3	0	yes
5044	0x2AB67	0x518A0	3	0	yes
5045	0x2AB6E	0x43070	3	0	yes
5046	0x2ABAC	0x43228	3	0	yes
5047	0x2ABB5	0x518A0	3	0	yes
5048	0x2ABBC	0x43070	3	0	yes
5049	0x2ABD1	0x43070	3	0	yes
5050	0x2AC03	0x518A0	3	0	yes
5051	0x2AC0A	0x4308A	3	0	yes
5052	0x2AC29	0x518A0	3	0	yes
5053	0x2AC31	0x43080	3	0	yes
5054	0x2AC4F	0x518A0	3	0	yes
5055	0x2AC6D	0x428F4	3	0	yes
5056	0x2AC7A	0x5149E	3	0	yes
5057	0x2ACA4	0x429C8	3	0	yes
5058	0x2ACAD	0x50E30	3	0	yes
5059	0x2AD02	0x518A0	3	0	yes
5060	0x2AD09	0x43070	3	0	yes
5061	0x2AD15	0x518A0	3	0	yes
5062	0x2AD1C	0x43070	3	0	yes
5063	0x2AD35	0x43074	3	0	yes
5064	0x2AD4B	0x518A0	3	0	yes
5065	0x2AD52	0x43070	3	0	yes
5066	0x2AD75	0x43228	3	0	yes
5067	0x2AD8F	0x518A0	3	0	yes
5068	0x2AD96	0x43070	3	0	yes
5069	0x2ADA9	0x43080	3	0	yes
5070	0x2ADD8	0x428F4	3	0	yes
5071	0x2ADE1	0x41594	3	0	yes
5072	0x2AE00	0x514C0	3	0	yes
5073	0x2AE26	0x4159C	3	0	yes
5074	0x2AE5E	0x43228	3	0	yes
5075	0x2AE78	0x518A0	3	0	yes
5076	0x2AE80	0x43080	3	0	yes
5077	0x2AEB2	0x518A0	3	0	yes
5078	0x2AEBE	0x4308A	3	0	yes
5079	0x2AEC8	0x43080	3	0	yes
5080	0x2AEE0	0x4308B	3	0	yes
5081	0x2AEF1	0x43080	3	0	yes
5082	0x2AEFB	0x43080	3	0	yes
5083	0x2AF08	0x4307C	3	0	yes
5084	0x2AF0E	0x4308B	3	0	yes
5085	0x2AF1D	0x518A0	3	0	yes
5086	0x2AF26	0x43080	3	0	yes
5087	0x2AF33	0x4307C	3	0	yes
5088	0x2AF3B	0x4307C	3	0	yes
5089	0x2AF52	0x43080	3	0	yes
5090	0x2AF61	0x43080	3	0	yes
5091	0x2AF6C	0x43228	3	0	yes
5092	0x2AF7E	0x4308A	3	0	yes
5093	0x2AF87	0x43070	3	0	yes
5094	0x2AFB6	0x428F4	3	0	yes
5095	0x2AFBE	0x514DE	3	0	yes
5096	0x2AFCB	0x518A0	3	0	yes
5097	0x2AFD2	0x43070	3	0	yes
5098	0x2B00E	0x518A0	3	0	yes
5099	0x2B018	0x4307C	3	0	yes
5100	0x2B027	0x4308B	3	0	yes
5101	0x2B033	0x4308A	3	0	yes
5102	0x2B03F	0x4308B	3	0	yes
5103	0x2B054	0x47640	3	0	yes
5104	0x2B060	0x47648	3	0	yes
5105	0x2B06C	0x47644	3	0	yes
5106	0x2B08E	0x47640	3	0	yes
5107	0x2B09B	0x47648	3	0	yes
5108	0x2B0B0	0x47640	3	0	yes
5109	0x2B0B7	0x47640	3	0	yes
5110	0x2B0BD	0x47648	3	0	yes
5111	0x2B0C8	0x47648	3	0	yes
5112	0x2B0DE	0x47644	3	0	yes
5113	0x2B0F6	0x47648	3	0	yes
5114	0x2B103	0x47644	3	0	yes
5115	0x2B110	0x47640	3	0	yes
5116	0x2B117	0x47640	3	0	yes
5117	0x2B11C	0x47648	3	0	yes
5118	0x2B123	0x47648	3	0	yes
5119	0x2B128	0x47644	3	0	yes
5120	0x2B12F	0x47644	3	0	yes
5121	0x2B135	0x47634	3	0	yes
5122	0x2B2D0	0x52B27	3	0	yes
5123	0x2B37F	0x429A4	3	0	yes
5124	0x2B3E9	0x429A4	3	0	yes
5125	0x2B46F	0x5150C	3	0	yes
5126	0x2B493	0x51511	3	0	yes
5127	0x2B49D	0x51517	3	0	yes
5128	0x2B4A7	0x5151E	3	0	yes
5129	0x2B4CE	0x51524	3	0	yes
5130	0x2B4D5	0x5152B	3	0	yes
5131	0x2B4DC	0x51533	3	0	yes
5132	0x2B4F2	0x51540	3	0	yes
5133	0x2B504	0x51547	3	0	yes
5134	0x2B516	0x5154F	3	0	yes
5135	0x2B51F	0x51556	3	0	yes
5136	0x2B52C	0x5155C	3	0	yes
5137	0x2B53B	0x51562	3	0	yes
5138	0x2B544	0x5156C	3	0	yes
5139	0x2B55D	0x51500	3	0	yes
5140	0x2B576	0x51508	3	0	yes
5141	0x2B586	0x51500	3	0	yes
5142	0x2B595	0x5156D	3	0	yes
5143	0x2B5C6	0x51571	3	0	yes
5144	0x2B625	0x51577	3	0	yes
5145	0x2B6F2	0x51597	3	0	yes
5146	0x2B6FA	0x5157A	3	0	yes
5147	0x2B702	0x5159F	3	0	yes
5148	0x2B70A	0x5158D	3	0	yes
5149	0x2B712	0x51583	3	0	yes
5150	0x2B71F	0x428F4	3	0	yes
5151	0x2B736	0x515AA	3	0	yes
5152	0x2B76C	0x515B7	3	0	yes
5153	0x2B787	0x515C2	3	0	yes
5154	0x2B79B	0x515CD	3	0	yes
5155	0x2B7B8	0x515CF	3	0	yes
5156	0x2B7C0	0x515B2	3	0	yes
5157	0x2B7CD	0x515D2	3	0	yes
5158	0x2B7EB	0x515D5	3	0	yes
5159	0x2B7F3	0x515E4	3	0	yes
5160	0x2B7FB	0x515DC	3	0	yes
5161	0x2B80E	0x515EA	3	0	yes
5162	0x2B81C	0x515F6	3	0	yes
5163	0x2B82F	0x51601	3	0	yes
5164	0x2B842	0x5160A	3	0	yes
5165	0x2B852	0x443E8	3	0	yes
5166	0x2B952	0x51613	3	0	yes
5167	0x2B965	0x5161D	3	0	yes
5168	0x2B978	0x51624	3	0	yes
5169	0x2B9A5	0x43058	3	0	yes
5170	0x2B9B0	0x51500	3	0	yes
5171	0x2B9E3	0x5162E	3	0	yes
5172	0x2B9FA	0x51508	3	0	yes
5173	0x2BA02	0x42990	3	0	yes
5174	0x2BA0F	0x51508	3	0	yes
5175	0x2BA74	0x51636	3	0	yes
5176	0x2BAA5	0x5163A	3	0	yes
5177	0x2BAB8	0x51641	3	0	yes
5178	0x2BAC9	0x428F4	3	0	yes
5179	0x2BAE8	0x5164B	3	0	yes
5180	0x2BAF6	0x51653	3	0	yes
5181	0x2BB04	0x51659	3	0	yes
5182	0x2BB1B	0x51660	3	0	yes
5183	0x2BB2F	0x51663	3	0	yes
5184	0x2BB3D	0x51668	3	0	yes
5185	0x2BB4D	0x51678	3	0	yes
5186	0x2BB7A	0x5167B	3	0	yes
5187	0x2BB87	0x5167D	3	0	yes
5188	0x2BB99	0x51688	3	0	yes
5189	0x2BBA6	0x51693	3	0	yes
5190	0x2BBC1	0x5169B	3	0	yes
5191	0x2BBCF	0x516A4	3	0	yes
5192	0x2BBDD	0x516AE	3	0	yes
5193	0x2BBEB	0x516B8	3	0	yes
5194	0x2BBF9	0x516C0	3	0	yes
5195	0x2BC0C	0x516CB	3	0	yes
5196	0x2BC1A	0x516D7	3	0	yes
5197	0x2BC2D	0x516E2	3	0	yes
5198	0x2BC40	0x516EB	3	0	yes
5199	0x51780	0x51700	3	0	yes
5200	0x51784	0x51701	3	0	yes
5201	0x51788	0x51704	3	0	yes
5202	0x5178C	0x51707	3	0	yes
5203	0x51790	0x5170C	3	0	yes
5204	0x51794	0x51711	3	0	yes
5205	0x51798	0x51717	3	0	yes
5206	0x5179C	0x5171E	3	0	yes
5207	0x517A0	0x51726	3	0	yes
5208	0x517A4	0x5172A	3	0	yes
5209	0x517A8	0x5172E	3	0	yes
5210	0x517AC	0x51731	3	0	yes
5211	0x517B0	0x51734	3	0	yes
5212	0x517B4	0x51737	3	0	yes
5213	0x517B8	0x5173A	3	0	yes
5214	0x517BC	0x5173D	3	0	yes
5215	0x517C0	0x5173F	3	0	yes
5216	0x517C4	0x51743	3	0	yes
5217	0x517C8	0x51745	3	0	yes
5218	0x517CC	0x51749	3	0	yes
5219	0x517D0	0x5174E	3	0	yes
5220	0x517EC	0x517E0	3	0	yes
5221	0x518DC	0x476A4	3	0	yes
5222	0x518E4	0x518D4	3	0	yes
5223	0x518E8	0x518D4	3	0	yes
5224	0x518EC	0x518D4	3	0	yes
5225	0x518F0	0x518D4	3	0	yes
5226	0x51AF4	0x420B4	3	0	yes
5227	0x51AF8	0x415B4	3	0	yes
5228	0x51AFC	0x415B4	3	0	yes
5229	0x51B00	0x420B4	3	0	yes
5230	0x51C04	0x517E1	3	0	yes
5231	0x51C08	0x517E3	3	0	yes
5232	0x51C0C	0x517EA	3	0	yes
5233	0x2BC62	0x4291C	3	0	yes
5234	0x2BC68	0x4291C	3	0	yes
5235	0x2BC71	0x4293C	3	0	yes
5236	0x2BC77	0x4293C	3	0	yes
5237	0x2BC88	0x47ADC	3	0	yes
5238	0x2BCB0	0x51F80	3	0	yes
5239	0x2BCC0	0x47698	3	0	yes
5240	0x2BCCE	0x51F66	3	0	yes
5241	0x2BCE2	0x2BC60	3	0	yes
5242	0x2BCED	0x51D58	3	0	yes
5243	0x2BCFF	0x51CD0	3	0	yes
5244	0x2BD06	0x51CCC	3	0	yes
5245	0x2BD0C	0x51CD0	3	0	yes
5246	0x2BD1C	0x4296C	3	0	yes
5247	0x2BD32	0x47AE8	3	0	yes
5248	0x2BD3B	0x47AE8	3	0	yes
5249	0x2BD49	0x47AB4	3	0	yes
5250	0x2BD52	0x47AB4	3	0	yes
5251	0x2BD56	0x51F74	3	0	yes
5252	0x2BD5C	0x47AB4	3	0	yes
5253	0x2BD77	0x2BD7B	3	0	yes
5254	0x2BD7B	0x2BE0E	3	0	yes
5255	0x2BD7F	0x2BDCB	3	0	yes
5256	0x2BD83	0x2BDE6	3	0	yes
5257	0x2BD87	0x2BDCB	3	0	yes
5258	0x2BD8B	0x2BDDF	3	0	yes
5259	0x2BD8F	0x2BDCB	3	0	yes
5260	0x2BD93	0x2BDCB	3	0	yes
5261	0x2BD97	0x2BDCB	3	0	yes
5262	0x2BD9B	0x2BDEF	3	0	yes
5263	0x2BD9F	0x2BDCB	3	0	yes
5264	0x2BDA3	0x2BE0E	3	0	yes
5265	0x2BDA7	0x2BDCB	3	0	yes
5266	0x2BDAB	0x2BDCB	3	0	yes
5267	0x2BDAF	0x2BDCB	3	0	yes
5268	0x2BDB3	0x2BDCB	3	0	yes
5269	0x2BDB7	0x2BE0E	3	0	yes
5270	0x2BDBB	0x2BDCB	3	0	yes
5271	0x2BDBF	0x2BDF8	3	0	yes
5272	0x2BDC3	0x2BDCB	3	0	yes
5273	0x2BDC7	0x2BE04	3	0	yes
5274	0x2BDE1	0x428D0	3	0	yes
5275	0x2BDE8	0x428D0	3	0	yes
5276	0x2BDF1	0x428D0	3	0	yes
5277	0x2BDFA	0x43040	3	0	yes
5278	0x2BE06	0x47694	3	0	yes
5279	0x51CDC	0x428F4	3	0	yes
5280	0x51CE8	0x428F4	3	0	yes
5281	0x51CF4	0x41594	3	0	yes
5282	0x51D00	0x428EC	3	0	yes
5283	0x51D0C	0x43024	3	0	yes
5284	0x51D18	0x428C0	3	0	yes
5285	0x51D24	0x428C8	3	0	yes
5286	0x51D30	0x51C10	3	0	yes
5287	0x51D3C	0x47AD8	3	0	yes
5288	0x51D48	0x429C0	3	0	yes
5289	0x51D58	0x51C20	3	0	yes
5290	0x51D5C	0x51C04	3	0	yes
5291	0x51D64	0x51C25	3	0	yes
5292	0x51D68	0x428D4	3	0	yes
5293	0x51D70	0x51C29	3	0	yes
5294	0x51D74	0x4336C	3	0	yes
5295	0x51D7C	0x51C2C	3	0	yes
5296	0x51D80	0x51B0C	3	0	yes
5297	0x51D88	0x51C30	3	0	yes
5298	0x51D8C	0x42900	3	0	yes
5299	0x51D94	0x51C33	3	0	yes
5300	0x51D98	0x51B88	3	0	yes
5301	0x51DA0	0x51C37	3	0	yes
5302	0x51DA4	0x415AC	3	0	yes
5303	0x51DAC	0x51C3B	3	0	yes
5304	0x51DB0	0x428FC	3	0	yes
5305	0x51DB8	0x51C40	3	0	yes
5306	0x51DBC	0x4296C	3	0	yes
5307	0x51DC4	0x51C43	3	0	yes
5308	0x51DC8	0x42F54	3	0	yes
5309	0x51DD0	0x51C46	3	0	yes
5310	0x51DD4	0x47AD0	3	0	yes
5311	0x51DDC	0x51C4A	3	0	yes
5312	0x51DE0	0x43400	3	0	yes
5313	0x51DE8	0x51C4E	3	0	yes
5314	0x51DEC	0x428D0	3	0	yes
5315	0x51DF4	0x51C52	3	0	yes
5316	0x51DF8	0x47AAC	3	0	yes
5317	0x51E00	0x51C56	3	0	yes
5318	0x51E04	0x518A8	3	0	yes
5319	0x51E0C	0x51C5A	3	0	yes
5320	0x51E10	0x51C10	3	0	yes
5321	0x51E18	0x51C5E	3	0	yes
5322	0x51E1C	0x51C10	3	0	yes
5323	0x51E24	0x51C63	3	0	yes
5324	0x51E28	0x51CD4	3	0	yes
5325	0x51E30	0x51C67	3	0	yes
5326	0x51E34	0x43404	3	0	yes
5327	0x51E3C	0x51C6B	3	0	yes
5328	0x51E40	0x4294C	3	0	yes
5329	0x51E48	0x51C6F	3	0	yes
5330	0x51E4C	0x47AB8	3	0	yes
5331	0x51E54	0x51C74	3	0	yes
5332	0x51E58	0x51C08	3	0	yes
5333	0x51E60	0x51C79	3	0	yes
5334	0x51E64	0x51C0C	3	0	yes
5335	0x51E6C	0x51C7E	3	0	yes
5336	0x51E70	0x43820	3	0	yes
5337	0x51E78	0x51C82	3	0	yes
5338	0x51E7C	0x42950	3	0	yes
5339	0x51E84	0x51C86	3	0	yes
5340	0x51E88	0x51888	3	0	yes
5341	0x51E90	0x51C8A	3	0	yes
5342	0x51E94	0x429B4	3	0	yes
5343	0x51E9C	0x51C8E	3	0	yes
5344	0x51EA0	0x43064	3	0	yes
5345	0x51EA8	0x51C92	3	0	yes
5346	0x51EAC	0x47AA8	3	0	yes
5347	0x51EB4	0x51C96	3	0	yes
5348	0x51EB8	0x429C4	3	0	yes
5349	0x51EC0	0x51C9A	3	0	yes
5350	0x51EC4	0x428E0	3	0	yes
5351	0x51ECC	0x51C9F	3	0	yes
5352	0x51ED0	0x428D8	3	0	yes
5353	0x51ED8	0x51CA4	3	0	yes
5354	0x51EDC	0x47AB4	3	0	yes
5355	0x51EE4	0x51CA8	3	0	yes
5356	0x51EE8	0x47ABC	3	0	yes
5357	0x51EF0	0x51CAC	3	0	yes
5358	0x51EF4	0x4295C	3	0	yes
5359	0x51EFC	0x51CB0	3	0	yes
5360	0x51F00	0x4306C	3	0	yes
5361	0x51F08	0x51CB4	3	0	yes
5362	0x51F0C	0x43044	3	0	yes
5363	0x51F14	0x51CB8	3	0	yes
5364	0x51F18	0x428F0	3	0	yes
5365	0x51F20	0x51CBC	3	0	yes
5366	0x51F24	0x428F8	3	0	yes
5367	0x51F2C	0x51CC0	3	0	yes
5368	0x51F30	0x42904	3	0	yes
5369	0x51F38	0x51CC4	3	0	yes
5370	0x51F3C	0x42934	3	0	yes
5371	0x51F44	0x51CC8	3	0	yes
5372	0x51F48	0x51CD0	3	0	yes
5373	0x7077C	0x70000	3	0	yes
5374	0x70780	0x70006	3	0	yes
5375	0x70784	0x70008	3	0	yes
5376	0x70788	0x7000B	3	0	yes
5377	0x7078C	0x7000D	3	0	yes
5378	0x70790	0x7000F	3	0	yes
5379	0x70794	0x70013	3	0	yes
5380	0x70798	0x70015	3	0	yes
5381	0x7079C	0x70017	3	0	yes
5382	0x707A0	0x70019	3	0	yes
5383	0x707A4	0x7001B	3	0	yes
5384	0x707A8	0x7001D	3	0	yes
5385	0x707AC	0x7001F	3	0	yes
5386	0x707B0	0x70022	3	0	yes
5387	0x707B4	0x70025	3	0	yes
5388	0x707B8	0x70028	3	0	yes
5389	0x707BC	0x7002A	3	0	yes
5390	0x707C0	0x7002C	3	0	yes
5391	0x707C4	0x7002E	3	0	yes
5392	0x707C8	0x70033	3	0	yes
5393	0x707CC	0x70035	3	0	yes
5394	0x707D0	0x70038	3	0	yes
5395	0x707D4	0x7003B	3	0	yes
5396	0x707D8	0x7003E	3	0	yes
5397	0x707DC	0x70041	3	0	yes
5398	0x707E0	0x70044	3	0	yes
5399	0x707E4	0x70047	3	0	yes
5400	0x707E8	0x70049	3	0	yes
5401	0x707EC	0x7004B	3	0	yes
5402	0x707F0	0x7004D	3	0	yes
5403	0x707F4	0x70050	3	0	yes
5404	0x707F8	0x70053	3	0	yes
5405	0x707FC	0x70055	3	0	yes
5406	0x70800	0x70057	3	0	yes
5407	0x70804	0x7005A	3	0	yes
5408	0x70808	0x7005D	3	0	yes
5409	0x7080C	0x70060	3	0	yes
5410	0x70810	0x70063	3	0	yes
5411	0x70814	0x70066	3	0	yes
5412	0x70818	0x70069	3	0	yes
5413	0x7081C	0x7006E	3	0	yes
5414	0x70820	0x70070	3	0	yes
5415	0x70824	0x70073	3	0	yes
5416	0x70828	0x70075	3	0	yes
5417	0x7082C	0x70077	3	0	yes
5418	0x70830	0x70079	3	0	yes
5419	0x70834	0x7007D	3	0	yes
5420	0x70838	0x7007F	3	0	yes
5421	0x7083C	0x70082	3	0	yes
5422	0x70840	0x70088	3	0	yes
5423	0x70844	0x7008A	3	0	yes
5424	0x70848	0x7008D	3	0	yes
5425	0x7084C	0x70090	3	0	yes
5426	0x70850	0x70094	3	0	yes
5427	0x70854	0x70096	3	0	yes
5428	0x70858	0x70098	3	0	yes
5429	0x7085C	0x7009E	3	0	yes
5430	0x70860	0x700A1	3	0	yes
5431	0x70864	0x700A6	3	0	yes
5432	0x70868	0x700A8	3	0	yes
5433	0x7086C	0x700AA	3	0	yes
5434	0x70870	0x700AC	3	0	yes
5435	0x70874	0x700B0	3	0	yes
5436	0x70878	0x700B2	3	0	yes
5437	0x7087C	0x700B5	3	0	yes
5438	0x70880	0x700BA	3	0	yes
5439	0x70884	0x700BD	3	0	yes
5440	0x70888	0x700C0	3	0	yes
5441	0x7088C	0x700C4	3	0	yes
5442	0x70890	0x700C7	3	0	yes
5443	0x70894	0x700CA	3	0	yes
5444	0x70898	0x700CD	3	0	yes
5445	0x7089C	0x700D0	3	0	yes
5446	0x708A0	0x700D3	3	0	yes
5447	0x708A4	0x700D8	3	0	yes
5448	0x708A8	0x700DC	3	0	yes
5449	0x70A18	0x700DF	3	0	yes
5450	0x70A1C	0x700E4	3	0	yes
5451	0x70A20	0x700E9	3	0	yes
5452	0x70A24	0x700F0	3	0	yes
5453	0x70A28	0x700F8	3	0	yes
5454	0x70A2C	0x70100	3	0	yes
5455	0x70A30	0x70107	3	0	yes
5456	0x70A34	0x7010D	3	0	yes
5457	0x70A38	0x70115	3	0	yes
5458	0x70A3C	0x7011E	3	0	yes
5459	0x70A40	0x70127	3	0	yes
5460	0x70A44	0x7012C	3	0	yes
5461	0x70A48	0x70133	3	0	yes
5462	0x70A4C	0x7013A	3	0	yes
5463	0x70A50	0x70141	3	0	yes
5464	0x70A54	0x70147	3	0	yes
5465	0x70A58	0x70150	3	0	yes
5466	0x70A5C	0x70157	3	0	yes
5467	0x70A60	0x7015D	3	0	yes
5468	0x70A64	0x70162	3	0	yes
5469	0x70A68	0x70168	3	0	yes
5470	0x70A6C	0x7016C	3	0	yes
5471	0x70A70	0x7016F	3	0	yes
5472	0x70A74	0x70174	3	0	yes
5473	0x70A78	0x70177	3	0	yes
5474	0x70A7C	0x7017A	3	0	yes
5475	0x70A80	0x7017D	3	0	yes
5476	0x70A84	0x70180	3	0	yes
5477	0x70A88	0x70183	3	0	yes
5478	0x70A8C	0x70186	3	0	yes
5479	0x70A90	0x70189	3	0	yes
5480	0x70A94	0x7018C	3	0	yes
5481	0x70A98	0x7018F	3	0	yes
5482	0x70A9C	0x70191	3	0	yes
5483	0x70AA0	0x70196	3	0	yes
5484	0x70AA4	0x70199	3	0	yes
5485	0x70AA8	0x7019C	3	0	yes
5486	0x70AAC	0x701A1	3	0	yes
5487	0x70AB0	0x701A5	3	0	yes
5488	0x70AB4	0x701A8	3	0	yes
5489	0x70AB8	0x701AF	3	0	yes
5490	0x70ABC	0x701B4	3	0	yes
5491	0x70AC0	0x701B9	3	0	yes
5492	0x70AC4	0x701BE	3	0	yes
5493	0x70AC8	0x701C2	3	0	yes
5494	0x70ACC	0x701C5	3	0	yes
5495	0x70AD0	0x701C8	3	0	yes
5496	0x70AD4	0x701CC	3	0	yes
5497	0x70AD8	0x701CF	3	0	yes
5498	0x70ADC	0x701D2	3	0	yes
5499	0x70AE0	0x701D5	3	0	yes
5500	0x70AE4	0x701D8	3	0	yes
5501	0x70AE8	0x701DB	3	0	yes
5502	0x70AEC	0x701DF	3	0	yes
5503	0x70AF0	0x701E2	3	0	yes
5504	0x70AF4	0x701E5	3	0	yes
5505	0x70AF8	0x701E8	3	0	yes
5506	0x70AFC	0x701EB	3	0	yes
5507	0x70B00	0x701EF	3	0	yes
5508	0x70B04	0x701F2	3	0	yes
5509	0x70B08	0x701F7	3	0	yes
5510	0x70B0C	0x701FE	3	0	yes
5511	0x70B10	0x70203	3	0	yes
5512	0x70B14	0x7020A	3	0	yes
5513	0x70B18	0x7020E	3	0	yes
5514	0x70B1C	0x70212	3	0	yes
5515	0x70B20	0x70217	3	0	yes
5516	0x70B24	0x7021E	3	0	yes
5517	0x70B28	0x70224	3	0	yes
5518	0x70B2C	0x70229	3	0	yes
5519	0x70B30	0x7022D	3	0	yes
5520	0x70B34	0x70233	3	0	yes
5521	0x70B38	0x70238	3	0	yes
5522	0x70B3C	0x7023D	3	0	yes
5523	0x70B40	0x70241	3	0	yes
5524	0x70B44	0x70246	3	0	yes
5525	0x70B48	0x7024A	3	0	yes
5526	0x70B4C	0x70250	3	0	yes
5527	0x70B50	0x70255	3	0	yes
5528	0x70B54	0x70258	3	0	yes
5529	0x70B58	0x7025D	3	0	yes
5530	0x70B5C	0x70264	3	0	yes
5531	0x70B60	0x70268	3	0	yes
5532	0x70B64	0x7026E	3	0	yes
5533	0x70B68	0x70274	3	0	yes
5534	0x70B6C	0x70279	3	0	yes
5535	0x70B70	0x7027F	3	0	yes
5536	0x70B74	0x70286	3	0	yes
5537	0x70B78	0x7028B	3	0	yes
5538	0x70B7C	0x70291	3	0	yes
5539	0x70B80	0x70296	3	0	yes
5540	0x70B84	0x7029C	3	0	yes
5541	0x70B88	0x702A2	3	0	yes
5542	0x70B8C	0x702A9	3	0	yes
5543	0x70B90	0x702AF	3	0	yes
5544	0x70B94	0x702B5	3	0	yes
5545	0x70B98	0x702B9	3	0	yes
5546	0x70B9C	0x702BF	3	0	yes
5547	0x70BA0	0x702C4	3	0	yes
5548	0x70BA4	0x702CA	3	0	yes
5549	0x70BA8	0x702D0	3	0	yes
5550	0x70BAC	0x702D5	3	0	yes
5551	0x70BB0	0x702D9	3	0	yes
5552	0x70BB4	0x702DD	3	0	yes
5553	0x70BB8	0x702E2	3	0	yes
5554	0x70BBC	0x702E8	3	0	yes
5555	0x70BC0	0x702EE	3	0	yes
5556	0x70BC4	0x702F4	3	0	yes
5557	0x70BC8	0x702FA	3	0	yes
5558	0x70BCC	0x70300	3	0	yes
5559	0x70BD0	0x70305	3	0	yes
5560	0x70BD4	0x70309	3	0	yes
5561	0x70BD8	0x7030C	3	0	yes
5562	0x70BDC	0x70312	3	0	yes
5563	0x70BE0	0x70317	3	0	yes
5564	0x70BE4	0x7031C	3	0	yes
5565	0x70BE8	0x70320	3	0	yes
5566	0x70BEC	0x70325	3	0	yes
5567	0x70BF0	0x7032C	3	0	yes
5568	0x70BF4	0x70331	3	0	yes
5569	0x70BF8	0x70335	3	0	yes
5570	0x70BFC	0x7033B	3	0	yes
5571	0x70C00	0x70340	3	0	yes
5572	0x70C04	0x70346	3	0	yes
5573	0x70C08	0x7034B	3	0	yes
5574	0x70C0C	0x70350	3	0	yes
5575	0x70C10	0x70355	3	0	yes
5576	0x70C14	0x70359	3	0	yes
5577	0x70C18	0x7035F	3	0	yes
5578	0x70C1C	0x70364	3	0	yes
5579	0x70C20	0x70369	3	0	yes
5580	0x70C24	0x7036D	3	0	yes
5581	0x70C28	0x70372	3	0	yes
5582	0x70C2C	0x70379	3	0	yes
5583	0x70C30	0x7037D	3	0	yes
5584	0x70C34	0x70383	3	0	yes
5585	0x70C38	0x70388	3	0	yes
5586	0x70C3C	0x7038C	3	0	yes
5587	0x70C40	0x70391	3	0	yes
5588	0x70C44	0x70395	3	0	yes
5589	0x70C48	0x7039A	3	0	yes
5590	0x70C4C	0x7039E	3	0	yes
5591	0x70C50	0x703A3	3	0	yes
5592	0x70C54	0x703A7	3	0	yes
5593	0x70C58	0x703AB	3	0	yes
5594	0x70C5C	0x703B0	3	0	yes
5595	0x70C60	0x703B3	3	0	yes
5596	0x70C64	0x703B8	3	0	yes
5597	0x70C68	0x703BC	3	0	yes
5598	0x70C6C	0x703C2	3	0	yes
5599	0x70C70	0x703C6	3	0	yes
5600	0x70C74	0x703CA	3	0	yes
5601	0x70C78	0x703CD	3	0	yes
5602	0x70C7C	0x703D1	3	0	yes
5603	0x70C80	0x703D5	3	0	yes
5604	0x70C84	0x703D9	3	0	yes
5605	0x70C88	0x703DC	3	0	yes
5606	0x70C8C	0x703DF	3	0	yes
5607	0x70C90	0x703E1	3	0	yes
5608	0x70C94	0x703E5	3	0	yes
5609	0x70C98	0x703E9	3	0	yes
5610	0x70C9C	0x703EB	3	0	yes
5611	0x70CA0	0x703ED	3	0	yes
5612	0x70CA4	0x703F0	3	0	yes
5613	0x70CA8	0x703F3	3	0	yes
5614	0x70CAC	0x703F5	3	0	yes
5615	0x70CB0	0x703F7	3	0	yes
5616	0x70CB4	0x703FA	3	0	yes
5617	0x70CB8	0x703FD	3	0	yes
5618	0x70CBC	0x70400	3	0	yes
5619	0x70CC0	0x70403	3	0	yes
5620	0x70CC4	0x70407	3	0	yes
5621	0x70CC8	0x7040A	3	0	yes
5622	0x70CCC	0x7040E	3	0	yes
5623	0x70CD0	0x70411	3	0	yes
5624	0x70CD4	0x70414	3	0	yes
5625	0x70CD8	0x70417	3	0	yes
5626	0x70CDC	0x7041B	3	0	yes
5627	0x70CE0	0x7041E	3	0	yes
5628	0x70CE4	0x70422	3	0	yes
5629	0x70CE8	0x70425	3	0	yes
5630	0x70CEC	0x70428	3	0	yes
5631	0x70CF0	0x7042B	3	0	yes
5632	0x70CF4	0x7042D	3	0	yes
5633	0x70CF8	0x70430	3	0	yes
5634	0x70CFC	0x70432	3	0	yes
5635	0x70D00	0x70437	3	0	yes
5636	0x70D04	0x70439	3	0	yes
5637	0x70D08	0x7043D	3	0	yes
5638	0x70D0C	0x7043F	3	0	yes
5639	0x70D10	0x70442	3	0	yes
5640	0x70D14	0x70444	3	0	yes
5641	0x70D18	0x70447	3	0	yes
5642	0x70D1C	0x70449	3	0	yes
5643	0x70D20	0x7044C	3	0	yes
5644	0x70D24	0x7044F	3	0	yes
5645	0x70D28	0x70452	3	0	yes
5646	0x70D2C	0x70457	3	0	yes
5647	0x70D30	0x7045D	3	0	yes
5648	0x70D34	0x70463	3	0	yes
5649	0x70D38	0x70468	3	0	yes
5650	0x70D3C	0x7046C	3	0	yes
5651	0x70D40	0x70471	3	0	yes
5652	0x70D44	0x70476	3	0	yes
5653	0x70D48	0x7047B	3	0	yes
5654	0x70D4C	0x7047F	3	0	yes
5655	0x70D50	0x70483	3	0	yes
5656	0x70D54	0x70487	3	0	yes
5657	0x70D58	0x7048B	3	0	yes
5658	0x70D5C	0x7048F	3	0	yes
5659	0x70D60	0x70492	3	0	yes
5660	0x70D64	0x70496	3	0	yes
5661	0x70D68	0x70499	3	0	yes
5662	0x70D6C	0x7049C	3	0	yes
5663	0x70D70	0x704A1	3	0	yes
5664	0x70D74	0x704A4	3	0	yes
5665	0x70D78	0x704A7	3	0	yes
5666	0x70D7C	0x704AA	3	0	yes
5667	0x70D80	0x704AE	3	0	yes
5668	0x70D84	0x704B1	3	0	yes
5669	0x70D88	0x704B6	3	0	yes
5670	0x70D8C	0x704BB	3	0	yes
5671	0x70D90	0x704C0	3	0	yes
5672	0x70D94	0x704C5	3	0	yes
5673	0x70D98	0x704CA	3	0	yes
5674	0x70D9C	0x704CE	3	0	yes
5675	0x70DA0	0x704D1	3	0	yes
5676	0x70DA4	0x704D4	3	0	yes
5677	0x70DA8	0x704D7	3	0	yes
5678	0x70DAC	0x704DA	3	0	yes
5679	0x70DB0	0x704DF	3	0	yes
5680	0x70DB4	0x704E4	3	0	yes
5681	0x70DB8	0x704E9	3	0	yes
5682	0x70DBC	0x704ED	3	0	yes
5683	0x70DC0	0x704F0	3	0	yes
5684	0x70DC4	0x704F2	3	0	yes
5685	0x70DC8	0x704F8	3	0	yes
5686	0x70DCC	0x704FD	3	0	yes
5687	0x70DD0	0x70503	3	0	yes
5688	0x70DD4	0x70508	3	0	yes
5689	0x70DD8	0x7050C	3	0	yes
5690	0x70DDC	0x70511	3	0	yes
5691	0x70DE0	0x70515	3	0	yes
5692	0x70DE4	0x7051A	3	0	yes
5693	0x70DE8	0x7051E	3	0	yes
5694	0x70DEC	0x70521	3	0	yes
5695	0x70DF0	0x70524	3	0	yes
5696	0x70DF4	0x70527	3	0	yes
5697	0x70DF8	0x7052B	3	0	yes
5698	0x70DFC	0x7052F	3	0	yes
5699	0x70E00	0x70532	3	0	yes
5700	0x70E04	0x70536	3	0	yes
5701	0x70E08	0x7053B	3	0	yes
5702	0x70E0C	0x70540	3	0	yes
5703	0x70E10	0x70544	3	0	yes
5704	0x70E14	0x70547	3	0	yes
5705	0x70E18	0x7054A	3	0	yes
5706	0x70E1C	0x7054D	3	0	yes
5707	0x70E20	0x70550	3	0	yes
5708	0x70E24	0x70553	3	0	yes
5709	0x70E28	0x70558	3	0	yes
5710	0x70E2C	0x7055D	3	0	yes
5711	0x70E30	0x70562	3	0	yes
5712	0x70E34	0x70566	3	0	yes
5713	0x70E38	0x70569	3	0	yes
5714	0x70E3C	0x7056C	3	0	yes
5715	0x70E40	0x7056F	3	0	yes
5716	0x70E44	0x70573	3	0	yes
5717	0x70E48	0x70577	3	0	yes
5718	0x70E4C	0x7057B	3	0	yes
5719	0x70E50	0x7057F	3	0	yes
5720	0x70E54	0x70582	3	0	yes
5721	0x70E58	0x70586	3	0	yes
5722	0x70E5C	0x70589	3	0	yes
5723	0x70E60	0x7058D	3	0	yes
5724	0x70E64	0x70591	3	0	yes
5725	0x70E68	0x70595	3	0	yes
5726	0x70E6C	0x7059A	3	0	yes
5727	0x70E70	0x7059F	3	0	yes
5728	0x70E74	0x705A3	3	0	yes
5729	0x70E78	0x705A7	3	0	yes
5730	0x70E7C	0x705AC	3	0	yes
5731	0x70E80	0x705B1	3	0	yes
5732	0x70E84	0x705B6	3	0	yes
5733	0x70E88	0x705BB	3	0	yes
5734	0x70E8C	0x705C1	3	0	yes
5735	0x70E90	0x705C6	3	0	yes
5736	0x70E94	0x705CC	3	0	yes
5737	0x70E98	0x705D1	3	0	yes
5738	0x70E9C	0x705D6	3	0	yes
5739	0x70EA0	0x705DB	3	0	yes
5740	0x70EA4	0x705E1	3	0	yes
5741	0x70EA8	0x705E6	3	0	yes
5742	0x70EAC	0x705EC	3	0	yes
5743	0x70EB0	0x705F1	3	0	yes
5744	0x70EB4	0x705F6	3	0	yes
5745	0x70EB8	0x705FA	3	0	yes
5746	0x70EBC	0x705FF	3	0	yes
5747	0x70EC0	0x70603	3	0	yes
5748	0x70EC4	0x70607	3	0	yes
5749	0x70EC8	0x7060B	3	0	yes
5750	0x70ECC	0x70610	3	0	yes
5751	0x70ED0	0x70614	3	0	yes
5752	0x70ED4	0x70619	3	0	yes
5753	0x70ED8	0x7061D	3	0	yes
5754	0x70EDC	0x70622	3	0	yes
5755	0x70EE0	0x70627	3	0	yes
5756	0x70EE4	0x7062C	3	0	yes
5757	0x70EE8	0x70630	3	0	yes
5758	0x70EEC	0x70633	3	0	yes
5759	0x70EF0	0x70636	3	0	yes
5760	0x70EF4	0x70639	3	0	yes
5761	0x70EF8	0x7063D	3	0	yes
5762	0x70EFC	0x70641	3	0	yes
5763	0x70F00	0x70645	3	0	yes
5764	0x70F04	0x70649	3	0	yes
5765	0x70F08	0x7064F	3	0	yes
5766	0x70F0C	0x70653	3	0	yes
5767	0x70F10	0x70656	3	0	yes
5768	0x70F14	0x7065B	3	0	yes
5769	0x70F18	0x7065F	3	0	yes
5770	0x70F1C	0x70663	3	0	yes
5771	0x71C2C	0x70667	3	0	yes
5772	0x71C30	0x70670	3	0	yes
5773	0x71C34	0x70673	3	0	yes
5774	0x71C38	0x70676	3	0	yes
5775	0x71C3C	0x70679	3	0	yes
5776	0x71C40	0x7067C	3	0	yes
5777	0x71C44	0x7067F	3	0	yes
5778	0x71C48	0x70682	3	0	yes
5779	0x71C4C	0x70686	3	0	yes
5780	0x71C50	0x7068A	3	0	yes
5781	0x71C54	0x7068E	3	0	yes
5782	0x71C58	0x70691	3	0	yes
5783	0x71C5C	0x70695	3	0	yes
5784	0x71C60	0x70699	3	0	yes
5785	0x71C64	0x7069D	3	0	yes
5786	0x71C68	0x706A2	3	0	yes
5787	0x71C6C	0x706A9	3	0	yes
5788	0x71C70	0x706AD	3	0	yes
5789	0x71C74	0x706B4	3	0	yes
5790	0x71C78	0x706B8	3	0	yes
5791	0x71C7C	0x706BC	3	0	yes
5792	0x71C80	0x706C1	3	0	yes
5793	0x71C84	0x706C6	3	0	yes
5794	0x71C88	0x706C8	3	0	yes
5795	0x71C8C	0x706CA	3	0	yes
5796	0x71C90	0x706CC	3	0	yes
5797	0x71C94	0x706CE	3	0	yes
5798	0x71C98	0x706D0	3	0	yes
5799	0x71C9C	0x706D2	3	0	yes
5800	0x71CA0	0x706D4	3	0	yes
5801	0x71CA4	0x706D6	3	0	yes
5802	0x71CA8	0x706D8	3	0	yes
5803	0x71CAC	0x706DA	3	0	yes
5804	0x71CB0	0x706DC	3	0	yes
5805	0x71CB4	0x706DE	3	0	yes
5806	0x71CB8	0x706E6	3	0	yes
5807	0x71CBC	0x706E8	3	0	yes
5808	0x71CC0	0x706F4	3	0	yes
5809	0x71CC4	0x706FE	3	0	yes
5810	0x71CC8	0x70705	3	0	yes
5811	0x71CCC	0x7070E	3	0	yes
5812	0x71CD0	0x7071C	3	0	yes
5813	0x71CD4	0x7072A	3	0	yes
5814	0x71CD8	0x70734	3	0	yes
5815	0x71CDC	0x70741	3	0	yes
5816	0x71CE0	0x7074C	3	0	yes
5817	0x71CE4	0x70755	3	0	yes
5818	0x71CE8	0x70761	3	0	yes
5819	0x71CEC	0x70768	3	0	yes
5820	0x71CF0	0x7076F	3	0	yes
5821	0x2C205	0x47ACC	3	0	yes
5822	0x2C20F	0x51C08	3	0	yes
5823	0x2C216	0x52180	3	0	yes
5824	0x2C21C	0x51C08	3	0	yes
5825	0x2C228	0x47ACC	3	0	yes
5826	0x2C232	0x47ACC	3	0	yes
5827	0x2C23B	0x52182	3	0	yes
5828	0x2C249	0x52183	3	0	yes
5829	0x2C25E	0x47ACC	3	0	yes
5830	0x2C26E	0x52184	3	0	yes
5831	0x2C288	0x47ACC	3	0	yes
5832	0x2C29D	0x47ACC	3	0	yes
5833	0x2C37D	0x53371	3	0	yes
5834	0x2C397	0x52284	3	0	yes
5835	0x2C3AF	0x52324	3	0	yes
5836	0x2C3BF	0x52284	3	0	yes
5837	0x2C3C8	0x52288	3	0	yes
5838	0x2C3EB	0x52284	3	0	yes
5839	0x2C3F1	0x52324	3	0	yes
5840	0x2C448	0x52288	3	0	yes
5841	0x2C45C	0x428EC	3	0	yes
5842	0x2C48A	0x428BC	3	0	yes
5843	0x2C490	0x428BC	3	0	yes
5844	0x2C4AE	0x413A0	3	0	yes
5845	0x2C4B4	0x413A0	3	0	yes
5846	0x2C4E7	0x42978	3	0	yes
5847	0x2C4FF	0x52184	3	0	yes
5848	0x2C51C	0x52324	3	0	yes
5849	0x2C534	0x52184	3	0	yes
5850	0x2C544	0x428BC	3	0	yes
5851	0x2C54A	0x428BC	3	0	yes
5852	0x2C555	0x428BC	3	0	yes
5853	0x2C561	0x518A8	3	0	yes
5854	0x2C590	0x47AAC	3	0	yes
5855	0x2C599	0x428BC	3	0	yes
5856	0x2C5C3	0x43818	3	0	yes
5857	0x2C5CC	0x51AFC	3	0	yes
5858	0x2C5D5	0x43818	3	0	yes
5859	0x2C5DB	0x51AFC	3	0	yes
5860	0x2C5E0	0x5232E	3	0	yes
5861	0x2C630	0x52347	3	0	yes
5862	0x2C639	0x52341	3	0	yes
5863	0x2C642	0x52339	3	0	yes
5864	0x2C674	0x52353	3	0	yes
5865	0x2C6BD	0x53690	3	0	yes
5866	0x2C6E6	0x53690	3	0	yes
5867	0x2C6EF	0x5235B	3	0	yes
5868	0x2C6FD	0x4295C	3	0	yes
5869	0x2C706	0x428B4	3	0	yes
5870	0x2C70F	0x428B4	3	0	yes
5871	0x2C739	0x428B4	3	0	yes
5872	0x2C742	0x5235D	3	0	yes
5873	0x52384	0x52360	3	0	yes
5874	0x5238C	0x52365	3	0	yes
5875	0x52394	0x5236A	3	0	yes
5876	0x5239C	0x5236F	3	0	yes
5877	0x523A4	0x52372	3	0	yes
5878	0x523AC	0x52375	3	0	yes
5879	0x523B4	0x52378	3	0	yes
5880	0x523BC	0x5237A	3	0	yes
5881	0x523C4	0x5237C	3	0	yes
5882	0x523CC	0x5237F	3	0	yes
5883	0x2C8A1	0x413B0	3	0	yes
5884	0x2C8DE	0x523E0	3	0	yes
5885	0x2CACF	0x413B0	3	0	yes
5886	0x2CBC4	0x47AE8	3	0	yes
5887	0x2CBCA	0x4293C	3	0	yes
5888	0x2CBE1	0x47AE8	3	0	yes
5889	0x2CBE6	0x4293C	3	0	yes
5890	0x2CC2D	0x4291C	3	0	yes
5891	0x2CC44	0x51F80	3	0	yes
5892	0x5242C	0x523F0	3	0	yes
5893	0x52434	0x523F2	3	0	yes
5894	0x5243C	0x523F4	3	0	yes
5895	0x52464	0x523F6	3	0	yes
5896	0x5246C	0x523F8	3	0	yes
5897	0x52474	0x523FA	3	0	yes
5898	0x5247C	0x523FC	3	0	yes
5899	0x52484	0x523FF	3	0	yes
5900	0x5248C	0x52401	3	0	yes
5901	0x52494	0x52403	3	0	yes
5902	0x5249C	0x52405	3	0	yes
5903	0x524A4	0x52407	3	0	yes
5904	0x524AC	0x52409	3	0	yes
5905	0x524CC	0x5240B	3	0	yes
5906	0x524D4	0x5240D	3	0	yes
5907	0x524DC	0x5240F	3	0	yes
5908	0x524E4	0x52411	3	0	yes
5909	0x524EC	0x52413	3	0	yes
5910	0x52514	0x52415	3	0	yes
5911	0x5251C	0x52417	3	0	yes
5912	0x52524	0x52419	3	0	yes
5913	0x5252C	0x5241B	3	0	yes
5914	0x52534	0x5241D	3	0	yes
5915	0x5253C	0x5241F	3	0	yes
5916	0x52564	0x52421	3	0	yes
5917	0x528E8	0x52580	3	0	yes
5918	0x528EC	0x52588	3	0	yes
5919	0x528F0	0x52593	3	0	yes
5920	0x528F4	0x5259A	3	0	yes
5921	0x528F8	0x525A9	3	0	yes
5922	0x528FC	0x525B9	3	0	yes
5923	0x52900	0x525CE	3	0	yes
5924	0x52904	0x525DB	3	0	yes
5925	0x52908	0x525E9	3	0	yes
5926	0x5290C	0x525FF	3	0	yes
5927	0x52910	0x52616	3	0	yes
5928	0x52914	0x5261B	3	0	yes
5929	0x52918	0x52622	3	0	yes
5930	0x5291C	0x52629	3	0	yes
5931	0x52920	0x52632	3	0	yes
5932	0x52924	0x5180C	3	0	yes
5933	0x52928	0x51838	3	0	yes
5934	0x5292C	0x517F8	3	0	yes
5935	0x52930	0x5263A	3	0	yes
5936	0x52934	0x52644	3	0	yes
5937	0x52938	0x5264D	3	0	yes
5938	0x5293C	0x52657	3	0	yes
5939	0x52940	0x52660	3	0	yes
5940	0x52944	0x52667	3	0	yes
5941	0x52948	0x5266E	3	0	yes
5942	0x5294C	0x52673	3	0	yes
5943	0x52950	0x5267A	3	0	yes
5944	0x52954	0x5267F	3	0	yes
5945	0x52958	0x52683	3	0	yes
5946	0x5295C	0x5268A	3	0	yes
5947	0x52960	0x5268F	3	0	yes
5948	0x52964	0x52695	3	0	yes
5949	0x52968	0x5269E	3	0	yes
5950	0x5296C	0x526A3	3	0	yes
5951	0x52970	0x526A7	3	0	yes
5952	0x52974	0x526AD	3	0	yes
5953	0x52978	0x526B4	3	0	yes
5954	0x5297C	0x526BA	3	0	yes
5955	0x52980	0x526BF	3	0	yes
5956	0x52984	0x526C4	3	0	yes
5957	0x52988	0x526CD	3	0	yes
5958	0x5298C	0x526D6	3	0	yes
5959	0x52990	0x526DD	3	0	yes
5960	0x52994	0x526E6	3	0	yes
5961	0x52998	0x526EB	3	0	yes
5962	0x5299C	0x526F2	3	0	yes
5963	0x529A0	0x526F8	3	0	yes
5964	0x529A4	0x526FA	3	0	yes
5965	0x529A8	0x526FD	3	0	yes
5966	0x529AC	0x52700	3	0	yes
5967	0x529B0	0x52702	3	0	yes
5968	0x529B4	0x5270C	3	0	yes
5969	0x529B8	0x5270E	3	0	yes
5970	0x529BC	0x52710	3	0	yes
5971	0x529C0	0x52713	3	0	yes
5972	0x529C4	0x52715	3	0	yes
5973	0x529C8	0x52718	3	0	yes
5974	0x529CC	0x5271B	3	0	yes
5975	0x529D0	0x5271D	3	0	yes
5976	0x529D4	0x5271F	3	0	yes
5977	0x529D8	0x52721	3	0	yes
5978	0x529DC	0x52724	3	0	yes
5979	0x529E0	0x52727	3	0	yes
5980	0x529E4	0x52729	3	0	yes
5981	0x529E8	0x5272D	3	0	yes
5982	0x529EC	0x52730	3	0	yes
5983	0x529F0	0x52732	3	0	yes
5984	0x529F4	0x52735	3	0	yes
5985	0x529F8	0x52737	3	0	yes
5986	0x529FC	0x5273A	3	0	yes
5987	0x52A00	0x5273C	3	0	yes
5988	0x52A04	0x5273F	3	0	yes
5989	0x52A08	0x52741	3	0	yes
5990	0x52A0C	0x52744	3	0	yes
5991	0x52A10	0x52747	3	0	yes
5992	0x52A14	0x52749	3	0	yes
5993	0x52A18	0x5274C	3	0	yes
5994	0x52A1C	0x5274F	3	0	yes
5995	0x52A20	0x52751	3	0	yes
5996	0x52A24	0x52753	3	0	yes
5997	0x52A28	0x52756	3	0	yes
5998	0x52A2C	0x52759	3	0	yes
5999	0x52A30	0x5275C	3	0	yes
6000	0x52A34	0x5275F	3	0	yes
6001	0x52A38	0x52761	3	0	yes
6002	0x52A3C	0x52765	3	0	yes
6003	0x52A40	0x52768	3	0	yes
6004	0x52A44	0x5276A	3	0	yes
6005	0x52A48	0x52776	3	0	yes
6006	0x52A4C	0x52778	3	0	yes
6007	0x52A50	0x5277B	3	0	yes
6008	0x52A54	0x5278B	3	0	yes
6009	0x52A58	0x5278E	3	0	yes
6010	0x52A5C	0x52794	3	0	yes
6011	0x52A60	0x5279D	3	0	yes
6012	0x52A64	0x527A7	3	0	yes
6013	0x52A68	0x527AD	3	0	yes
6014	0x52A6C	0x527B2	3	0	yes
6015	0x52A70	0x527B7	3	0	yes
6016	0x52A74	0x527C5	3	0	yes
6017	0x52A78	0x527CE	3	0	yes
6018	0x52A7C	0x527D7	3	0	yes
6019	0x52A80	0x527DF	3	0	yes
6020	0x52A84	0x527E6	3	0	yes
6021	0x52A88	0x527E9	3	0	yes
6022	0x52A8C	0x527ED	3	0	yes
6023	0x52A90	0x527F2	3	0	yes
6024	0x52A94	0x527F8	3	0	yes
6025	0x52A98	0x52804	3	0	yes
6026	0x52A9C	0x5280B	3	0	yes
6027	0x52AA0	0x52813	3	0	yes
6028	0x52AA4	0x5281C	3	0	yes
6029	0x52AA8	0x52820	3	0	yes
6030	0x52AAC	0x52829	3	0	yes
6031	0x52AB0	0x5282E	3	0	yes
6032	0x52AB4	0x52831	3	0	yes
6033	0x52AB8	0x52839	3	0	yes
6034	0x52ABC	0x52846	3	0	yes
6035	0x52AC0	0x52848	3	0	yes
6036	0x52AC4	0x5284A	3	0	yes
6037	0x52AC8	0x52854	3	0	yes
6038	0x52ACC	0x5285D	3	0	yes
6039	0x52AD0	0x52866	3	0	yes
6040	0x52AD4	0x52868	3	0	yes
6041	0x52AD8	0x5286A	3	0	yes
6042	0x52ADC	0x52871	3	0	yes
6043	0x52AE0	0x52878	3	0	yes
6044	0x52AE4	0x5287A	3	0	yes
6045	0x52AE8	0x52880	3	0	yes
6046	0x52AEC	0x52882	3	0	yes
6047	0x52AF0	0x5288B	3	0	yes
6048	0x52AF4	0x52892	3	0	yes
6049	0x52AF8	0x5289B	3	0	yes
6050	0x52AFC	0x528A5	3	0	yes
6051	0x52B04	0x528AC	3	0	yes
6052	0x52B08	0x528B1	3	0	yes
6053	0x52B0C	0x528B6	3	0	yes
6054	0x52B10	0x528C3	3	0	yes
6055	0x52B14	0x528CE	3	0	yes
6056	0x52B1C	0x528D4	3	0	yes
6057	0x52B20	0x528DB	3	0	yes
6058	0x2CCD2	0x47AF4	3	0	yes
6059	0x2CCDC	0x47AF0	3	0	yes
6060	0x2CCE6	0x531BC	3	0	yes
6061	0x2CCEE	0x531C8	3	0	yes
6062	0x2CCFA	0x531D0	3	0	yes
6063	0x2CD09	0x531CC	3	0	yes
6064	0x2CD0F	0x531BC	3	0	yes
6065	0x2CD18	0x531BC	3	0	yes
6066	0x2CD22	0x531C0	3	0	yes
6067	0x2CD27	0x531BC	3	0	yes
6068	0x2CD34	0x531C4	3	0	yes
6069	0x0	0x0	0	0	
6070	0x2CD5D	0x2E44A	3	0	yes
6071	0x2CD64	0x2CDE0	3	0	yes
6072	0x0	0x0	0	0	
6073	0x2CD75	0x47AF4	3	0	yes
6074	0x0	0x0	0	0	
6075	0x2CE33	0x531DC	3	0	yes
6076	0x2CE50	0x5321C	3	0	yes
6077	0x2CE91	0x52E90	3	0	yes
6078	0x52E90	0x2D3DE	3	0	yes
6079	0x2CEA2	0x8003C	3	0	yes
6080	0x2CEA8	0x80040	3	0	yes
6081	0x2CEAE	0x80044	3	0	yes
6082	0x2CEB4	0x80048	3	0	yes
6083	0x2CEBA	0x8004C	3	0	yes
6084	0x2CEC0	0x80050	3	0	yes
6085	0x0	0x0	0	0	
6086	0x2CEDC	0x2E44A	3	0	yes
6087	0x2CEE3	0x2CF38	3	0	yes
6088	0x0	0x0	0	0	
6089	0x2CEF5	0x53364	3	0	yes
6090	0x2CEFB	0x53360	3	0	yes
6091	0x2CF01	0x5335C	3	0	yes
6092	0x0	0x0	0	0	
6093	0x2CF4E	0x52EA0	3	0	yes
6094	0x2CF68	0x52ED0	3	0	yes
6095	0x2CFBD	0x52ED0	3	0	yes
6096	0x2CFD9	0x52ED0	3	0	yes
6097	0x2CFF9	0x52ED0	3	0	yes
6098	0x2D01B	0x52ED0	3	0	yes
6099	0x2D040	0x52ED0	3	0	yes
6100	0x2D066	0x52ED0	3	0	yes
6101	0x2D0D1	0x52ED0	3	0	yes
6102	0x2D0F0	0x52ED0	3	0	yes
6103	0x2D110	0x52ED0	3	0	yes
6104	0x2D132	0x52ED0	3	0	yes
6105	0x2D154	0x52ED0	3	0	yes
6106	0x2D176	0x52ED0	3	0	yes
6107	0x2D19F	0x52ED0	3	0	yes
6108	0x2D1B6	0x52ED0	3	0	yes
6109	0x2D1E7	0x52ED0	3	0	yes
6110	0x2D253	0x531A8	3	0	yes
6111	0x2D25C	0x531A8	3	0	yes
6112	0x2D27B	0x53118	3	0	yes
6113	0x2D28C	0x531A8	3	0	yes
6114	0x2D29C	0x53118	3	0	yes
6115	0x2D2AD	0x5311C	3	0	yes
6116	0x2D2C5	0x53224	3	0	yes
6117	0x5311C	0x52EE0	3	0	yes
6118	0x53124	0x52EFA	3	0	yes
6119	0x5312C	0x52F1F	3	0	yes
6120	0x53134	0x52F3E	3	0	yes
6121	0x5313C	0x52F68	3	0	yes
6122	0x53144	0x52F94	3	0	yes
6123	0x5314C	0x52FB5	3	0	yes
6124	0x53154	0x52FE1	3	0	yes
6125	0x5315C	0x5300E	3	0	yes
6126	0x53164	0x5302F	3	0	yes
6127	0x5316C	0x53058	3	0	yes
6128	0x53174	0x5307D	3	0	yes
6129	0x5317C	0x530A6	3	0	yes
6130	0x53184	0x530D9	3	0	yes
6131	0x5318C	0x530E8	3	0	yes
6132	0x53194	0x530F5	3	0	yes
6133	0x5319C	0x53103	3	0	yes
6134	0x531A4	0x53106	3	0	yes
6135	0x2D2E6	0x80054	3	0	yes
6136	0x2D2FD	0x5321C	3	0	yes
6137	0x2D30C	0x53220	3	0	yes
6138	0x2D31B	0x53224	3	0	yes
6139	0x2D324	0x5321C	3	0	yes
6140	0x2D32A	0x531DC	3	0	yes
6141	0x2D350	0x531DC	3	0	yes
6142	0x2D367	0x531DC	3	0	yes
6143	0x2D374	0x53224	3	0	yes
6144	0x2D37C	0x534D8	3	0	yes
6145	0x2D385	0x534D8	3	0	yes
6146	0x2D38B	0x47B00	3	0	yes
6147	0x2D394	0x47B00	3	0	yes
6148	0x2D39A	0x47B10	3	0	yes
6149	0x2D3A3	0x47B10	3	0	yes
6150	0x2D3A9	0x47AFC	3	0	yes
6151	0x2D3B2	0x47AFC	3	0	yes
6152	0x2D3B8	0x47B14	3	0	yes
6153	0x2D3C1	0x47B14	3	0	yes
6154	0x2D41C	0x5336C	3	0	yes
6155	0x2D428	0x47B08	3	0	yes
6156	0x2D431	0x47B08	3	0	yes
6157	0x2D43F	0x47AF8	3	0	yes
6158	0x2D448	0x47AF8	3	0	yes
6159	0x2D44E	0x53624	3	0	yes
6160	0x2D457	0x53624	3	0	yes
6161	0x2D45D	0x47B0C	3	0	yes
6162	0x2D466	0x47B0C	3	0	yes
6163	0x2D4AC	0x80058	3	0	yes
6164	0x2D4B2	0x8005C	3	0	yes
6165	0x2D4B8	0x80060	3	0	yes
6166	0x2D4F5	0x413C0	3	0	yes
6167	0x2D688	0x53371	3	0	yes
6168	0x2D6F5	0x53371	3	0	yes
6169	0x2D74A	0x53371	3	0	yes
6170	0x2D831	0x53371	3	0	yes
6171	0x2D875	0x53371	3	0	yes
6172	0x2D88D	0x2D894	3	0	yes
6173	0x2D894	0x2D580	3	0	yes
6174	0x2D898	0x2D5F4	3	0	yes
6175	0x2D89C	0x2D638	3	0	yes
6176	0x2D8A0	0x2D668	3	0	yes
6177	0x2D8A4	0x2D6BC	3	0	yes
6178	0x2D8A8	0x2D744	3	0	yes
6179	0x2D8AC	0x2D764	3	0	yes
6180	0x2D8B0	0x2D7E0	3	0	yes
6181	0x2D8B4	0x2D7C3	3	0	yes
6182	0x2D8B8	0x2D814	3	0	yes
6183	0x2D8F4	0x413D7	3	0	yes
6184	0x2D8FD	0x413D7	3	0	yes
6185	0x2D935	0x413C0	3	0	yes
6186	0x2DFA3	0x53880	3	0	yes
6187	0x2DFB5	0x539DC	3	0	yes
6188	0x2E056	0x531D8	3	0	yes
6189	0x2E05E	0x531B0	3	0	yes
6190	0x2E068	0x531B4	3	0	yes
6191	0x2E0BA	0x531DC	3	0	yes
6192	0x2E0CE	0x80064	3	0	yes
6193	0x2E0D4	0x80068	3	0	yes
6194	0x2E0E1	0x531B4	3	0	yes
6195	0x2E0E8	0x53480	3	0	yes
6196	0x2E0F9	0x534CA	3	0	yes
6197	0x2E10B	0x531B0	3	0	yes
6198	0x2E11C	0x53481	3	0	yes
6199	0x2E121	0x531B0	3	0	yes
6200	0x2E13A	0x531B0	3	0	yes
6201	0x2E14A	0x531B0	3	0	yes
6202	0x2E165	0x531D8	3	0	yes
6203	0x2E16D	0x531B0	3	0	yes
6204	0x2E177	0x531B4	3	0	yes
6205	0x2E18A	0x531DC	3	0	yes
6206	0x2E19F	0x531B0	3	0	yes
6207	0x2E209	0x531DC	3	0	yes
6208	0x2E21A	0x8006C	3	0	yes
6209	0x2E220	0x80070	3	0	yes
6210	0x2E228	0x531D8	3	0	yes
6211	0x2E230	0x531DC	3	0	yes
6212	0x2E23A	0x531D8	3	0	yes
6213	0x2E247	0x5321C	3	0	yes
6214	0x2E251	0x531D8	3	0	yes
6215	0x2E270	0x531D8	3	0	yes
6216	0x2E27C	0x5321C	3	0	yes
6217	0x2E2C6	0x531B0	3	0	yes
6218	0x2E2D0	0x531B4	3	0	yes
6219	0x2E2EC	0x531D8	3	0	yes
6220	0x2E2F4	0x531DC	3	0	yes
6221	0x2E301	0x5321C	3	0	yes
6222	0x2E34A	0x531B0	3	0	yes
6223	0x2E354	0x531B4	3	0	yes
6224	0x2E36C	0x531D8	3	0	yes
6225	0x2E374	0x531DC	3	0	yes
6226	0x2E37E	0x5321C	3	0	yes
6227	0x2E386	0x531B0	3	0	yes
6228	0x2E390	0x531B4	3	0	yes
6229	0x2E40F	0x531B0	3	0	yes
6230	0x2E419	0x531B4	3	0	yes
6231	0x2E437	0x531DC	3	0	yes
6232	0x2E446	0x80074	3	0	yes
6233	0x2E4B0	0x2E4BA	3	0	yes
6234	0x2E4CC	0x800B0	3	0	yes
6235	0x2E4D2	0x800B4	3	0	yes
6236	0x2E536	0x53670	3	0	yes
6237	0x2E53E	0x53690	3	0	yes
6238	0x2E59A	0x531DC	3	0	yes
6239	0x2E614	0x53500	3	0	yes
6240	0x2E618	0x2EB22	3	0	yes
6241	0x2E61E	0x53504	3	0	yes
6242	0x2E622	0x2E6BA	3	0	yes
6243	0x2E628	0x53508	3	0	yes
6244	0x2E62C	0x2E74A	3	0	yes
6245	0x2E632	0x5350C	3	0	yes
6246	0x2E636	0x2E646	3	0	yes
6247	0x2E63C	0x53510	3	0	yes
6248	0x2E640	0x2E72A	3	0	yes
6249	0x534D8	0x2E606	3	0	yes
6250	0x534DC	0x2E60E	3	0	yes
6251	0x534E0	0x2E60E	3	0	yes
6252	0x2E654	0x53371	3	0	yes
6253	0x2E67C	0x53371	3	0	yes
6254	0x2E796	0x534F6	3	0	yes
6255	0x2E79E	0x413E0	3	0	yes
6256	0x2E847	0x534F0	3	0	yes
6257	0x2E84D	0x534F6	3	0	yes
6258	0x2E8F2	0x534F6	3	0	yes
6259	0x2E90A	0x534F6	3	0	yes
6260	0x2E91A	0x534F6	3	0	yes
6261	0x2E922	0x413E0	3	0	yes
6262	0x2E940	0x534F8	3	0	yes
6263	0x2E947	0x534F8	3	0	yes
6264	0x2E9FF	0x534F6	3	0	yes
6265	0x2EA46	0x534F6	3	0	yes
6266	0x2EA5B	0x534F6	3	0	yes
6267	0x2EA79	0x413E0	3	0	yes
6268	0x2EA82	0x534F8	3	0	yes
6269	0x2EA87	0x413E0	3	0	yes
6270	0x2EA9F	0x413E0	3	0	yes
6271	0x2EAB0	0x413E0	3	0	yes
6272	0x2EABA	0x534F8	3	0	yes
6273	0x2EAC2	0x534FC	3	0	yes
6274	0x2EAC7	0x413E0	3	0	yes
6275	0x2EAD0	0x534F8	3	0	yes
6276	0x2EAF8	0x534FC	3	0	yes
6277	0x53500	0x2F2C6	3	0	yes
6278	0x53504	0x2F2C6	3	0	yes
6279	0x53508	0x2F2C6	3	0	yes
6280	0x5350C	0x2F2C6	3	0	yes
6281	0x53510	0x2F2C6	3	0	yes
6282	0x53514	0x2F2C6	3	0	yes
6283	0x2EBCA	0x413F0	3	0	yes
6284	0x2EBE4	0x41414	3	0	yes
6285	0x2EBEB	0x413F2	3	0	yes
6286	0x2EBF0	0x4140C	3	0	yes
6287	0x2EBF7	0x413F0	3	0	yes
6288	0x2EBFC	0x41410	3	0	yes
6289	0x2EC02	0x41418	3	0	yes
6290	0x2EC06	0x413F4	3	0	yes
6291	0x2EC0B	0x4140C	3	0	yes
6292	0x2ED06	0x53520	3	0	yes
6293	0x2ED35	0x53526	3	0	yes
6294	0x2ED74	0x5352C	3	0	yes
6295	0x2ED7B	0x53533	3	0	yes
6296	0x2F2F2	0x531D8	3	0	yes
6297	0x2F302	0x5321C	3	0	yes
6298	0x2F31C	0x531B0	3	0	yes
6299	0x2F361	0x531DC	3	0	yes
6300	0x2F4C8	0x531B0	3	0	yes
6301	0x2F4E8	0x80078	3	0	yes
6302	0x2F4EE	0x8007C	3	0	yes
6303	0x2F516	0x535E0	3	0	yes
6304	0x2F571	0x53558	3	0	yes
6305	0x2F592	0x5355C	3	0	yes
6306	0x2F5C4	0x41420	3	0	yes
6307	0x2F5D2	0x41420	3	0	yes
6308	0x2F5DD	0x53540	3	0	yes
6309	0x2F5FD	0x53560	3	0	yes
6310	0x2F61C	0x53558	3	0	yes
6311	0x2F62E	0x53371	3	0	yes
6312	0x2F64E	0x53564	3	0	yes
6313	0x2F65F	0x53564	3	0	yes
6314	0x2F667	0x53564	3	0	yes
6315	0x2F672	0x5355C	3	0	yes
6316	0x2F6CB	0x535E4	3	0	yes
6317	0x2F6DC	0x535E8	3	0	yes
6318	0x53560	0x53550	3	0	yes
6319	0x53564	0x53554	3	0	yes
6320	0x2F788	0x53620	3	0	yes
6321	0x2F8AF	0x53650	3	0	yes
6322	0x2F8B5	0x538D0	3	0	yes
6323	0x2F8FC	0x538D0	3	0	yes
6324	0x2F921	0x5336C	3	0	yes
6325	0x53624	0x2F91A	3	0	yes
6326	0x2F93F	0x531D8	3	0	yes
6327	0x2F947	0x531DC	3	0	yes
6328	0x2F976	0x531B4	3	0	yes
6329	0x2F97C	0x531B0	3	0	yes
6330	0x2F990	0x531B0	3	0	yes
6331	0x2F9A4	0x80080	3	0	yes
6332	0x2F9AD	0x536B0	3	0	yes
6333	0x2F9B3	0x538D0	3	0	yes
6334	0x2F9CB	0x538D0	3	0	yes
6335	0x2F9DA	0x531C0	3	0	yes
6336	0x2F9E3	0x5364C	3	0	yes
6337	0x2FA12	0x53638	3	0	yes
6338	0x53630	0x5363C	3	0	yes
6339	0x53634	0x5363C	3	0	yes
6340	0x2FA3A	0x80084	3	0	yes
6341	0x53650	0x47BD8	3	0	yes
6342	0x53658	0x47BD8	3	0	yes
6343	0x538D0	0x538B0	3	0	yes
6344	0x2FA56	0x531D8	3	0	yes
6345	0x2FA64	0x531DC	3	0	yes
6346	0x2FA8B	0x531D8	3	0	yes
6347	0x2FA93	0x531B0	3	0	yes
6348	0x2FA9D	0x531B4	3	0	yes
6349	0x2FAEC	0x531DC	3	0	yes
6350	0x2FB00	0x80088	3	0	yes
6351	0x2FB12	0x531D8	3	0	yes
6352	0x2FB1A	0x531B0	3	0	yes
6353	0x2FB24	0x531B4	3	0	yes
6354	0x2FB4B	0x531DC	3	0	yes
6355	0x2FB58	0x531DC	3	0	yes
6356	0x2FB61	0x5331C	3	0	yes
6357	0x2FB6D	0x5331C	3	0	yes
6358	0x2FB7D	0x5331C	3	0	yes
6359	0x2FB94	0x5321C	3	0	yes
6360	0x2FBC0	0x531B0	3	0	yes
6361	0x2FBC9	0x531B4	3	0	yes
6362	0x2FBE9	0x531DC	3	0	yes
6363	0x2FBFE	0x531DC	3	0	yes
6364	0x2FC0A	0x531DC	3	0	yes
6365	0x2FCAE	0x531DC	3	0	yes
6366	0x2FCC7	0x5331C	3	0	yes
6367	0x2FD17	0x531DC	3	0	yes
6368	0x2FD20	0x531DC	3	0	yes
6369	0x2FD46	0x8008C	3	0	yes
6370	0x2FD59	0x41430	3	0	yes
6371	0x2FD69	0x47B04	3	0	yes
6372	0x2FD6D	0x41430	3	0	yes
6373	0x2FD72	0x47AF4	3	0	yes
6374	0x2FD7C	0x41430	3	0	yes
6375	0x2FDDF	0x5335C	3	0	yes
6376	0x2FDE5	0x53360	3	0	yes
6377	0x2FF6C	0x80090	3	0	yes
6378	0x2FF7D	0x47AF0	3	0	yes
6379	0x2FFAF	0x53364	3	0	yes
6380	0x2FFB4	0x47AF0	3	0	yes
6381	0x300D5	0x500A0	3	0	yes
6382	0x30150	0x531B0	3	0	yes
6383	0x3016F	0x531B0	3	0	yes
6384	0x30179	0x531B4	3	0	yes
6385	0x30231	0x531B0	3	0	yes
6386	0x3024D	0x531B8	3	0	yes
6387	0x302D1	0x531DC	3	0	yes
6388	0x302FB	0x531B4	3	0	yes
6389	0x30356	0x531DC	3	0	yes
6390	0x30363	0x531DC	3	0	yes
6391	0x30392	0x80094	3	0	yes
6392	0x30398	0x80098	3	0	yes
6393	0x3039E	0x8009C	3	0	yes
6394	0x303DE	0x531B0	3	0	yes
6395	0x303E8	0x531B4	3	0	yes
6396	0x3042B	0x531D8	3	0	yes
6397	0x304CC	0x531B4	3	0	yes
6398	0x304D5	0x531B0	3	0	yes
6399	0x3053C	0x531B0	3	0	yes
6400	0x3055F	0x531D8	3	0	yes
6401	0x30567	0x531DC	3	0	yes
6402	0x30570	0x531DC	3	0	yes
6403	0x3058A	0x531DC	3	0	yes
6404	0x3059C	0x531DC	3	0	yes
6405	0x305B8	0x531B0	3	0	yes
6406	0x305C4	0x531B0	3	0	yes
6407	0x30683	0x531D8	3	0	yes
6408	0x3068B	0x531B0	3	0	yes
6409	0x30695	0x531B4	3	0	yes
6410	0x306C0	0x531DC	3	0	yes
6411	0x306D5	0x531DC	3	0	yes
6412	0x30773	0x5321C	3	0	yes
6413	0x307D4	0x5321C	3	0	yes
6414	0x30812	0x531B0	3	0	yes
6415	0x3081E	0x531B4	3	0	yes
6416	0x3083F	0x531DC	3	0	yes
6417	0x30854	0x531B0	3	0	yes
6418	0x3087F	0x53371	3	0	yes
6419	0x3088C	0x53371	3	0	yes
6420	0x308F7	0x60010	3	0	yes
6421	0x30964	0x541B0	3	0	yes
6422	0x3096E	0x541B0	3	0	yes
6423	0x3097C	0x541B0	3	0	yes
6424	0x30989	0x541B0	3	0	yes
6425	0x541B0	0x41540	3	0	yes
6426	0x309A2	0x53371	3	0	yes
6427	0x309AF	0x53371	3	0	yes
6428	0x309D1	0x53371	3	0	yes
6429	0x309EB	0x53371	3	0	yes
6430	0x30A8F	0x41560	3	0	yes
6431	0x30AAE	0x53568	3	0	yes
6432	0x30AB7	0x53580	3	0	yes
6433	0x30B52	0x41560	3	0	yes
6434	0x542E8	0x541C0	3	0	yes
6435	0x542F0	0x541C2	3	0	yes
6436	0x54360	0x541C4	3	0	yes
6437	0x54368	0x541C6	3	0	yes
6438	0x54370	0x541C8	3	0	yes
6439	0x54378	0x541CA	3	0	yes
6440	0x54380	0x541CC	3	0	yes
6441	0x54388	0x541CE	3	0	yes
6442	0x54390	0x541D0	3	0	yes
6443	0x54398	0x541D2	3	0	yes
6444	0x543A0	0x541D4	3	0	yes
6445	0x543A8	0x541D6	3	0	yes
6446	0x543B0	0x541D8	3	0	yes
6447	0x54418	0x541DA	3	0	yes
6448	0x54420	0x541DC	3	0	yes
6449	0x54428	0x541DE	3	0	yes
6450	0x54430	0x541E0	3	0	yes
6451	0x54438	0x541E3	3	0	yes
6452	0x54440	0x541E9	3	0	yes
6453	0x54448	0x541ED	3	0	yes
6454	0x54450	0x541F0	3	0	yes
6455	0x54460	0x541F3	3	0	yes
6456	0x54468	0x541F5	3	0	yes
6457	0x54470	0x541F7	3	0	yes
6458	0x54478	0x541F9	3	0	yes
6459	0x54480	0x541FB	3	0	yes
6460	0x54488	0x541FD	3	0	yes
6461	0x54490	0x54200	3	0	yes
6462	0x54498	0x54202	3	0	yes
6463	0x544A8	0x54204	3	0	yes
6464	0x544B0	0x54207	3	0	yes
6465	0x544B8	0x5420A	3	0	yes
6466	0x544C0	0x5420D	3	0	yes
6467	0x544C8	0x54210	3	0	yes
6468	0x544D0	0x54214	3	0	yes
6469	0x544D8	0x54218	3	0	yes
6470	0x544E0	0x5421B	3	0	yes
6471	0x544E8	0x5421D	3	0	yes
6472	0x544F0	0x5421F	3	0	yes
6473	0x54510	0x54222	3	0	yes
6474	0x54518	0x54225	3	0	yes
6475	0x54520	0x54227	3	0	yes
6476	0x54528	0x54229	3	0	yes
6477	0x54530	0x5422B	3	0	yes
6478	0x54538	0x5422E	3	0	yes
6479	0x54540	0x54230	3	0	yes
6480	0x54548	0x54232	3	0	yes
6481	0x54560	0x54234	3	0	yes
6482	0x54568	0x54237	3	0	yes
6483	0x54570	0x54239	3	0	yes
6484	0x54578	0x5423B	3	0	yes
6485	0x54580	0x5423E	3	0	yes
6486	0x54588	0x54240	3	0	yes
6487	0x54590	0x54243	3	0	yes
6488	0x54598	0x54246	3	0	yes
6489	0x545A0	0x54248	3	0	yes
6490	0x545A8	0x5424A	3	0	yes
6491	0x54618	0x5424C	3	0	yes
6492	0x54630	0x5424E	3	0	yes
6493	0x546A8	0x54250	3	0	yes
6494	0x546D0	0x54254	3	0	yes
6495	0x546D8	0x54256	3	0	yes
6496	0x546E0	0x54259	3	0	yes
6497	0x546F0	0x5425C	3	0	yes
6498	0x546F8	0x5425E	3	0	yes
6499	0x54700	0x54260	3	0	yes
6500	0x54720	0x54262	3	0	yes
6501	0x54750	0x54264	3	0	yes
6502	0x54758	0x54267	3	0	yes
6503	0x54760	0x54269	3	0	yes
6504	0x54768	0x5426B	3	0	yes
6505	0x547B0	0x5426D	3	0	yes
6506	0x547B8	0x5426F	3	0	yes
6507	0x547C0	0x54271	3	0	yes
6508	0x547C8	0x54274	3	0	yes
6509	0x547D0	0x54276	3	0	yes
6510	0x547F4	0x54278	3	0	yes
6511	0x547FC	0x5427A	3	0	yes
6512	0x54804	0x54287	3	0	yes
6513	0x5480C	0x54295	3	0	yes
6514	0x54814	0x5429D	3	0	yes
6515	0x5481C	0x542A7	3	0	yes
6516	0x54824	0x542AE	3	0	yes
6517	0x5482C	0x542B0	3	0	yes
6518	0x54834	0x542BB	3	0	yes
6519	0x5483C	0x542C3	3	0	yes
6520	0x54844	0x542C9	3	0	yes
6521	0x5484C	0x542D8	3	0	yes
6522	0x54854	0x542E0	3	0	yes
6523	0x5485C	0x542E1	3	0	yes
6524	0x30BB9	0x54870	3	0	yes
6525	0x30BCE	0x54872	3	0	yes
6526	0x30DA4	0x800A0	3	0	yes
6527	0x30EA9	0x531DC	3	0	yes
6528	0x30F2B	0x53650	3	0	yes
6529	0x30F31	0x538D0	3	0	yes
6530	0x30F42	0x538D0	3	0	yes
6531	0x30F75	0x54880	3	0	yes
6532	0x3106E	0x53620	3	0	yes
6533	0x31127	0x53644	3	0	yes
6534	0x3112F	0x53634	3	0	yes
6535	0x3114D	0x53644	3	0	yes
6536	0x31155	0x53634	3	0	yes
6537	0x3123A	0x531B0	3	0	yes
6538	0x312BA	0x531DC	3	0	yes
6539	0x312F4	0x531B0	3	0	yes
6540	0x3132D	0x531DC	3	0	yes
6541	0x3139B	0x531DC	3	0	yes
6542	0x31513	0x53364	3	0	yes
6543	0x315F5	0x531B0	3	0	yes
6544	0x31657	0x531B0	3	0	yes
6545	0x31680	0x53371	3	0	yes
6546	0x31694	0x53371	3	0	yes
6547	0x316A8	0x53371	3	0	yes
6548	0x316BC	0x53371	3	0	yes
6549	0x316D0	0x53371	3	0	yes
6550	0x316E4	0x53371	3	0	yes
6551	0x316F8	0x53371	3	0	yes
6552	0x3170C	0x53371	3	0	yes
6553	0x31720	0x53371	3	0	yes
6554	0x31734	0x53371	3	0	yes
6555	0x31748	0x53371	3	0	yes
6556	0x3177C	0x53371	3	0	yes
6557	0x3179C	0x53371	3	0	yes
6558	0x317CB	0x53558	3	0	yes
6559	0x317EE	0x5355C	3	0	yes
6560	0x31850	0x548A4	3	0	yes
6561	0x31881	0x548A4	3	0	yes
6562	0x3189D	0x548A4	3	0	yes
6563	0x318A7	0x548A4	3	0	yes
6564	0x318B0	0x548A4	3	0	yes
6565	0x318C3	0x548A4	3	0	yes
6566	0x318D6	0x548A4	3	0	yes
6567	0x318E9	0x535B0	3	0	yes
6568	0x318F1	0x535E4	3	0	yes
6569	0x318F7	0x548A4	3	0	yes
6570	0x3190C	0x548AC	3	0	yes
6571	0x31919	0x548A0	3	0	yes
6572	0x31922	0x548AC	3	0	yes
6573	0x3192D	0x548A0	3	0	yes
6574	0x31932	0x548A0	3	0	yes
6575	0x31938	0x548AC	3	0	yes
6576	0x31943	0x548A0	3	0	yes
6577	0x31948	0x548AC	3	0	yes
6578	0x3194E	0x548A0	3	0	yes
6579	0x3195A	0x5489C	3	0	yes
6580	0x3196B	0x54898	3	0	yes
6581	0x31983	0x54894	3	0	yes
6582	0x3198E	0x54890	3	0	yes
6583	0x31994	0x548A4	3	0	yes
6584	0x319A0	0x548AC	3	0	yes
6585	0x319B4	0x548A8	3	0	yes
6586	0x319BA	0x548B0	3	0	yes
6587	0x319C3	0x54890	3	0	yes
6588	0x31A5F	0x53634	3	0	yes
6589	0x31A94	0x53638	3	0	yes
6590	0x31AA2	0x53638	3	0	yes
6591	0x31AAB	0x53638	3	0	yes
6592	0x31AF8	0x47B20	3	0	yes
6593	0x31B1B	0x47BE0	3	0	yes
6594	0x31B53	0x5364C	3	0	yes
6595	0x31B96	0x47B18	3	0	yes
6596	0x31B9F	0x47B20	3	0	yes
6597	0x31BA5	0x47B1C	3	0	yes
6598	0x31BEF	0x47B20	3	0	yes
6599	0x31BF6	0x47B1C	3	0	yes
6600	0x31C05	0x47B18	3	0	yes
6601	0x31C18	0x53648	3	0	yes
6602	0x31CCA	0x47B18	3	0	yes
6603	0x31CE4	0x47B18	3	0	yes
6604	0x31CF0	0x47B20	3	0	yes
6605	0x31CF6	0x47B1C	3	0	yes
6606	0x31D0A	0x800A4	3	0	yes
6607	0x31D74	0x53638	3	0	yes
6608	0x31D82	0x53638	3	0	yes
6609	0x31D8B	0x53638	3	0	yes
6610	0x31DCC	0x53638	3	0	yes
6611	0x31DD4	0x53638	3	0	yes
6612	0x31E18	0x53640	3	0	yes
6613	0x31E1D	0x5363C	3	0	yes
6614	0x31E2D	0x53634	3	0	yes
6615	0x31E33	0x53630	3	0	yes
6616	0x31E46	0x53640	3	0	yes
6617	0x31E76	0x53640	3	0	yes
6618	0x31E7F	0x5363C	3	0	yes
6619	0x31E98	0x53630	3	0	yes
6620	0x31EAF	0x5363C	3	0	yes
6621	0x31EBF	0x53640	3	0	yes
6622	0x31ED5	0x53634	3	0	yes
6623	0x31EF9	0x53644	3	0	yes
6624	0x31F01	0x53634	3	0	yes
6625	0x31F6C	0x53638	3	0	yes
6626	0x31F7A	0x53638	3	0	yes
6627	0x31F83	0x53638	3	0	yes
6628	0x31FB3	0x53630	3	0	yes
6629	0x31FB7	0x5363C	3	0	yes
6630	0x31FCA	0x53630	3	0	yes
6631	0x31FE3	0x53640	3	0	yes
6632	0x31FF8	0x53630	3	0	yes
6633	0x3203A	0x53634	3	0	yes
6634	0x32040	0x5363C	3	0	yes
6635	0x32089	0x53638	3	0	yes
6636	0x32091	0x53638	3	0	yes
6637	0x3209E	0x5363C	3	0	yes
6638	0x320A6	0x53630	3	0	yes
6639	0x320AC	0x53634	3	0	yes
6640	0x320F5	0x53638	3	0	yes
6641	0x320FD	0x53638	3	0	yes
6642	0x32103	0x53634	3	0	yes
6643	0x32112	0x53634	3	0	yes
6644	0x32120	0x53634	3	0	yes
6645	0x3238A	0x5363C	3	0	yes
6646	0x323B1	0x47B18	3	0	yes
6647	0x323D2	0x47BD8	3	0	yes
6648	0x3246B	0x53634	3	0	yes
6649	0x32473	0x53634	3	0	yes
6650	0x3248A	0x53638	3	0	yes
6651	0x32492	0x53638	3	0	yes
6652	0x32670	0x800A8	3	0	yes
6653	0x32688	0x53371	3	0	yes
6654	0x326EE	0x55C70	3	0	yes
