section	rva	line	file	function	symbol_index
.text	0x2CCC0	154	D:\nt\private\crt32st\startup\wincrt0.c		
.text	0x2CCCC	161	D:\nt\private\crt32st\startup\wincrt0.c		
.text	0x2CCD6	162	D:\nt\private\crt32st\startup\wincrt0.c		
.text	0x2CCE0	169	D:\nt\private\crt32st\startup\wincrt0.c		
.text	0x2CCEA	174	D:\nt\private\crt32st\startup\wincrt0.c		
.text	0x2CCF2	175	D:\nt\private\crt32st\startup\wincrt0.c		
.text	0x2CCFE	176	D:\nt\private\crt32st\startup\wincrt0.c		
.text	0x2CD0D	182	D:\nt\private\crt32st\startup\wincrt0.c		
.text	0x2CD26	183	D:\nt\private\crt32st\startup\wincrt0.c		
.text	0x2CD38	196	D:\nt\private\crt32st\startup\wincrt0.c		
.text	0x2CD3D	197	D:\nt\private\crt32st\startup\wincrt0.c		
.text	0x2CD42	198	D:\nt\private\crt32st\startup\wincrt0.c		
.text	0x2CD47	199	D:\nt\private\crt32st\startup\wincrt0.c		
.text	0x2CD4C	201	D:\nt\private\crt32st\startup\wincrt0.c		
.text	0x2CD51	332	D:\nt\private\crt32st\startup\wincrt0.c		
.text	0x2CD74	337	D:\nt\private\crt32st\startup\wincrt0.c		
.text	0x2CD7C	338	D:\nt\private\crt32st\startup\wincrt0.c		
.text	0x2CD80	339	D:\nt\private\crt32st\startup\wincrt0.c		
.text	0x2CD83	340	D:\nt\private\crt32st\startup\wincrt0.c		
.text	0x2CD8B	345	D:\nt\private\crt32st\startup\wincrt0.c		
.text	0x2CD95	346	D:\nt\private\crt32st\startup\wincrt0.c		
.text	0x2CD98	347	D:\nt\private\crt32st\startup\wincrt0.c		
.text	0x2CDA0	353	D:\nt\private\crt32st\startup\wincrt0.c		
.text	0x2CDBD	358	D:\nt\private\crt32st\startup\wincrt0.c		
.text	0x2CDF3	359	D:\nt\private\crt32st\startup\wincrt0.c		
.text	0x2CDFE	372	D:\nt\private\crt32st\startup\wincrt0.c		
.text	0x2CE09	373	D:\nt\private\crt32st\startup\wincrt0.c		
.text	0x2CE10	429	D:\nt\private\crt32st\startup\wincrt0.c		
.text	0x2CE18	462	D:\nt\private\crt32st\startup\wincrt0.c		
.text	0x2CE24	463	D:\nt\private\crt32st\startup\wincrt0.c		
.text	0x2CE2A	467	D:\nt\private\crt32st\startup\wincrt0.c		
.text	0x2CE32	471	D:\nt\private\crt32st\startup\wincrt0.c		
.text	0x2CE4F	476	D:\nt\private\crt32st\startup\wincrt0.c		
.text	0x2CE72	487	D:\nt\private\crt32st\startup\wincrt0.c		
.text	0x2CE78	514	D:\nt\private\crt32st\startup\wincrt0.c		
.text	0x2CE7B	515	D:\nt\private\crt32st\startup\wincrt0.c		
.text	0x2CE80	516	D:\nt\private\crt32st\startup\wincrt0.c		
.text	0x2CE8A	517	D:\nt\private\crt32st\startup\wincrt0.c		
.text	0x2CE95	518	D:\nt\private\crt32st\startup\wincrt0.c		
.text	0x2D244	146	D:\nt\private\crt32st\startup\crt0msg.c		
.text	0x2D251	147	D:\nt\private\crt32st\startup\crt0msg.c		
.text	0x2D25A	148	D:\nt\private\crt32st\startup\crt0msg.c		
.text	0x2D260	149	D:\nt\private\crt32st\startup\crt0msg.c		
.text	0x2D26D	150	D:\nt\private\crt32st\startup\crt0msg.c		
.text	0x2D270	174	D:\nt\private\crt32st\startup\crt0msg.c		
.text	0x2D278	179	D:\nt\private\crt32st\startup\crt0msg.c		
.text	0x2D282	180	D:\nt\private\crt32st\startup\crt0msg.c		
.text	0x2D292	183	D:\nt\private\crt32st\startup\crt0msg.c		
.text	0x2D2A2	194	D:\nt\private\crt32st\startup\crt0msg.c		
.text	0x2D2D1	211	D:\nt\private\crt32st\startup\crt0msg.c		
.text	0x2D2EA	276	D:\nt\private\crt32st\startup\crt0dat.c		
.text	0x2D2F2	322	D:\nt\private\crt32st\startup\crt0dat.c		
.text	0x2D301	323	D:\nt\private\crt32st\startup\crt0dat.c		
.text	0x2D310	324	D:\nt\private\crt32st\startup\crt0dat.c		
.text	0x2D31F	327	D:\nt\private\crt32st\startup\crt0dat.c		
.text	0x2D328	329	D:\nt\private\crt32st\startup\crt0dat.c		
.text	0x2D33E	335	D:\nt\private\crt32st\startup\crt0dat.c		
.text	0x2D34E	336	D:\nt\private\crt32st\startup\crt0dat.c		
.text	0x2D355	337	D:\nt\private\crt32st\startup\crt0dat.c		
.text	0x2D365	338	D:\nt\private\crt32st\startup\crt0dat.c		
.text	0x2D36C	327	D:\nt\private\crt32st\startup\crt0dat.c		
.text	0x2D37A	351	D:\nt\private\crt32st\startup\crt0dat.c		
.text	0x2D383	352	D:\nt\private\crt32st\startup\crt0dat.c		
.text	0x2D389	358	D:\nt\private\crt32st\startup\crt0dat.c		
.text	0x2D392	359	D:\nt\private\crt32st\startup\crt0dat.c		
.text	0x2D398	364	D:\nt\private\crt32st\startup\crt0dat.c		
.text	0x2D3A1	365	D:\nt\private\crt32st\startup\crt0dat.c		
.text	0x2D3A7	370	D:\nt\private\crt32st\startup\crt0dat.c		
.text	0x2D3B0	371	D:\nt\private\crt32st\startup\crt0dat.c		
.text	0x2D3B6	376	D:\nt\private\crt32st\startup\crt0dat.c		
.text	0x2D3BF	377	D:\nt\private\crt32st\startup\crt0dat.c		
.text	0x2D3C5	404	D:\nt\private\crt32st\startup\crt0dat.c		
.text	0x2D3CA	488	D:\nt\private\crt32st\startup\crt0dat.c		
.text	0x2D3CD	489	D:\nt\private\crt32st\startup\crt0dat.c		
.text	0x2D3D9	490	D:\nt\private\crt32st\startup\crt0dat.c		
.text	0x2D3DE	495	D:\nt\private\crt32st\startup\crt0dat.c		
.text	0x2D3E1	496	D:\nt\private\crt32st\startup\crt0dat.c		
.text	0x2D3ED	497	D:\nt\private\crt32st\startup\crt0dat.c		
.text	0x2D3F2	503	D:\nt\private\crt32st\startup\crt0dat.c		
.text	0x2D400	504	D:\nt\private\crt32st\startup\crt0dat.c		
.text	0x2D402	510	D:\nt\private\crt32st\startup\crt0dat.c		
.text	0x2D410	511	D:\nt\private\crt32st\startup\crt0dat.c		
.text	0x2D412	518	D:\nt\private\crt32st\startup\crt0dat.c		
.text	0x2D419	526	D:\nt\private\crt32st\startup\crt0dat.c		
.text	0x2D420	528	D:\nt\private\crt32st\startup\crt0dat.c		
.text	0x2D426	532	D:\nt\private\crt32st\startup\crt0dat.c		
.text	0x2D42F	533	D:\nt\private\crt32st\startup\crt0dat.c		
.text	0x2D43D	551	D:\nt\private\crt32st\startup\crt0dat.c		
.text	0x2D446	552	D:\nt\private\crt32st\startup\crt0dat.c		
.text	0x2D44C	557	D:\nt\private\crt32st\startup\crt0dat.c		
.text	0x2D455	558	D:\nt\private\crt32st\startup\crt0dat.c		
.text	0x2D45B	563	D:\nt\private\crt32st\startup\crt0dat.c		
.text	0x2D464	564	D:\nt\private\crt32st\startup\crt0dat.c		
.text	0x2D46A	592	D:\nt\private\crt32st\startup\crt0dat.c		
.text	0x2D46E	607	D:\nt\private\crt32st\startup\crt0dat.c		
.text	0x2D479	624	D:\nt\private\crt32st\startup\crt0dat.c		
.text	0x2D47E	737	D:\nt\private\crt32st\startup\crt0dat.c		
.text	0x2D485	742	D:\nt\private\crt32st\startup\crt0dat.c		
.text	0x2D48A	747	D:\nt\private\crt32st\startup\crt0dat.c		
.text	0x2D48F	748	D:\nt\private\crt32st\startup\crt0dat.c		
.text	0x2D491	749	D:\nt\private\crt32st\startup\crt0dat.c		
.text	0x2D4BC	44	D:\nt\private\fp32st\conv\i386\atold.c		
.text	0x2D4C2	48	D:\nt\private\fp32st\conv\i386\atold.c		
.text	0x2D4D4	50	D:\nt\private\fp32st\conv\i386\atold.c		
.text	0x2D4DB	51	D:\nt\private\fp32st\conv\i386\atold.c		
.text	0x2D4EC	53	D:\nt\private\fp32st\conv\strgtold.c		
.text	0x2D4F2	70	D:\nt\private\fp32st\conv\strgtold.c		
.text	0x2D4F9	75	D:\nt\private\fp32st\conv\strgtold.c		
.text	0x2D4FF	76	D:\nt\private\fp32st\conv\strgtold.c		
.text	0x2D506	78	D:\nt\private\fp32st\conv\strgtold.c		
.text	0x2D50D	79	D:\nt\private\fp32st\conv\strgtold.c		
.text	0x2D514	80	D:\nt\private\fp32st\conv\strgtold.c		
.text	0x2D51B	81	D:\nt\private\fp32st\conv\strgtold.c		
.text	0x2D522	82	D:\nt\private\fp32st\conv\strgtold.c		
.text	0x2D529	83	D:\nt\private\fp32st\conv\strgtold.c		
.text	0x2D530	87	D:\nt\private\fp32st\conv\strgtold.c		
.text	0x2D537	89	D:\nt\private\fp32st\conv\strgtold.c		
.text	0x2D53E	95	D:\nt\private\fp32st\conv\strgtold.c		
.text	0x2D56C	98	D:\nt\private\fp32st\conv\strgtold.c		
.text	0x2D577	99	D:\nt\private\fp32st\conv\strgtold.c		
.text	0x2D580	101	D:\nt\private\fp32st\conv\strgtold.c		
.text	0x2D590	106	D:\nt\private\fp32st\conv\strgtold.c		
.text	0x2D5A4	122	D:\nt\private\fp32st\conv\strgtold.c		
.text	0x2D5AB	123	D:\nt\private\fp32st\conv\strgtold.c		
.text	0x2D5AE	124	D:\nt\private\fp32st\conv\strgtold.c		
.text	0x2D5B4	108	D:\nt\private\fp32st\conv\strgtold.c		
.text	0x2D5BB	126	D:\nt\private\fp32st\conv\strgtold.c		
.text	0x2D5C0	111	D:\nt\private\fp32st\conv\strgtold.c		
.text	0x2D5C7	112	D:\nt\private\fp32st\conv\strgtold.c		
.text	0x2D5CD	113	D:\nt\private\fp32st\conv\strgtold.c		
.text	0x2D5D4	115	D:\nt\private\fp32st\conv\strgtold.c		
.text	0x2D5DB	116	D:\nt\private\fp32st\conv\strgtold.c		
.text	0x2D5E1	117	D:\nt\private\fp32st\conv\strgtold.c		
.text	0x2D5E8	163	D:\nt\private\fp32st\conv\strgtold.c		
.text	0x2D5EF	164	D:\nt\private\fp32st\conv\strgtold.c		
.text	0x2D5F4	128	D:\nt\private\fp32st\conv\strgtold.c		
.text	0x2D5FB	129	D:\nt\private\fp32st\conv\strgtold.c		
.text	0x2D607	134	D:\nt\private\fp32st\conv\strgtold.c		
.text	0x2D620	142	D:\nt\private\fp32st\conv\strgtold.c		
.text	0x2D627	143	D:\nt\private\fp32st\conv\strgtold.c		
.text	0x2D62C	145	D:\nt\private\fp32st\conv\strgtold.c		
.text	0x2D633	146	D:\nt\private\fp32st\conv\strgtold.c		
.text	0x2D638	153	D:\nt\private\fp32st\conv\strgtold.c		
.text	0x2D644	154	D:\nt\private\fp32st\conv\strgtold.c		
.text	0x2D650	158	D:\nt\private\fp32st\conv\strgtold.c		
.text	0x2D661	166	D:\nt\private\fp32st\conv\strgtold.c		
.text	0x2D668	171	D:\nt\private\fp32st\conv\strgtold.c		
.text	0x2D66F	172	D:\nt\private\fp32st\conv\strgtold.c		
.text	0x2D674	178	D:\nt\private\fp32st\conv\strgtold.c		
.text	0x2D677	179	D:\nt\private\fp32st\conv\strgtold.c		
.text	0x2D68F	173	D:\nt\private\fp32st\conv\strgtold.c		
.text	0x2D695	174	D:\nt\private\fp32st\conv\strgtold.c		
.text	0x2D698	175	D:\nt\private\fp32st\conv\strgtold.c		
.text	0x2D6A6	177	D:\nt\private\fp32st\conv\strgtold.c		
.text	0x2D6A8	180	D:\nt\private\fp32st\conv\strgtold.c		
.text	0x2D6BC	196	D:\nt\private\fp32st\conv\strgtold.c		
.text	0x2D6C3	197	D:\nt\private\fp32st\conv\strgtold.c		
.text	0x2D6C9	198	D:\nt\private\fp32st\conv\strgtold.c		
.text	0x2D6CC	199	D:\nt\private\fp32st\conv\strgtold.c		
.text	0x2D6E0	200	D:\nt\private\fp32st\conv\strgtold.c		
.text	0x2D6FC	201	D:\nt\private\fp32st\conv\strgtold.c		
.text	0x2D702	202	D:\nt\private\fp32st\conv\strgtold.c		
.text	0x2D705	203	D:\nt\private\fp32st\conv\strgtold.c		
.text	0x2D713	204	D:\nt\private\fp32st\conv\strgtold.c		
.text	0x2D716	206	D:\nt\private\fp32st\conv\strgtold.c		
.text	0x2D718	207	D:\nt\private\fp32st\conv\strgtold.c		
.text	0x2D744	220	D:\nt\private\fp32st\conv\strgtold.c		
.text	0x2D755	221	D:\nt\private\fp32st\conv\strgtold.c		
.text	0x2D75C	222	D:\nt\private\fp32st\conv\strgtold.c		
.text	0x2D764	230	D:\nt\private\fp32st\conv\strgtold.c		
.text	0x2D76D	231	D:\nt\private\fp32st\conv\strgtold.c		
.text	0x2D779	236	D:\nt\private\fp32st\conv\strgtold.c		
.text	0x2D78B	238	D:\nt\private\fp32st\conv\strgtold.c		
.text	0x2D792	251	D:\nt\private\fp32st\conv\strgtold.c		
.text	0x2D798	241	D:\nt\private\fp32st\conv\strgtold.c		
.text	0x2D79F	242	D:\nt\private\fp32st\conv\strgtold.c		
.text	0x2D7A6	243	D:\nt\private\fp32st\conv\strgtold.c		
.text	0x2D7AC	245	D:\nt\private\fp32st\conv\strgtold.c		
.text	0x2D7B3	246	D:\nt\private\fp32st\conv\strgtold.c		
.text	0x2D7C9	254	D:\nt\private\fp32st\conv\strgtold.c		
.text	0x2D7DD	255	D:\nt\private\fp32st\conv\strgtold.c		
.text	0x2D7E0	264	D:\nt\private\fp32st\conv\strgtold.c		
.text	0x2D7EC	265	D:\nt\private\fp32st\conv\strgtold.c		
.text	0x2D7F3	266	D:\nt\private\fp32st\conv\strgtold.c		
.text	0x2D7F8	269	D:\nt\private\fp32st\conv\strgtold.c		
.text	0x2D801	274	D:\nt\private\fp32st\conv\strgtold.c		
.text	0x2D808	275	D:\nt\private\fp32st\conv\strgtold.c		
.text	0x2D80E	276	D:\nt\private\fp32st\conv\strgtold.c		
.text	0x2D814	280	D:\nt\private\fp32st\conv\strgtold.c		
.text	0x2D81B	281	D:\nt\private\fp32st\conv\strgtold.c		
.text	0x2D81D	287	D:\nt\private\fp32st\conv\strgtold.c		
.text	0x2D838	282	D:\nt\private\fp32st\conv\strgtold.c		
.text	0x2D84C	283	D:\nt\private\fp32st\conv\strgtold.c		
.text	0x2D853	284	D:\nt\private\fp32st\conv\strgtold.c		
.text	0x2D85A	288	D:\nt\private\fp32st\conv\strgtold.c		
.text	0x2D860	290	D:\nt\private\fp32st\conv\strgtold.c		
.text	0x2D8BC	295	D:\nt\private\fp32st\conv\strgtold.c		
.text	0x2D8C6	297	D:\nt\private\fp32st\conv\strgtold.c		
.text	0x2D8CE	303	D:\nt\private\fp32st\conv\strgtold.c		
.text	0x2D8EC	304	D:\nt\private\fp32st\conv\strgtold.c		
.text	0x2D8F2	305	D:\nt\private\fp32st\conv\strgtold.c		
.text	0x2D8FB	310	D:\nt\private\fp32st\conv\strgtold.c		
.text	0x2D901	312	D:\nt\private\fp32st\conv\strgtold.c		
.text	0x2D908	313	D:\nt\private\fp32st\conv\strgtold.c		
.text	0x2D90B	314	D:\nt\private\fp32st\conv\strgtold.c		
.text	0x2D90E	316	D:\nt\private\fp32st\conv\strgtold.c		
.text	0x2D91C	322	D:\nt\private\fp32st\conv\strgtold.c		
.text	0x2D91F	323	D:\nt\private\fp32st\conv\strgtold.c		
.text	0x2D922	324	D:\nt\private\fp32st\conv\strgtold.c		
.text	0x2D92D	325	D:\nt\private\fp32st\conv\strgtold.c		
.text	0x2D941	327	D:\nt\private\fp32st\conv\strgtold.c		
.text	0x2D947	328	D:\nt\private\fp32st\conv\strgtold.c		
.text	0x2D94A	329	D:\nt\private\fp32st\conv\strgtold.c		
.text	0x2D950	330	D:\nt\private\fp32st\conv\strgtold.c		
.text	0x2D959	331	D:\nt\private\fp32st\conv\strgtold.c		
.text	0x2D960	332	D:\nt\private\fp32st\conv\strgtold.c		
.text	0x2D971	333	D:\nt\private\fp32st\conv\strgtold.c		
.text	0x2D978	334	D:\nt\private\fp32st\conv\strgtold.c		
.text	0x2D980	335	D:\nt\private\fp32st\conv\strgtold.c		
.text	0x2D992	341	D:\nt\private\fp32st\conv\strgtold.c		
.text	0x2D99A	342	D:\nt\private\fp32st\conv\strgtold.c		
.text	0x2D9A0	343	D:\nt\private\fp32st\conv\strgtold.c		
.text	0x2D9A6	344	D:\nt\private\fp32st\conv\strgtold.c		
.text	0x2D9AE	346	D:\nt\private\fp32st\conv\strgtold.c		
.text	0x2D9BE	347	D:\nt\private\fp32st\conv\strgtold.c		
.text	0x2D9C4	348	D:\nt\private\fp32st\conv\strgtold.c		
.text	0x2D9CB	349	D:\nt\private\fp32st\conv\strgtold.c		
.text	0x2D9D1	350	D:\nt\private\fp32st\conv\strgtold.c		
.text	0x2D9D8	351	D:\nt\private\fp32st\conv\strgtold.c		
.text	0x2D9DC	353	D:\nt\private\fp32st\conv\strgtold.c		
.text	0x2D9E0	354	D:\nt\private\fp32st\conv\strgtold.c		
.text	0x2D9E3	356	D:\nt\private\fp32st\conv\strgtold.c		
.text	0x2D9E8	357	D:\nt\private\fp32st\conv\strgtold.c		
.text	0x2D9EB	364	D:\nt\private\fp32st\conv\strgtold.c		
.text	0x2D9F3	365	D:\nt\private\fp32st\conv\strgtold.c		
.text	0x2D9FA	366	D:\nt\private\fp32st\conv\strgtold.c		
.text	0x2D9FC	367	D:\nt\private\fp32st\conv\strgtold.c		
.text	0x2DA04	368	D:\nt\private\fp32st\conv\strgtold.c		
.text	0x2DA18	374	D:\nt\private\fp32st\conv\strgtold.c		
.text	0x2DA28	378	D:\nt\private\fp32st\conv\strgtold.c		
.text	0x2DA2E	380	D:\nt\private\fp32st\conv\strgtold.c		
.text	0x2DA3E	381	D:\nt\private\fp32st\conv\strgtold.c		
.text	0x2DA42	383	D:\nt\private\fp32st\conv\strgtold.c		
.text	0x2DA4A	385	D:\nt\private\fp32st\conv\strgtold.c		
.text	0x2DA56	386	D:\nt\private\fp32st\conv\strgtold.c		
.text	0x2DA5D	387	D:\nt\private\fp32st\conv\strgtold.c		
.text	0x2DA64	388	D:\nt\private\fp32st\conv\strgtold.c		
.text	0x2DA68	390	D:\nt\private\fp32st\conv\strgtold.c		
.text	0x2DA72	392	D:\nt\private\fp32st\conv\strgtold.c		
.text	0x2DA82	393	D:\nt\private\fp32st\conv\strgtold.c		
.text	0x2DA86	400	D:\nt\private\fp32st\conv\strgtold.c		
.text	0x2DA8E	401	D:\nt\private\fp32st\conv\strgtold.c		
.text	0x2DA97	402	D:\nt\private\fp32st\conv\strgtold.c		
.text	0x2DAA2	404	D:\nt\private\fp32st\conv\strgtold.c		
.text	0x2DAA5	405	D:\nt\private\fp32st\conv\strgtold.c		
.text	0x2DAAC	37	D:\nt\private\fp32st\conv\mantold.c		
.text	0x2DAB2	39	D:\nt\private\fp32st\conv\mantold.c		
.text	0x2DAB9	40	D:\nt\private\fp32st\conv\mantold.c		
.text	0x2DAC2	41	D:\nt\private\fp32st\conv\mantold.c		
.text	0x2DAE3	42	D:\nt\private\fp32st\conv\mantold.c		
.text	0x2DAEA	43	D:\nt\private\fp32st\conv\mantold.c		
.text	0x2DAF2	44	D:\nt\private\fp32st\conv\mantold.c		
.text	0x2DAF5	45	D:\nt\private\fp32st\conv\mantold.c		
.text	0x2DAF8	67	D:\nt\private\fp32st\conv\mantold.c		
.text	0x2DAFE	69	D:\nt\private\fp32st\conv\mantold.c		
.text	0x2DB13	70	D:\nt\private\fp32st\conv\mantold.c		
.text	0x2DB17	71	D:\nt\private\fp32st\conv\mantold.c		
.text	0x2DB2E	72	D:\nt\private\fp32st\conv\mantold.c		
.text	0x2DB32	73	D:\nt\private\fp32st\conv\mantold.c		
.text	0x2DB38	76	D:\nt\private\fp32st\conv\mantold.c		
.text	0x2DB53	77	D:\nt\private\fp32st\conv\mantold.c		
.text	0x2DB57	78	D:\nt\private\fp32st\conv\mantold.c		
.text	0x2DB5D	81	D:\nt\private\fp32st\conv\mantold.c		
.text	0x2DB75	82	D:\nt\private\fp32st\conv\mantold.c		
.text	0x2DB78	104	D:\nt\private\fp32st\conv\mantold.c		
.text	0x2DB7E	107	D:\nt\private\fp32st\conv\mantold.c		
.text	0x2DB8E	108	D:\nt\private\fp32st\conv\mantold.c		
.text	0x2DB9E	109	D:\nt\private\fp32st\conv\mantold.c		
.text	0x2DBA3	110	D:\nt\private\fp32st\conv\mantold.c		
.text	0x2DBB3	111	D:\nt\private\fp32st\conv\mantold.c		
.text	0x2DBC3	112	D:\nt\private\fp32st\conv\mantold.c		
.text	0x2DBC8	115	D:\nt\private\fp32st\conv\mantold.c		
.text	0x2DBCE	117	D:\nt\private\fp32st\conv\mantold.c		
.text	0x2DBE5	118	D:\nt\private\fp32st\conv\mantold.c		
.text	0x2DBFD	119	D:\nt\private\fp32st\conv\mantold.c		
.text	0x2DC03	120	D:\nt\private\fp32st\conv\mantold.c		
.text	0x2DC13	121	D:\nt\private\fp32st\conv\mantold.c		
.text	0x2DC21	122	D:\nt\private\fp32st\conv\mantold.c		
.text	0x2DC24	151	D:\nt\private\fp32st\conv\mantold.c		
.text	0x2DC2C	153	D:\nt\private\fp32st\conv\mantold.c		
.text	0x2DC32	155	D:\nt\private\fp32st\conv\mantold.c		
.text	0x2DC3B	156	D:\nt\private\fp32st\conv\mantold.c		
.text	0x2DC45	157	D:\nt\private\fp32st\conv\mantold.c		
.text	0x2DC4F	158	D:\nt\private\fp32st\conv\mantold.c		
.text	0x2DC54	159	D:\nt\private\fp32st\conv\mantold.c		
.text	0x2DC5F	160	D:\nt\private\fp32st\conv\mantold.c		
.text	0x2DC68	161	D:\nt\private\fp32st\conv\mantold.c		
.text	0x2DC73	162	D:\nt\private\fp32st\conv\mantold.c		
.text	0x2DC82	163	D:\nt\private\fp32st\conv\mantold.c		
.text	0x2DC8D	164	D:\nt\private\fp32st\conv\mantold.c		
.text	0x2DC96	165	D:\nt\private\fp32st\conv\mantold.c		
.text	0x2DC9D	166	D:\nt\private\fp32st\conv\mantold.c		
.text	0x2DCA4	167	D:\nt\private\fp32st\conv\mantold.c		
.text	0x2DCB3	168	D:\nt\private\fp32st\conv\mantold.c		
.text	0x2DCBF	171	D:\nt\private\fp32st\conv\mantold.c		
.text	0x2DCC4	172	D:\nt\private\fp32st\conv\mantold.c		
.text	0x2DCCF	173	D:\nt\private\fp32st\conv\mantold.c		
.text	0x2DCE6	174	D:\nt\private\fp32st\conv\mantold.c		
.text	0x2DCEC	175	D:\nt\private\fp32st\conv\mantold.c		
.text	0x2DCF1	176	D:\nt\private\fp32st\conv\mantold.c		
.text	0x2DCFA	177	D:\nt\private\fp32st\conv\mantold.c		
.text	0x2DCFC	178	D:\nt\private\fp32st\conv\mantold.c		
.text	0x2DD05	179	D:\nt\private\fp32st\conv\mantold.c		
.text	0x2DD09	180	D:\nt\private\fp32st\conv\mantold.c		
.text	0x2DD12	181	D:\nt\private\fp32st\conv\mantold.c		
.text	0x2DD1A	182	D:\nt\private\fp32st\conv\mantold.c		
.text	0x2DD2C	37	D:\nt\private\fp32st\conv\tenpow.c		
.text	0x2DD32	39	D:\nt\private\fp32st\conv\tenpow.c		
.text	0x2DD38	47	D:\nt\private\fp32st\conv\tenpow.c		
.text	0x2DD3F	48	D:\nt\private\fp32st\conv\tenpow.c		
.text	0x2DD46	49	D:\nt\private\fp32st\conv\tenpow.c		
.text	0x2DD4D	51	D:\nt\private\fp32st\conv\tenpow.c		
.text	0x2DD58	52	D:\nt\private\fp32st\conv\tenpow.c		
.text	0x2DD63	54	D:\nt\private\fp32st\conv\tenpow.c		
.text	0x2DD6F	55	D:\nt\private\fp32st\conv\tenpow.c		
.text	0x2DD73	56	D:\nt\private\fp32st\conv\tenpow.c		
.text	0x2DD77	57	D:\nt\private\fp32st\conv\tenpow.c		
.text	0x2DD83	60	D:\nt\private\fp32st\conv\tenpow.c		
.text	0x2DD99	62	D:\nt\private\fp32st\conv\tenpow.c		
.text	0x2DDBE	63	D:\nt\private\fp32st\conv\tenpow.c		
.text	0x2DDC0	65	D:\nt\private\fp32st\conv\tenpow.c		
.text	0x2DDC6	67	D:\nt\private\fp32st\conv\tenpow.c		
.text	0x2DDD8	70	D:\nt\private\fp32st\conv\tenpow.c		
.text	0x2DDDF	75	D:\nt\private\fp32st\conv\tenpow.c		
.text	0x2DDE3	76	D:\nt\private\fp32st\conv\tenpow.c		
.text	0x2DDFA	78	D:\nt\private\fp32st\conv\tenpow.c		
.text	0x2DE00	79	D:\nt\private\fp32st\conv\tenpow.c		
.text	0x2DE02	80	D:\nt\private\fp32st\conv\tenpow.c		
.text	0x2DE04	82	D:\nt\private\fp32st\conv\tenpow.c		
.text	0x2DE0B	83	D:\nt\private\fp32st\conv\tenpow.c		
.text	0x2DE0F	84	D:\nt\private\fp32st\conv\tenpow.c		
.text	0x2DE26	90	D:\nt\private\fp32st\conv\tenpow.c		
.text	0x2DE2D	91	D:\nt\private\fp32st\conv\tenpow.c		
.text	0x2DE38	104	D:\nt\private\fp32st\conv\tenpow.c		
.text	0x2DE41	105	D:\nt\private\fp32st\conv\tenpow.c		
.text	0x2DE4A	106	D:\nt\private\fp32st\conv\tenpow.c		
.text	0x2DE54	107	D:\nt\private\fp32st\conv\tenpow.c		
.text	0x2DE65	117	D:\nt\private\fp32st\conv\tenpow.c		
.text	0x2DE79	119	D:\nt\private\fp32st\conv\tenpow.c		
.text	0x2DE7D	121	D:\nt\private\fp32st\conv\tenpow.c		
.text	0x2DE85	123	D:\nt\private\fp32st\conv\tenpow.c		
.text	0x2DE89	124	D:\nt\private\fp32st\conv\tenpow.c		
.text	0x2DE8D	125	D:\nt\private\fp32st\conv\tenpow.c		
.text	0x2DE96	126	D:\nt\private\fp32st\conv\tenpow.c		
.text	0x2DE9A	127	D:\nt\private\fp32st\conv\tenpow.c		
.text	0x2DEA3	93	D:\nt\private\fp32st\conv\tenpow.c		
.text	0x2DEAB	94	D:\nt\private\fp32st\conv\tenpow.c		
.text	0x2DEB2	95	D:\nt\private\fp32st\conv\tenpow.c		
.text	0x2DEC0	129	D:\nt\private\fp32st\conv\tenpow.c		
.text	0x2DEC6	133	D:\nt\private\fp32st\conv\tenpow.c		
.text	0x2DECE	134	D:\nt\private\fp32st\conv\tenpow.c		
.text	0x2DEDA	135	D:\nt\private\fp32st\conv\tenpow.c		
.text	0x2DEDE	136	D:\nt\private\fp32st\conv\tenpow.c		
.text	0x2DEE5	138	D:\nt\private\fp32st\conv\tenpow.c		
.text	0x2DEEC	139	D:\nt\private\fp32st\conv\tenpow.c		
.text	0x2DEF0	140	D:\nt\private\fp32st\conv\tenpow.c		
.text	0x2DEF4	141	D:\nt\private\fp32st\conv\tenpow.c		
.text	0x2DEFA	142	D:\nt\private\fp32st\conv\tenpow.c		
.text	0x2DEFD	143	D:\nt\private\fp32st\conv\tenpow.c		
.text	0x2DF09	144	D:\nt\private\fp32st\conv\tenpow.c		
.text	0x2DF0D	145	D:\nt\private\fp32st\conv\tenpow.c		
.text	0x2DF14	146	D:\nt\private\fp32st\conv\tenpow.c		
.text	0x2DF1A	147	D:\nt\private\fp32st\conv\tenpow.c		
.text	0x2DF1E	151	D:\nt\private\fp32st\conv\tenpow.c		
.text	0x2DF26	153	D:\nt\private\fp32st\conv\tenpow.c		
.text	0x2DF2C	154	D:\nt\private\fp32st\conv\tenpow.c		
.text	0x2DF33	155	D:\nt\private\fp32st\conv\tenpow.c		
.text	0x2DF39	156	D:\nt\private\fp32st\conv\tenpow.c		
.text	0x2DF40	157	D:\nt\private\fp32st\conv\tenpow.c		
.text	0x2DF48	159	D:\nt\private\fp32st\conv\tenpow.c		
.text	0x2DF4E	160	D:\nt\private\fp32st\conv\tenpow.c		
.text	0x2DF52	163	D:\nt\private\fp32st\conv\tenpow.c		
.text	0x2DF54	164	D:\nt\private\fp32st\conv\tenpow.c		
.text	0x2DF57	166	D:\nt\private\fp32st\conv\tenpow.c		
.text	0x2DF5C	167	D:\nt\private\fp32st\conv\tenpow.c		
.text	0x2DF5F	172	D:\nt\private\fp32st\conv\tenpow.c		
.text	0x2DF6B	178	D:\nt\private\fp32st\conv\tenpow.c		
.text	0x2DF75	179	D:\nt\private\fp32st\conv\tenpow.c		
.text	0x2DF7E	180	D:\nt\private\fp32st\conv\tenpow.c		
.text	0x2DF87	181	D:\nt\private\fp32st\conv\tenpow.c		
.text	0x2DF96	182	D:\nt\private\fp32st\conv\tenpow.c		
.text	0x2DF98	188	D:\nt\private\fp32st\conv\tenpow.c		
.text	0x2DFA0	189	D:\nt\private\fp32st\conv\tenpow.c		
.text	0x2DFA7	190	D:\nt\private\fp32st\conv\tenpow.c		
.text	0x2DFAD	192	D:\nt\private\fp32st\conv\tenpow.c		
.text	0x2DFAF	193	D:\nt\private\fp32st\conv\tenpow.c		
.text	0x2DFB2	194	D:\nt\private\fp32st\conv\tenpow.c		
.text	0x2DFB9	197	D:\nt\private\fp32st\conv\tenpow.c		
.text	0x2DFBF	198	D:\nt\private\fp32st\conv\tenpow.c		
.text	0x2DFC7	201	D:\nt\private\fp32st\conv\tenpow.c		
.text	0x2DFCC	206	D:\nt\private\fp32st\conv\tenpow.c		
.text	0x2DFD0	207	D:\nt\private\fp32st\conv\tenpow.c		
.text	0x2DFD9	208	D:\nt\private\fp32st\conv\tenpow.c		
.text	0x2DFDD	209	D:\nt\private\fp32st\conv\tenpow.c		
.text	0x2DFE1	211	D:\nt\private\fp32st\conv\tenpow.c		
.text	0x2DFED	217	D:\nt\private\fp32st\conv\tenpow.c		
.text	0x2DFF4	219	D:\nt\private\fp32st\conv\tenpow.c		
.text	0x2DFFC	221	D:\nt\private\fp32st\conv\tenpow.c		
.text	0x2DFFF	223	D:\nt\private\fp32st\conv\tenpow.c		
.text	0x2E005	225	D:\nt\private\fp32st\conv\tenpow.c		
.text	0x2E011	235	D:\nt\private\fp32st\conv\tenpow.c		
.text	0x2E017	236	D:\nt\private\fp32st\conv\tenpow.c		
.text	0x2E04C	92	D:\nt\private\crt32st\lowio\close.c		
.text	0x2E054	96	D:\nt\private\crt32st\lowio\close.c		
.text	0x2E05C	98	D:\nt\private\crt32st\lowio\close.c		
.text	0x2E066	99	D:\nt\private\crt32st\lowio\close.c		
.text	0x2E070	100	D:\nt\private\crt32st\lowio\close.c		
.text	0x2E07C	112	D:\nt\private\crt32st\lowio\close.c		
.text	0x2E09E	117	D:\nt\private\crt32st\lowio\close.c		
.text	0x2E0A7	135	D:\nt\private\crt32st\lowio\close.c		
.text	0x2E0AB	138	D:\nt\private\crt32st\lowio\close.c		
.text	0x2E0B8	141	D:\nt\private\crt32st\lowio\close.c		
.text	0x2E0BF	143	D:\nt\private\crt32st\lowio\close.c		
.text	0x2E0C1	144	D:\nt\private\crt32st\lowio\close.c		
.text	0x2E0D8	115	D:\nt\private\crt32st\dos\dosmap.c		
.text	0x2E0DF	118	D:\nt\private\crt32st\dos\dosmap.c		
.text	0x2E0E5	121	D:\nt\private\crt32st\dos\dosmap.c		
.text	0x2E0EC	122	D:\nt\private\crt32st\dos\dosmap.c		
.text	0x2E0FF	132	D:\nt\private\crt32st\dos\dosmap.c		
.text	0x2E109	133	D:\nt\private\crt32st\dos\dosmap.c		
.text	0x2E113	134	D:\nt\private\crt32st\dos\dosmap.c		
.text	0x2E118	123	D:\nt\private\crt32st\dos\dosmap.c		
.text	0x2E125	124	D:\nt\private\crt32st\dos\dosmap.c		
.text	0x2E128	126	D:\nt\private\crt32st\dos\dosmap.c		
.text	0x2E138	135	D:\nt\private\crt32st\dos\dosmap.c		
.text	0x2E142	136	D:\nt\private\crt32st\dos\dosmap.c		
.text	0x2E148	137	D:\nt\private\crt32st\dos\dosmap.c		
.text	0x2E152	138	D:\nt\private\crt32st\dos\dosmap.c		
.text	0x2E158	62	D:\nt\private\crt32st\lowio\dup.c		
.text	0x2E163	68	D:\nt\private\crt32st\lowio\dup.c		
.text	0x2E16B	69	D:\nt\private\crt32st\lowio\dup.c		
.text	0x2E175	70	D:\nt\private\crt32st\lowio\dup.c		
.text	0x2E17F	71	D:\nt\private\crt32st\lowio\dup.c		
.text	0x2E188	75	D:\nt\private\crt32st\lowio\dup.c		
.text	0x2E191	99	D:\nt\private\crt32st\lowio\dup.c		
.text	0x2E19D	100	D:\nt\private\crt32st\lowio\dup.c		
.text	0x2E1AC	112	D:\nt\private\crt32st\lowio\dup.c		
.text	0x2E1D8	113	D:\nt\private\crt32st\lowio\dup.c		
.text	0x2E1DF	114	D:\nt\private\crt32st\lowio\dup.c		
.text	0x2E1E4	115	D:\nt\private\crt32st\lowio\dup.c		
.text	0x2E1F0	116	D:\nt\private\crt32st\lowio\dup.c		
.text	0x2E1F2	132	D:\nt\private\crt32st\lowio\dup.c		
.text	0x2E1F6	134	D:\nt\private\crt32st\lowio\dup.c		
.text	0x2E204	139	D:\nt\private\crt32st\lowio\dup.c		
.text	0x2E20D	141	D:\nt\private\crt32st\lowio\dup.c		
.text	0x2E20F	142	D:\nt\private\crt32st\lowio\dup.c		
.text	0x2E224	74	D:\nt\private\crt32st\lowio\osfinfo.c		
.text	0x2E22E	76	D:\nt\private\crt32st\lowio\osfinfo.c		
.text	0x2E244	81	D:\nt\private\crt32st\lowio\osfinfo.c		
.text	0x2E24F	99	D:\nt\private\crt32st\lowio\osfinfo.c		
.text	0x2E262	100	D:\nt\private\crt32st\lowio\osfinfo.c		
.text	0x2E264	126	D:\nt\private\crt32st\lowio\osfinfo.c		
.text	0x2E26E	129	D:\nt\private\crt32st\lowio\osfinfo.c		
.text	0x2E288	130	D:\nt\private\crt32st\lowio\osfinfo.c		
.text	0x2E28A	134	D:\nt\private\crt32st\lowio\osfinfo.c		
.text	0x2E298	131	D:\nt\private\crt32st\lowio\osfinfo.c		
.text	0x2E2A0	132	D:\nt\private\crt32st\lowio\osfinfo.c		
.text	0x2E2A8	133	D:\nt\private\crt32st\lowio\osfinfo.c		
.text	0x2E2B5	136	D:\nt\private\crt32st\lowio\osfinfo.c		
.text	0x2E2BD	137	D:\nt\private\crt32st\lowio\osfinfo.c		
.text	0x2E2C4	139	D:\nt\private\crt32st\lowio\osfinfo.c		
.text	0x2E2CE	140	D:\nt\private\crt32st\lowio\osfinfo.c		
.text	0x2E2D8	141	D:\nt\private\crt32st\lowio\osfinfo.c		
.text	0x2E2DD	143	D:\nt\private\crt32st\lowio\osfinfo.c		
.text	0x2E2E0	167	D:\nt\private\crt32st\lowio\osfinfo.c		
.text	0x2E2EA	171	D:\nt\private\crt32st\lowio\osfinfo.c		
.text	0x2E30D	172	D:\nt\private\crt32st\lowio\osfinfo.c		
.text	0x2E30F	176	D:\nt\private\crt32st\lowio\osfinfo.c		
.text	0x2E31C	173	D:\nt\private\crt32st\lowio\osfinfo.c		
.text	0x2E324	174	D:\nt\private\crt32st\lowio\osfinfo.c		
.text	0x2E32C	175	D:\nt\private\crt32st\lowio\osfinfo.c		
.text	0x2E338	178	D:\nt\private\crt32st\lowio\osfinfo.c		
.text	0x2E341	179	D:\nt\private\crt32st\lowio\osfinfo.c		
.text	0x2E348	181	D:\nt\private\crt32st\lowio\osfinfo.c		
.text	0x2E352	182	D:\nt\private\crt32st\lowio\osfinfo.c		
.text	0x2E35C	183	D:\nt\private\crt32st\lowio\osfinfo.c		
.text	0x2E361	185	D:\nt\private\crt32st\lowio\osfinfo.c		
.text	0x2E364	209	D:\nt\private\crt32st\lowio\osfinfo.c		
.text	0x2E36A	210	D:\nt\private\crt32st\lowio\osfinfo.c		
.text	0x2E37B	211	D:\nt\private\crt32st\lowio\osfinfo.c		
.text	0x2E384	213	D:\nt\private\crt32st\lowio\osfinfo.c		
.text	0x2E38E	214	D:\nt\private\crt32st\lowio\osfinfo.c		
.text	0x2E398	215	D:\nt\private\crt32st\lowio\osfinfo.c		
.text	0x2E39D	217	D:\nt\private\crt32st\lowio\osfinfo.c		
.text	0x2E3A0	242	D:\nt\private\crt32st\lowio\osfinfo.c		
.text	0x2E3AA	250	D:\nt\private\crt32st\lowio\osfinfo.c		
.text	0x2E3AE	253	D:\nt\private\crt32st\lowio\osfinfo.c		
.text	0x2E3B3	254	D:\nt\private\crt32st\lowio\osfinfo.c		
.text	0x2E3B7	255	D:\nt\private\crt32st\lowio\osfinfo.c		
.text	0x2E3C1	256	D:\nt\private\crt32st\lowio\osfinfo.c		
.text	0x2E3C5	261	D:\nt\private\crt32st\lowio\osfinfo.c		
.text	0x2E3D6	265	D:\nt\private\crt32st\lowio\osfinfo.c		
.text	0x2E3E4	266	D:\nt\private\crt32st\lowio\osfinfo.c		
.text	0x2E3EC	270	D:\nt\private\crt32st\lowio\osfinfo.c		
.text	0x2E3F1	271	D:\nt\private\crt32st\lowio\osfinfo.c		
.text	0x2E3F5	272	D:\nt\private\crt32st\lowio\osfinfo.c		
.text	0x2E3FD	273	D:\nt\private\crt32st\lowio\osfinfo.c		
.text	0x2E401	278	D:\nt\private\crt32st\lowio\osfinfo.c		
.text	0x2E40D	279	D:\nt\private\crt32st\lowio\osfinfo.c		
.text	0x2E417	280	D:\nt\private\crt32st\lowio\osfinfo.c		
.text	0x2E424	288	D:\nt\private\crt32st\lowio\osfinfo.c		
.text	0x2E430	292	D:\nt\private\crt32st\lowio\osfinfo.c		
.text	0x2E43B	296	D:\nt\private\crt32st\lowio\osfinfo.c		
.text	0x2E43D	297	D:\nt\private\crt32st\lowio\osfinfo.c		
.text	0x2E4D6	86	D:\nt\private\crt32st\stdio\_flsbuf.c		
.text	0x2E4DE	96	D:\nt\private\crt32st\stdio\_flsbuf.c		
.text	0x2E4E7	98	D:\nt\private\crt32st\stdio\_flsbuf.c		
.text	0x2E4FB	111	D:\nt\private\crt32st\stdio\_flsbuf.c		
.text	0x2E501	112	D:\nt\private\crt32st\stdio\_flsbuf.c		
.text	0x2E508	113	D:\nt\private\crt32st\stdio\_flsbuf.c		
.text	0x2E512	114	D:\nt\private\crt32st\stdio\_flsbuf.c		
.text	0x2E517	115	D:\nt\private\crt32st\stdio\_flsbuf.c		
.text	0x2E51B	117	D:\nt\private\crt32st\stdio\_flsbuf.c		
.text	0x2E51F	124	D:\nt\private\crt32st\stdio\_flsbuf.c		
.text	0x2E523	125	D:\nt\private\crt32st\stdio\_flsbuf.c		
.text	0x2E52B	128	D:\nt\private\crt32st\stdio\_flsbuf.c		
.text	0x2E534	138	D:\nt\private\crt32st\stdio\_flsbuf.c		
.text	0x2E553	140	D:\nt\private\crt32st\stdio\_flsbuf.c		
.text	0x2E55C	145	D:\nt\private\crt32st\stdio\_flsbuf.c		
.text	0x2E565	149	D:\nt\private\crt32st\stdio\_flsbuf.c		
.text	0x2E56A	150	D:\nt\private\crt32st\stdio\_flsbuf.c		
.text	0x2E570	151	D:\nt\private\crt32st\stdio\_flsbuf.c		
.text	0x2E577	153	D:\nt\private\crt32st\stdio\_flsbuf.c		
.text	0x2E57B	154	D:\nt\private\crt32st\stdio\_flsbuf.c		
.text	0x2E590	155	D:\nt\private\crt32st\stdio\_flsbuf.c		
.text	0x2E595	156	D:\nt\private\crt32st\stdio\_flsbuf.c		
.text	0x2E5A1	157	D:\nt\private\crt32st\stdio\_flsbuf.c		
.text	0x2E5AE	159	D:\nt\private\crt32st\stdio\_flsbuf.c		
.text	0x2E5B6	163	D:\nt\private\crt32st\stdio\_flsbuf.c		
.text	0x2E5BA	164	D:\nt\private\crt32st\stdio\_flsbuf.c		
.text	0x2E5C1	165	D:\nt\private\crt32st\stdio\_flsbuf.c		
.text	0x2E5D5	169	D:\nt\private\crt32st\stdio\_flsbuf.c		
.text	0x2E5DD	174	D:\nt\private\crt32st\stdio\_flsbuf.c		
.text	0x2E5EA	99	D:\nt\private\crt32st\stdio\_flsbuf.c		
.text	0x2E5EE	100	D:\nt\private\crt32st\stdio\_flsbuf.c		
.text	0x2E5F3	175	D:\nt\private\crt32st\stdio\_flsbuf.c		
.text	0x2E606	42	D:\nt\private\fp32st\conv\fpinit.c		
.text	0x2E60B	45	D:\nt\private\fp32st\conv\fpinit.c		
.text	0x2E60E	57	D:\nt\private\fp32st\conv\fpinit.c		
.text	0x2E612	61	D:\nt\private\fp32st\conv\fpinit.c		
.text	0x2E61C	62	D:\nt\private\fp32st\conv\fpinit.c		
.text	0x2E626	63	D:\nt\private\fp32st\conv\fpinit.c		
.text	0x2E630	64	D:\nt\private\fp32st\conv\fpinit.c		
.text	0x2E63A	65	D:\nt\private\fp32st\conv\fpinit.c		
.text	0x2E644	67	D:\nt\private\fp32st\conv\fpinit.c		
.text	0x2E646	98	D:\nt\private\fp32st\conv\cvt.c		
.text	0x2E64C	102	D:\nt\private\fp32st\conv\cvt.c		
.text	0x2E671	104	D:\nt\private\fp32st\conv\cvt.c		
.text	0x2E674	106	D:\nt\private\fp32st\conv\cvt.c		
.text	0x2E683	109	D:\nt\private\fp32st\conv\cvt.c		
.text	0x2E68B	110	D:\nt\private\fp32st\conv\cvt.c		
.text	0x2E694	113	D:\nt\private\fp32st\conv\cvt.c		
.text	0x2E69C	114	D:\nt\private\fp32st\conv\cvt.c		
.text	0x2E6A4	115	D:\nt\private\fp32st\conv\cvt.c		
.text	0x2E6AA	118	D:\nt\private\fp32st\conv\cvt.c		
.text	0x2E6B5	119	D:\nt\private\fp32st\conv\cvt.c		
.text	0x2E6BA	149	D:\nt\private\fp32st\conv\cvt.c		
.text	0x2E6C0	152	D:\nt\private\fp32st\conv\cvt.c		
.text	0x2E6C7	153	D:\nt\private\fp32st\conv\cvt.c		
.text	0x2E6D2	155	D:\nt\private\fp32st\conv\cvt.c		
.text	0x2E6DA	156	D:\nt\private\fp32st\conv\cvt.c		
.text	0x2E6E8	157	D:\nt\private\fp32st\conv\cvt.c		
.text	0x2E6F3	159	D:\nt\private\fp32st\conv\cvt.c		
.text	0x2E6F9	161	D:\nt\private\fp32st\conv\cvt.c		
.text	0x2E6FE	162	D:\nt\private\fp32st\conv\cvt.c		
.text	0x2E709	164	D:\nt\private\fp32st\conv\cvt.c		
.text	0x2E70E	165	D:\nt\private\fp32st\conv\cvt.c		
.text	0x2E711	167	D:\nt\private\fp32st\conv\cvt.c		
.text	0x2E725	169	D:\nt\private\fp32st\conv\cvt.c		
.text	0x2E72A	173	D:\nt\private\fp32st\conv\cvt.c		
.text	0x2E72D	174	D:\nt\private\fp32st\conv\cvt.c		
.text	0x2E748	175	D:\nt\private\fp32st\conv\cvt.c		
.text	0x2E74A	179	D:\nt\private\fp32st\conv\cvt.c		
.text	0x2E74D	182	D:\nt\private\fp32st\conv\cvt.c		
.text	0x2E757	204	D:\nt\private\fp32st\conv\cvt.c		
.text	0x2E76A	193	D:\nt\private\fp32st\conv\cvt.c		
.text	0x2E779	194	D:\nt\private\fp32st\conv\cvt.c		
.text	0x2E77E	200	D:\nt\private\fp32st\conv\cvt.c		
.text	0x2E78B	213	D:\nt\private\fp32st\conv\cvt.c		
.text	0x2E78E	257	D:\nt\private\fp32st\conv\cvt.c		
.text	0x2E794	275	D:\nt\private\fp32st\conv\cvt.c		
.text	0x2E79D	277	D:\nt\private\fp32st\conv\cvt.c		
.text	0x2E7A5	281	D:\nt\private\fp32st\conv\cvt.c		
.text	0x2E7B7	282	D:\nt\private\fp32st\conv\cvt.c		
.text	0x2E7CD	285	D:\nt\private\fp32st\conv\cvt.c		
.text	0x2E7D2	286	D:\nt\private\fp32st\conv\cvt.c		
.text	0x2E7E5	287	D:\nt\private\fp32st\conv\cvt.c		
.text	0x2E816	294	D:\nt\private\fp32st\conv\cvt.c		
.text	0x2E81C	298	D:\nt\private\fp32st\conv\cvt.c		
.text	0x2E824	299	D:\nt\private\fp32st\conv\cvt.c		
.text	0x2E82D	305	D:\nt\private\fp32st\conv\cvt.c		
.text	0x2E833	306	D:\nt\private\fp32st\conv\cvt.c		
.text	0x2E83D	307	D:\nt\private\fp32st\conv\cvt.c		
.text	0x2E846	312	D:\nt\private\fp32st\conv\cvt.c		
.text	0x2E868	318	D:\nt\private\fp32st\conv\cvt.c		
.text	0x2E86E	319	D:\nt\private\fp32st\conv\cvt.c		
.text	0x2E871	321	D:\nt\private\fp32st\conv\cvt.c		
.text	0x2E874	327	D:\nt\private\fp32st\conv\cvt.c		
.text	0x2E87F	333	D:\nt\private\fp32st\conv\cvt.c		
.text	0x2E88D	334	D:\nt\private\fp32st\conv\cvt.c		
.text	0x2E890	335	D:\nt\private\fp32st\conv\cvt.c		
.text	0x2E896	338	D:\nt\private\fp32st\conv\cvt.c		
.text	0x2E899	340	D:\nt\private\fp32st\conv\cvt.c		
.text	0x2E89F	341	D:\nt\private\fp32st\conv\cvt.c		
.text	0x2E8AF	342	D:\nt\private\fp32st\conv\cvt.c		
.text	0x2E8B8	344	D:\nt\private\fp32st\conv\cvt.c		
.text	0x2E8BB	346	D:\nt\private\fp32st\conv\cvt.c		
.text	0x2E8C1	347	D:\nt\private\fp32st\conv\cvt.c		
.text	0x2E8D1	348	D:\nt\private\fp32st\conv\cvt.c		
.text	0x2E8DA	351	D:\nt\private\fp32st\conv\cvt.c		
.text	0x2E8E5	354	D:\nt\private\fp32st\conv\cvt.c		
.text	0x2E8E8	355	D:\nt\private\fp32st\conv\cvt.c		
.text	0x2E8EA	377	D:\nt\private\fp32st\conv\cvt.c		
.text	0x2E8F0	379	D:\nt\private\fp32st\conv\cvt.c		
.text	0x2E8F7	380	D:\nt\private\fp32st\conv\cvt.c		
.text	0x2E908	381	D:\nt\private\fp32st\conv\cvt.c		
.text	0x2E90F	383	D:\nt\private\fp32st\conv\cvt.c		
.text	0x2E912	395	D:\nt\private\fp32st\conv\cvt.c		
.text	0x2E918	414	D:\nt\private\fp32st\conv\cvt.c		
.text	0x2E921	416	D:\nt\private\fp32st\conv\cvt.c		
.text	0x2E929	419	D:\nt\private\fp32st\conv\cvt.c		
.text	0x2E93B	420	D:\nt\private\fp32st\conv\cvt.c		
.text	0x2E946	421	D:\nt\private\fp32st\conv\cvt.c		
.text	0x2E951	422	D:\nt\private\fp32st\conv\cvt.c		
.text	0x2E957	423	D:\nt\private\fp32st\conv\cvt.c		
.text	0x2E95D	430	D:\nt\private\fp32st\conv\cvt.c		
.text	0x2E962	431	D:\nt\private\fp32st\conv\cvt.c		
.text	0x2E975	432	D:\nt\private\fp32st\conv\cvt.c		
.text	0x2E998	439	D:\nt\private\fp32st\conv\cvt.c		
.text	0x2E99E	443	D:\nt\private\fp32st\conv\cvt.c		
.text	0x2E9A6	444	D:\nt\private\fp32st\conv\cvt.c		
.text	0x2E9AF	450	D:\nt\private\fp32st\conv\cvt.c		
.text	0x2E9B8	451	D:\nt\private\fp32st\conv\cvt.c		
.text	0x2E9C5	452	D:\nt\private\fp32st\conv\cvt.c		
.text	0x2E9CE	454	D:\nt\private\fp32st\conv\cvt.c		
.text	0x2E9D2	455	D:\nt\private\fp32st\conv\cvt.c		
.text	0x2E9D8	459	D:\nt\private\fp32st\conv\cvt.c		
.text	0x2E9DE	460	D:\nt\private\fp32st\conv\cvt.c		
.text	0x2E9EB	461	D:\nt\private\fp32st\conv\cvt.c		
.text	0x2E9F4	467	D:\nt\private\fp32st\conv\cvt.c		
.text	0x2E9FD	468	D:\nt\private\fp32st\conv\cvt.c		
.text	0x2EA06	469	D:\nt\private\fp32st\conv\cvt.c		
.text	0x2EA0E	471	D:\nt\private\fp32st\conv\cvt.c		
.text	0x2EA1E	472	D:\nt\private\fp32st\conv\cvt.c		
.text	0x2EA2A	473	D:\nt\private\fp32st\conv\cvt.c		
.text	0x2EA37	477	D:\nt\private\fp32st\conv\cvt.c		
.text	0x2EA3A	478	D:\nt\private\fp32st\conv\cvt.c		
.text	0x2EA3E	526	D:\nt\private\fp32st\conv\cvt.c		
.text	0x2EA44	528	D:\nt\private\fp32st\conv\cvt.c		
.text	0x2EA4B	529	D:\nt\private\fp32st\conv\cvt.c		
.text	0x2EA59	530	D:\nt\private\fp32st\conv\cvt.c		
.text	0x2EA60	532	D:\nt\private\fp32st\conv\cvt.c		
.text	0x2EA62	565	D:\nt\private\fp32st\conv\cvt.c		
.text	0x2EA68	585	D:\nt\private\fp32st\conv\cvt.c		
.text	0x2EA7D	588	D:\nt\private\fp32st\conv\cvt.c		
.text	0x2EA86	589	D:\nt\private\fp32st\conv\cvt.c		
.text	0x2EA9D	591	D:\nt\private\fp32st\conv\cvt.c		
.text	0x2EAAF	592	D:\nt\private\fp32st\conv\cvt.c		
.text	0x2EAC6	597	D:\nt\private\fp32st\conv\cvt.c		
.text	0x2EAD4	601	D:\nt\private\fp32st\conv\cvt.c		
.text	0x2EADE	609	D:\nt\private\fp32st\conv\cvt.c		
.text	0x2EAF6	614	D:\nt\private\fp32st\conv\cvt.c		
.text	0x2EAFF	616	D:\nt\private\fp32st\conv\cvt.c		
.text	0x2EB0A	617	D:\nt\private\fp32st\conv\cvt.c		
.text	0x2EB11	623	D:\nt\private\fp32st\conv\cvt.c		
.text	0x2EB1F	627	D:\nt\private\fp32st\conv\cvt.c		
.text	0x2EB22	669	D:\nt\private\fp32st\conv\cvt.c		
.text	0x2EB25	670	D:\nt\private\fp32st\conv\cvt.c		
.text	0x2EB31	671	D:\nt\private\fp32st\conv\cvt.c		
.text	0x2EB44	672	D:\nt\private\fp32st\conv\cvt.c		
.text	0x2EB4C	673	D:\nt\private\fp32st\conv\cvt.c		
.text	0x2EB5E	675	D:\nt\private\fp32st\conv\cvt.c		
.text	0x2EB6F	676	D:\nt\private\fp32st\conv\cvt.c		
.text	0x2EB72	697	D:\nt\private\fp32st\conv\cvt.c		
.text	0x2EB75	698	D:\nt\private\fp32st\conv\cvt.c		
.text	0x2EB7B	699	D:\nt\private\fp32st\conv\cvt.c		
.text	0x2EB96	700	D:\nt\private\fp32st\conv\cvt.c		
.text	0x2EBA6	44	D:\nt\private\fp32st\conv\cfout.c		
.text	0x2EBAE	47	D:\nt\private\fp32st\conv\cfout.c		
.text	0x2EBC9	48	D:\nt\private\fp32st\conv\cfout.c		
.text	0x2EBE8	49	D:\nt\private\fp32st\conv\cfout.c		
.text	0x2EBF4	50	D:\nt\private\fp32st\conv\cfout.c		
.text	0x2EC00	51	D:\nt\private\fp32st\conv\cfout.c		
.text	0x2EC0A	53	D:\nt\private\fp32st\conv\cfout.c		
.text	0x2EC0F	54	D:\nt\private\fp32st\conv\cfout.c		
.text	0x2EC16	65	D:\nt\private\fp32st\conv\x10fout.c		
.text	0x2EC1E	71	D:\nt\private\fp32st\conv\x10fout.c		
.text	0x2EC24	72	D:\nt\private\fp32st\conv\x10fout.c		
.text	0x2EC2A	73	D:\nt\private\fp32st\conv\x10fout.c		
.text	0x2EC30	74	D:\nt\private\fp32st\conv\x10fout.c		
.text	0x2EC37	77	D:\nt\private\fp32st\conv\x10fout.c		
.text	0x2EC4B	78	D:\nt\private\fp32st\conv\x10fout.c		
.text	0x2EC5F	93	D:\nt\private\fp32st\conv\x10fout.c		
.text	0x2EC66	101	D:\nt\private\fp32st\conv\x10fout.c		
.text	0x2EC6E	102	D:\nt\private\fp32st\conv\x10fout.c		
.text	0x2EC74	103	D:\nt\private\fp32st\conv\x10fout.c		
.text	0x2EC7A	104	D:\nt\private\fp32st\conv\x10fout.c		
.text	0x2EC86	105	D:\nt\private\fp32st\conv\x10fout.c		
.text	0x2EC8A	107	D:\nt\private\fp32st\conv\x10fout.c		
.text	0x2EC8F	108	D:\nt\private\fp32st\conv\x10fout.c		
.text	0x2EC96	109	D:\nt\private\fp32st\conv\x10fout.c		
.text	0x2EC9A	110	D:\nt\private\fp32st\conv\x10fout.c		
.text	0x2ECA1	112	D:\nt\private\fp32st\conv\x10fout.c		
.text	0x2ECB4	113	D:\nt\private\fp32st\conv\x10fout.c		
.text	0x2ECD8	114	D:\nt\private\fp32st\conv\x10fout.c		
.text	0x2ECE1	115	D:\nt\private\fp32st\conv\x10fout.c		
.text	0x2ECE2	117	D:\nt\private\fp32st\conv\x10fout.c		
.text	0x2ECEE	118	D:\nt\private\fp32st\conv\x10fout.c		
.text	0x2ECF6	121	D:\nt\private\fp32st\conv\x10fout.c		
.text	0x2ED05	123	D:\nt\private\fp32st\conv\x10fout.c		
.text	0x2ED34	128	D:\nt\private\fp32st\conv\x10fout.c		
.text	0x2ED48	129	D:\nt\private\fp32st\conv\x10fout.c		
.text	0x2ED4F	130	D:\nt\private\fp32st\conv\x10fout.c		
.text	0x2ED56	132	D:\nt\private\fp32st\conv\x10fout.c		
.text	0x2ED73	134	D:\nt\private\fp32st\conv\x10fout.c		
.text	0x2ED7A	140	D:\nt\private\fp32st\conv\x10fout.c		
.text	0x2ED8E	141	D:\nt\private\fp32st\conv\x10fout.c		
.text	0x2ED9A	228	D:\nt\private\fp32st\conv\x10fout.c		
.text	0x2EDA6	229	D:\nt\private\fp32st\conv\x10fout.c		
.text	0x2EDB0	230	D:\nt\private\fp32st\conv\x10fout.c		
.text	0x2EDBA	231	D:\nt\private\fp32st\conv\x10fout.c		
.text	0x2EDE4	232	D:\nt\private\fp32st\conv\x10fout.c		
.text	0x2EDED	258	D:\nt\private\fp32st\conv\x10fout.c		
.text	0x2EDF5	259	D:\nt\private\fp32st\conv\x10fout.c		
.text	0x2EDFB	260	D:\nt\private\fp32st\conv\x10fout.c		
.text	0x2EE01	261	D:\nt\private\fp32st\conv\x10fout.c		
.text	0x2EE07	264	D:\nt\private\fp32st\conv\x10fout.c		
.text	0x2EE1C	267	D:\nt\private\fp32st\conv\x10fout.c		
.text	0x2EE24	268	D:\nt\private\fp32st\conv\x10fout.c		
.text	0x2EE28	269	D:\nt\private\fp32st\conv\x10fout.c		
.text	0x2EE38	272	D:\nt\private\fp32st\conv\x10fout.c		
.text	0x2EE42	273	D:\nt\private\fp32st\conv\x10fout.c		
.text	0x2EE48	275	D:\nt\private\fp32st\conv\x10fout.c		
.text	0x2EE4F	276	D:\nt\private\fp32st\conv\x10fout.c		
.text	0x2EE59	282	D:\nt\private\fp32st\conv\x10fout.c		
.text	0x2EE5F	283	D:\nt\private\fp32st\conv\x10fout.c		
.text	0x2EE66	285	D:\nt\private\fp32st\conv\x10fout.c		
.text	0x2EE72	286	D:\nt\private\fp32st\conv\x10fout.c		
.text	0x2EE78	296	D:\nt\private\fp32st\conv\x10fout.c		
.text	0x2EE7F	297	D:\nt\private\fp32st\conv\x10fout.c		
.text	0x2EE94	299	D:\nt\private\fp32st\conv\x10fout.c		
.text	0x2EE9A	300	D:\nt\private\fp32st\conv\x10fout.c		
.text	0x2EEA7	301	D:\nt\private\fp32st\conv\x10fout.c		
.text	0x2EEAA	302	D:\nt\private\fp32st\conv\x10fout.c		
.text	0x2EEBF	305	D:\nt\private\fp32st\conv\x10fout.c		
.text	0x2EEC8	306	D:\nt\private\fp32st\conv\x10fout.c		
.text	0x2EED2	307	D:\nt\private\fp32st\conv\x10fout.c		
.text	0x2EEDB	308	D:\nt\private\fp32st\conv\x10fout.c		
.text	0x2EEE7	309	D:\nt\private\fp32st\conv\x10fout.c		
.text	0x2EEF3	310	D:\nt\private\fp32st\conv\x10fout.c		
.text	0x2EF03	311	D:\nt\private\fp32st\conv\x10fout.c		
.text	0x2EF0F	314	D:\nt\private\fp32st\conv\x10fout.c		
.text	0x2EF1D	315	D:\nt\private\fp32st\conv\x10fout.c		
.text	0x2EF21	316	D:\nt\private\fp32st\conv\x10fout.c		
.text	0x2EF2A	318	D:\nt\private\fp32st\conv\x10fout.c		
.text	0x2EF35	319	D:\nt\private\fp32st\conv\x10fout.c		
.text	0x2EF38	321	D:\nt\private\fp32st\conv\x10fout.c		
.text	0x2EF3C	323	D:\nt\private\fp32st\conv\x10fout.c		
.text	0x2EF46	324	D:\nt\private\fp32st\conv\x10fout.c		
.text	0x2EF49	325	D:\nt\private\fp32st\conv\x10fout.c		
.text	0x2EF57	326	D:\nt\private\fp32st\conv\x10fout.c		
.text	0x2EF62	327	D:\nt\private\fp32st\conv\x10fout.c		
.text	0x2EF65	328	D:\nt\private\fp32st\conv\x10fout.c		
.text	0x2EF6B	330	D:\nt\private\fp32st\conv\x10fout.c		
.text	0x2EF70	332	D:\nt\private\fp32st\conv\x10fout.c		
.text	0x2EF88	335	D:\nt\private\fp32st\conv\x10fout.c		
.text	0x2EF97	341	D:\nt\private\fp32st\conv\x10fout.c		
.text	0x2EFA8	342	D:\nt\private\fp32st\conv\x10fout.c		
.text	0x2EFB6	344	D:\nt\private\fp32st\conv\x10fout.c		
.text	0x2EFB9	345	D:\nt\private\fp32st\conv\x10fout.c		
.text	0x2EFC6	34	D:\nt\private\fp32st\conv\ldtod.c		
.text	0x2EFCE	39	D:\nt\private\fp32st\conv\ldtod.c		
.text	0x2EFD5	40	D:\nt\private\fp32st\conv\ldtod.c		
.text	0x2EFDB	42	D:\nt\private\fp32st\conv\ldtod.c		
.text	0x2EFEB	43	D:\nt\private\fp32st\conv\ldtod.c		
.text	0x2EFF7	44	D:\nt\private\fp32st\conv\ldtod.c		
.text	0x2F002	45	D:\nt\private\fp32st\conv\ldtod.c		
.text	0x2F008	47	D:\nt\private\fp32st\conv\ldtod.c		
.text	0x2F017	64	D:\nt\private\fp32st\conv\ldtod.c		
.text	0x2F01D	65	D:\nt\private\fp32st\conv\ldtod.c		
.text	0x2F029	66	D:\nt\private\fp32st\conv\ldtod.c		
.text	0x2F02E	49	D:\nt\private\fp32st\conv\ldtod.c		
.text	0x2F034	69	D:\nt\private\fp32st\conv\ldtod.c		
.text	0x2F048	70	D:\nt\private\fp32st\conv\ldtod.c		
.text	0x2F051	73	D:\nt\private\fp32st\conv\ldtod.c		
.text	0x2F057	76	D:\nt\private\fp32st\conv\ldtod.c		
.text	0x2F06B	77	D:\nt\private\fp32st\conv\ldtod.c		
.text	0x2F06E	78	D:\nt\private\fp32st\conv\ldtod.c		
.text	0x2F072	79	D:\nt\private\fp32st\conv\ldtod.c		
.text	0x2F076	53	D:\nt\private\fp32st\conv\ldtod.c		
.text	0x2F082	54	D:\nt\private\fp32st\conv\ldtod.c		
.text	0x2F089	55	D:\nt\private\fp32st\conv\ldtod.c		
.text	0x2F090	56	D:\nt\private\fp32st\conv\ldtod.c		
.text	0x2F096	57	D:\nt\private\fp32st\conv\ldtod.c		
.text	0x2F0A8	58	D:\nt\private\fp32st\conv\ldtod.c		
.text	0x2F0AA	60	D:\nt\private\fp32st\conv\ldtod.c		
.text	0x2F0B6	61	D:\nt\private\fp32st\conv\ldtod.c		
.text	0x2F0BD	62	D:\nt\private\fp32st\conv\ldtod.c		
.text	0x2F0C2	81	D:\nt\private\fp32st\conv\ldtod.c		
.text	0x2F0D0	84	D:\nt\private\fp32st\conv\ldtod.c		
.text	0x2F0D2	107	D:\nt\private\fp32st\conv\ldtod.c		
.text	0x2F0D8	112	D:\nt\private\fp32st\conv\ldtod.c		
.text	0x2F0E4	113	D:\nt\private\fp32st\conv\ldtod.c		
.text	0x2F0EF	114	D:\nt\private\fp32st\conv\ldtod.c		
.text	0x2F0F5	115	D:\nt\private\fp32st\conv\ldtod.c		
.text	0x2F0FB	118	D:\nt\private\fp32st\conv\ldtod.c		
.text	0x2F101	119	D:\nt\private\fp32st\conv\ldtod.c		
.text	0x2F107	120	D:\nt\private\fp32st\conv\ldtod.c		
.text	0x2F10F	122	D:\nt\private\fp32st\conv\ldtod.c		
.text	0x2F115	123	D:\nt\private\fp32st\conv\ldtod.c		
.text	0x2F11C	124	D:\nt\private\fp32st\conv\ldtod.c		
.text	0x2F123	126	D:\nt\private\fp32st\conv\ldtod.c		
.text	0x2F12A	128	D:\nt\private\fp32st\conv\ldtod.c		
.text	0x2F130	129	D:\nt\private\fp32st\conv\ldtod.c		
.text	0x2F138	131	D:\nt\private\fp32st\conv\ldtod.c		
.text	0x2F13E	132	D:\nt\private\fp32st\conv\ldtod.c		
.text	0x2F145	136	D:\nt\private\fp32st\conv\ldtod.c		
.text	0x2F14C	138	D:\nt\private\fp32st\conv\ldtod.c		
.text	0x2F14E	140	D:\nt\private\fp32st\conv\ldtod.c		
.text	0x2F154	141	D:\nt\private\fp32st\conv\ldtod.c		
.text	0x2F157	142	D:\nt\private\fp32st\conv\ldtod.c		
.text	0x2F15A	143	D:\nt\private\fp32st\conv\ldtod.c		
.text	0x2F160	144	D:\nt\private\fp32st\conv\ldtod.c		
.text	0x2F164	145	D:\nt\private\fp32st\conv\ldtod.c		
.text	0x2F167	146	D:\nt\private\fp32st\conv\ldtod.c		
.text	0x2F16B	147	D:\nt\private\fp32st\conv\ldtod.c		
.text	0x2F172	150	D:\nt\private\fp32st\conv\ldtod.c		
.text	0x2F178	151	D:\nt\private\fp32st\conv\ldtod.c		
.text	0x2F17B	152	D:\nt\private\fp32st\conv\ldtod.c		
.text	0x2F17E	153	D:\nt\private\fp32st\conv\ldtod.c		
.text	0x2F184	154	D:\nt\private\fp32st\conv\ldtod.c		
.text	0x2F188	155	D:\nt\private\fp32st\conv\ldtod.c		
.text	0x2F18B	156	D:\nt\private\fp32st\conv\ldtod.c		
.text	0x2F191	157	D:\nt\private\fp32st\conv\ldtod.c		
.text	0x2F195	161	D:\nt\private\fp32st\conv\ldtod.c		
.text	0x2F1AF	163	D:\nt\private\fp32st\conv\ldtod.c		
.text	0x2F1C6	164	D:\nt\private\fp32st\conv\ldtod.c		
.text	0x2F1CA	165	D:\nt\private\fp32st\conv\ldtod.c		
.text	0x2F1DE	166	D:\nt\private\fp32st\conv\ldtod.c		
.text	0x2F1E2	167	D:\nt\private\fp32st\conv\ldtod.c		
.text	0x2F1E9	168	D:\nt\private\fp32st\conv\ldtod.c		
.text	0x2F1F1	169	D:\nt\private\fp32st\conv\ldtod.c		
.text	0x2F1F5	178	D:\nt\private\fp32st\conv\ldtod.c		
.text	0x2F21C	179	D:\nt\private\fp32st\conv\ldtod.c		
.text	0x2F22D	180	D:\nt\private\fp32st\conv\ldtod.c		
.text	0x2F230	181	D:\nt\private\fp32st\conv\ldtod.c		
.text	0x2F236	55	D:\nt\private\crt32st\convert\_fptostr.c		
.text	0x2F242	57	D:\nt\private\crt32st\convert\_fptostr.c		
.text	0x2F248	65	D:\nt\private\crt32st\convert\_fptostr.c		
.text	0x2F250	71	D:\nt\private\crt32st\convert\_fptostr.c		
.text	0x2F254	72	D:\nt\private\crt32st\convert\_fptostr.c		
.text	0x2F266	74	D:\nt\private\crt32st\convert\_fptostr.c		
.text	0x2F26B	75	D:\nt\private\crt32st\convert\_fptostr.c		
.text	0x2F26E	82	D:\nt\private\crt32st\convert\_fptostr.c		
.text	0x2F277	84	D:\nt\private\crt32st\convert\_fptostr.c		
.text	0x2F27D	85	D:\nt\private\crt32st\convert\_fptostr.c		
.text	0x2F286	86	D:\nt\private\crt32st\convert\_fptostr.c		
.text	0x2F288	89	D:\nt\private\crt32st\convert\_fptostr.c		
.text	0x2F28D	94	D:\nt\private\crt32st\convert\_fptostr.c		
.text	0x2F293	96	D:\nt\private\crt32st\convert\_fptostr.c		
.text	0x2F29A	100	D:\nt\private\crt32st\convert\_fptostr.c		
.text	0x2F2C1	102	D:\nt\private\crt32st\convert\_fptostr.c		
.text	0x2F2C6	56	D:\nt\private\crt32st\startup\crt0fp.c		
.text	0x2F2D0	57	D:\nt\private\crt32st\startup\crt0fp.c		
.text	0x2F2D6	81	D:\nt\private\crt32st\lowio\fstat.c		
.text	0x2F2E1	84	D:\nt\private\crt32st\lowio\fstat.c		
.text	0x2F2E8	86	D:\nt\private\crt32st\lowio\fstat.c		
.text	0x2F2FC	112	D:\nt\private\crt32st\lowio\fstat.c		
.text	0x2F31A	114	D:\nt\private\crt32st\lowio\fstat.c		
.text	0x2F324	115	D:\nt\private\crt32st\lowio\fstat.c		
.text	0x2F32B	116	D:\nt\private\crt32st\lowio\fstat.c		
.text	0x2F332	119	D:\nt\private\crt32st\lowio\fstat.c		
.text	0x2F344	136	D:\nt\private\crt32st\lowio\fstat.c		
.text	0x2F359	137	D:\nt\private\crt32st\lowio\fstat.c		
.text	0x2F35F	142	D:\nt\private\crt32st\lowio\fstat.c		
.text	0x2F376	183	D:\nt\private\crt32st\lowio\fstat.c		
.text	0x2F393	185	D:\nt\private\crt32st\lowio\fstat.c		
.text	0x2F3A6	186	D:\nt\private\crt32st\lowio\fstat.c		
.text	0x2F3A9	187	D:\nt\private\crt32st\lowio\fstat.c		
.text	0x2F3B2	191	D:\nt\private\crt32st\lowio\fstat.c		
.text	0x2F3C2	198	D:\nt\private\crt32st\lowio\fstat.c		
.text	0x2F3F0	200	D:\nt\private\crt32st\lowio\fstat.c		
.text	0x2F400	207	D:\nt\private\crt32st\lowio\fstat.c		
.text	0x2F42E	209	D:\nt\private\crt32st\lowio\fstat.c		
.text	0x2F43E	216	D:\nt\private\crt32st\lowio\fstat.c		
.text	0x2F46C	231	D:\nt\private\crt32st\lowio\fstat.c		
.text	0x2F472	234	D:\nt\private\crt32st\lowio\fstat.c		
.text	0x2F479	235	D:\nt\private\crt32st\lowio\fstat.c		
.text	0x2F47D	236	D:\nt\private\crt32st\lowio\fstat.c		
.text	0x2F482	241	D:\nt\private\crt32st\lowio\fstat.c		
.text	0x2F492	242	D:\nt\private\crt32st\lowio\fstat.c		
.text	0x2F4A2	243	D:\nt\private\crt32st\lowio\fstat.c		
.text	0x2F4B0	245	D:\nt\private\crt32st\lowio\fstat.c		
.text	0x2F4B4	246	D:\nt\private\crt32st\lowio\fstat.c		
.text	0x2F4BE	253	D:\nt\private\crt32st\lowio\fstat.c		
.text	0x2F4C6	87	D:\nt\private\crt32st\lowio\fstat.c		
.text	0x2F4D0	88	D:\nt\private\crt32st\lowio\fstat.c		
.text	0x2F4D5	254	D:\nt\private\crt32st\lowio\fstat.c		
.text	0x2F4F2	53	D:\nt\private\crt32st\time\dtoxtime.c		
.text	0x2F4FB	58	D:\nt\private\crt32st\time\dtoxtime.c		
.text	0x2F510	62	D:\nt\private\crt32st\time\dtoxtime.c		
.text	0x2F51A	63	D:\nt\private\crt32st\time\dtoxtime.c		
.text	0x2F52F	64	D:\nt\private\crt32st\time\dtoxtime.c		
.text	0x2F530	67	D:\nt\private\crt32st\time\dtoxtime.c		
.text	0x2F538	68	D:\nt\private\crt32st\time\dtoxtime.c		
.text	0x2F53F	69	D:\nt\private\crt32st\time\dtoxtime.c		
.text	0x2F57A	70	D:\nt\private\crt32st\time\dtoxtime.c		
.text	0x2F583	71	D:\nt\private\crt32st\time\dtoxtime.c		
.text	0x2F58A	72	D:\nt\private\crt32st\time\dtoxtime.c		
.text	0x2F590	73	D:\nt\private\crt32st\time\dtoxtime.c		
.text	0x2F5A9	74	D:\nt\private\crt32st\time\dtoxtime.c		
.text	0x2F5AF	75	D:\nt\private\crt32st\time\dtoxtime.c		
.text	0x2F5B1	76	D:\nt\private\crt32st\time\dtoxtime.c		
.text	0x2F5C2	79	D:\nt\private\crt32st\time\tzset.c		
.text	0x2F5CB	81	D:\nt\private\crt32st\time\tzset.c		
.text	0x2F5D0	82	D:\nt\private\crt32st\time\tzset.c		
.text	0x2F5D6	87	D:\nt\private\crt32st\time\tzset.c		
.text	0x2F5DA	113	D:\nt\private\crt32st\time\tzset.c		
.text	0x2F5DC	117	D:\nt\private\crt32st\time\tzset.c		
.text	0x2F5F8	120	D:\nt\private\crt32st\time\tzset.c		
.text	0x2F609	121	D:\nt\private\crt32st\time\tzset.c		
.text	0x2F620	122	D:\nt\private\crt32st\time\tzset.c		
.text	0x2F641	124	D:\nt\private\crt32st\time\tzset.c		
.text	0x2F647	125	D:\nt\private\crt32st\time\tzset.c		
.text	0x2F65A	126	D:\nt\private\crt32st\time\tzset.c		
.text	0x2F65E	127	D:\nt\private\crt32st\time\tzset.c		
.text	0x2F666	128	D:\nt\private\crt32st\time\tzset.c		
.text	0x2F676	130	D:\nt\private\crt32st\time\tzset.c		
.text	0x2F67A	151	D:\nt\private\crt32st\time\tzset.c		
.text	0x2F683	159	D:\nt\private\crt32st\time\tzset.c		
.text	0x2F697	165	D:\nt\private\crt32st\time\tzset.c		
.text	0x2F6A3	166	D:\nt\private\crt32st\time\tzset.c		
.text	0x2F6AE	200	D:\nt\private\crt32st\time\tzset.c		
.text	0x2F6C5	201	D:\nt\private\crt32st\time\tzset.c		
.text	0x2F6D2	202	D:\nt\private\crt32st\time\tzset.c		
.text	0x2F6D6	203	D:\nt\private\crt32st\time\tzset.c		
.text	0x2F6E0	206	D:\nt\private\crt32st\time\tzset.c		
.text	0x2F6E5	207	D:\nt\private\crt32st\time\tzset.c		
.text	0x2F6E6	224	D:\nt\private\crt32st\time\tzset.c		
.text	0x2F713	232	D:\nt\private\crt32st\time\tzset.c		
.text	0x2F743	160	D:\nt\private\crt32st\time\tzset.c		
.text	0x2F745	233	D:\nt\private\crt32st\time\tzset.c		
.text	0x2F782	62	D:\nt\private\crt32st\stdio\_getbuf.c		
.text	0x2F786	68	D:\nt\private\crt32st\stdio\_getbuf.c		
.text	0x2F78C	71	D:\nt\private\crt32st\stdio\_getbuf.c		
.text	0x2F78F	75	D:\nt\private\crt32st\stdio\_getbuf.c		
.text	0x2F7A3	78	D:\nt\private\crt32st\stdio\_getbuf.c		
.text	0x2F7A7	79	D:\nt\private\crt32st\stdio\_getbuf.c		
.text	0x2F7AE	82	D:\nt\private\crt32st\stdio\_getbuf.c		
.text	0x2F7B2	85	D:\nt\private\crt32st\stdio\_getbuf.c		
.text	0x2F7B6	86	D:\nt\private\crt32st\stdio\_getbuf.c		
.text	0x2F7BC	87	D:\nt\private\crt32st\stdio\_getbuf.c		
.text	0x2F7C3	90	D:\nt\private\crt32st\stdio\_getbuf.c		
.text	0x2F7C8	91	D:\nt\private\crt32st\stdio\_getbuf.c		
.text	0x2F7CF	94	D:\nt\private\crt32st\stdio\_getbuf.c		
.text	0x2F7D2	147	D:\nt\private\crt32st\stdio\fflush.c		
.text	0x2F7D9	150	D:\nt\private\crt32st\stdio\fflush.c		
.text	0x2F7DD	151	D:\nt\private\crt32st\stdio\fflush.c		
.text	0x2F7EA	156	D:\nt\private\crt32st\stdio\fflush.c		
.text	0x2F7F7	158	D:\nt\private\crt32st\stdio\fflush.c		
.text	0x2F802	162	D:\nt\private\crt32st\stdio\fflush.c		
.text	0x2F808	163	D:\nt\private\crt32st\stdio\fflush.c		
.text	0x2F819	165	D:\nt\private\crt32st\stdio\fflush.c		
.text	0x2F81E	191	D:\nt\private\crt32st\stdio\fflush.c		
.text	0x2F826	193	D:\nt\private\crt32st\stdio\fflush.c		
.text	0x2F82D	197	D:\nt\private\crt32st\stdio\fflush.c		
.text	0x2F830	200	D:\nt\private\crt32st\stdio\fflush.c		
.text	0x2F852	202	D:\nt\private\crt32st\stdio\fflush.c		
.text	0x2F865	206	D:\nt\private\crt32st\stdio\fflush.c		
.text	0x2F86B	207	D:\nt\private\crt32st\stdio\fflush.c		
.text	0x2F86F	209	D:\nt\private\crt32st\stdio\fflush.c		
.text	0x2F872	210	D:\nt\private\crt32st\stdio\fflush.c		
.text	0x2F876	211	D:\nt\private\crt32st\stdio\fflush.c		
.text	0x2F87D	215	D:\nt\private\crt32st\stdio\fflush.c		
.text	0x2F882	216	D:\nt\private\crt32st\stdio\fflush.c		
.text	0x2F889	218	D:\nt\private\crt32st\stdio\fflush.c		
.text	0x2F88C	219	D:\nt\private\crt32st\stdio\fflush.c		
.text	0x2F892	242	D:\nt\private\crt32st\stdio\fflush.c		
.text	0x2F89C	243	D:\nt\private\crt32st\stdio\fflush.c		
.text	0x2F89E	276	D:\nt\private\crt32st\stdio\fflush.c		
.text	0x2F8A6	279	D:\nt\private\crt32st\stdio\fflush.c		
.text	0x2F8AE	286	D:\nt\private\crt32st\stdio\fflush.c		
.text	0x2F8BE	293	D:\nt\private\crt32st\stdio\fflush.c		
.text	0x2F8C9	298	D:\nt\private\crt32st\stdio\fflush.c		
.text	0x2F8D5	302	D:\nt\private\crt32st\stdio\fflush.c		
.text	0x2F8D8	304	D:\nt\private\crt32st\stdio\fflush.c		
.text	0x2F8DA	305	D:\nt\private\crt32st\stdio\fflush.c		
.text	0x2F8E4	309	D:\nt\private\crt32st\stdio\fflush.c		
.text	0x2F8F0	310	D:\nt\private\crt32st\stdio\fflush.c		
.text	0x2F8F7	286	D:\nt\private\crt32st\stdio\fflush.c		
.text	0x2F902	319	D:\nt\private\crt32st\stdio\fflush.c		
.text	0x2F915	323	D:\nt\private\crt32st\stdio\fflush.c		
.text	0x2F91A	357	D:\nt\private\crt32st\stdio\fflush.c		
.text	0x2F91F	360	D:\nt\private\crt32st\stdio\fflush.c		
.text	0x2F928	361	D:\nt\private\crt32st\stdio\fflush.c		
.text	0x2F92D	363	D:\nt\private\crt32st\stdio\fflush.c		
.text	0x2F932	52	D:\nt\private\crt32st\lowio\commit.c		
.text	0x2F939	56	D:\nt\private\crt32st\lowio\commit.c		
.text	0x2F945	64	D:\nt\private\crt32st\lowio\commit.c		
.text	0x2F94E	95	D:\nt\private\crt32st\lowio\commit.c		
.text	0x2F974	98	D:\nt\private\crt32st\lowio\commit.c		
.text	0x2F97A	105	D:\nt\private\crt32st\lowio\commit.c		
.text	0x2F984	106	D:\nt\private\crt32st\lowio\commit.c		
.text	0x2F989	109	D:\nt\private\crt32st\lowio\commit.c		
.text	0x2F98E	57	D:\nt\private\crt32st\lowio\commit.c		
.text	0x2F998	58	D:\nt\private\crt32st\lowio\commit.c		
.text	0x2F99D	110	D:\nt\private\crt32st\lowio\commit.c		
.text	0x2F9A8	56	D:\nt\private\crt32st\stdio\closeall.c		
.text	0x2F9AA	58	D:\nt\private\crt32st\stdio\closeall.c		
.text	0x2F9AC	62	D:\nt\private\crt32st\stdio\closeall.c		
.text	0x2F9B9	63	D:\nt\private\crt32st\stdio\closeall.c		
.text	0x2F9C5	64	D:\nt\private\crt32st\stdio\closeall.c		
.text	0x2F9C6	62	D:\nt\private\crt32st\stdio\closeall.c		
.text	0x2F9D1	68	D:\nt\private\crt32st\stdio\closeall.c		
.text	0x2F9D3	69	D:\nt\private\crt32st\stdio\closeall.c		
.text	0x2F9D8	123	D:\nt\private\crt32st\heap\heapinit.c		
.text	0x2F9E1	124	D:\nt\private\crt32st\heap\heapinit.c		
.text	0x2F9EB	134	D:\nt\private\crt32st\heap\heapinit.c		
.text	0x2F9EC	162	D:\nt\private\crt32st\heap\heapinit.c		
.text	0x2F9ED	185	D:\nt\private\crt32st\heap\heapinit.c		
.text	0x2FA09	186	D:\nt\private\crt32st\heap\heapinit.c		
.text	0x2FA0E	208	D:\nt\private\crt32st\heap\heapinit.c		
.text	0x2FA16	216	D:\nt\private\crt32st\heap\heapinit.c		
.text	0x2FA19	218	D:\nt\private\crt32st\heap\heapinit.c		
.text	0x2FA23	224	D:\nt\private\crt32st\heap\heapinit.c		
.text	0x2FA25	228	D:\nt\private\crt32st\heap\heapinit.c		
.text	0x2FA2A	230	D:\nt\private\crt32st\heap\heapinit.c		
.text	0x2FA2E	236	D:\nt\private\crt32st\heap\heapinit.c		
.text	0x2FA34	242	D:\nt\private\crt32st\heap\heapinit.c		
.text	0x2FA3E	45	D:\nt\private\crt32st\heap\hpabort.c		
.text	0x2FA48	47	D:\nt\private\crt32st\heap\hpabort.c		
.text	0x2FA4E	50	D:\nt\private\crt32st\lowio\isatty.c		
.text	0x2FA54	52	D:\nt\private\crt32st\lowio\isatty.c		
.text	0x2FA5C	53	D:\nt\private\crt32st\lowio\isatty.c		
.text	0x2FA62	56	D:\nt\private\crt32st\lowio\isatty.c		
.text	0x2FA6D	57	D:\nt\private\crt32st\lowio\isatty.c		
.text	0x2FA7E	116	D:\nt\private\crt32st\lowio\lseek.c		
.text	0x2FA89	121	D:\nt\private\crt32st\lowio\lseek.c		
.text	0x2FA91	123	D:\nt\private\crt32st\lowio\lseek.c		
.text	0x2FA9B	124	D:\nt\private\crt32st\lowio\lseek.c		
.text	0x2FAA5	125	D:\nt\private\crt32st\lowio\lseek.c		
.text	0x2FAAE	170	D:\nt\private\crt32st\lowio\lseek.c		
.text	0x2FADC	172	D:\nt\private\crt32st\lowio\lseek.c		
.text	0x2FAEA	176	D:\nt\private\crt32st\lowio\lseek.c		
.text	0x2FAF1	177	D:\nt\private\crt32st\lowio\lseek.c		
.text	0x2FAF3	178	D:\nt\private\crt32st\lowio\lseek.c		
.text	0x2FB04	125	D:\nt\private\crt32st\lowio\read.c		
.text	0x2FB10	135	D:\nt\private\crt32st\lowio\read.c		
.text	0x2FB18	137	D:\nt\private\crt32st\lowio\read.c		
.text	0x2FB22	138	D:\nt\private\crt32st\lowio\read.c		
.text	0x2FB2C	139	D:\nt\private\crt32st\lowio\read.c		
.text	0x2FB38	144	D:\nt\private\crt32st\lowio\read.c		
.text	0x2FB3A	145	D:\nt\private\crt32st\lowio\read.c		
.text	0x2FB40	147	D:\nt\private\crt32st\lowio\read.c		
.text	0x2FB56	152	D:\nt\private\crt32st\lowio\read.c		
.text	0x2FB68	154	D:\nt\private\crt32st\lowio\read.c		
.text	0x2FB73	155	D:\nt\private\crt32st\lowio\read.c		
.text	0x2FB78	156	D:\nt\private\crt32st\lowio\read.c		
.text	0x2FB7B	157	D:\nt\private\crt32st\lowio\read.c		
.text	0x2FB82	190	D:\nt\private\crt32st\lowio\read.c		
.text	0x2FBB9	192	D:\nt\private\crt32st\lowio\read.c		
.text	0x2FBBE	194	D:\nt\private\crt32st\lowio\read.c		
.text	0x2FBC8	195	D:\nt\private\crt32st\lowio\read.c		
.text	0x2FBCD	197	D:\nt\private\crt32st\lowio\read.c		
.text	0x2FBD4	198	D:\nt\private\crt32st\lowio\read.c		
.text	0x2FBE4	201	D:\nt\private\crt32st\lowio\read.c		
.text	0x2FBE7	203	D:\nt\private\crt32st\lowio\read.c		
.text	0x2FBF7	207	D:\nt\private\crt32st\lowio\read.c		
.text	0x2FBFC	208	D:\nt\private\crt32st\lowio\read.c		
.text	0x2FC03	209	D:\nt\private\crt32st\lowio\read.c		
.text	0x2FC08	210	D:\nt\private\crt32st\lowio\read.c		
.text	0x2FC0F	213	D:\nt\private\crt32st\lowio\read.c		
.text	0x2FC14	214	D:\nt\private\crt32st\lowio\read.c		
.text	0x2FC2D	215	D:\nt\private\crt32st\lowio\read.c		
.text	0x2FC36	221	D:\nt\private\crt32st\lowio\read.c		
.text	0x2FC3B	222	D:\nt\private\crt32st\lowio\read.c		
.text	0x2FC48	225	D:\nt\private\crt32st\lowio\read.c		
.text	0x2FC50	226	D:\nt\private\crt32st\lowio\read.c		
.text	0x2FC56	227	D:\nt\private\crt32st\lowio\read.c		
.text	0x2FC60	231	D:\nt\private\crt32st\lowio\read.c		
.text	0x2FC70	237	D:\nt\private\crt32st\lowio\read.c		
.text	0x2FC71	246	D:\nt\private\crt32st\lowio\read.c		
.text	0x2FC78	248	D:\nt\private\crt32st\lowio\read.c		
.text	0x2FC95	249	D:\nt\private\crt32st\lowio\read.c		
.text	0x2FC9D	266	D:\nt\private\crt32st\lowio\read.c		
.text	0x2FCA9	282	D:\nt\private\crt32st\lowio\read.c		
.text	0x2FCB5	284	D:\nt\private\crt32st\lowio\read.c		
.text	0x2FCBB	287	D:\nt\private\crt32st\lowio\read.c		
.text	0x2FCBF	288	D:\nt\private\crt32st\lowio\read.c		
.text	0x2FCCB	291	D:\nt\private\crt32st\lowio\read.c		
.text	0x2FCD0	293	D:\nt\private\crt32st\lowio\read.c		
.text	0x2FCDB	299	D:\nt\private\crt32st\lowio\read.c		
.text	0x2FCE8	300	D:\nt\private\crt32st\lowio\read.c		
.text	0x2FCEE	301	D:\nt\private\crt32st\lowio\read.c		
.text	0x2FCF4	268	D:\nt\private\crt32st\lowio\read.c		
.text	0x2FCF8	269	D:\nt\private\crt32st\lowio\read.c		
.text	0x2FCFC	271	D:\nt\private\crt32st\lowio\read.c		
.text	0x2FD15	217	D:\nt\private\crt32st\lowio\read.c		
.text	0x2FD1E	218	D:\nt\private\crt32st\lowio\read.c		
.text	0x2FD25	311	D:\nt\private\crt32st\lowio\read.c		
.text	0x2FD2A	314	D:\nt\private\crt32st\lowio\read.c		
.text	0x2FD34	149	D:\nt\private\crt32st\lowio\read.c		
.text	0x2FD36	315	D:\nt\private\crt32st\lowio\read.c		
.text	0x2FD4A	75	D:\nt\private\crt32st\startup\stdargv.c		
.text	0x2FD53	101	D:\nt\private\crt32st\startup\stdargv.c		
.text	0x2FD67	102	D:\nt\private\crt32st\startup\stdargv.c		
.text	0x2FD71	115	D:\nt\private\crt32st\startup\stdargv.c		
.text	0x2FD84	119	D:\nt\private\crt32st\startup\stdargv.c		
.text	0x2FD99	123	D:\nt\private\crt32st\startup\stdargv.c		
.text	0x2FDB1	124	D:\nt\private\crt32st\startup\stdargv.c		
.text	0x2FDBB	127	D:\nt\private\crt32st\startup\stdargv.c		
.text	0x2FDDA	130	D:\nt\private\crt32st\startup\stdargv.c		
.text	0x2FDE3	131	D:\nt\private\crt32st\startup\stdargv.c		
.text	0x2FDE9	138	D:\nt\private\crt32st\startup\stdargv.c		
.text	0x2FDEE	178	D:\nt\private\crt32st\startup\stdargv.c		
.text	0x2FDF9	185	D:\nt\private\crt32st\startup\stdargv.c		
.text	0x2FE02	186	D:\nt\private\crt32st\startup\stdargv.c		
.text	0x2FE0B	189	D:\nt\private\crt32st\startup\stdargv.c		
.text	0x2FE0E	190	D:\nt\private\crt32st\startup\stdargv.c		
.text	0x2FE12	191	D:\nt\private\crt32st\startup\stdargv.c		
.text	0x2FE20	201	D:\nt\private\crt32st\startup\stdargv.c		
.text	0x2FE25	202	D:\nt\private\crt32st\startup\stdargv.c		
.text	0x2FE29	203	D:\nt\private\crt32st\startup\stdargv.c		
.text	0x2FE2E	214	D:\nt\private\crt32st\startup\stdargv.c		
.text	0x2FE36	215	D:\nt\private\crt32st\startup\stdargv.c		
.text	0x2FE3A	216	D:\nt\private\crt32st\startup\stdargv.c		
.text	0x2FE3B	217	D:\nt\private\crt32st\startup\stdargv.c		
.text	0x2FE3E	218	D:\nt\private\crt32st\startup\stdargv.c		
.text	0x2FE42	219	D:\nt\private\crt32st\startup\stdargv.c		
.text	0x2FE46	229	D:\nt\private\crt32st\startup\stdargv.c		
.text	0x2FE4D	242	D:\nt\private\crt32st\startup\stdargv.c		
.text	0x2FE55	243	D:\nt\private\crt32st\startup\stdargv.c		
.text	0x2FE5F	244	D:\nt\private\crt32st\startup\stdargv.c		
.text	0x2FE62	254	D:\nt\private\crt32st\startup\stdargv.c		
.text	0x2FE6E	258	D:\nt\private\crt32st\startup\stdargv.c		
.text	0x2FE72	259	D:\nt\private\crt32st\startup\stdargv.c		
.text	0x2FE7D	260	D:\nt\private\crt32st\startup\stdargv.c		
.text	0x2FE85	273	D:\nt\private\crt32st\startup\stdargv.c		
.text	0x2FE8C	277	D:\nt\private\crt32st\startup\stdargv.c		
.text	0x2FE8E	278	D:\nt\private\crt32st\startup\stdargv.c		
.text	0x2FE96	281	D:\nt\private\crt32st\startup\stdargv.c		
.text	0x2FE97	282	D:\nt\private\crt32st\startup\stdargv.c		
.text	0x2FEA8	283	D:\nt\private\crt32st\startup\stdargv.c		
.text	0x2FEAD	286	D:\nt\private\crt32st\startup\stdargv.c		
.text	0x2FEB3	287	D:\nt\private\crt32st\startup\stdargv.c		
.text	0x2FEB7	288	D:\nt\private\crt32st\startup\stdargv.c		
.text	0x2FEBD	289	D:\nt\private\crt32st\startup\stdargv.c		
.text	0x2FEC5	290	D:\nt\private\crt32st\startup\stdargv.c		
.text	0x2FECA	293	D:\nt\private\crt32st\startup\stdargv.c		
.text	0x2FED1	295	D:\nt\private\crt32st\startup\stdargv.c		
.text	0x2FEDA	297	D:\nt\private\crt32st\startup\stdargv.c		
.text	0x2FEE6	301	D:\nt\private\crt32st\startup\stdargv.c		
.text	0x2FEEA	302	D:\nt\private\crt32st\startup\stdargv.c		
.text	0x2FEEE	303	D:\nt\private\crt32st\startup\stdargv.c		
.text	0x2FEF2	304	D:\nt\private\crt32st\startup\stdargv.c		
.text	0x2FEF7	305	D:\nt\private\crt32st\startup\stdargv.c		
.text	0x2FF01	308	D:\nt\private\crt32st\startup\stdargv.c		
.text	0x2FF13	312	D:\nt\private\crt32st\startup\stdargv.c		
.text	0x2FF1B	313	D:\nt\private\crt32st\startup\stdargv.c		
.text	0x2FF1F	314	D:\nt\private\crt32st\startup\stdargv.c		
.text	0x2FF2C	317	D:\nt\private\crt32st\startup\stdargv.c		
.text	0x2FF30	318	D:\nt\private\crt32st\startup\stdargv.c		
.text	0x2FF36	322	D:\nt\private\crt32st\startup\stdargv.c		
.text	0x2FF3A	323	D:\nt\private\crt32st\startup\stdargv.c		
.text	0x2FF3E	324	D:\nt\private\crt32st\startup\stdargv.c		
.text	0x2FF46	325	D:\nt\private\crt32st\startup\stdargv.c		
.text	0x2FF4E	328	D:\nt\private\crt32st\startup\stdargv.c		
.text	0x2FF52	329	D:\nt\private\crt32st\startup\stdargv.c		
.text	0x2FF58	330	D:\nt\private\crt32st\startup\stdargv.c		
.text	0x2FF5D	331	D:\nt\private\crt32st\startup\stdargv.c		
.text	0x2FF70	83	D:\nt\private\crt32st\startup\stdenvp.c		
.text	0x2FF79	123	D:\nt\private\crt32st\startup\stdenvp.c		
.text	0x2FF7B	124	D:\nt\private\crt32st\startup\stdenvp.c		
.text	0x2FF81	128	D:\nt\private\crt32st\startup\stdenvp.c		
.text	0x2FF88	130	D:\nt\private\crt32st\startup\stdenvp.c		
.text	0x2FF89	131	D:\nt\private\crt32st\startup\stdenvp.c		
.text	0x2FF9C	134	D:\nt\private\crt32st\startup\stdenvp.c		
.text	0x2FFB3	137	D:\nt\private\crt32st\startup\stdenvp.c		
.text	0x2FFBB	138	D:\nt\private\crt32st\startup\stdenvp.c		
.text	0x2FFC0	140	D:\nt\private\crt32st\startup\stdenvp.c		
.text	0x2FFDE	141	D:\nt\private\crt32st\startup\stdenvp.c		
.text	0x30003	142	D:\nt\private\crt32st\startup\stdenvp.c		
.text	0x30015	143	D:\nt\private\crt32st\startup\stdenvp.c		
.text	0x3001E	153	D:\nt\private\crt32st\startup\stdenvp.c		
.text	0x3003B	146	D:\nt\private\crt32st\startup\stdenvp.c		
.text	0x30040	147	D:\nt\private\crt32st\startup\stdenvp.c		
.text	0x3004A	148	D:\nt\private\crt32st\startup\stdenvp.c		
.text	0x30050	155	D:\nt\private\crt32st\startup\stdenvp.c		
.text	0x30056	157	D:\nt\private\crt32st\startup\stdenvp.c		
.text	0x30068	160	D:\nt\private\crt32st\startup\stdenvp.c		
.text	0x3006E	169	D:\nt\private\crt32st\startup\stdenvp.c		
.text	0x30080	104	D:\nt\private\crt32st\lowio\open.c		
.text	0x30083	109	D:\nt\private\crt32st\lowio\open.c		
.text	0x30093	110	D:\nt\private\crt32st\lowio\open.c		
.text	0x30098	148	D:\nt\private\crt32st\lowio\open.c		
.text	0x300A4	175	D:\nt\private\crt32st\lowio\open.c		
.text	0x300AB	176	D:\nt\private\crt32st\lowio\open.c		
.text	0x300B2	177	D:\nt\private\crt32st\lowio\open.c		
.text	0x300B9	184	D:\nt\private\crt32st\lowio\open.c		
.text	0x300BF	187	D:\nt\private\crt32st\lowio\open.c		
.text	0x300E9	314	D:\nt\private\crt32st\lowio\open.c		
.text	0x300EE	329	D:\nt\private\crt32st\lowio\open.c		
.text	0x300F6	325	D:\nt\private\crt32st\lowio\open.c		
.text	0x300F8	317	D:\nt\private\crt32st\lowio\open.c		
.text	0x300FD	318	D:\nt\private\crt32st\lowio\open.c		
.text	0x30100	320	D:\nt\private\crt32st\lowio\open.c		
.text	0x30105	321	D:\nt\private\crt32st\lowio\open.c		
.text	0x30108	323	D:\nt\private\crt32st\lowio\open.c		
.text	0x3010D	331	D:\nt\private\crt32st\lowio\open.c		
.text	0x30110	353	D:\nt\private\crt32st\lowio\open.c		
.text	0x30124	350	D:\nt\private\crt32st\lowio\open.c		
.text	0x30128	334	D:\nt\private\crt32st\lowio\open.c		
.text	0x3012A	335	D:\nt\private\crt32st\lowio\open.c		
.text	0x3012C	338	D:\nt\private\crt32st\lowio\open.c		
.text	0x30131	339	D:\nt\private\crt32st\lowio\open.c		
.text	0x30134	342	D:\nt\private\crt32st\lowio\open.c		
.text	0x30139	343	D:\nt\private\crt32st\lowio\open.c		
.text	0x3013C	346	D:\nt\private\crt32st\lowio\open.c		
.text	0x30141	360	D:\nt\private\crt32st\lowio\open.c		
.text	0x3014E	361	D:\nt\private\crt32st\lowio\open.c		
.text	0x30162	369	D:\nt\private\crt32st\lowio\open.c		
.text	0x3016D	370	D:\nt\private\crt32st\lowio\open.c		
.text	0x30177	371	D:\nt\private\crt32st\lowio\open.c		
.text	0x30188	378	D:\nt\private\crt32st\lowio\open.c		
.text	0x3018B	386	D:\nt\private\crt32st\lowio\open.c		
.text	0x301AF	390	D:\nt\private\crt32st\lowio\open.c		
.text	0x301B5	395	D:\nt\private\crt32st\lowio\open.c		
.text	0x301BD	401	D:\nt\private\crt32st\lowio\open.c		
.text	0x301CD	402	D:\nt\private\crt32st\lowio\open.c		
.text	0x301D7	404	D:\nt\private\crt32st\lowio\open.c		
.text	0x301DA	411	D:\nt\private\crt32st\lowio\open.c		
.text	0x301E3	414	D:\nt\private\crt32st\lowio\open.c		
.text	0x301F6	419	D:\nt\private\crt32st\lowio\open.c		
.text	0x30218	423	D:\nt\private\crt32st\lowio\open.c		
.text	0x30226	429	D:\nt\private\crt32st\lowio\open.c		
.text	0x3022F	430	D:\nt\private\crt32st\lowio\open.c		
.text	0x30240	440	D:\nt\private\crt32st\lowio\open.c		
.text	0x3024A	454	D:\nt\private\crt32st\lowio\open.c		
.text	0x3028C	475	D:\nt\private\crt32st\lowio\open.c		
.text	0x302A2	484	D:\nt\private\crt32st\lowio\open.c		
.text	0x302A7	485	D:\nt\private\crt32st\lowio\open.c		
.text	0x302AB	486	D:\nt\private\crt32st\lowio\open.c		
.text	0x302B5	487	D:\nt\private\crt32st\lowio\open.c		
.text	0x302B9	493	D:\nt\private\crt32st\lowio\open.c		
.text	0x302C8	516	D:\nt\private\crt32st\lowio\open.c		
.text	0x302D5	519	D:\nt\private\crt32st\lowio\open.c		
.text	0x302E5	525	D:\nt\private\crt32st\lowio\open.c		
.text	0x302F9	528	D:\nt\private\crt32st\lowio\open.c		
.text	0x30308	535	D:\nt\private\crt32st\lowio\open.c		
.text	0x30320	538	D:\nt\private\crt32st\lowio\open.c		
.text	0x3032D	546	D:\nt\private\crt32st\lowio\open.c		
.text	0x3033D	557	D:\nt\private\crt32st\lowio\open.c		
.text	0x30344	558	D:\nt\private\crt32st\lowio\open.c		
.text	0x30354	559	D:\nt\private\crt32st\lowio\open.c		
.text	0x3035B	561	D:\nt\private\crt32st\lowio\open.c		
.text	0x30361	562	D:\nt\private\crt32st\lowio\open.c		
.text	0x30368	567	D:\nt\private\crt32st\lowio\open.c		
.text	0x30370	465	D:\nt\private\crt32st\lowio\open.c		
.text	0x3037E	468	D:\nt\private\crt32st\lowio\open.c		
.text	0x30383	568	D:\nt\private\crt32st\lowio\open.c		
.text	0x303A2	58	D:\nt\private\crt32st\dos\access.c		
.text	0x303A6	79	D:\nt\private\crt32st\dos\access.c		
.text	0x303B8	81	D:\nt\private\crt32st\dos\access.c		
.text	0x303C6	82	D:\nt\private\crt32st\dos\access.c		
.text	0x303CE	106	D:\nt\private\crt32st\dos\access.c		
.text	0x303DC	108	D:\nt\private\crt32st\dos\access.c		
.text	0x303E6	109	D:\nt\private\crt32st\dos\access.c		
.text	0x303F2	114	D:\nt\private\crt32st\dos\access.c		
.text	0x303F4	116	D:\nt\private\crt32st\dos\access.c		
.text	0x30402	123	D:\nt\private\crt32st\lowio\chsize.c		
.text	0x30411	129	D:\nt\private\crt32st\lowio\chsize.c		
.text	0x3041A	131	D:\nt\private\crt32st\lowio\chsize.c		
.text	0x30421	133	D:\nt\private\crt32st\lowio\chsize.c		
.text	0x30435	143	D:\nt\private\crt32st\lowio\chsize.c		
.text	0x30464	152	D:\nt\private\crt32st\lowio\chsize.c		
.text	0x30474	156	D:\nt\private\crt32st\lowio\chsize.c		
.text	0x30483	157	D:\nt\private\crt32st\lowio\chsize.c		
.text	0x30497	162	D:\nt\private\crt32st\lowio\chsize.c		
.text	0x304C1	171	D:\nt\private\crt32st\lowio\chsize.c		
.text	0x304CA	165	D:\nt\private\crt32st\lowio\chsize.c		
.text	0x304D3	166	D:\nt\private\crt32st\lowio\chsize.c		
.text	0x304DD	167	D:\nt\private\crt32st\lowio\chsize.c		
.text	0x304E3	173	D:\nt\private\crt32st\lowio\chsize.c		
.text	0x304F1	177	D:\nt\private\crt32st\lowio\chsize.c		
.text	0x304FA	187	D:\nt\private\crt32st\lowio\chsize.c		
.text	0x30516	213	D:\nt\private\crt32st\lowio\chsize.c		
.text	0x3052E	144	D:\nt\private\crt32st\lowio\chsize.c		
.text	0x30533	215	D:\nt\private\crt32st\lowio\chsize.c		
.text	0x3053A	134	D:\nt\private\crt32st\lowio\chsize.c		
.text	0x30544	135	D:\nt\private\crt32st\lowio\chsize.c		
.text	0x30549	216	D:\nt\private\crt32st\lowio\chsize.c		
.text	0x30552	117	D:\nt\private\crt32st\lowio\setmode.c		
.text	0x30559	120	D:\nt\private\crt32st\lowio\setmode.c		
.text	0x30565	127	D:\nt\private\crt32st\lowio\setmode.c		
.text	0x3056E	133	D:\nt\private\crt32st\lowio\setmode.c		
.text	0x30580	135	D:\nt\private\crt32st\lowio\setmode.c		
.text	0x30588	136	D:\nt\private\crt32st\lowio\setmode.c		
.text	0x3058F	137	D:\nt\private\crt32st\lowio\setmode.c		
.text	0x3059A	138	D:\nt\private\crt32st\lowio\setmode.c		
.text	0x305A1	145	D:\nt\private\crt32st\lowio\setmode.c		
.text	0x305B6	140	D:\nt\private\crt32st\lowio\setmode.c		
.text	0x305C2	121	D:\nt\private\crt32st\lowio\setmode.c		
.text	0x305CC	122	D:\nt\private\crt32st\lowio\setmode.c		
.text	0x305D1	147	D:\nt\private\crt32st\lowio\setmode.c		
.text	0x305E2	50	D:\nt\private\crt32st\string\strdup.c		
.text	0x305E8	53	D:\nt\private\crt32st\string\strdup.c		
.text	0x305EE	56	D:\nt\private\crt32st\string\strdup.c		
.text	0x3060B	57	D:\nt\private\crt32st\string\strdup.c		
.text	0x30636	59	D:\nt\private\crt32st\string\strdup.c		
.text	0x30638	60	D:\nt\private\crt32st\string\strdup.c		
.text	0x30642	46	D:\nt\private\crt32st\string\strupr.c		
.text	0x30648	49	D:\nt\private\crt32st\string\strupr.c		
.text	0x3064F	51	D:\nt\private\crt32st\string\strupr.c		
.text	0x30659	52	D:\nt\private\crt32st\string\strupr.c		
.text	0x3065C	49	D:\nt\private\crt32st\string\strupr.c		
.text	0x30662	55	D:\nt\private\crt32st\string\strupr.c		
.text	0x30664	56	D:\nt\private\crt32st\string\strupr.c		
.text	0x30672	130	D:\nt\private\crt32st\lowio\write.c		
.text	0x30681	141	D:\nt\private\crt32st\lowio\write.c		
.text	0x30689	143	D:\nt\private\crt32st\lowio\write.c		
.text	0x30693	144	D:\nt\private\crt32st\lowio\write.c		
.text	0x3069D	145	D:\nt\private\crt32st\lowio\write.c		
.text	0x306AA	150	D:\nt\private\crt32st\lowio\write.c		
.text	0x306B2	152	D:\nt\private\crt32st\lowio\write.c		
.text	0x306B7	153	D:\nt\private\crt32st\lowio\write.c		
.text	0x306BE	156	D:\nt\private\crt32st\lowio\write.c		
.text	0x306C7	159	D:\nt\private\crt32st\lowio\write.c		
.text	0x306D3	164	D:\nt\private\crt32st\lowio\write.c		
.text	0x306F9	167	D:\nt\private\crt32st\lowio\write.c		
.text	0x306FB	168	D:\nt\private\crt32st\lowio\write.c		
.text	0x306FD	170	D:\nt\private\crt32st\lowio\write.c		
.text	0x30715	171	D:\nt\private\crt32st\lowio\write.c		
.text	0x30721	174	D:\nt\private\crt32st\lowio\write.c		
.text	0x3072D	175	D:\nt\private\crt32st\lowio\write.c		
.text	0x30733	176	D:\nt\private\crt32st\lowio\write.c		
.text	0x30737	177	D:\nt\private\crt32st\lowio\write.c		
.text	0x30738	178	D:\nt\private\crt32st\lowio\write.c		
.text	0x3073E	182	D:\nt\private\crt32st\lowio\write.c		
.text	0x30744	183	D:\nt\private\crt32st\lowio\write.c		
.text	0x3075B	210	D:\nt\private\crt32st\lowio\write.c		
.text	0x30783	211	D:\nt\private\crt32st\lowio\write.c		
.text	0x3078E	215	D:\nt\private\crt32st\lowio\write.c		
.text	0x30795	216	D:\nt\private\crt32st\lowio\write.c		
.text	0x3079E	217	D:\nt\private\crt32st\lowio\write.c		
.text	0x307AA	218	D:\nt\private\crt32st\lowio\write.c		
.text	0x307AF	221	D:\nt\private\crt32st\lowio\write.c		
.text	0x307C2	226	D:\nt\private\crt32st\lowio\write.c		
.text	0x307E4	227	D:\nt\private\crt32st\lowio\write.c		
.text	0x307EB	228	D:\nt\private\crt32st\lowio\write.c		
.text	0x307F1	230	D:\nt\private\crt32st\lowio\write.c		
.text	0x307F6	231	D:\nt\private\crt32st\lowio\write.c		
.text	0x307FE	253	D:\nt\private\crt32st\lowio\write.c		
.text	0x30804	257	D:\nt\private\crt32st\lowio\write.c		
.text	0x3080A	259	D:\nt\private\crt32st\lowio\write.c		
.text	0x30810	262	D:\nt\private\crt32st\lowio\write.c		
.text	0x3081A	263	D:\nt\private\crt32st\lowio\write.c		
.text	0x30822	265	D:\nt\private\crt32st\lowio\write.c		
.text	0x3082A	266	D:\nt\private\crt32st\lowio\write.c		
.text	0x3083A	269	D:\nt\private\crt32st\lowio\write.c		
.text	0x30852	272	D:\nt\private\crt32st\lowio\write.c		
.text	0x30862	279	D:\nt\private\crt32st\lowio\write.c		
.text	0x30868	280	D:\nt\private\crt32st\lowio\write.c		
.text	0x30872	61	D:\nt\private\crt32st\convert\atof.c		
.text	0x3087A	69	D:\nt\private\crt32st\convert\atof.c		
.text	0x30886	70	D:\nt\private\crt32st\convert\atof.c		
.text	0x30893	78	D:\nt\private\crt32st\convert\atof.c		
.text	0x308B2	80	D:\nt\private\crt32st\convert\atof.c		
.text	0x308C2	37	D:\nt\private\fp32st\conv\cfin.c		
.text	0x308CA	42	D:\nt\private\fp32st\conv\cfin.c		
.text	0x308D1	44	D:\nt\private\fp32st\conv\cfin.c		
.text	0x308E9	45	D:\nt\private\fp32st\conv\cfin.c		
.text	0x308EF	46	D:\nt\private\fp32st\conv\cfin.c		
.text	0x308F3	47	D:\nt\private\fp32st\conv\cfin.c		
.text	0x308FD	49	D:\nt\private\fp32st\conv\cfin.c		
.text	0x30902	50	D:\nt\private\fp32st\conv\cfin.c		
.text	0x30916	52	D:\nt\private\fp32st\conv\cfin.c		
.text	0x30929	53	D:\nt\private\fp32st\conv\cfin.c		
.text	0x3092D	57	D:\nt\private\fp32st\conv\cfin.c		
.text	0x3095F	58	D:\nt\private\fp32st\conv\cfin.c		
.text	0x30963	62	D:\nt\private\fp32st\conv\cfin.c		
.text	0x3096D	63	D:\nt\private\fp32st\conv\cfin.c		
.text	0x3097B	64	D:\nt\private\fp32st\conv\cfin.c		
.text	0x30988	66	D:\nt\private\fp32st\conv\cfin.c		
.text	0x3098D	67	D:\nt\private\fp32st\conv\cfin.c		
.text	0x30992	43	D:\nt\private\crt32st\convert\atox.c		
.text	0x3099D	49	D:\nt\private\crt32st\convert\atox.c		
.text	0x309A9	50	D:\nt\private\crt32st\convert\atox.c		
.text	0x309B6	53	D:\nt\private\crt32st\convert\atox.c		
.text	0x309BE	54	D:\nt\private\crt32st\convert\atox.c		
.text	0x309C8	55	D:\nt\private\crt32st\convert\atox.c		
.text	0x309CD	57	D:\nt\private\crt32st\convert\atox.c		
.text	0x309CF	59	D:\nt\private\crt32st\convert\atox.c		
.text	0x309D8	60	D:\nt\private\crt32st\convert\atox.c		
.text	0x309E4	62	D:\nt\private\crt32st\convert\atox.c		
.text	0x309F2	64	D:\nt\private\crt32st\convert\atox.c		
.text	0x30A04	68	D:\nt\private\crt32st\convert\atox.c		
.text	0x30A0A	93	D:\nt\private\crt32st\convert\atox.c		
.text	0x30A0D	94	D:\nt\private\crt32st\convert\atox.c		
.text	0x30A15	95	D:\nt\private\crt32st\convert\atox.c		
.text	0x30A22	49	D:\nt\private\crt32st\time\ctime.c		
.text	0x30A26	52	D:\nt\private\crt32st\time\ctime.c		
.text	0x30A37	53	D:\nt\private\crt32st\time\ctime.c		
.text	0x30A46	55	D:\nt\private\crt32st\time\ctime.c		
.text	0x30A48	56	D:\nt\private\crt32st\time\ctime.c		
.text	0x30A52	54	D:\nt\private\crt32st\time\asctime.c		
.text	0x30A5D	55	D:\nt\private\crt32st\time\asctime.c		
.text	0x30A6E	56	D:\nt\private\crt32st\time\asctime.c		
.text	0x30A79	57	D:\nt\private\crt32st\time\asctime.c		
.text	0x30A7B	58	D:\nt\private\crt32st\time\asctime.c		
.text	0x30A82	82	D:\nt\private\crt32st\time\asctime.c		
.text	0x30A8E	108	D:\nt\private\crt32st\time\asctime.c		
.text	0x30A93	156	D:\nt\private\crt32st\time\asctime.c		
.text	0x30A99	157	D:\nt\private\crt32st\time\asctime.c		
.text	0x30A9F	158	D:\nt\private\crt32st\time\asctime.c		
.text	0x30AAB	159	D:\nt\private\crt32st\time\asctime.c		
.text	0x30AB4	160	D:\nt\private\crt32st\time\asctime.c		
.text	0x30ABE	158	D:\nt\private\crt32st\time\asctime.c		
.text	0x30AC5	161	D:\nt\private\crt32st\time\asctime.c		
.text	0x30AC8	163	D:\nt\private\crt32st\time\asctime.c		
.text	0x30ACE	167	D:\nt\private\crt32st\time\asctime.c		
.text	0x30AD2	168	D:\nt\private\crt32st\time\asctime.c		
.text	0x30AE0	169	D:\nt\private\crt32st\time\asctime.c		
.text	0x30AE4	170	D:\nt\private\crt32st\time\asctime.c		
.text	0x30AF2	171	D:\nt\private\crt32st\time\asctime.c		
.text	0x30AF6	172	D:\nt\private\crt32st\time\asctime.c		
.text	0x30B04	173	D:\nt\private\crt32st\time\asctime.c		
.text	0x30B08	174	D:\nt\private\crt32st\time\asctime.c		
.text	0x30B15	175	D:\nt\private\crt32st\time\asctime.c		
.text	0x30B19	176	D:\nt\private\crt32st\time\asctime.c		
.text	0x30B33	177	D:\nt\private\crt32st\time\asctime.c		
.text	0x30B4A	178	D:\nt\private\crt32st\time\asctime.c		
.text	0x30B4E	179	D:\nt\private\crt32st\time\asctime.c		
.text	0x30B51	184	D:\nt\private\crt32st\time\asctime.c		
.text	0x30B56	186	D:\nt\private\crt32st\time\asctime.c		
.text	0x30B62	123	D:\nt\private\crt32st\stdio\fclose.c		
.text	0x30B6B	125	D:\nt\private\crt32st\stdio\fclose.c		
.text	0x30B70	131	D:\nt\private\crt32st\stdio\fclose.c		
.text	0x30B73	133	D:\nt\private\crt32st\stdio\fclose.c		
.text	0x30B7D	142	D:\nt\private\crt32st\stdio\fclose.c		
.text	0x30B87	151	D:\nt\private\crt32st\stdio\fclose.c		
.text	0x30B93	152	D:\nt\private\crt32st\stdio\fclose.c		
.text	0x30B99	153	D:\nt\private\crt32st\stdio\fclose.c		
.text	0x30BA2	155	D:\nt\private\crt32st\stdio\fclose.c		
.text	0x30BB7	161	D:\nt\private\crt32st\stdio\fclose.c		
.text	0x30BC1	162	D:\nt\private\crt32st\stdio\fclose.c		
.text	0x30BC7	164	D:\nt\private\crt32st\stdio\fclose.c		
.text	0x30BCD	165	D:\nt\private\crt32st\stdio\fclose.c		
.text	0x30BF9	166	D:\nt\private\crt32st\stdio\fclose.c		
.text	0x30BFE	167	D:\nt\private\crt32st\stdio\fclose.c		
.text	0x30C04	169	D:\nt\private\crt32st\stdio\fclose.c		
.text	0x30C14	171	D:\nt\private\crt32st\stdio\fclose.c		
.text	0x30C2A	172	D:\nt\private\crt32st\stdio\fclose.c		
.text	0x30C2F	176	D:\nt\private\crt32st\stdio\fclose.c		
.text	0x30C36	177	D:\nt\private\crt32st\stdio\fclose.c		
.text	0x30C38	178	D:\nt\private\crt32st\stdio\fclose.c		
.text	0x30C42	55	D:\nt\private\crt32st\stdio\_freebuf.c		
.text	0x30C49	60	D:\nt\private\crt32st\stdio\_freebuf.c		
.text	0x30C55	62	D:\nt\private\crt32st\stdio\_freebuf.c		
.text	0x30C60	63	D:\nt\private\crt32st\stdio\_freebuf.c		
.text	0x30C64	64	D:\nt\private\crt32st\stdio\_freebuf.c		
.text	0x30C6B	65	D:\nt\private\crt32st\stdio\_freebuf.c		
.text	0x30C6E	67	D:\nt\private\crt32st\stdio\_freebuf.c		
.text	0x30C72	51	D:\nt\private\crt32st\convert\xtoa.c		
.text	0x30C7A	57	D:\nt\private\crt32st\convert\xtoa.c		
.text	0x30C80	59	D:\nt\private\crt32st\convert\xtoa.c		
.text	0x30C86	61	D:\nt\private\crt32st\convert\xtoa.c		
.text	0x30C8D	62	D:\nt\private\crt32st\convert\xtoa.c		
.text	0x30C8F	65	D:\nt\private\crt32st\convert\xtoa.c		
.text	0x30C92	68	D:\nt\private\crt32st\convert\xtoa.c		
.text	0x30C9B	69	D:\nt\private\crt32st\convert\xtoa.c		
.text	0x30CA4	72	D:\nt\private\crt32st\convert\xtoa.c		
.text	0x30CA9	73	D:\nt\private\crt32st\convert\xtoa.c		
.text	0x30CB2	75	D:\nt\private\crt32st\convert\xtoa.c		
.text	0x30CB8	76	D:\nt\private\crt32st\convert\xtoa.c		
.text	0x30CBC	81	D:\nt\private\crt32st\convert\xtoa.c		
.text	0x30CC3	84	D:\nt\private\crt32st\convert\xtoa.c		
.text	0x30CC8	85	D:\nt\private\crt32st\convert\xtoa.c		
.text	0x30CCC	86	D:\nt\private\crt32st\convert\xtoa.c		
.text	0x30CD1	89	D:\nt\private\crt32st\convert\xtoa.c		
.text	0x30CD7	90	D:\nt\private\crt32st\convert\xtoa.c		
.text	0x30CDE	101	D:\nt\private\crt32st\convert\xtoa.c		
.text	0x30CE1	102	D:\nt\private\crt32st\convert\xtoa.c		
.text	0x30CED	103	D:\nt\private\crt32st\convert\xtoa.c		
.text	0x30CF2	105	D:\nt\private\crt32st\convert\xtoa.c		
.text	0x30D02	106	D:\nt\private\crt32st\convert\xtoa.c		
.text	0x30D05	107	D:\nt\private\crt32st\convert\xtoa.c		
.text	0x30D0A	114	D:\nt\private\crt32st\convert\xtoa.c		
.text	0x30D0D	115	D:\nt\private\crt32st\convert\xtoa.c		
.text	0x30D33	116	D:\nt\private\crt32st\convert\xtoa.c		
.text	0x30D36	117	D:\nt\private\crt32st\convert\xtoa.c		
.text	0x30D3A	124	D:\nt\private\crt32st\convert\xtoa.c		
.text	0x30D3D	125	D:\nt\private\crt32st\convert\xtoa.c		
.text	0x30D4D	126	D:\nt\private\crt32st\convert\xtoa.c		
.text	0x30D50	127	D:\nt\private\crt32st\convert\xtoa.c		
.text	0x30D52	52	D:\nt\private\crt32st\dos\unlink.c		
.text	0x30D56	86	D:\nt\private\crt32st\dos\unlink.c		
.text	0x30D74	88	D:\nt\private\crt32st\dos\unlink.c		
.text	0x30D7D	89	D:\nt\private\crt32st\dos\unlink.c		
.text	0x30D86	92	D:\nt\private\crt32st\dos\unlink.c		
.text	0x30D88	93	D:\nt\private\crt32st\dos\unlink.c		
.text	0x30D8E	98	D:\nt\private\crt32st\dos\unlink.c		
.text	0x30D91	100	D:\nt\private\crt32st\dos\unlink.c		
.text	0x30D99	101	D:\nt\private\crt32st\dos\unlink.c		
.text	0x30DA8	66	D:\nt\private\crt32st\stdio\fgets.c		
.text	0x30DB0	69	D:\nt\private\crt32st\stdio\fgets.c		
.text	0x30DB9	78	D:\nt\private\crt32st\stdio\fgets.c		
.text	0x30DBF	79	D:\nt\private\crt32st\stdio\fgets.c		
.text	0x30DC8	82	D:\nt\private\crt32st\stdio\fgets.c		
.text	0x30DD1	89	D:\nt\private\crt32st\stdio\fgets.c		
.text	0x30DD6	91	D:\nt\private\crt32st\stdio\fgets.c		
.text	0x30E02	101	D:\nt\private\crt32st\stdio\fgets.c		
.text	0x30E10	93	D:\nt\private\crt32st\stdio\fgets.c		
.text	0x30E15	94	D:\nt\private\crt32st\stdio\fgets.c		
.text	0x30E1C	95	D:\nt\private\crt32st\stdio\fgets.c		
.text	0x30E20	105	D:\nt\private\crt32st\stdio\fgets.c		
.text	0x30E23	110	D:\nt\private\crt32st\stdio\fgets.c		
.text	0x30E26	111	D:\nt\private\crt32st\stdio\fgets.c		
.text	0x30E38	82	D:\nt\private\crt32st\stdio\_filbuf.c		
.text	0x30E3C	90	D:\nt\private\crt32st\stdio\_filbuf.c		
.text	0x30E53	93	D:\nt\private\crt32st\stdio\_filbuf.c		
.text	0x30E59	94	D:\nt\private\crt32st\stdio\_filbuf.c		
.text	0x30E64	102	D:\nt\private\crt32st\stdio\_filbuf.c		
.text	0x30E71	103	D:\nt\private\crt32st\stdio\_filbuf.c		
.text	0x30E7A	104	D:\nt\private\crt32st\stdio\_filbuf.c		
.text	0x30E7C	105	D:\nt\private\crt32st\stdio\_filbuf.c		
.text	0x30E81	107	D:\nt\private\crt32st\stdio\_filbuf.c		
.text	0x30E95	109	D:\nt\private\crt32st\stdio\_filbuf.c		
.text	0x30E9E	116	D:\nt\private\crt32st\stdio\_filbuf.c		
.text	0x30EB3	117	D:\nt\private\crt32st\stdio\_filbuf.c		
.text	0x30EB7	119	D:\nt\private\crt32st\stdio\_filbuf.c		
.text	0x30EBA	121	D:\nt\private\crt32st\stdio\_filbuf.c		
.text	0x30EC8	110	D:\nt\private\crt32st\stdio\_filbuf.c		
.text	0x30ED6	111	D:\nt\private\crt32st\stdio\_filbuf.c		
.text	0x30EDD	91	D:\nt\private\crt32st\stdio\_filbuf.c		
.text	0x30EE2	122	D:\nt\private\crt32st\stdio\_filbuf.c		
.text	0x30EE8	62	D:\nt\private\crt32st\stdio\fopen.c		
.text	0x30EEE	74	D:\nt\private\crt32st\stdio\fopen.c		
.text	0x30EF7	82	D:\nt\private\crt32st\stdio\fopen.c		
.text	0x30F06	83	D:\nt\private\crt32st\stdio\fopen.c		
.text	0x30F08	112	D:\nt\private\crt32st\stdio\fopen.c		
.text	0x30F0B	113	D:\nt\private\crt32st\stdio\fopen.c		
.text	0x30F18	114	D:\nt\private\crt32st\stdio\fopen.c		
.text	0x30F28	60	D:\nt\private\crt32st\stdio\stream.c		
.text	0x30F2A	69	D:\nt\private\crt32st\stdio\stream.c		
.text	0x30F37	76	D:\nt\private\crt32st\stdio\stream.c		
.text	0x30F4C	77	D:\nt\private\crt32st\stdio\stream.c		
.text	0x30F54	78	D:\nt\private\crt32st\stdio\stream.c		
.text	0x30F59	79	D:\nt\private\crt32st\stdio\stream.c		
.text	0x30F60	80	D:\nt\private\crt32st\stdio\stream.c		
.text	0x30F62	92	D:\nt\private\crt32st\stdio\stream.c		
.text	0x30F64	93	D:\nt\private\crt32st\stdio\stream.c		
.text	0x30F68	77	D:\nt\private\crt32st\stdio\_open.c		
.text	0x30F73	79	D:\nt\private\crt32st\stdio\_open.c		
.text	0x30F79	80	D:\nt\private\crt32st\stdio\_open.c		
.text	0x30F80	95	D:\nt\private\crt32st\stdio\_open.c		
.text	0x30F83	111	D:\nt\private\crt32st\stdio\_open.c		
.text	0x30F92	109	D:\nt\private\crt32st\stdio\_open.c		
.text	0x30F98	105	D:\nt\private\crt32st\stdio\_open.c		
.text	0x30F9D	106	D:\nt\private\crt32st\stdio\_open.c		
.text	0x30FA3	107	D:\nt\private\crt32st\stdio\_open.c		
.text	0x30FA8	97	D:\nt\private\crt32st\stdio\_open.c		
.text	0x30FAA	98	D:\nt\private\crt32st\stdio\_open.c		
.text	0x30FB3	101	D:\nt\private\crt32st\stdio\_open.c		
.text	0x30FB8	102	D:\nt\private\crt32st\stdio\_open.c		
.text	0x30FBC	119	D:\nt\private\crt32st\stdio\_open.c		
.text	0x30FC4	121	D:\nt\private\crt32st\stdio\_open.c		
.text	0x30FD0	122	D:\nt\private\crt32st\stdio\_open.c		
.text	0x30FD3	170	D:\nt\private\crt32st\stdio\_open.c		
.text	0x30FEA	168	D:\nt\private\crt32st\stdio\_open.c		
.text	0x30FEC	169	D:\nt\private\crt32st\stdio\_open.c		
.text	0x30FF0	125	D:\nt\private\crt32st\stdio\_open.c		
.text	0x30FF5	128	D:\nt\private\crt32st\stdio\_open.c		
.text	0x30FF8	129	D:\nt\private\crt32st\stdio\_open.c		
.text	0x30FFB	130	D:\nt\private\crt32st\stdio\_open.c		
.text	0x30FFE	131	D:\nt\private\crt32st\stdio\_open.c		
.text	0x31001	133	D:\nt\private\crt32st\stdio\_open.c		
.text	0x31004	143	D:\nt\private\crt32st\stdio\_open.c		
.text	0x31009	146	D:\nt\private\crt32st\stdio\_open.c		
.text	0x3100C	147	D:\nt\private\crt32st\stdio\_open.c		
.text	0x31010	150	D:\nt\private\crt32st\stdio\_open.c		
.text	0x31016	153	D:\nt\private\crt32st\stdio\_open.c		
.text	0x3101D	154	D:\nt\private\crt32st\stdio\_open.c		
.text	0x31020	156	D:\nt\private\crt32st\stdio\_open.c		
.text	0x31024	159	D:\nt\private\crt32st\stdio\_open.c		
.text	0x3102A	162	D:\nt\private\crt32st\stdio\_open.c		
.text	0x31031	163	D:\nt\private\crt32st\stdio\_open.c		
.text	0x3103C	136	D:\nt\private\crt32st\stdio\_open.c		
.text	0x31041	139	D:\nt\private\crt32st\stdio\_open.c		
.text	0x31044	140	D:\nt\private\crt32st\stdio\_open.c		
.text	0x3104D	175	D:\nt\private\crt32st\stdio\_open.c		
.text	0x31075	185	D:\nt\private\crt32st\stdio\_open.c		
.text	0x3107B	186	D:\nt\private\crt32st\stdio\_open.c		
.text	0x31083	187	D:\nt\private\crt32st\stdio\_open.c		
.text	0x31088	188	D:\nt\private\crt32st\stdio\_open.c		
.text	0x3108E	190	D:\nt\private\crt32st\stdio\_open.c		
.text	0x31090	191	D:\nt\private\crt32st\stdio\_open.c		
.text	0x31098	56	D:\nt\private\crt32st\stdio\fputc.c		
.text	0x3109F	66	D:\nt\private\crt32st\stdio\fputc.c		
.text	0x310A5	72	D:\nt\private\crt32st\stdio\fputc.c		
.text	0x310D4	75	D:\nt\private\crt32st\stdio\fputc.c		
.text	0x310D6	76	D:\nt\private\crt32st\stdio\fputc.c		
.text	0x310DC	84	D:\nt\private\crt32st\stdio\fputc.c		
.text	0x310DF	85	D:\nt\private\crt32st\stdio\fputc.c		
.text	0x310EA	86	D:\nt\private\crt32st\stdio\fputc.c		
.text	0x310F8	99	D:\nt\private\crt32st\heap\free.c		
.text	0x310FF	106	D:\nt\private\crt32st\heap\free.c		
.text	0x31103	114	D:\nt\private\crt32st\heap\free.c		
.text	0x31106	120	D:\nt\private\crt32st\heap\free.c		
.text	0x31115	121	D:\nt\private\crt32st\heap\free.c		
.text	0x3111A	127	D:\nt\private\crt32st\heap\free.c		
.text	0x31125	141	D:\nt\private\crt32st\heap\free.c		
.text	0x31153	142	D:\nt\private\crt32st\heap\free.c		
.text	0x31159	146	D:\nt\private\crt32st\heap\free.c		
.text	0x31168	65	D:\nt\private\crt32st\stdio\freopen.c		
.text	0x3116E	86	D:\nt\private\crt32st\stdio\freopen.c		
.text	0x31186	87	D:\nt\private\crt32st\stdio\freopen.c		
.text	0x3118D	88	D:\nt\private\crt32st\stdio\freopen.c		
.text	0x31194	91	D:\nt\private\crt32st\stdio\freopen.c		
.text	0x3119E	92	D:\nt\private\crt32st\stdio\freopen.c		
.text	0x311A4	93	D:\nt\private\crt32st\stdio\freopen.c		
.text	0x311B5	99	D:\nt\private\crt32st\stdio\freopen.c		
.text	0x311B8	100	D:\nt\private\crt32st\stdio\freopen.c		
.text	0x311C8	186	D:\nt\private\crt32st\stdio\fseek.c		
.text	0x311CE	196	D:\nt\private\crt32st\stdio\fseek.c		
.text	0x311E6	203	D:\nt\private\crt32st\stdio\fseek.c		
.text	0x311EA	209	D:\nt\private\crt32st\stdio\fseek.c		
.text	0x311EF	210	D:\nt\private\crt32st\stdio\fseek.c		
.text	0x311FD	211	D:\nt\private\crt32st\stdio\fseek.c		
.text	0x31204	216	D:\nt\private\crt32st\stdio\fseek.c		
.text	0x3120F	221	D:\nt\private\crt32st\stdio\fseek.c		
.text	0x31218	222	D:\nt\private\crt32st\stdio\fseek.c		
.text	0x3121C	226	D:\nt\private\crt32st\stdio\fseek.c		
.text	0x31238	197	D:\nt\private\crt32st\stdio\fseek.c		
.text	0x31242	198	D:\nt\private\crt32st\stdio\fseek.c		
.text	0x31247	227	D:\nt\private\crt32st\stdio\fseek.c		
.text	0x31258	128	D:\nt\private\crt32st\stdio\ftell.c		
.text	0x31261	141	D:\nt\private\crt32st\stdio\ftell.c		
.text	0x31267	143	D:\nt\private\crt32st\stdio\ftell.c		
.text	0x3126D	144	D:\nt\private\crt32st\stdio\ftell.c		
.text	0x31274	146	D:\nt\private\crt32st\stdio\ftell.c		
.text	0x31288	147	D:\nt\private\crt32st\stdio\ftell.c		
.text	0x31294	149	D:\nt\private\crt32st\stdio\ftell.c		
.text	0x3129F	150	D:\nt\private\crt32st\stdio\ftell.c		
.text	0x312A8	152	D:\nt\private\crt32st\stdio\ftell.c		
.text	0x312B2	154	D:\nt\private\crt32st\stdio\ftell.c		
.text	0x312B8	155	D:\nt\private\crt32st\stdio\ftell.c		
.text	0x312C1	156	D:\nt\private\crt32st\stdio\ftell.c		
.text	0x312D0	157	D:\nt\private\crt32st\stdio\ftell.c		
.text	0x312D5	158	D:\nt\private\crt32st\stdio\ftell.c		
.text	0x312D6	156	D:\nt\private\crt32st\stdio\ftell.c		
.text	0x312E4	166	D:\nt\private\crt32st\stdio\ftell.c		
.text	0x312EC	160	D:\nt\private\crt32st\stdio\ftell.c		
.text	0x312F2	161	D:\nt\private\crt32st\stdio\ftell.c		
.text	0x31300	165	D:\nt\private\crt32st\stdio\ftell.c		
.text	0x31303	168	D:\nt\private\crt32st\stdio\ftell.c		
.text	0x3130D	170	D:\nt\private\crt32st\stdio\ftell.c		
.text	0x31313	171	D:\nt\private\crt32st\stdio\ftell.c		
.text	0x3131A	173	D:\nt\private\crt32st\stdio\ftell.c		
.text	0x31320	180	D:\nt\private\crt32st\stdio\ftell.c		
.text	0x3132B	184	D:\nt\private\crt32st\stdio\ftell.c		
.text	0x31338	196	D:\nt\private\crt32st\stdio\ftell.c		
.text	0x3134A	199	D:\nt\private\crt32st\stdio\ftell.c		
.text	0x3135E	200	D:\nt\private\crt32st\stdio\ftell.c		
.text	0x31363	202	D:\nt\private\crt32st\stdio\ftell.c		
.text	0x31364	199	D:\nt\private\crt32st\stdio\ftell.c		
.text	0x31369	208	D:\nt\private\crt32st\stdio\ftell.c		
.text	0x31382	214	D:\nt\private\crt32st\stdio\ftell.c		
.text	0x31390	215	D:\nt\private\crt32st\stdio\ftell.c		
.text	0x31396	222	D:\nt\private\crt32st\stdio\ftell.c		
.text	0x313A2	223	D:\nt\private\crt32st\stdio\ftell.c		
.text	0x313A3	228	D:\nt\private\crt32st\stdio\ftell.c		
.text	0x313A6	232	D:\nt\private\crt32st\stdio\ftell.c		
.text	0x313AC	233	D:\nt\private\crt32st\stdio\ftell.c		
.text	0x313B8	105	D:\nt\private\crt32st\stdio\fwrite.c		
.text	0x313C4	115	D:\nt\private\crt32st\stdio\fwrite.c		
.text	0x313CA	116	D:\nt\private\crt32st\stdio\fwrite.c		
.text	0x313D4	117	D:\nt\private\crt32st\stdio\fwrite.c		
.text	0x313E0	119	D:\nt\private\crt32st\stdio\fwrite.c		
.text	0x313E3	120	D:\nt\private\crt32st\stdio\fwrite.c		
.text	0x313EB	122	D:\nt\private\crt32st\stdio\fwrite.c		
.text	0x313F0	125	D:\nt\private\crt32st\stdio\fwrite.c		
.text	0x313FE	127	D:\nt\private\crt32st\stdio\fwrite.c		
.text	0x3140E	129	D:\nt\private\crt32st\stdio\fwrite.c		
.text	0x3141E	130	D:\nt\private\crt32st\stdio\fwrite.c		
.text	0x31432	133	D:\nt\private\crt32st\stdio\fwrite.c		
.text	0x31438	134	D:\nt\private\crt32st\stdio\fwrite.c		
.text	0x3143B	135	D:\nt\private\crt32st\stdio\fwrite.c		
.text	0x3143D	136	D:\nt\private\crt32st\stdio\fwrite.c		
.text	0x31440	138	D:\nt\private\crt32st\stdio\fwrite.c		
.text	0x31450	144	D:\nt\private\crt32st\stdio\fwrite.c		
.text	0x3145A	145	D:\nt\private\crt32st\stdio\fwrite.c		
.text	0x31467	156	D:\nt\private\crt32st\stdio\fwrite.c		
.text	0x3148D	164	D:\nt\private\crt32st\stdio\fwrite.c		
.text	0x31490	165	D:\nt\private\crt32st\stdio\fwrite.c		
.text	0x31493	167	D:\nt\private\crt32st\stdio\fwrite.c		
.text	0x31498	169	D:\nt\private\crt32st\stdio\fwrite.c		
.text	0x3149F	179	D:\nt\private\crt32st\stdio\fwrite.c		
.text	0x314B0	177	D:\nt\private\crt32st\stdio\fwrite.c		
.text	0x314C3	183	D:\nt\private\crt32st\stdio\fwrite.c		
.text	0x314C6	184	D:\nt\private\crt32st\stdio\fwrite.c		
.text	0x314C9	187	D:\nt\private\crt32st\stdio\fwrite.c		
.text	0x314DF	189	D:\nt\private\crt32st\stdio\fwrite.c		
.text	0x314EC	158	D:\nt\private\crt32st\stdio\fwrite.c		
.text	0x314F4	192	D:\nt\private\crt32st\stdio\fwrite.c		
.text	0x314F7	193	D:\nt\private\crt32st\stdio\fwrite.c		
.text	0x31508	56	D:\nt\private\crt32st\misc\getenv.c		
.text	0x31511	62	D:\nt\private\crt32st\misc\getenv.c		
.text	0x31521	65	D:\nt\private\crt32st\misc\getenv.c		
.text	0x31532	73	D:\nt\private\crt32st\misc\getenv.c		
.text	0x31536	76	D:\nt\private\crt32st\misc\getenv.c		
.text	0x31565	82	D:\nt\private\crt32st\misc\getenv.c		
.text	0x3156D	85	D:\nt\private\crt32st\misc\getenv.c		
.text	0x31574	78	D:\nt\private\crt32st\misc\getenv.c		
.text	0x31579	87	D:\nt\private\crt32st\misc\getenv.c		
.text	0x31678	52	D:\nt\private\crt32st\convert\_ctype.c		
.text	0x3167B	55	D:\nt\private\crt32st\convert\_ctype.c		
.text	0x31689	56	D:\nt\private\crt32st\convert\_ctype.c		
.text	0x3168C	62	D:\nt\private\crt32st\convert\_ctype.c		
.text	0x3168F	65	D:\nt\private\crt32st\convert\_ctype.c		
.text	0x3169D	66	D:\nt\private\crt32st\convert\_ctype.c		
.text	0x316A0	72	D:\nt\private\crt32st\convert\_ctype.c		
.text	0x316A3	75	D:\nt\private\crt32st\convert\_ctype.c		
.text	0x316B1	76	D:\nt\private\crt32st\convert\_ctype.c		
.text	0x316B4	82	D:\nt\private\crt32st\convert\_ctype.c		
.text	0x316B7	85	D:\nt\private\crt32st\convert\_ctype.c		
.text	0x316C5	86	D:\nt\private\crt32st\convert\_ctype.c		
.text	0x316C8	92	D:\nt\private\crt32st\convert\_ctype.c		
.text	0x316CB	95	D:\nt\private\crt32st\convert\_ctype.c		
.text	0x316D9	96	D:\nt\private\crt32st\convert\_ctype.c		
.text	0x316DC	102	D:\nt\private\crt32st\convert\_ctype.c		
.text	0x316DF	105	D:\nt\private\crt32st\convert\_ctype.c		
.text	0x316ED	106	D:\nt\private\crt32st\convert\_ctype.c		
.text	0x316F0	112	D:\nt\private\crt32st\convert\_ctype.c		
.text	0x316F3	115	D:\nt\private\crt32st\convert\_ctype.c		
.text	0x31701	116	D:\nt\private\crt32st\convert\_ctype.c		
.text	0x31704	122	D:\nt\private\crt32st\convert\_ctype.c		
.text	0x31707	125	D:\nt\private\crt32st\convert\_ctype.c		
.text	0x31715	126	D:\nt\private\crt32st\convert\_ctype.c		
.text	0x31718	132	D:\nt\private\crt32st\convert\_ctype.c		
.text	0x3171B	135	D:\nt\private\crt32st\convert\_ctype.c		
.text	0x31729	136	D:\nt\private\crt32st\convert\_ctype.c		
.text	0x3172C	142	D:\nt\private\crt32st\convert\_ctype.c		
.text	0x3172F	145	D:\nt\private\crt32st\convert\_ctype.c		
.text	0x3173D	146	D:\nt\private\crt32st\convert\_ctype.c		
.text	0x31740	152	D:\nt\private\crt32st\convert\_ctype.c		
.text	0x31743	155	D:\nt\private\crt32st\convert\_ctype.c		
.text	0x31751	156	D:\nt\private\crt32st\convert\_ctype.c		
.text	0x31754	162	D:\nt\private\crt32st\convert\_ctype.c		
.text	0x31757	165	D:\nt\private\crt32st\convert\_ctype.c		
.text	0x31764	166	D:\nt\private\crt32st\convert\_ctype.c		
.text	0x31768	172	D:\nt\private\crt32st\convert\_ctype.c		
.text	0x3176B	175	D:\nt\private\crt32st\convert\_ctype.c		
.text	0x31771	176	D:\nt\private\crt32st\convert\_ctype.c		
.text	0x31774	182	D:\nt\private\crt32st\convert\_ctype.c		
.text	0x3177A	185	D:\nt\private\crt32st\convert\_ctype.c		
.text	0x31791	186	D:\nt\private\crt32st\convert\_ctype.c		
.text	0x31794	192	D:\nt\private\crt32st\convert\_ctype.c		
.text	0x3179A	195	D:\nt\private\crt32st\convert\_ctype.c		
.text	0x317B1	196	D:\nt\private\crt32st\convert\_ctype.c		
.text	0x317B8	64	D:\nt\private\crt32st\time\localtim.c		
.text	0x317BF	68	D:\nt\private\crt32st\time\localtim.c		
.text	0x317C4	69	D:\nt\private\crt32st\time\localtim.c		
.text	0x317D2	70	D:\nt\private\crt32st\time\localtim.c		
.text	0x317E4	71	D:\nt\private\crt32st\time\localtim.c		
.text	0x317EC	72	D:\nt\private\crt32st\time\localtim.c		
.text	0x31802	73	D:\nt\private\crt32st\time\localtim.c		
.text	0x31809	75	D:\nt\private\crt32st\time\localtim.c		
.text	0x3181E	77	D:\nt\private\crt32st\time\localtim.c		
.text	0x31820	78	D:\nt\private\crt32st\time\localtim.c		
.text	0x31828	65	D:\nt\private\crt32st\time\gmtime.c		
.text	0x31834	99	D:\nt\private\crt32st\time\gmtime.c		
.text	0x3183C	100	D:\nt\private\crt32st\time\gmtime.c		
.text	0x31844	144	D:\nt\private\crt32st\time\gmtime.c		
.text	0x31876	152	D:\nt\private\crt32st\time\gmtime.c		
.text	0x3187A	153	D:\nt\private\crt32st\time\gmtime.c		
.text	0x31880	154	D:\nt\private\crt32st\time\gmtime.c		
.text	0x31894	155	D:\nt\private\crt32st\time\gmtime.c		
.text	0x3189A	156	D:\nt\private\crt32st\time\gmtime.c		
.text	0x3189B	158	D:\nt\private\crt32st\time\gmtime.c		
.text	0x318A1	159	D:\nt\private\crt32st\time\gmtime.c		
.text	0x318A5	166	D:\nt\private\crt32st\time\gmtime.c		
.text	0x318E8	168	D:\nt\private\crt32st\time\gmtime.c		
.text	0x318ED	169	D:\nt\private\crt32st\time\gmtime.c		
.text	0x318F0	171	D:\nt\private\crt32st\time\gmtime.c		
.text	0x318F5	176	D:\nt\private\crt32st\time\gmtime.c		
.text	0x318FF	177	D:\nt\private\crt32st\time\gmtime.c		
.text	0x31910	178	D:\nt\private\crt32st\time\gmtime.c		
.text	0x31917	179	D:\nt\private\crt32st\time\gmtime.c		
.text	0x31941	181	D:\nt\private\crt32st\time\gmtime.c		
.text	0x3195E	182	D:\nt\private\crt32st\time\gmtime.c		
.text	0x3196F	184	D:\nt\private\crt32st\time\gmtime.c		
.text	0x31987	185	D:\nt\private\crt32st\time\gmtime.c		
.text	0x31992	190	D:\nt\private\crt32st\time\gmtime.c		
.text	0x319B8	192	D:\nt\private\crt32st\time\gmtime.c		
.text	0x319C2	193	D:\nt\private\crt32st\time\gmtime.c		
.text	0x319C7	195	D:\nt\private\crt32st\time\gmtime.c		
.text	0x319D8	248	D:\nt\private\crt32st\heap\malloc.c		
.text	0x319E0	264	D:\nt\private\crt32st\heap\malloc.c		
.text	0x319F7	265	D:\nt\private\crt32st\heap\malloc.c		
.text	0x31A03	270	D:\nt\private\crt32st\heap\malloc.c		
.text	0x31A12	274	D:\nt\private\crt32st\heap\malloc.c		
.text	0x31A17	276	D:\nt\private\crt32st\heap\malloc.c		
.text	0x31A1C	277	D:\nt\private\crt32st\heap\malloc.c		
.text	0x31A24	283	D:\nt\private\crt32st\heap\malloc.c		
.text	0x31A3B	287	D:\nt\private\crt32st\heap\malloc.c		
.text	0x31A45	288	D:\nt\private\crt32st\heap\malloc.c		
.text	0x31A53	293	D:\nt\private\crt32st\heap\malloc.c		
.text	0x31A5C	303	D:\nt\private\crt32st\heap\malloc.c		
.text	0x31A63	307	D:\nt\private\crt32st\heap\malloc.c		
.text	0x31A6C	308	D:\nt\private\crt32st\heap\malloc.c		
.text	0x31A70	344	D:\nt\private\crt32st\heap\malloc.c		
.text	0x31A7B	353	D:\nt\private\crt32st\heap\malloc.c		
.text	0x31A92	356	D:\nt\private\crt32st\heap\malloc.c		
.text	0x31AAF	363	D:\nt\private\crt32st\heap\malloc.c		
.text	0x31ABF	364	D:\nt\private\crt32st\heap\malloc.c		
.text	0x31AC3	365	D:\nt\private\crt32st\heap\malloc.c		
.text	0x31AC5	367	D:\nt\private\crt32st\heap\malloc.c		
.text	0x31AD8	63	D:\nt\private\crt32st\heap\heapgrow.c		
.text	0x31AE0	65	D:\nt\private\crt32st\heap\heapgrow.c		
.text	0x31AE5	72	D:\nt\private\crt32st\heap\heapgrow.c		
.text	0x31AF5	81	D:\nt\private\crt32st\heap\heapgrow.c		
.text	0x31B08	94	D:\nt\private\crt32st\heap\heapgrow.c		
.text	0x31B13	100	D:\nt\private\crt32st\heap\heapgrow.c		
.text	0x31B15	81	D:\nt\private\crt32st\heap\heapgrow.c		
.text	0x31B21	112	D:\nt\private\crt32st\heap\heapgrow.c		
.text	0x31B25	118	D:\nt\private\crt32st\heap\heapgrow.c		
.text	0x31B30	90	D:\nt\private\crt32st\heap\heapgrow.c		
.text	0x31B40	125	D:\nt\private\crt32st\heap\heapgrow.c		
.text	0x31B45	127	D:\nt\private\crt32st\heap\heapgrow.c		
.text	0x31B4C	160	D:\nt\private\crt32st\heap\heapgrow.c		
.text	0x31B52	200	D:\nt\private\crt32st\heap\heapgrow.c		
.text	0x31B69	201	D:\nt\private\crt32st\heap\heapgrow.c		
.text	0x31B6F	217	D:\nt\private\crt32st\heap\heapgrow.c		
.text	0x31B88	239	D:\nt\private\crt32st\heap\heapgrow.c		
.text	0x31B9A	240	D:\nt\private\crt32st\heap\heapgrow.c		
.text	0x31BA3	241	D:\nt\private\crt32st\heap\heapgrow.c		
.text	0x31BAD	248	D:\nt\private\crt32st\heap\heapgrow.c		
.text	0x31BBF	255	D:\nt\private\crt32st\heap\heapgrow.c		
.text	0x31BCA	256	D:\nt\private\crt32st\heap\heapgrow.c		
.text	0x31BCC	265	D:\nt\private\crt32st\heap\heapgrow.c		
.text	0x31BD0	272	D:\nt\private\crt32st\heap\heapgrow.c		
.text	0x31BD5	274	D:\nt\private\crt32st\heap\heapgrow.c		
.text	0x31BD8	303	D:\nt\private\crt32st\heap\heapgrow.c		
.text	0x31BE4	317	D:\nt\private\crt32st\heap\heapgrow.c		
.text	0x31C01	320	D:\nt\private\crt32st\heap\heapgrow.c		
.text	0x31C0C	326	D:\nt\private\crt32st\heap\heapgrow.c		
.text	0x31C14	338	D:\nt\private\crt32st\heap\heapgrow.c		
.text	0x31C47	339	D:\nt\private\crt32st\heap\heapgrow.c		
.text	0x31C4A	374	D:\nt\private\crt32st\heap\heapgrow.c		
.text	0x31C72	380	D:\nt\private\crt32st\heap\heapgrow.c		
.text	0x31C77	383	D:\nt\private\crt32st\heap\heapgrow.c		
.text	0x31C7C	390	D:\nt\private\crt32st\heap\heapgrow.c		
.text	0x31C84	407	D:\nt\private\crt32st\heap\heapgrow.c		
.text	0x31C94	408	D:\nt\private\crt32st\heap\heapgrow.c		
.text	0x31C99	416	D:\nt\private\crt32st\heap\heapgrow.c		
.text	0x31CA0	423	D:\nt\private\crt32st\heap\heapgrow.c		
.text	0x31CA5	425	D:\nt\private\crt32st\heap\heapgrow.c		
.text	0x31CAC	448	D:\nt\private\crt32st\heap\heapgrow.c		
.text	0x31CB6	463	D:\nt\private\crt32st\heap\heapgrow.c		
.text	0x31CDA	464	D:\nt\private\crt32st\heap\heapgrow.c		
.text	0x31CDF	486	D:\nt\private\crt32st\heap\heapgrow.c		
.text	0x31CEC	488	D:\nt\private\crt32st\heap\heapgrow.c		
.text	0x31CFA	490	D:\nt\private\crt32st\heap\heapgrow.c		
.text	0x31D0E	74	D:\nt\private\crt32st\heap\heapadd.c		
.text	0x31D14	84	D:\nt\private\crt32st\heap\heapadd.c		
.text	0x31D25	95	D:\nt\private\crt32st\heap\heapadd.c		
.text	0x31D32	85	D:\nt\private\crt32st\heap\heapadd.c		
.text	0x31D37	97	D:\nt\private\crt32st\heap\heapadd.c		
.text	0x31D3A	126	D:\nt\private\crt32st\heap\heapadd.c		
.text	0x31D46	147	D:\nt\private\crt32st\heap\heapadd.c		
.text	0x31D59	149	D:\nt\private\crt32st\heap\heapadd.c		
.text	0x31D6A	152	D:\nt\private\crt32st\heap\heapadd.c		
.text	0x31D6D	155	D:\nt\private\crt32st\heap\heapadd.c		
.text	0x31D72	156	D:\nt\private\crt32st\heap\heapadd.c		
.text	0x31D8F	159	D:\nt\private\crt32st\heap\heapadd.c		
.text	0x31D92	160	D:\nt\private\crt32st\heap\heapadd.c		
.text	0x31D9C	161	D:\nt\private\crt32st\heap\heapadd.c		
.text	0x31D9E	171	D:\nt\private\crt32st\heap\heapadd.c		
.text	0x31DA0	284	D:\nt\private\crt32st\heap\heapadd.c		
.text	0x31DBA	268	D:\nt\private\crt32st\heap\heapadd.c		
.text	0x31DCB	314	D:\nt\private\crt32st\heap\heapadd.c		
.text	0x31DD8	316	D:\nt\private\crt32st\heap\heapadd.c		
.text	0x31DE2	271	D:\nt\private\crt32st\heap\heapadd.c		
.text	0x31DF3	272	D:\nt\private\crt32st\heap\heapadd.c		
.text	0x31E0E	174	D:\nt\private\crt32st\heap\heapadd.c		
.text	0x31E11	180	D:\nt\private\crt32st\heap\heapadd.c		
.text	0x31E1C	181	D:\nt\private\crt32st\heap\heapadd.c		
.text	0x31E2B	184	D:\nt\private\crt32st\heap\heapadd.c		
.text	0x31E37	186	D:\nt\private\crt32st\heap\heapadd.c		
.text	0x31E41	210	D:\nt\private\crt32st\heap\heapadd.c		
.text	0x31E57	211	D:\nt\private\crt32st\heap\heapadd.c		
.text	0x31E5C	213	D:\nt\private\crt32st\heap\heapadd.c		
.text	0x31E6F	220	D:\nt\private\crt32st\heap\heapadd.c		
.text	0x31E7A	221	D:\nt\private\crt32st\heap\heapadd.c		
.text	0x31E83	229	D:\nt\private\crt32st\heap\heapadd.c		
.text	0x31E93	230	D:\nt\private\crt32st\heap\heapadd.c		
.text	0x31E96	195	D:\nt\private\crt32st\heap\heapadd.c		
.text	0x31EAA	249	D:\nt\private\crt32st\heap\heapadd.c		
.text	0x31EB5	252	D:\nt\private\crt32st\heap\heapadd.c		
.text	0x31EC3	254	D:\nt\private\crt32st\heap\heapadd.c		
.text	0x31EC6	255	D:\nt\private\crt32st\heap\heapadd.c		
.text	0x31ED4	297	D:\nt\private\crt32st\heap\heapadd.c		
.text	0x31EFF	298	D:\nt\private\crt32st\heap\heapadd.c		
.text	0x31F05	307	D:\nt\private\crt32st\heap\heapadd.c		
.text	0x31F07	318	D:\nt\private\crt32st\heap\heapadd.c		
.text	0x31F0E	352	D:\nt\private\crt32st\heap\heapadd.c		
.text	0x31F1C	363	D:\nt\private\crt32st\heap\heapadd.c		
.text	0x31F2A	366	D:\nt\private\crt32st\heap\heapadd.c		
.text	0x31F38	368	D:\nt\private\crt32st\heap\heapadd.c		
.text	0x31F4C	369	D:\nt\private\crt32st\heap\heapadd.c		
.text	0x31F52	377	D:\nt\private\crt32st\heap\heapadd.c		
.text	0x31F55	378	D:\nt\private\crt32st\heap\heapadd.c		
.text	0x31F60	380	D:\nt\private\crt32st\heap\heapadd.c		
.text	0x31F6A	396	D:\nt\private\crt32st\heap\heapadd.c		
.text	0x31F87	398	D:\nt\private\crt32st\heap\heapadd.c		
.text	0x31F8D	399	D:\nt\private\crt32st\heap\heapadd.c		
.text	0x31F95	401	D:\nt\private\crt32st\heap\heapadd.c		
.text	0x31F97	402	D:\nt\private\crt32st\heap\heapadd.c		
.text	0x31F99	411	D:\nt\private\crt32st\heap\heapadd.c		
.text	0x31F9B	413	D:\nt\private\crt32st\heap\heapadd.c		
.text	0x31FAE	60	D:\nt\private\crt32st\heap\findaddr.c		
.text	0x31FB1	67	D:\nt\private\crt32st\heap\findaddr.c		
.text	0x31FBD	68	D:\nt\private\crt32st\heap\findaddr.c		
.text	0x31FC6	74	D:\nt\private\crt32st\heap\findaddr.c		
.text	0x31FD8	75	D:\nt\private\crt32st\heap\findaddr.c		
.text	0x31FE2	77	D:\nt\private\crt32st\heap\findaddr.c		
.text	0x31FEE	78	D:\nt\private\crt32st\heap\findaddr.c		
.text	0x31FFE	88	D:\nt\private\crt32st\heap\findaddr.c		
.text	0x3200C	97	D:\nt\private\crt32st\heap\findaddr.c		
.text	0x3201F	108	D:\nt\private\crt32st\heap\findaddr.c		
.text	0x3202E	60	D:\nt\private\crt32st\heap\heapsrch.c		
.text	0x32036	63	D:\nt\private\crt32st\heap\heapsrch.c		
.text	0x32038	71	D:\nt\private\crt32st\heap\heapsrch.c		
.text	0x32049	74	D:\nt\private\crt32st\heap\heapsrch.c		
.text	0x32057	80	D:\nt\private\crt32st\heap\heapsrch.c		
.text	0x32072	88	D:\nt\private\crt32st\heap\heapsrch.c		
.text	0x32074	89	D:\nt\private\crt32st\heap\heapsrch.c		
.text	0x32084	92	D:\nt\private\crt32st\heap\heapsrch.c		
.text	0x32088	93	D:\nt\private\crt32st\heap\heapsrch.c		
.text	0x32095	95	D:\nt\private\crt32st\heap\heapsrch.c		
.text	0x3209A	71	D:\nt\private\crt32st\heap\heapsrch.c		
.text	0x320A4	102	D:\nt\private\crt32st\heap\heapsrch.c		
.text	0x320B9	105	D:\nt\private\crt32st\heap\heapsrch.c		
.text	0x320C7	111	D:\nt\private\crt32st\heap\heapsrch.c		
.text	0x320DE	119	D:\nt\private\crt32st\heap\heapsrch.c		
.text	0x320E0	120	D:\nt\private\crt32st\heap\heapsrch.c		
.text	0x320F0	123	D:\nt\private\crt32st\heap\heapsrch.c		
.text	0x320F4	124	D:\nt\private\crt32st\heap\heapsrch.c		
.text	0x32101	130	D:\nt\private\crt32st\heap\heapsrch.c		
.text	0x3211E	132	D:\nt\private\crt32st\heap\heapsrch.c		
.text	0x32124	133	D:\nt\private\crt32st\heap\heapsrch.c		
.text	0x3213B	134	D:\nt\private\crt32st\heap\heapsrch.c		
.text	0x3213D	149	D:\nt\private\crt32st\heap\heapsrch.c		
.text	0x3213F	150	D:\nt\private\crt32st\heap\heapsrch.c		
.text	0x3214E	50	D:\nt\private\crt32st\string\memchr.c		
.text	0x32155	51	D:\nt\private\crt32st\string\memchr.c		
.text	0x32166	52	D:\nt\private\crt32st\string\memchr.c		
.text	0x32167	54	D:\nt\private\crt32st\string\memchr.c		
.text	0x3216A	56	D:\nt\private\crt32st\string\memchr.c		
.text	0x32180	57	D:\nt\private\crt32st\string\memchr.c		
.text	0x3218E	50	D:\nt\private\crt32st\string\memmove.c		
.text	0x3219C	60	D:\nt\private\crt32st\string\memmove.c		
.text	0x321AD	76	D:\nt\private\crt32st\string\memmove.c		
.text	0x321B2	77	D:\nt\private\crt32st\string\memmove.c		
.text	0x321B9	79	D:\nt\private\crt32st\string\memmove.c		
.text	0x321C0	80	D:\nt\private\crt32st\string\memmove.c		
.text	0x321C6	83	D:\nt\private\crt32st\string\memmove.c		
.text	0x321CD	65	D:\nt\private\crt32st\string\memmove.c		
.text	0x321D4	66	D:\nt\private\crt32st\string\memmove.c		
.text	0x321DA	69	D:\nt\private\crt32st\string\memmove.c		
.text	0x321DE	87	D:\nt\private\crt32st\string\memmove.c		
.text	0x321E0	88	D:\nt\private\crt32st\string\memmove.c		
.text	0x321EE	52	D:\nt\private\crt32st\string\memset.c		
.text	0x321F9	53	D:\nt\private\crt32st\string\memset.c		
.text	0x32201	62	D:\nt\private\crt32st\string\memset.c		
.text	0x32206	63	D:\nt\private\crt32st\string\memset.c		
.text	0x3220C	65	D:\nt\private\crt32st\string\memset.c		
.text	0x32213	68	D:\nt\private\crt32st\string\memset.c		
.text	0x32215	69	D:\nt\private\crt32st\string\memset.c		
.text	0x3221E	112	D:\nt\private\crt32st\heap\realloc.c		
.text	0x32226	120	D:\nt\private\crt32st\heap\realloc.c		
.text	0x3222C	124	D:\nt\private\crt32st\heap\realloc.c		
.text	0x3223E	126	D:\nt\private\crt32st\heap\realloc.c		
.text	0x32244	129	D:\nt\private\crt32st\heap\realloc.c		
.text	0x3224F	130	D:\nt\private\crt32st\heap\realloc.c		
.text	0x32256	136	D:\nt\private\crt32st\heap\realloc.c		
.text	0x32262	144	D:\nt\private\crt32st\heap\realloc.c		
.text	0x32268	146	D:\nt\private\crt32st\heap\realloc.c		
.text	0x32277	147	D:\nt\private\crt32st\heap\realloc.c		
.text	0x3227C	168	D:\nt\private\crt32st\heap\realloc.c		
.text	0x322A6	201	D:\nt\private\crt32st\heap\realloc.c		
.text	0x322B8	202	D:\nt\private\crt32st\heap\realloc.c		
.text	0x322D2	203	D:\nt\private\crt32st\heap\realloc.c		
.text	0x322DB	205	D:\nt\private\crt32st\heap\realloc.c		
.text	0x322DE	208	D:\nt\private\crt32st\heap\realloc.c		
.text	0x322EA	209	D:\nt\private\crt32st\heap\realloc.c		
.text	0x322F6	180	D:\nt\private\crt32st\heap\realloc.c		
.text	0x32304	181	D:\nt\private\crt32st\heap\realloc.c		
.text	0x3230D	189	D:\nt\private\crt32st\heap\realloc.c		
.text	0x32315	190	D:\nt\private\crt32st\heap\realloc.c		
.text	0x3231F	191	D:\nt\private\crt32st\heap\realloc.c		
.text	0x32331	194	D:\nt\private\crt32st\heap\realloc.c		
.text	0x32337	217	D:\nt\private\crt32st\heap\realloc.c		
.text	0x3233A	218	D:\nt\private\crt32st\heap\realloc.c		
.text	0x3233E	264	D:\nt\private\crt32st\heap\realloc.c		
.text	0x3234A	285	D:\nt\private\crt32st\heap\realloc.c		
.text	0x32353	291	D:\nt\private\crt32st\heap\realloc.c		
.text	0x32388	306	D:\nt\private\crt32st\heap\realloc.c		
.text	0x323A0	347	D:\nt\private\crt32st\heap\realloc.c		
.text	0x323AE	310	D:\nt\private\crt32st\heap\realloc.c		
.text	0x323BB	313	D:\nt\private\crt32st\heap\realloc.c		
.text	0x323CC	310	D:\nt\private\crt32st\heap\realloc.c		
.text	0x323D8	321	D:\nt\private\crt32st\heap\realloc.c		
.text	0x323DD	333	D:\nt\private\crt32st\heap\realloc.c		
.text	0x3240E	337	D:\nt\private\crt32st\heap\realloc.c		
.text	0x32413	338	D:\nt\private\crt32st\heap\realloc.c		
.text	0x3241A	294	D:\nt\private\crt32st\heap\realloc.c		
.text	0x3241F	295	D:\nt\private\crt32st\heap\realloc.c		
.text	0x32429	296	D:\nt\private\crt32st\heap\realloc.c		
.text	0x3243C	297	D:\nt\private\crt32st\heap\realloc.c		
.text	0x3243F	372	D:\nt\private\crt32st\heap\realloc.c		
.text	0x32442	373	D:\nt\private\crt32st\heap\realloc.c		
.text	0x3244A	407	D:\nt\private\crt32st\heap\realloc.c		
.text	0x32452	414	D:\nt\private\crt32st\heap\realloc.c		
.text	0x32465	419	D:\nt\private\crt32st\heap\realloc.c		
.text	0x32469	421	D:\nt\private\crt32st\heap\realloc.c		
.text	0x32471	426	D:\nt\private\crt32st\heap\realloc.c		
.text	0x32477	431	D:\nt\private\crt32st\heap\realloc.c		
.text	0x32489	433	D:\nt\private\crt32st\heap\realloc.c		
.text	0x32496	414	D:\nt\private\crt32st\heap\realloc.c		
.text	0x324A8	441	D:\nt\private\crt32st\heap\realloc.c		
.text	0x324BF	445	D:\nt\private\crt32st\heap\realloc.c		
.text	0x324FE	45	D:\nt\private\crt32st\string\strchr.c		
.text	0x32504	46	D:\nt\private\crt32st\string\strchr.c		
.text	0x32513	47	D:\nt\private\crt32st\string\strchr.c		
.text	0x32519	49	D:\nt\private\crt32st\string\strchr.c		
.text	0x32520	50	D:\nt\private\crt32st\string\strchr.c		
.text	0x32526	51	D:\nt\private\crt32st\string\strchr.c		
.text	0x32528	52	D:\nt\private\crt32st\string\strchr.c		
.text	0x3252E	52	D:\nt\private\crt32st\string\strcat.c		
.text	0x32535	55	D:\nt\private\crt32st\string\strcat.c		
.text	0x3253C	56	D:\nt\private\crt32st\string\strcat.c		
.text	0x32545	58	D:\nt\private\crt32st\string\strcat.c		
.text	0x3254F	60	D:\nt\private\crt32st\string\strcat.c		
.text	0x32551	62	D:\nt\private\crt32st\string\strcat.c		
.text	0x32556	83	D:\nt\private\crt32st\string\strcat.c		
.text	0x3255D	84	D:\nt\private\crt32st\string\strcat.c		
.text	0x32562	86	D:\nt\private\crt32st\string\strcat.c		
.text	0x3256C	89	D:\nt\private\crt32st\string\strcat.c		
.text	0x3256E	90	D:\nt\private\crt32st\string\strcat.c		
.text	0x3257E	48	D:\nt\private\crt32st\string\strlen.c		
.text	0x32584	49	D:\nt\private\crt32st\string\strlen.c		
.text	0x32586	51	D:\nt\private\crt32st\string\strlen.c		
.text	0x3258D	53	D:\nt\private\crt32st\string\strlen.c		
.text	0x32592	54	D:\nt\private\crt32st\string\strlen.c		
.text	0x3259E	50	D:\nt\private\crt32st\string\strncmp.c		
.text	0x325A5	51	D:\nt\private\crt32st\string\strncmp.c		
.text	0x325A9	52	D:\nt\private\crt32st\string\strncmp.c		
.text	0x325B4	54	D:\nt\private\crt32st\string\strncmp.c		
.text	0x325C1	56	D:\nt\private\crt32st\string\strncmp.c		
.text	0x325C2	57	D:\nt\private\crt32st\string\strncmp.c		
.text	0x325C3	58	D:\nt\private\crt32st\string\strncmp.c		
.text	0x325C6	60	D:\nt\private\crt32st\string\strncmp.c		
.text	0x325CE	61	D:\nt\private\crt32st\string\strncmp.c		
.text	0x325DE	48	D:\nt\private\crt32st\string\strncpy.c		
.text	0x325EC	49	D:\nt\private\crt32st\string\strncpy.c		
.text	0x325EE	51	D:\nt\private\crt32st\string\strncpy.c		
.text	0x325FD	52	D:\nt\private\crt32st\string\strncpy.c		
.text	0x32600	54	D:\nt\private\crt32st\string\strncpy.c		
.text	0x32604	55	D:\nt\private\crt32st\string\strncpy.c		
.text	0x32607	56	D:\nt\private\crt32st\string\strncpy.c		
.text	0x3260E	58	D:\nt\private\crt32st\string\strncpy.c		
.text	0x32610	59	D:\nt\private\crt32st\string\strncpy.c		
.text	0x3261E	49	D:\nt\private\crt32st\time\time.c		
.text	0x32629	70	D:\nt\private\crt32st\time\time.c		
.text	0x32635	74	D:\nt\private\crt32st\time\time.c		
.text	0x32662	84	D:\nt\private\crt32st\time\time.c		
.text	0x32666	85	D:\nt\private\crt32st\time\time.c		
.text	0x32668	88	D:\nt\private\crt32st\time\time.c		
.text	0x32674	53	D:\nt\private\crt32st\convert\toupper.c		
.text	0x32677	54	D:\nt\private\crt32st\convert\toupper.c		
.text	0x3267D	55	D:\nt\private\crt32st\convert\toupper.c		
.text	0x32680	78	D:\nt\private\crt32st\convert\toupper.c		
.text	0x32686	79	D:\nt\private\crt32st\convert\toupper.c		
.text	0x32696	80	D:\nt\private\crt32st\convert\toupper.c		
