index	name	value	section	type	storage	naux	file
0	.file	11	-2	0	103	1	c:\c6\\cmerge\
2	.text	65536	1	0	3	1	c:\c6\\cmerge\
4	.data	524288	3	0	3	1	c:\c6\\cmerge\
6	.data	655360	4	0	3	1	c:\c6\\cmerge\
8	.bss	458752	2	0	3	1	c:\c6\\cmerge\
10	FLAT	0	-1	0	3	0	c:\c6\\cmerge\
11	.file	24	-2	0	103	3	D:\nt\private\crt32\linkopts\binmode.c
15	.text	69024	1	0	3	1	D:\nt\private\crt32\linkopts\binmode.c
17	.data	525856	3	0	3	1	D:\nt\private\crt32\linkopts\binmode.c
19	.data	655360	4	0	3	1	D:\nt\private\crt32\linkopts\binmode.c
21	.bss	458816	2	0	3	1	D:\nt\private\crt32\linkopts\binmode.c
23	FLAT	0	-1	0	3	0	D:\nt\private\crt32\linkopts\binmode.c
24	.file	35	-2	0	103	1	c:\c6\\cmerge\
26	.text	69024	1	0	3	1	c:\c6\\cmerge\
28	.data	525872	3	0	3	1	c:\c6\\cmerge\
30	.data	655360	4	0	3	1	c:\c6\\cmerge\
32	.bss	458816	2	0	3	1	c:\c6\\cmerge\
34	FLAT	0	-1	0	3	0	c:\c6\\cmerge\
35	.file	46	-2	0	103	1	c:\c6\\cmerge\
37	.text	71440	1	0	3	1	c:\c6\\cmerge\
39	.data	526112	3	0	3	1	c:\c6\\cmerge\
41	.data	655360	4	0	3	1	c:\c6\\cmerge\
43	.bss	458816	2	0	3	1	c:\c6\\cmerge\
45	FLAT	0	-1	0	3	0	c:\c6\\cmerge\
46	.file	57	-2	0	103	1	c:\c6\\cmerge\
48	.text	108032	1	0	3	1	c:\c6\\cmerge\
50	.data	526912	3	0	3	1	c:\c6\\cmerge\
52	.data	655376	4	0	3	1	c:\c6\\cmerge\
54	.bss	458832	2	0	3	1	c:\c6\\cmerge\
56	FLAT	0	-1	0	3	0	c:\c6\\cmerge\
57	.file	68	-2	0	103	1	c:\c6\\cmerge\
59	.text	116512	1	0	3	1	c:\c6\\cmerge\
61	.data	527232	3	0	3	1	c:\c6\\cmerge\
63	.data	655376	4	0	3	1	c:\c6\\cmerge\
65	.bss	458832	2	0	3	1	c:\c6\\cmerge\
67	FLAT	0	-1	0	3	0	c:\c6\\cmerge\
68	.file	79	-2	0	103	1	c:\c6\\cmerge\
70	.text	129008	1	0	3	1	c:\c6\\cmerge\
72	.data	528000	3	0	3	1	c:\c6\\cmerge\
74	.data	655376	4	0	3	1	c:\c6\\cmerge\
76	.bss	458832	2	0	3	1	c:\c6\\cmerge\
78	FLAT	0	-1	0	3	0	c:\c6\\cmerge\
79	.file	90	-2	0	103	1	c:\c6\\cmerge\
81	.text	136336	1	0	3	1	c:\c6\\cmerge\
83	.data	528368	3	0	3	1	c:\c6\\cmerge\
85	.data	655376	4	0	3	1	c:\c6\\cmerge\
87	.bss	459088	2	0	3	1	c:\c6\\cmerge\
89	FLAT	0	-1	0	3	0	c:\c6\\cmerge\
90	.file	101	-2	0	103	1	c:\c6\\cmerge\
92	.text	158352	1	0	3	1	c:\c6\\cmerge\
94	.data	528944	3	0	3	1	c:\c6\\cmerge\
96	.data	655376	4	0	3	1	c:\c6\\cmerge\
98	.bss	459088	2	0	3	1	c:\c6\\cmerge\
100	FLAT	0	-1	0	3	0	c:\c6\\cmerge\
101	.file	112	-2	0	103	1	c:\c6\\cmerge\
103	.text	171056	1	0	3	1	c:\c6\\cmerge\
105	.data	529344	3	0	3	1	c:\c6\\cmerge\
107	.data	655392	4	0	3	1	c:\c6\\cmerge\
109	.bss	459088	2	0	3	1	c:\c6\\cmerge\
111	FLAT	0	-1	0	3	0	c:\c6\\cmerge\
112	.file	123	-2	0	103	1	c:\c6\\cmerge\
114	.text	173872	1	0	3	1	c:\c6\\cmerge\
116	.data	529840	3	0	3	1	c:\c6\\cmerge\
118	.data	655392	4	0	3	1	c:\c6\\cmerge\
120	.bss	459088	2	0	3	1	c:\c6\\cmerge\
122	FLAT	0	-1	0	3	0	c:\c6\\cmerge\
123	.file	131	-2	0	103	1	c:\c6\\cmerge\
125	.text	178112	1	0	3	1	c:\c6\\cmerge\
127	.data	530000	3	0	3	1	c:\c6\\cmerge\
129	DGROUP	530000	3	0	3	0	c:\c6\\cmerge\
130	FLAT	0	-1	0	3	0	c:\c6\\cmerge\
131	.file	142	-2	0	103	1	c:\c6\\cmerge\
133	.text	178320	1	0	3	1	c:\c6\\cmerge\
135	.data	530000	3	0	3	1	c:\c6\\cmerge\
137	.data	655392	4	0	3	1	c:\c6\\cmerge\
139	.bss	459088	2	0	3	1	c:\c6\\cmerge\
141	FLAT	0	-1	0	3	0	c:\c6\\cmerge\
142	.file	153	-2	0	103	1	c:\c6\\cmerge\
144	.text	182032	1	0	3	1	c:\c6\\cmerge\
146	.data	530224	3	0	3	1	c:\c6\\cmerge\
148	.data	655392	4	0	3	1	c:\c6\\cmerge\
150	.bss	459104	2	0	3	1	c:\c6\\cmerge\
152	FLAT	0	-1	0	3	0	c:\c6\\cmerge\
153	.file	164	-2	0	103	1	c:\c6\\cmerge\
155	.text	197264	1	0	3	1	c:\c6\\cmerge\
157	.data	530592	3	0	3	1	c:\c6\\cmerge\
159	.data	655392	4	0	3	1	c:\c6\\cmerge\
161	.bss	459120	2	0	3	1	c:\c6\\cmerge\
163	FLAT	0	-1	0	3	0	c:\c6\\cmerge\
164	.file	175	-2	0	103	1	c:\c6\\cmerge\
166	.text	198960	1	0	3	1	c:\c6\\cmerge\
168	.data	531008	3	0	3	1	c:\c6\\cmerge\
170	.data	655392	4	0	3	1	c:\c6\\cmerge\
172	.bss	459120	2	0	3	1	c:\c6\\cmerge\
174	FLAT	0	-1	0	3	0	c:\c6\\cmerge\
175	.file	186	-2	0	103	1	c:\c6\\cmerge\
177	.text	211408	1	0	3	1	c:\c6\\cmerge\
179	.data	531488	3	0	3	1	c:\c6\\cmerge\
181	.data	655392	4	0	3	1	c:\c6\\cmerge\
183	.bss	459136	2	0	3	1	c:\c6\\cmerge\
185	FLAT	0	-1	0	3	0	c:\c6\\cmerge\
186	.file	197	-2	0	103	1	c:\c6\\cmerge\
188	.text	217760	1	0	3	1	c:\c6\\cmerge\
190	.data	532224	3	0	3	1	c:\c6\\cmerge\
192	.data	655392	4	0	3	1	c:\c6\\cmerge\
194	.bss	459152	2	0	3	1	c:\c6\\cmerge\
196	FLAT	0	-1	0	3	0	c:\c6\\cmerge\
197	.file	208	-2	0	103	1	c:\c6\\cmerge\
199	.text	217760	1	0	3	1	c:\c6\\cmerge\
201	.data	532624	3	0	3	1	c:\c6\\cmerge\
203	.data	655392	4	0	3	1	c:\c6\\cmerge\
205	.bss	459152	2	0	3	1	c:\c6\\cmerge\
207	FLAT	0	-1	0	3	0	c:\c6\\cmerge\
208	.file	216	-2	0	103	1	c:\c6\\cmerge\
210	.text	219008	1	0	3	1	c:\c6\\cmerge\
212	.data	532656	3	0	3	1	c:\c6\\cmerge\
214	DGROUP	532656	3	0	3	0	c:\c6\\cmerge\
215	FLAT	0	-1	0	3	0	c:\c6\\cmerge\
216	.file	224	-2	0	103	1	c:\c6\\cmerge\
218	.text	219616	1	0	3	1	c:\c6\\cmerge\
220	.data	532672	3	0	3	1	c:\c6\\cmerge\
222	DGROUP	532672	3	0	3	0	c:\c6\\cmerge\
223	FLAT	0	-1	0	3	0	c:\c6\\cmerge\
224	.file	235	-2	0	103	1	c:\c6\\cmerge\
226	.text	221024	1	0	3	1	c:\c6\\cmerge\
228	.data	532736	3	0	3	1	c:\c6\\cmerge\
230	.data	655392	4	0	3	1	c:\c6\\cmerge\
232	.bss	459360	2	0	3	1	c:\c6\\cmerge\
234	FLAT	0	-1	0	3	0	c:\c6\\cmerge\
235	.file	246	-2	0	103	1	c:\c6\\cmerge\
237	.text	250096	1	0	3	1	c:\c6\\cmerge\
239	.data	533552	3	0	3	1	c:\c6\\cmerge\
241	.data	655392	4	0	3	1	c:\c6\\cmerge\
243	.bss	459536	2	0	3	1	c:\c6\\cmerge\
245	FLAT	0	-1	0	3	0	c:\c6\\cmerge\
246	.file	257	-2	0	103	1	c:\c6\\cmerge\
248	.text	251360	1	0	3	1	c:\c6\\cmerge\
250	.data	537104	3	0	3	1	c:\c6\\cmerge\
252	.data	655392	4	0	3	1	c:\c6\\cmerge\
254	.bss	459536	2	0	3	1	c:\c6\\cmerge\
256	FLAT	0	-1	0	3	0	c:\c6\\cmerge\
257	.file	268	-2	0	103	1	c:\c6\\cmerge\
259	.text	260304	1	0	3	1	c:\c6\\cmerge\
261	.data	537200	3	0	3	1	c:\c6\\cmerge\
263	.data	655392	4	0	3	1	c:\c6\\cmerge\
265	.bss	459536	2	0	3	1	c:\c6\\cmerge\
267	FLAT	0	-1	0	3	0	c:\c6\\cmerge\
268	.file	279	-2	0	103	1	c:\c6\\cmerge\
270	.text	266688	1	0	3	1	c:\c6\\cmerge\
272	.data	537504	3	0	3	1	c:\c6\\cmerge\
274	.data	655392	4	0	3	1	c:\c6\\cmerge\
276	.bss	459552	2	0	3	1	c:\c6\\cmerge\
278	FLAT	0	-1	0	3	0	c:\c6\\cmerge\
279	.file	290	-2	0	103	1	c:\c6\\cmerge\
281	.text	269968	1	0	3	1	c:\c6\\cmerge\
283	.data	538224	3	0	3	1	c:\c6\\cmerge\
285	.data	655392	4	0	3	1	c:\c6\\cmerge\
287	.bss	459552	2	0	3	1	c:\c6\\cmerge\
289	FLAT	0	-1	0	3	0	c:\c6\\cmerge\
290	.file	301	-2	0	103	1	c:\c6\\cmerge\
292	.text	269968	1	0	3	1	c:\c6\\cmerge\
294	.data	547776	3	0	3	1	c:\c6\\cmerge\
296	.data	655392	4	0	3	1	c:\c6\\cmerge\
298	.bss	459552	2	0	3	1	c:\c6\\cmerge\
300	FLAT	0	-1	0	3	0	c:\c6\\cmerge\
301	.file	312	-2	0	103	1	c:\c6\\cmerge\
303	.text	277696	1	0	3	1	c:\c6\\cmerge\
305	.data	548624	3	0	3	1	c:\c6\\cmerge\
307	.data	655392	4	0	3	1	c:\c6\\cmerge\
309	.bss	460064	2	0	3	1	c:\c6\\cmerge\
311	FLAT	0	-1	0	3	0	c:\c6\\cmerge\
312	.file	323	-2	0	103	1	c:\c6\\cmerge\
314	.text	277696	1	0	3	1	c:\c6\\cmerge\
316	.data	548976	3	0	3	1	c:\c6\\cmerge\
318	.data	655392	4	0	3	1	c:\c6\\cmerge\
320	.bss	460064	2	0	3	1	c:\c6\\cmerge\
322	FLAT	0	-1	0	3	0	c:\c6\\cmerge\
323	.file	334	-2	0	103	1	c:\c6\\cmerge\
325	.text	279088	1	0	3	1	c:\c6\\cmerge\
327	.data	549360	3	0	3	1	c:\c6\\cmerge\
329	.data	655392	4	0	3	1	c:\c6\\cmerge\
331	.bss	460064	2	0	3	1	c:\c6\\cmerge\
333	FLAT	0	-1	0	3	0	c:\c6\\cmerge\
334	.file	345	-2	0	103	1	c:\c6\\cmerge\
336	.text	284144	1	0	3	1	c:\c6\\cmerge\
338	.data	549776	3	0	3	1	c:\c6\\cmerge\
340	.data	655392	4	0	3	1	c:\c6\\cmerge\
342	.bss	460064	2	0	3	1	c:\c6\\cmerge\
344	FLAT	0	-1	0	3	0	c:\c6\\cmerge\
345	.file	356	-2	0	103	1	c:\c6\\cmerge\
347	.text	284144	1	0	3	1	c:\c6\\cmerge\
349	.data	555088	3	0	3	1	c:\c6\\cmerge\
351	.data	655392	4	0	3	1	c:\c6\\cmerge\
353	.bss	460064	2	0	3	1	c:\c6\\cmerge\
355	FLAT	0	-1	0	3	0	c:\c6\\cmerge\
356	.file	367	-2	0	103	1	c:\c6\\cmerge\
358	.text	284368	1	0	3	1	c:\c6\\cmerge\
360	.data	556352	3	0	3	1	c:\c6\\cmerge\
362	.data	655392	4	0	3	1	c:\c6\\cmerge\
364	.bss	460080	2	0	3	1	c:\c6\\cmerge\
366	FLAT	0	-1	0	3	0	c:\c6\\cmerge\
367	.file	378	-2	0	103	1	c:\c6\\cmerge\
369	.text	285104	1	0	3	1	c:\c6\\cmerge\
371	.data	556592	3	0	3	1	c:\c6\\cmerge\
373	.data	655392	4	0	3	1	c:\c6\\cmerge\
375	.bss	460080	2	0	3	1	c:\c6\\cmerge\
377	FLAT	0	-1	0	3	0	c:\c6\\cmerge\
378	.file	389	-2	0	103	1	codegen.c
380	.text	287072	1	0	3	1	codegen.c
382	.data	556880	3	0	3	1	codegen.c
384	.data	655392	4	0	3	1	codegen.c
386	.bss	460080	2	0	3	1	codegen.c
388	FLAT	0	-1	0	3	0	codegen.c
389	.file	400	-2	0	103	1	c:\c6\\cmerge\
391	.text	302560	1	0	3	1	c:\c6\\cmerge\
393	.data	562000	3	0	3	1	c:\c6\\cmerge\
395	.data	655392	4	0	3	1	c:\c6\\cmerge\
397	.bss	460096	2	0	3	1	c:\c6\\cmerge\
399	FLAT	0	-1	0	3	0	c:\c6\\cmerge\
400	.file	411	-2	0	103	1	c:\c6\\cmerge\
402	.text	302560	1	0	3	1	c:\c6\\cmerge\
404	.data	563072	3	0	3	1	c:\c6\\cmerge\
406	.data	655392	4	0	3	1	c:\c6\\cmerge\
408	.bss	460096	2	0	3	1	c:\c6\\cmerge\
410	FLAT	0	-1	0	3	0	c:\c6\\cmerge\
411	.file	422	-2	0	103	1	c:\c6\\cmerge\
413	.text	303792	1	0	3	1	c:\c6\\cmerge\
415	.data	563104	3	0	3	1	c:\c6\\cmerge\
417	.data	655392	4	0	3	1	c:\c6\\cmerge\
419	.bss	460096	2	0	3	1	c:\c6\\cmerge\
421	FLAT	0	-1	0	3	0	c:\c6\\cmerge\
422	.file	433	-2	0	103	1	c:\c6\\cmerge\
424	.text	303792	1	0	3	1	c:\c6\\cmerge\
426	.data	563456	3	0	3	1	c:\c6\\cmerge\
428	.data	655392	4	0	3	1	c:\c6\\cmerge\
430	.bss	460096	2	0	3	1	c:\c6\\cmerge\
432	FLAT	0	-1	0	3	0	c:\c6\\cmerge\
433	.file	444	-2	0	103	1	c:\c6\\cmerge\
435	.text	309280	1	0	3	1	c:\c6\\cmerge\
437	.data	563664	3	0	3	1	c:\c6\\cmerge\
439	.data	655392	4	0	3	1	c:\c6\\cmerge\
441	.bss	460112	2	0	3	1	c:\c6\\cmerge\
443	FLAT	0	-1	0	3	0	c:\c6\\cmerge\
444	.file	455	-2	0	103	1	c:\c6\\cmerge\
446	.text	312624	1	0	3	1	c:\c6\\cmerge\
448	.data	564016	3	0	3	1	c:\c6\\cmerge\
450	.data	655392	4	0	3	1	c:\c6\\cmerge\
452	.bss	460128	2	0	3	1	c:\c6\\cmerge\
454	FLAT	0	-1	0	3	0	c:\c6\\cmerge\
455	.file	466	-2	0	103	1	c:\c6\\cmerge\
457	.text	313680	1	0	3	1	c:\c6\\cmerge\
459	.data	564096	3	0	3	1	c:\c6\\cmerge\
461	.data	655392	4	0	3	1	c:\c6\\cmerge\
463	.bss	460128	2	0	3	1	c:\c6\\cmerge\
465	FLAT	0	-1	0	3	0	c:\c6\\cmerge\
466	.file	477	-2	0	103	1	intab.c
468	.text	314576	1	0	3	1	intab.c
470	.data	564128	3	0	3	1	intab.c
472	.data	655392	4	0	3	1	intab.c
474	.bss	460128	2	0	3	1	intab.c
476	FLAT	0	-1	0	3	0	intab.c
477	.file	485	-2	0	103	1	i386\chkstk.asm
479	.text	314576	1	0	3	1	i386\chkstk.asm
481	.data	579168	3	0	3	1	i386\chkstk.asm
483	DGROUP	579168	3	0	3	0	i386\chkstk.asm
484	FLAT	0	-1	0	3	0	i386\chkstk.asm
485	.file	499	-2	0	103	2	D:\nt\private\crt32st\lowio\close.c
488	.text	314624	1	0	3	1	D:\nt\private\crt32st\lowio\close.c
490	.data	579168	3	0	3	1	D:\nt\private\crt32st\lowio\close.c
492	.data	655392	4	0	3	1	D:\nt\private\crt32st\lowio\close.c
494	.bss	460128	2	0	3	1	D:\nt\private\crt32st\lowio\close.c
496	FLAT	0	-1	0	3	0	D:\nt\private\crt32st\lowio\close.c
497	.idata$6	721068	5	0	3	0	D:\nt\private\crt32st\lowio\close.c
498	.idata$6	721082	5	0	3	0	D:\nt\private\crt32st\lowio\close.c
499	.file	512	-2	0	103	3	D:\nt\private\fp32st\tran\i386\ieee87.c
503	.text	314764	1	0	3	1	D:\nt\private\fp32st\tran\i386\ieee87.c
505	.data	579168	3	0	3	1	D:\nt\private\fp32st\tran\i386\ieee87.c
507	.data	655392	4	0	3	1	D:\nt\private\fp32st\tran\i386\ieee87.c
509	.bss	460128	2	0	3	1	D:\nt\private\fp32st\tran\i386\ieee87.c
511	FLAT	0	-1	0	3	0	D:\nt\private\fp32st\tran\i386\ieee87.c
512	.file	524	-2	0	103	2	D:\nt\private\crt32st\misc\ctype.c
515	.text	314860	1	0	3	1	D:\nt\private\crt32st\misc\ctype.c
517	.data	579168	3	0	3	1	D:\nt\private\crt32st\misc\ctype.c
519	.data	655392	4	0	3	1	D:\nt\private\crt32st\misc\ctype.c
521	.bss	460128	2	0	3	1	D:\nt\private\crt32st\misc\ctype.c
523	FLAT	0	-1	0	3	0	D:\nt\private\crt32st\misc\ctype.c
524	.file	542	-2	0	103	3	D:\nt\private\crt32st\startup\crt0dat.c
528	.text	314860	1	0	3	1	D:\nt\private\crt32st\startup\crt0dat.c
530	.data	579440	3	0	3	1	D:\nt\private\crt32st\startup\crt0dat.c
532	.data	655392	4	0	3	1	D:\nt\private\crt32st\startup\crt0dat.c
534	.bss	460128	2	0	3	1	D:\nt\private\crt32st\startup\crt0dat.c
536	FLAT	0	-1	0	3	0	D:\nt\private\crt32st\startup\crt0dat.c
537	_doinitterm	315264	1	0	3	0	D:\nt\private\crt32st\startup\crt0dat.c
538	doexit	315156	1	0	3	0	D:\nt\private\crt32st\startup\crt0dat.c
539	.idata$6	721098	5	0	3	0	D:\nt\private\crt32st\startup\crt0dat.c
540	.idata$6	721112	5	0	3	0	D:\nt\private\crt32st\startup\crt0dat.c
541	.idata$6	721126	5	0	3	0	D:\nt\private\crt32st\startup\crt0dat.c
542	.file	554	-2	0	103	2	D:\nt\private\crt32st\dos\dosmap.c
545	.text	315326	1	0	3	1	D:\nt\private\crt32st\dos\dosmap.c
547	.data	579888	3	0	3	1	D:\nt\private\crt32st\dos\dosmap.c
549	.data	655392	4	0	3	1	D:\nt\private\crt32st\dos\dosmap.c
551	.bss	460128	2	0	3	1	D:\nt\private\crt32st\dos\dosmap.c
553	FLAT	0	-1	0	3	0	D:\nt\private\crt32st\dos\dosmap.c
554	.file	568	-2	0	103	1	i386\crtexcpt.asm
556	.text	315454	1	0	3	1	i386\crtexcpt.asm
558	.data	579968	3	0	3	1	i386\crtexcpt.asm
560	.data	655392	4	0	3	1	i386\crtexcpt.asm
562	.bss	460128	2	0	3	1	i386\crtexcpt.asm
564	DGROUP	579968	3	0	3	0	i386\crtexcpt.asm
565	FLAT	0	-1	0	3	0	i386\crtexcpt.asm
566	.idata$6	721450	5	0	3	0	i386\crtexcpt.asm
567	.idata$6	721462	5	0	3	0	i386\crtexcpt.asm
568	.file	581	-2	0	103	3	D:\nt\private\crt32st\stdio\_filbuf.c
572	.text	315594	1	0	3	1	D:\nt\private\crt32st\stdio\_filbuf.c
574	.data	579968	3	0	3	1	D:\nt\private\crt32st\stdio\_filbuf.c
576	.data	655392	4	0	3	1	D:\nt\private\crt32st\stdio\_filbuf.c
578	.bss	460128	2	0	3	1	D:\nt\private\crt32st\stdio\_filbuf.c
580	FLAT	0	-1	0	3	0	D:\nt\private\crt32st\stdio\_filbuf.c
581	.file	594	-2	0	103	3	D:\nt\private\crt32st\stdio\_flsbuf.c
585	.text	315770	1	0	3	1	D:\nt\private\crt32st\stdio\_flsbuf.c
587	.data	579968	3	0	3	1	D:\nt\private\crt32st\stdio\_flsbuf.c
589	.data	655392	4	0	3	1	D:\nt\private\crt32st\stdio\_flsbuf.c
591	.bss	460128	2	0	3	1	D:\nt\private\crt32st\stdio\_flsbuf.c
593	FLAT	0	-1	0	3	0	D:\nt\private\crt32st\stdio\_flsbuf.c
594	.file	606	-2	0	103	2	D:\nt\private\fp32st\conv\fpinit.c
597	.text	316074	1	0	3	1	D:\nt\private\fp32st\conv\fpinit.c
599	.data	579968	3	0	3	1	D:\nt\private\fp32st\conv\fpinit.c
601	.data	655392	4	0	3	1	D:\nt\private\fp32st\conv\fpinit.c
603	.bss	460128	2	0	3	1	D:\nt\private\fp32st\conv\fpinit.c
605	FLAT	0	-1	0	3	0	D:\nt\private\fp32st\conv\fpinit.c
606	.file	621	-2	0	103	2	D:\nt\private\fp32st\conv\cvt.c
609	.text	316138	1	0	3	1	D:\nt\private\fp32st\conv\cvt.c
611	.data	580000	3	0	3	1	D:\nt\private\fp32st\conv\cvt.c
613	.data	655392	4	0	3	1	D:\nt\private\fp32st\conv\cvt.c
615	.bss	460128	2	0	3	1	D:\nt\private\fp32st\conv\cvt.c
617	FLAT	0	-1	0	3	0	D:\nt\private\fp32st\conv\cvt.c
618	_cftoe_g	316814	1	0	3	0	D:\nt\private\fp32st\conv\cvt.c
619	_cftof_g	317154	1	0	3	0	D:\nt\private\fp32st\conv\cvt.c
620	_shift	317462	1	0	3	0	D:\nt\private\fp32st\conv\cvt.c
621	.file	634	-2	0	103	3	D:\nt\private\fp32st\conv\i386\atold.c
625	.text	317514	1	0	3	1	D:\nt\private\fp32st\conv\i386\atold.c
627	.data	580016	3	0	3	1	D:\nt\private\fp32st\conv\i386\atold.c
629	.data	655408	4	0	3	1	D:\nt\private\fp32st\conv\i386\atold.c
631	.bss	460144	2	0	3	1	D:\nt\private\fp32st\conv\i386\atold.c
633	FLAT	0	-1	0	3	0	D:\nt\private\fp32st\conv\i386\atold.c
634	.file	646	-2	0	103	2	D:\nt\private\fp32st\conv\strgtold.c
637	.text	317562	1	0	3	1	D:\nt\private\fp32st\conv\strgtold.c
639	.data	580016	3	0	3	1	D:\nt\private\fp32st\conv\strgtold.c
641	.data	655408	4	0	3	1	D:\nt\private\fp32st\conv\strgtold.c
643	.bss	460144	2	0	3	1	D:\nt\private\fp32st\conv\strgtold.c
645	FLAT	0	-1	0	3	0	D:\nt\private\fp32st\conv\strgtold.c
646	.file	658	-2	0	103	2	D:\nt\private\fp32st\conv\mantold.c
649	.text	319034	1	0	3	1	D:\nt\private\fp32st\conv\mantold.c
651	.data	580016	3	0	3	1	D:\nt\private\fp32st\conv\mantold.c
653	.data	655408	4	0	3	1	D:\nt\private\fp32st\conv\mantold.c
655	.bss	460176	2	0	3	1	D:\nt\private\fp32st\conv\mantold.c
657	FLAT	0	-1	0	3	0	D:\nt\private\fp32st\conv\mantold.c
658	.file	670	-2	0	103	2	D:\nt\private\fp32st\conv\tenpow.c
661	.text	319674	1	0	3	1	D:\nt\private\fp32st\conv\tenpow.c
663	.data	580016	3	0	3	1	D:\nt\private\fp32st\conv\tenpow.c
665	.data	655408	4	0	3	1	D:\nt\private\fp32st\conv\tenpow.c
667	.bss	460176	2	0	3	1	D:\nt\private\fp32st\conv\tenpow.c
669	FLAT	0	-1	0	3	0	D:\nt\private\fp32st\conv\tenpow.c
670	.file	683	-2	0	103	3	D:\nt\private\crt32st\misc\cmiscdat.c
674	.text	320426	1	0	3	1	D:\nt\private\crt32st\misc\cmiscdat.c
676	.data	580016	3	0	3	1	D:\nt\private\crt32st\misc\cmiscdat.c
678	.data	655408	4	0	3	1	D:\nt\private\crt32st\misc\cmiscdat.c
680	.bss	460176	2	0	3	1	D:\nt\private\crt32st\misc\cmiscdat.c
682	FLAT	0	-1	0	3	0	D:\nt\private\crt32st\misc\cmiscdat.c
683	.file	695	-2	0	103	2	D:\nt\private\fp32st\conv\cfout.c
686	.text	320426	1	0	3	1	D:\nt\private\fp32st\conv\cfout.c
688	.data	580048	3	0	3	1	D:\nt\private\fp32st\conv\cfout.c
690	.data	655408	4	0	3	1	D:\nt\private\fp32st\conv\cfout.c
692	.bss	460176	2	0	3	1	D:\nt\private\fp32st\conv\cfout.c
694	FLAT	0	-1	0	3	0	D:\nt\private\fp32st\conv\cfout.c
695	.file	707	-2	0	103	2	D:\nt\private\fp32st\conv\x10fout.c
698	.text	320538	1	0	3	1	D:\nt\private\fp32st\conv\x10fout.c
700	.data	580048	3	0	3	1	D:\nt\private\fp32st\conv\x10fout.c
702	.data	655408	4	0	3	1	D:\nt\private\fp32st\conv\x10fout.c
704	.bss	460224	2	0	3	1	D:\nt\private\fp32st\conv\x10fout.c
706	FLAT	0	-1	0	3	0	D:\nt\private\fp32st\conv\x10fout.c
707	.file	719	-2	0	103	2	D:\nt\private\fp32st\conv\ldtod.c
710	.text	321482	1	0	3	1	D:\nt\private\fp32st\conv\ldtod.c
712	.data	580080	3	0	3	1	D:\nt\private\fp32st\conv\ldtod.c
714	.data	655408	4	0	3	1	D:\nt\private\fp32st\conv\ldtod.c
716	.bss	460224	2	0	3	1	D:\nt\private\fp32st\conv\ldtod.c
718	FLAT	0	-1	0	3	0	D:\nt\private\fp32st\conv\ldtod.c
719	.file	732	-2	0	103	3	D:\nt\private\crt32st\convert\_fptostr.c
723	.text	322106	1	0	3	1	D:\nt\private\crt32st\convert\_fptostr.c
725	.data	580080	3	0	3	1	D:\nt\private\crt32st\convert\_fptostr.c
727	.data	655408	4	0	3	1	D:\nt\private\crt32st\convert\_fptostr.c
729	.bss	460224	2	0	3	1	D:\nt\private\crt32st\convert\_fptostr.c
731	FLAT	0	-1	0	3	0	D:\nt\private\crt32st\convert\_fptostr.c
732	.file	745	-2	0	103	3	D:\nt\private\crt32st\startup\crt0fp.c
736	.text	322250	1	0	3	1	D:\nt\private\crt32st\startup\crt0fp.c
738	.data	580080	3	0	3	1	D:\nt\private\crt32st\startup\crt0fp.c
740	.data	655408	4	0	3	1	D:\nt\private\crt32st\startup\crt0fp.c
742	.bss	460224	2	0	3	1	D:\nt\private\crt32st\startup\crt0fp.c
744	FLAT	0	-1	0	3	0	D:\nt\private\crt32st\startup\crt0fp.c
745	.file	763	-2	0	103	2	D:\nt\private\crt32st\startup\crt0.c
748	.text	322266	1	0	3	1	D:\nt\private\crt32st\startup\crt0.c
750	.data	580080	3	0	3	1	D:\nt\private\crt32st\startup\crt0.c
752	.data	655408	4	0	3	1	D:\nt\private\crt32st\startup\crt0.c
754	.bss	460224	2	0	3	1	D:\nt\private\crt32st\startup\crt0.c
756	FLAT	0	-1	0	3	0	D:\nt\private\crt32st\startup\crt0.c
757	inherit	322558	1	0	3	0	D:\nt\private\crt32st\startup\crt0.c
758	.idata$6	721142	5	0	3	0	D:\nt\private\crt32st\startup\crt0.c
759	.idata$6	721160	5	0	3	0	D:\nt\private\crt32st\startup\crt0.c
760	.idata$6	721184	5	0	3	0	D:\nt\private\crt32st\startup\crt0.c
761	.idata$6	721202	5	0	3	0	D:\nt\private\crt32st\startup\crt0.c
762	.idata$6	721216	5	0	3	0	D:\nt\private\crt32st\startup\crt0.c
763	.file	777	-2	0	103	3	D:\nt\private\crt32st\startup\crt0msg.c
767	.text	322728	1	0	3	1	D:\nt\private\crt32st\startup\crt0msg.c
769	.data	580096	3	0	3	1	D:\nt\private\crt32st\startup\crt0msg.c
771	.data	655408	4	0	3	1	D:\nt\private\crt32st\startup\crt0msg.c
773	.bss	460224	2	0	3	1	D:\nt\private\crt32st\startup\crt0msg.c
775	FLAT	0	-1	0	3	0	D:\nt\private\crt32st\startup\crt0msg.c
776	.idata$6	721244	5	0	3	0	D:\nt\private\crt32st\startup\crt0msg.c
777	.file	791	-2	0	103	3	D:\nt\private\crt32st\lowio\osfinfo.c
781	.text	322894	1	0	3	1	D:\nt\private\crt32st\lowio\osfinfo.c
783	.data	580816	3	0	3	1	D:\nt\private\crt32st\lowio\osfinfo.c
785	.data	655408	4	0	3	1	D:\nt\private\crt32st\lowio\osfinfo.c
787	.bss	460224	2	0	3	1	D:\nt\private\crt32st\lowio\osfinfo.c
789	FLAT	0	-1	0	3	0	D:\nt\private\crt32st\lowio\osfinfo.c
790	.idata$6	721256	5	0	3	0	D:\nt\private\crt32st\lowio\osfinfo.c
791	.file	804	-2	0	103	3	D:\nt\private\crt32st\stdio\_getbuf.c
795	.text	323444	1	0	3	1	D:\nt\private\crt32st\stdio\_getbuf.c
797	.data	580816	3	0	3	1	D:\nt\private\crt32st\stdio\_getbuf.c
799	.data	655408	4	0	3	1	D:\nt\private\crt32st\stdio\_getbuf.c
801	.bss	460224	2	0	3	1	D:\nt\private\crt32st\stdio\_getbuf.c
803	FLAT	0	-1	0	3	0	D:\nt\private\crt32st\stdio\_getbuf.c
804	.file	817	-2	0	103	2	D:\nt\private\crt32st\stdio\fflush.c
807	.text	323524	1	0	3	1	D:\nt\private\crt32st\stdio\fflush.c
809	.data	580816	3	0	3	1	D:\nt\private\crt32st\stdio\fflush.c
811	.data	655408	4	0	3	1	D:\nt\private\crt32st\stdio\fflush.c
813	.bss	460224	2	0	3	1	D:\nt\private\crt32st\stdio\fflush.c
815	FLAT	0	-1	0	3	0	D:\nt\private\crt32st\stdio\fflush.c
816	flsall	323728	1	0	3	0	D:\nt\private\crt32st\stdio\fflush.c
817	.file	830	-2	0	103	2	D:\nt\private\crt32st\lowio\commit.c
820	.text	323876	1	0	3	1	D:\nt\private\crt32st\lowio\commit.c
822	.data	580832	3	0	3	1	D:\nt\private\crt32st\lowio\commit.c
824	.data	655408	4	0	3	1	D:\nt\private\crt32st\lowio\commit.c
826	.bss	460224	2	0	3	1	D:\nt\private\crt32st\lowio\commit.c
828	FLAT	0	-1	0	3	0	D:\nt\private\crt32st\lowio\commit.c
829	.idata$6	721272	5	0	3	0	D:\nt\private\crt32st\lowio\commit.c
830	.file	843	-2	0	103	3	D:\nt\private\crt32st\stdio\closeall.c
834	.text	323994	1	0	3	1	D:\nt\private\crt32st\stdio\closeall.c
836	.data	580832	3	0	3	1	D:\nt\private\crt32st\stdio\closeall.c
838	.data	655408	4	0	3	1	D:\nt\private\crt32st\stdio\closeall.c
840	.bss	460224	2	0	3	1	D:\nt\private\crt32st\stdio\closeall.c
842	FLAT	0	-1	0	3	0	D:\nt\private\crt32st\stdio\closeall.c
843	.file	857	-2	0	103	3	D:\nt\private\crt32st\heap\heapinit.c
847	.text	324042	1	0	3	1	D:\nt\private\crt32st\heap\heapinit.c
849	.data	580832	3	0	3	1	D:\nt\private\crt32st\heap\heapinit.c
851	.data	655408	4	0	3	1	D:\nt\private\crt32st\heap\heapinit.c
853	.bss	460224	2	0	3	1	D:\nt\private\crt32st\heap\heapinit.c
855	FLAT	0	-1	0	3	0	D:\nt\private\crt32st\heap\heapinit.c
856	.idata$6	721292	5	0	3	0	D:\nt\private\crt32st\heap\heapinit.c
857	.file	869	-2	0	103	2	D:\nt\private\crt32st\heap\hpabort.c
860	.text	324144	1	0	3	1	D:\nt\private\crt32st\heap\hpabort.c
862	.data	580864	3	0	3	1	D:\nt\private\crt32st\heap\hpabort.c
864	.data	655408	4	0	3	1	D:\nt\private\crt32st\heap\hpabort.c
866	.bss	460224	2	0	3	1	D:\nt\private\crt32st\heap\hpabort.c
868	FLAT	0	-1	0	3	0	D:\nt\private\crt32st\heap\hpabort.c
869	.file	881	-2	0	103	2	D:\nt\private\crt32st\stdio\_file.c
872	.text	324160	1	0	3	1	D:\nt\private\crt32st\stdio\_file.c
874	.data	580864	3	0	3	1	D:\nt\private\crt32st\stdio\_file.c
876	.data	655408	4	0	3	1	D:\nt\private\crt32st\stdio\_file.c
878	.bss	460224	2	0	3	1	D:\nt\private\crt32st\stdio\_file.c
880	FLAT	0	-1	0	3	0	D:\nt\private\crt32st\stdio\_file.c
881	.file	893	-2	0	103	2	D:\nt\private\crt32st\lowio\isatty.c
884	.text	324160	1	0	3	1	D:\nt\private\crt32st\lowio\isatty.c
886	.data	581520	3	0	3	1	D:\nt\private\crt32st\lowio\isatty.c
888	.data	655408	4	0	3	1	D:\nt\private\crt32st\lowio\isatty.c
890	.bss	460224	2	0	3	1	D:\nt\private\crt32st\lowio\isatty.c
892	FLAT	0	-1	0	3	0	D:\nt\private\crt32st\lowio\isatty.c
893	.file	906	-2	0	103	2	D:\nt\private\crt32st\lowio\lseek.c
896	.text	324208	1	0	3	1	D:\nt\private\crt32st\lowio\lseek.c
898	.data	581520	3	0	3	1	D:\nt\private\crt32st\lowio\lseek.c
900	.data	655408	4	0	3	1	D:\nt\private\crt32st\lowio\lseek.c
902	.bss	460224	2	0	3	1	D:\nt\private\crt32st\lowio\lseek.c
904	FLAT	0	-1	0	3	0	D:\nt\private\crt32st\lowio\lseek.c
905	.idata$6	721308	5	0	3	0	D:\nt\private\crt32st\lowio\lseek.c
906	.file	918	-2	0	103	2	D:\nt\private\fp32st\conv\constpow.c
909	.text	324342	1	0	3	1	D:\nt\private\fp32st\conv\constpow.c
911	.data	581520	3	0	3	1	D:\nt\private\fp32st\conv\constpow.c
913	.data	655408	4	0	3	1	D:\nt\private\fp32st\conv\constpow.c
915	.bss	460224	2	0	3	1	D:\nt\private\fp32st\conv\constpow.c
917	FLAT	0	-1	0	3	0	D:\nt\private\fp32st\conv\constpow.c
918	.file	931	-2	0	103	2	D:\nt\private\crt32st\lowio\read.c
921	.text	324342	1	0	3	1	D:\nt\private\crt32st\lowio\read.c
923	.data	582224	3	0	3	1	D:\nt\private\crt32st\lowio\read.c
925	.data	655408	4	0	3	1	D:\nt\private\crt32st\lowio\read.c
927	.bss	460224	2	0	3	1	D:\nt\private\crt32st\lowio\read.c
929	FLAT	0	-1	0	3	0	D:\nt\private\crt32st\lowio\read.c
930	.idata$6	721326	5	0	3	0	D:\nt\private\crt32st\lowio\read.c
931	.file	946	-2	0	103	3	D:\nt\private\crt32st\startup\stdargv.c
935	.text	324924	1	0	3	1	D:\nt\private\crt32st\startup\stdargv.c
937	.data	582224	3	0	3	1	D:\nt\private\crt32st\startup\stdargv.c
939	.data	655408	4	0	3	1	D:\nt\private\crt32st\startup\stdargv.c
941	.bss	460224	2	0	3	1	D:\nt\private\crt32st\startup\stdargv.c
943	FLAT	0	-1	0	3	0	D:\nt\private\crt32st\startup\stdargv.c
944	parse_cmdline	325088	1	0	3	0	D:\nt\private\crt32st\startup\stdargv.c
945	.idata$6	721338	5	0	3	0	D:\nt\private\crt32st\startup\stdargv.c
946	.file	959	-2	0	103	3	D:\nt\private\crt32st\startup\stdenvp.c
950	.text	325474	1	0	3	1	D:\nt\private\crt32st\startup\stdenvp.c
952	.data	582224	3	0	3	1	D:\nt\private\crt32st\startup\stdenvp.c
954	.data	655408	4	0	3	1	D:\nt\private\crt32st\startup\stdenvp.c
956	.bss	460496	2	0	3	1	D:\nt\private\crt32st\startup\stdenvp.c
958	FLAT	0	-1	0	3	0	D:\nt\private\crt32st\startup\stdenvp.c
959	.file	972	-2	0	103	3	D:\nt\private\crt32st\string\strdup.c
963	.text	325746	1	0	3	1	D:\nt\private\crt32st\string\strdup.c
965	.data	582224	3	0	3	1	D:\nt\private\crt32st\string\strdup.c
967	.data	655408	4	0	3	1	D:\nt\private\crt32st\string\strdup.c
969	.bss	460496	2	0	3	1	D:\nt\private\crt32st\string\strdup.c
971	FLAT	0	-1	0	3	0	D:\nt\private\crt32st\string\strdup.c
972	.file	985	-2	0	103	3	D:\nt\private\crt32st\string\strupr.c
976	.text	325842	1	0	3	1	D:\nt\private\crt32st\string\strupr.c
978	.data	582224	3	0	3	1	D:\nt\private\crt32st\string\strupr.c
980	.data	655408	4	0	3	1	D:\nt\private\crt32st\string\strupr.c
982	.bss	460496	2	0	3	1	D:\nt\private\crt32st\string\strupr.c
984	FLAT	0	-1	0	3	0	D:\nt\private\crt32st\string\strupr.c
985	.file	997	-2	0	103	2	D:\nt\private\crt32st\lowio\write.c
988	.text	325890	1	0	3	1	D:\nt\private\crt32st\lowio\write.c
990	.data	582224	3	0	3	1	D:\nt\private\crt32st\lowio\write.c
992	.data	655408	4	0	3	1	D:\nt\private\crt32st\lowio\write.c
994	.bss	460496	2	0	3	1	D:\nt\private\crt32st\lowio\write.c
996	FLAT	0	-1	0	3	0	D:\nt\private\crt32st\lowio\write.c
997	.file	1009	-2	0	103	2	D:\nt\private\crt32st\convert\atof.c
1000	.text	326402	1	0	3	1	D:\nt\private\crt32st\convert\atof.c
1002	.data	582224	3	0	3	1	D:\nt\private\crt32st\convert\atof.c
1004	.data	655408	4	0	3	1	D:\nt\private\crt32st\convert\atof.c
1006	.bss	460496	2	0	3	1	D:\nt\private\crt32st\convert\atof.c
1008	FLAT	0	-1	0	3	0	D:\nt\private\crt32st\convert\atof.c
1009	.file	1021	-2	0	103	2	D:\nt\private\fp32st\conv\cfin.c
1012	.text	326482	1	0	3	1	D:\nt\private\fp32st\conv\cfin.c
1014	.data	582224	3	0	3	1	D:\nt\private\fp32st\conv\cfin.c
1016	.data	655408	4	0	3	1	D:\nt\private\fp32st\conv\cfin.c
1018	.bss	460496	2	0	3	1	D:\nt\private\fp32st\conv\cfin.c
1020	FLAT	0	-1	0	3	0	D:\nt\private\fp32st\conv\cfin.c
1021	.file	1033	-2	0	103	2	D:\nt\private\crt32st\convert\atox.c
1024	.text	326690	1	0	3	1	D:\nt\private\crt32st\convert\atox.c
1026	.data	582240	3	0	3	1	D:\nt\private\crt32st\convert\atox.c
1028	.data	655440	4	0	3	1	D:\nt\private\crt32st\convert\atox.c
1030	.bss	460528	2	0	3	1	D:\nt\private\crt32st\convert\atox.c
1032	FLAT	0	-1	0	3	0	D:\nt\private\crt32st\convert\atox.c
1033	.file	1044	-2	0	103	1	c:\c6\\cmerge\
1035	.text	326834	1	0	3	1	c:\c6\\cmerge\
1037	.data	582240	3	0	3	1	c:\c6\\cmerge\
1039	.data	655440	4	0	3	1	c:\c6\\cmerge\
1041	.bss	460528	2	0	3	1	c:\c6\\cmerge\
1043	FLAT	0	-1	0	3	0	c:\c6\\cmerge\
1044	.file	1055	-2	0	103	1	c:\c6\\cmerge\
1046	.text	326930	1	0	3	1	c:\c6\\cmerge\
1048	.data	584000	3	0	3	1	c:\c6\\cmerge\
1050	.data	655440	4	0	3	1	c:\c6\\cmerge\
1052	.bss	460528	2	0	3	1	c:\c6\\cmerge\
1054	FLAT	0	-1	0	3	0	c:\c6\\cmerge\
1055	.file	1066	-2	0	103	1	c:\c6\\cmerge\
1057	.text	349330	1	0	3	1	c:\c6\\cmerge\
1059	.data	584480	3	0	3	1	c:\c6\\cmerge\
1061	.data	655440	4	0	3	1	c:\c6\\cmerge\
1063	.bss	460528	2	0	3	1	c:\c6\\cmerge\
1065	FLAT	0	-1	0	3	0	c:\c6\\cmerge\
1066	.file	1077	-2	0	103	1	c:\c6\\cmerge\
1068	.text	349682	1	0	3	1	c:\c6\\cmerge\
1070	.data	584576	3	0	3	1	c:\c6\\cmerge\
1072	.data	655440	4	0	3	1	c:\c6\\cmerge\
1074	.bss	460528	2	0	3	1	c:\c6\\cmerge\
1076	FLAT	0	-1	0	3	0	c:\c6\\cmerge\
1077	.file	1088	-2	0	103	1	c:\c6\\cmerge\
1079	.text	358834	1	0	3	1	c:\c6\\cmerge\
1081	.data	585232	3	0	3	1	c:\c6\\cmerge\
1083	.data	655440	4	0	3	1	c:\c6\\cmerge\
1085	.bss	460640	2	0	3	1	c:\c6\\cmerge\
1087	FLAT	0	-1	0	3	0	c:\c6\\cmerge\
1088	.file	1099	-2	0	103	1	c:\c6\\cmerge\
1090	.text	360674	1	0	3	1	c:\c6\\cmerge\
1092	.data	585824	3	0	3	1	c:\c6\\cmerge\
1094	.data	655440	4	0	3	1	c:\c6\\cmerge\
1096	.bss	460656	2	0	3	1	c:\c6\\cmerge\
1098	FLAT	0	-1	0	3	0	c:\c6\\cmerge\
1099	.file	1110	-2	0	103	1	c:\c6\\cmerge\
1101	.text	365394	1	0	3	1	c:\c6\\cmerge\
1103	.data	585856	3	0	3	1	c:\c6\\cmerge\
1105	.data	655440	4	0	3	1	c:\c6\\cmerge\
1107	.bss	460784	2	0	3	1	c:\c6\\cmerge\
1109	FLAT	0	-1	0	3	0	c:\c6\\cmerge\
1110	.file	1121	-2	0	103	1	c:\c6\\cmerge\
1112	.text	367154	1	0	3	1	c:\c6\\cmerge\
1114	.data	586784	3	0	3	1	c:\c6\\cmerge\
1116	.data	655440	4	0	3	1	c:\c6\\cmerge\
1118	.bss	460784	2	0	3	1	c:\c6\\cmerge\
1120	FLAT	0	-1	0	3	0	c:\c6\\cmerge\
1121	.file	1132	-2	0	103	1	c:\c6\\cmerge\
1123	.text	369666	1	0	3	1	c:\c6\\cmerge\
1125	.data	586816	3	0	3	1	c:\c6\\cmerge\
1127	.data	655440	4	0	3	1	c:\c6\\cmerge\
1129	.bss	460784	2	0	3	1	c:\c6\\cmerge\
1131	FLAT	0	-1	0	3	0	c:\c6\\cmerge\
1132	.file	1143	-2	0	103	1	c:\c6\\cmerge\
1134	.text	374786	1	0	3	1	c:\c6\\cmerge\
1136	.data	587024	3	0	3	1	c:\c6\\cmerge\
1138	.data	655440	4	0	3	1	c:\c6\\cmerge\
1140	.bss	460784	2	0	3	1	c:\c6\\cmerge\
1142	FLAT	0	-1	0	3	0	c:\c6\\cmerge\
1143	.file	1154	-2	0	103	1	c:\c6\\cmerge\
1145	.text	383810	1	0	3	1	c:\c6\\cmerge\
1147	.data	587792	3	0	3	1	c:\c6\\cmerge\
1149	.data	655440	4	0	3	1	c:\c6\\cmerge\
1151	.bss	460800	2	0	3	1	c:\c6\\cmerge\
1153	FLAT	0	-1	0	3	0	c:\c6\\cmerge\
1154	.file	1166	-2	0	103	2	D:\nt\private\crt32st\stdio\fclose.c
1157	.text	383810	1	0	3	1	D:\nt\private\crt32st\stdio\fclose.c
1159	.data	592240	3	0	3	1	D:\nt\private\crt32st\stdio\fclose.c
1161	.data	655440	4	0	3	1	D:\nt\private\crt32st\stdio\fclose.c
1163	.bss	460800	2	0	3	1	D:\nt\private\crt32st\stdio\fclose.c
1165	FLAT	0	-1	0	3	0	D:\nt\private\crt32st\stdio\fclose.c
1166	.file	1179	-2	0	103	3	D:\nt\private\crt32st\stdio\_freebuf.c
1170	.text	384034	1	0	3	1	D:\nt\private\crt32st\stdio\_freebuf.c
1172	.data	592256	3	0	3	1	D:\nt\private\crt32st\stdio\_freebuf.c
1174	.data	655440	4	0	3	1	D:\nt\private\crt32st\stdio\_freebuf.c
1176	.bss	460800	2	0	3	1	D:\nt\private\crt32st\stdio\_freebuf.c
1178	FLAT	0	-1	0	3	0	D:\nt\private\crt32st\stdio\_freebuf.c
1179	.file	1192	-2	0	103	2	D:\nt\private\crt32st\convert\xtoa.c
1182	.text	384082	1	0	3	1	D:\nt\private\crt32st\convert\xtoa.c
1184	.data	592256	3	0	3	1	D:\nt\private\crt32st\convert\xtoa.c
1186	.data	655440	4	0	3	1	D:\nt\private\crt32st\convert\xtoa.c
1188	.bss	460800	2	0	3	1	D:\nt\private\crt32st\convert\xtoa.c
1190	FLAT	0	-1	0	3	0	D:\nt\private\crt32st\convert\xtoa.c
1191	xtoa	384082	1	0	3	0	D:\nt\private\crt32st\convert\xtoa.c
1192	.file	1205	-2	0	103	2	D:\nt\private\crt32st\dos\unlink.c
1195	.text	384306	1	0	3	1	D:\nt\private\crt32st\dos\unlink.c
1197	.data	592256	3	0	3	1	D:\nt\private\crt32st\dos\unlink.c
1199	.data	655440	4	0	3	1	D:\nt\private\crt32st\dos\unlink.c
1201	.bss	460800	2	0	3	1	D:\nt\private\crt32st\dos\unlink.c
1203	FLAT	0	-1	0	3	0	D:\nt\private\crt32st\dos\unlink.c
1204	.idata$6	721360	5	0	3	0	D:\nt\private\crt32st\dos\unlink.c
1205	.file	1217	-2	0	103	2	D:\nt\private\crt32st\stdio\fopen.c
1208	.text	384392	1	0	3	1	D:\nt\private\crt32st\stdio\fopen.c
1210	.data	592256	3	0	3	1	D:\nt\private\crt32st\stdio\fopen.c
1212	.data	655440	4	0	3	1	D:\nt\private\crt32st\stdio\fopen.c
1214	.bss	460800	2	0	3	1	D:\nt\private\crt32st\stdio\fopen.c
1216	FLAT	0	-1	0	3	0	D:\nt\private\crt32st\stdio\fopen.c
1217	.file	1229	-2	0	103	2	D:\nt\private\crt32st\stdio\stream.c
1220	.text	384456	1	0	3	1	D:\nt\private\crt32st\stdio\stream.c
1222	.data	592256	3	0	3	1	D:\nt\private\crt32st\stdio\stream.c
1224	.data	655440	4	0	3	1	D:\nt\private\crt32st\stdio\stream.c
1226	.bss	460800	2	0	3	1	D:\nt\private\crt32st\stdio\stream.c
1228	FLAT	0	-1	0	3	0	D:\nt\private\crt32st\stdio\stream.c
1229	.file	1241	-2	0	103	2	D:\nt\private\crt32st\stdio\_open.c
1232	.text	384520	1	0	3	1	D:\nt\private\crt32st\stdio\_open.c
1234	.data	592256	3	0	3	1	D:\nt\private\crt32st\stdio\_open.c
1236	.data	655440	4	0	3	1	D:\nt\private\crt32st\stdio\_open.c
1238	.bss	460800	2	0	3	1	D:\nt\private\crt32st\stdio\_open.c
1240	FLAT	0	-1	0	3	0	D:\nt\private\crt32st\stdio\_open.c
1241	.file	1254	-2	0	103	3	D:\nt\private\crt32st\stdio\ncommode.c
1245	.text	384824	1	0	3	1	D:\nt\private\crt32st\stdio\ncommode.c
1247	.data	592256	3	0	3	1	D:\nt\private\crt32st\stdio\ncommode.c
1249	.data	655440	4	0	3	1	D:\nt\private\crt32st\stdio\ncommode.c
1251	.bss	460800	2	0	3	1	D:\nt\private\crt32st\stdio\ncommode.c
1253	FLAT	0	-1	0	3	0	D:\nt\private\crt32st\stdio\ncommode.c
1254	.file	1269	-2	0	103	2	D:\nt\private\crt32st\lowio\open.c
1257	.text	384824	1	0	3	1	D:\nt\private\crt32st\lowio\open.c
1259	.data	592272	3	0	3	1	D:\nt\private\crt32st\lowio\open.c
1261	.data	655440	4	0	3	1	D:\nt\private\crt32st\lowio\open.c
1263	.bss	460800	2	0	3	1	D:\nt\private\crt32st\lowio\open.c
1265	FLAT	0	-1	0	3	0	D:\nt\private\crt32st\lowio\open.c
1266	.idata$6	721374	5	0	3	0	D:\nt\private\crt32st\lowio\open.c
1267	.idata$6	721388	5	0	3	0	D:\nt\private\crt32st\lowio\open.c
1268	.idata$6	721410	5	0	3	0	D:\nt\private\crt32st\lowio\open.c
1269	.file	1281	-2	0	103	2	D:\nt\private\crt32st\dos\access.c
1272	.text	385626	1	0	3	1	D:\nt\private\crt32st\dos\access.c
1274	.data	592272	3	0	3	1	D:\nt\private\crt32st\dos\access.c
1276	.data	655440	4	0	3	1	D:\nt\private\crt32st\dos\access.c
1278	.bss	460800	2	0	3	1	D:\nt\private\crt32st\dos\access.c
1280	FLAT	0	-1	0	3	0	D:\nt\private\crt32st\dos\access.c
1281	.file	1293	-2	0	103	2	D:\nt\private\crt32st\lowio\chsize.c
1284	.text	385722	1	0	3	1	D:\nt\private\crt32st\lowio\chsize.c
1286	.data	592272	3	0	3	1	D:\nt\private\crt32st\lowio\chsize.c
1288	.data	655440	4	0	3	1	D:\nt\private\crt32st\lowio\chsize.c
1290	.bss	460800	2	0	3	1	D:\nt\private\crt32st\lowio\chsize.c
1292	FLAT	0	-1	0	3	0	D:\nt\private\crt32st\lowio\chsize.c
1293	.file	1306	-2	0	103	3	D:\nt\private\crt32st\lowio\setmode.c
1297	.text	386058	1	0	3	1	D:\nt\private\crt32st\lowio\setmode.c
1299	.data	592272	3	0	3	1	D:\nt\private\crt32st\lowio\setmode.c
1301	.data	655440	4	0	3	1	D:\nt\private\crt32st\lowio\setmode.c
1303	.bss	460800	2	0	3	1	D:\nt\private\crt32st\lowio\setmode.c
1305	FLAT	0	-1	0	3	0	D:\nt\private\crt32st\lowio\setmode.c
1306	.file	1319	-2	0	103	3	D:\nt\private\crt32st\stdio\fprintf.c
1310	.text	386202	1	0	3	1	D:\nt\private\crt32st\stdio\fprintf.c
1312	.data	592272	3	0	3	1	D:\nt\private\crt32st\stdio\fprintf.c
1314	.data	655440	4	0	3	1	D:\nt\private\crt32st\stdio\fprintf.c
1316	.bss	460800	2	0	3	1	D:\nt\private\crt32st\stdio\fprintf.c
1318	FLAT	0	-1	0	3	0	D:\nt\private\crt32st\stdio\fprintf.c
1319	.file	1332	-2	0	103	3	D:\nt\private\crt32st\stdio\_sftbuf.c
1323	.text	386266	1	0	3	1	D:\nt\private\crt32st\stdio\_sftbuf.c
1325	.data	592272	3	0	3	1	D:\nt\private\crt32st\stdio\_sftbuf.c
1327	.data	655440	4	0	3	1	D:\nt\private\crt32st\stdio\_sftbuf.c
1329	.bss	460800	2	0	3	1	D:\nt\private\crt32st\stdio\_sftbuf.c
1331	FLAT	0	-1	0	3	0	D:\nt\private\crt32st\stdio\_sftbuf.c
1332	.file	1350	-2	0	103	2	D:\nt\private\crt32st\stdio\output.c
1335	.text	386506	1	0	3	1	D:\nt\private\crt32st\stdio\output.c
1337	.data	592288	3	0	3	1	D:\nt\private\crt32st\stdio\output.c
1339	.data	655440	4	0	3	1	D:\nt\private\crt32st\stdio\output.c
1341	.bss	460800	2	0	3	1	D:\nt\private\crt32st\stdio\output.c
1343	FLAT	0	-1	0	3	0	D:\nt\private\crt32st\stdio\output.c
1344	write_multi_char	388438	1	0	3	0	D:\nt\private\crt32st\stdio\output.c
1345	get_long_arg	388598	1	0	3	0	D:\nt\private\crt32st\stdio\output.c
1346	write_wstring	388530	1	0	3	0	D:\nt\private\crt32st\stdio\output.c
1347	write_char	388362	1	0	3	0	D:\nt\private\crt32st\stdio\output.c
1348	get_int_arg	388582	1	0	3	0	D:\nt\private\crt32st\stdio\output.c
1349	write_string	388482	1	0	3	0	D:\nt\private\crt32st\stdio\output.c
1350	.file	1362	-2	0	103	2	D:\nt\private\crt32st\stdio\fread.c
1353	.text	388618	1	0	3	1	D:\nt\private\crt32st\stdio\fread.c
1355	.data	592400	3	0	3	1	D:\nt\private\crt32st\stdio\fread.c
1357	.data	655440	4	0	3	1	D:\nt\private\crt32st\stdio\fread.c
1359	.bss	460800	2	0	3	1	D:\nt\private\crt32st\stdio\fread.c
1361	FLAT	0	-1	0	3	0	D:\nt\private\crt32st\stdio\fread.c
1362	.file	1374	-2	0	103	2	D:\nt\private\crt32st\heap\free.c
1365	.text	388906	1	0	3	1	D:\nt\private\crt32st\heap\free.c
1367	.data	592400	3	0	3	1	D:\nt\private\crt32st\heap\free.c
1369	.data	655440	4	0	3	1	D:\nt\private\crt32st\heap\free.c
1371	.bss	460800	2	0	3	1	D:\nt\private\crt32st\heap\free.c
1373	FLAT	0	-1	0	3	0	D:\nt\private\crt32st\heap\free.c
1374	.file	1386	-2	0	103	2	D:\nt\private\crt32st\stdio\fseek.c
1377	.text	389018	1	0	3	1	D:\nt\private\crt32st\stdio\fseek.c
1379	.data	592400	3	0	3	1	D:\nt\private\crt32st\stdio\fseek.c
1381	.data	655440	4	0	3	1	D:\nt\private\crt32st\stdio\fseek.c
1383	.bss	460800	2	0	3	1	D:\nt\private\crt32st\stdio\fseek.c
1385	FLAT	0	-1	0	3	0	D:\nt\private\crt32st\stdio\fseek.c
1386	.file	1398	-2	0	103	2	D:\nt\private\crt32st\stdio\ftell.c
1389	.text	389162	1	0	3	1	D:\nt\private\crt32st\stdio\ftell.c
1391	.data	592400	3	0	3	1	D:\nt\private\crt32st\stdio\ftell.c
1393	.data	655440	4	0	3	1	D:\nt\private\crt32st\stdio\ftell.c
1395	.bss	460800	2	0	3	1	D:\nt\private\crt32st\stdio\ftell.c
1397	FLAT	0	-1	0	3	0	D:\nt\private\crt32st\stdio\ftell.c
1398	.file	1410	-2	0	103	2	D:\nt\private\crt32st\stdio\fwrite.c
1401	.text	389514	1	0	3	1	D:\nt\private\crt32st\stdio\fwrite.c
1403	.data	592400	3	0	3	1	D:\nt\private\crt32st\stdio\fwrite.c
1405	.data	655440	4	0	3	1	D:\nt\private\crt32st\stdio\fwrite.c
1407	.bss	460800	2	0	3	1	D:\nt\private\crt32st\stdio\fwrite.c
1409	FLAT	0	-1	0	3	0	D:\nt\private\crt32st\stdio\fwrite.c
1410	.file	1421	-2	0	103	1	c:\c6\\cmerge\
1412	.text	389850	1	0	3	1	c:\c6\\cmerge\
1414	.data	592400	3	0	3	1	c:\c6\\cmerge\
1416	.data	655440	4	0	3	1	c:\c6\\cmerge\
1418	.bss	460800	2	0	3	1	c:\c6\\cmerge\
1420	FLAT	0	-1	0	3	0	c:\c6\\cmerge\
1421	.file	1433	-2	0	103	2	D:\nt\private\crt32st\stdio\fgets.c
1424	.text	390506	1	0	3	1	D:\nt\private\crt32st\stdio\fgets.c
1426	.data	592720	3	0	3	1	D:\nt\private\crt32st\stdio\fgets.c
1428	.data	655440	4	0	3	1	D:\nt\private\crt32st\stdio\fgets.c
1430	.bss	460800	2	0	3	1	D:\nt\private\crt32st\stdio\fgets.c
1432	FLAT	0	-1	0	3	0	D:\nt\private\crt32st\stdio\fgets.c
1433	.file	1444	-2	0	103	1	c:\c6\\cmerge\
1435	.text	390650	1	0	3	1	c:\c6\\cmerge\
1437	.data	592720	3	0	3	1	c:\c6\\cmerge\
1439	.data	655440	4	0	3	1	c:\c6\\cmerge\
1441	.bss	460800	2	0	3	1	c:\c6\\cmerge\
1443	FLAT	0	-1	0	3	0	c:\c6\\cmerge\
1444	.file	1456	-2	0	103	2	D:\nt\private\crt32st\misc\getenv.c
1447	.text	392682	1	0	3	1	D:\nt\private\crt32st\misc\getenv.c
1449	.data	593056	3	0	3	1	D:\nt\private\crt32st\misc\getenv.c
1451	.data	655440	4	0	3	1	D:\nt\private\crt32st\misc\getenv.c
1453	.bss	460800	2	0	3	1	D:\nt\private\crt32st\misc\getenv.c
1455	FLAT	0	-1	0	3	0	D:\nt\private\crt32st\misc\getenv.c
1456	.file	1468	-2	0	103	1	c:\c6\\cmerge\
1458	.text	392810	1	0	3	1	c:\c6\\cmerge\
1460	.data	593056	3	0	3	1	c:\c6\\cmerge\
1462	.data	655440	4	0	3	1	c:\c6\\cmerge\
1464	.bss	460800	2	0	3	1	c:\c6\\cmerge\
1466	FLAT	0	-1	0	3	0	c:\c6\\cmerge\
1467	.idata$6	721474	5	0	3	0	c:\c6\\cmerge\
1468	.file	1480	-2	0	103	2	D:\nt\private\crt32st\heap\malloc.c
1471	.text	409696	1	0	3	1	D:\nt\private\crt32st\heap\malloc.c
1473	.data	593568	3	0	3	1	D:\nt\private\crt32st\heap\malloc.c
1475	.data	655440	4	0	3	1	D:\nt\private\crt32st\heap\malloc.c
1477	.bss	460800	2	0	3	1	D:\nt\private\crt32st\heap\malloc.c
1479	FLAT	0	-1	0	3	0	D:\nt\private\crt32st\heap\malloc.c
1480	.file	1495	-2	0	103	3	D:\nt\private\crt32st\heap\heapgrow.c
1484	.text	409952	1	0	3	1	D:\nt\private\crt32st\heap\heapgrow.c
1486	.data	593568	3	0	3	1	D:\nt\private\crt32st\heap\heapgrow.c
1488	.data	655440	4	0	3	1	D:\nt\private\crt32st\heap\heapgrow.c
1490	.bss	460800	2	0	3	1	D:\nt\private\crt32st\heap\heapgrow.c
1492	FLAT	0	-1	0	3	0	D:\nt\private\crt32st\heap\heapgrow.c
1493	_heap_new_region	410068	1	0	3	0	D:\nt\private\crt32st\heap\heapgrow.c
1494	.idata$6	721426	5	0	3	0	D:\nt\private\crt32st\heap\heapgrow.c
1495	.file	1508	-2	0	103	2	D:\nt\private\crt32st\heap\heapadd.c
1498	.text	410518	1	0	3	1	D:\nt\private\crt32st\heap\heapadd.c
1500	.data	593568	3	0	3	1	D:\nt\private\crt32st\heap\heapadd.c
1502	.data	655440	4	0	3	1	D:\nt\private\crt32st\heap\heapadd.c
1504	.bss	460800	2	0	3	1	D:\nt\private\crt32st\heap\heapadd.c
1506	FLAT	0	-1	0	3	0	D:\nt\private\crt32st\heap\heapadd.c
1507	_before	411030	1	0	3	0	D:\nt\private\crt32st\heap\heapadd.c
1508	.file	1521	-2	0	103	3	D:\nt\private\crt32st\heap\findaddr.c
1512	.text	411190	1	0	3	1	D:\nt\private\crt32st\heap\findaddr.c
1514	.data	593568	3	0	3	1	D:\nt\private\crt32st\heap\findaddr.c
1516	.data	655440	4	0	3	1	D:\nt\private\crt32st\heap\findaddr.c
1518	.bss	460800	2	0	3	1	D:\nt\private\crt32st\heap\findaddr.c
1520	FLAT	0	-1	0	3	0	D:\nt\private\crt32st\heap\findaddr.c
1521	.file	1534	-2	0	103	3	D:\nt\private\crt32st\heap\heapsrch.c
1525	.text	411318	1	0	3	1	D:\nt\private\crt32st\heap\heapsrch.c
1527	.data	593568	3	0	3	1	D:\nt\private\crt32st\heap\heapsrch.c
1529	.data	655440	4	0	3	1	D:\nt\private\crt32st\heap\heapsrch.c
1531	.bss	460800	2	0	3	1	D:\nt\private\crt32st\heap\heapsrch.c
1533	FLAT	0	-1	0	3	0	D:\nt\private\crt32st\heap\heapsrch.c
1534	.file	1545	-2	0	103	1	c:\c6\\cmerge\
1536	.text	411606	1	0	3	1	c:\c6\\cmerge\
1538	.data	593568	3	0	3	1	c:\c6\\cmerge\
1540	.data	655440	4	0	3	1	c:\c6\\cmerge\
1542	.bss	460800	2	0	3	1	c:\c6\\cmerge\
1544	FLAT	0	-1	0	3	0	c:\c6\\cmerge\
1545	.file	1558	-2	0	103	3	D:\nt\private\crt32st\string\memchr.c
1549	.text	411622	1	0	3	1	D:\nt\private\crt32st\string\memchr.c
1551	.data	593600	3	0	3	1	D:\nt\private\crt32st\string\memchr.c
1553	.data	655440	4	0	3	1	D:\nt\private\crt32st\string\memchr.c
1555	.bss	460800	2	0	3	1	D:\nt\private\crt32st\string\memchr.c
1557	FLAT	0	-1	0	3	0	D:\nt\private\crt32st\string\memchr.c
1558	.file	1571	-2	0	103	3	D:\nt\private\crt32st\string\memcpy.c
1562	.text	411686	1	0	3	1	D:\nt\private\crt32st\string\memcpy.c
1564	.data	593600	3	0	3	1	D:\nt\private\crt32st\string\memcpy.c
1566	.data	655440	4	0	3	1	D:\nt\private\crt32st\string\memcpy.c
1568	.bss	460800	2	0	3	1	D:\nt\private\crt32st\string\memcpy.c
1570	FLAT	0	-1	0	3	0	D:\nt\private\crt32st\string\memcpy.c
1571	.file	1584	-2	0	103	3	D:\nt\private\crt32st\string\memmove.c
1575	.text	411734	1	0	3	1	D:\nt\private\crt32st\string\memmove.c
1577	.data	593600	3	0	3	1	D:\nt\private\crt32st\string\memmove.c
1579	.data	655440	4	0	3	1	D:\nt\private\crt32st\string\memmove.c
1581	.bss	460800	2	0	3	1	D:\nt\private\crt32st\string\memmove.c
1583	FLAT	0	-1	0	3	0	D:\nt\private\crt32st\string\memmove.c
1584	.file	1597	-2	0	103	3	D:\nt\private\crt32st\string\memset.c
1588	.text	411830	1	0	3	1	D:\nt\private\crt32st\string\memset.c
1590	.data	593600	3	0	3	1	D:\nt\private\crt32st\string\memset.c
1592	.data	655440	4	0	3	1	D:\nt\private\crt32st\string\memset.c
1594	.bss	460800	2	0	3	1	D:\nt\private\crt32st\string\memset.c
1596	FLAT	0	-1	0	3	0	D:\nt\private\crt32st\string\memset.c
1597	.file	1608	-2	0	103	1	c:\c6\\cmerge\
1599	.text	411878	1	0	3	1	c:\c6\\cmerge\
1601	.data	593600	3	0	3	1	c:\c6\\cmerge\
1603	.data	655440	4	0	3	1	c:\c6\\cmerge\
1605	.bss	460800	2	0	3	1	c:\c6\\cmerge\
1607	FLAT	0	-1	0	3	0	c:\c6\\cmerge\
1608	.file	1619	-2	0	103	1	c:\c6\\cmerge\
1610	.text	415254	1	0	3	1	c:\c6\\cmerge\
1612	.data	593664	3	0	3	1	c:\c6\\cmerge\
1614	.data	655440	4	0	3	1	c:\c6\\cmerge\
1616	.bss	460816	2	0	3	1	c:\c6\\cmerge\
1618	FLAT	0	-1	0	3	0	c:\c6\\cmerge\
1619	.file	1631	-2	0	103	2	D:\nt\private\crt32st\stdio\printf.c
1622	.text	415382	1	0	3	1	D:\nt\private\crt32st\stdio\printf.c
1624	.data	593712	3	0	3	1	D:\nt\private\crt32st\stdio\printf.c
1626	.data	655440	4	0	3	1	D:\nt\private\crt32st\stdio\printf.c
1628	.bss	460816	2	0	3	1	D:\nt\private\crt32st\stdio\printf.c
1630	FLAT	0	-1	0	3	0	D:\nt\private\crt32st\stdio\printf.c
1631	.file	1642	-2	0	103	1	c:\c6\\cmerge\
1633	.text	415446	1	0	3	1	c:\c6\\cmerge\
1635	.data	593712	3	0	3	1	c:\c6\\cmerge\
1637	.data	655440	4	0	3	1	c:\c6\\cmerge\
1639	.bss	460816	2	0	3	1	c:\c6\\cmerge\
1641	FLAT	0	-1	0	3	0	c:\c6\\cmerge\
1642	.file	1653	-2	0	103	1	c:\c6\\cmerge\
1644	.text	417478	1	0	3	1	c:\c6\\cmerge\
1646	.data	594032	3	0	3	1	c:\c6\\cmerge\
1648	.data	655440	4	0	3	1	c:\c6\\cmerge\
1650	.bss	460816	2	0	3	1	c:\c6\\cmerge\
1652	FLAT	0	-1	0	3	0	c:\c6\\cmerge\
1653	.file	1666	-2	0	103	2	D:\nt\private\crt32st\stdio\setbuf.c
1656	.text	418742	1	0	3	1	D:\nt\private\crt32st\stdio\setbuf.c
1658	.data	594128	3	0	3	1	D:\nt\private\crt32st\stdio\setbuf.c
1660	.data	655440	4	0	3	1	D:\nt\private\crt32st\stdio\setbuf.c
1662	.bss	460816	2	0	3	1	D:\nt\private\crt32st\stdio\setbuf.c
1664	FLAT	0	-1	0	3	0	D:\nt\private\crt32st\stdio\setbuf.c
1665	.idata$6	721484	5	0	3	0	D:\nt\private\crt32st\stdio\setbuf.c
1666	.file	1679	-2	0	103	3	D:\nt\private\crt32st\stdio\setvbuf.c
1670	.text	418796	1	0	3	1	D:\nt\private\crt32st\stdio\setvbuf.c
1672	.data	594128	3	0	3	1	D:\nt\private\crt32st\stdio\setvbuf.c
1674	.data	655440	4	0	3	1	D:\nt\private\crt32st\stdio\setvbuf.c
1676	.bss	460816	2	0	3	1	D:\nt\private\crt32st\stdio\setvbuf.c
1678	FLAT	0	-1	0	3	0	D:\nt\private\crt32st\stdio\setvbuf.c
1679	.file	1692	-2	0	103	3	D:\nt\private\crt32st\stdio\sprintf.c
1683	.text	419004	1	0	3	1	D:\nt\private\crt32st\stdio\sprintf.c
1685	.data	594128	3	0	3	1	D:\nt\private\crt32st\stdio\sprintf.c
1687	.data	655440	4	0	3	1	D:\nt\private\crt32st\stdio\sprintf.c
1689	.bss	460816	2	0	3	1	D:\nt\private\crt32st\stdio\sprintf.c
1691	FLAT	0	-1	0	3	0	D:\nt\private\crt32st\stdio\sprintf.c
1692	.file	1704	-2	0	103	2	D:\nt\private\crt32st\stdio\sscanf.c
1695	.text	419116	1	0	3	1	D:\nt\private\crt32st\stdio\sscanf.c
1697	.data	594128	3	0	3	1	D:\nt\private\crt32st\stdio\sscanf.c
1699	.data	655440	4	0	3	1	D:\nt\private\crt32st\stdio\sscanf.c
1701	.bss	460848	2	0	3	1	D:\nt\private\crt32st\stdio\sscanf.c
1703	FLAT	0	-1	0	3	0	D:\nt\private\crt32st\stdio\sscanf.c
1704	.file	1720	-2	0	103	2	D:\nt\private\crt32st\stdio\input.c
1707	.text	419196	1	0	3	1	D:\nt\private\crt32st\stdio\input.c
1709	.data	594128	3	0	3	1	D:\nt\private\crt32st\stdio\input.c
1711	.data	655440	4	0	3	1	D:\nt\private\crt32st\stdio\input.c
1713	.bss	460880	2	0	3	1	D:\nt\private\crt32st\stdio\input.c
1715	FLAT	0	-1	0	3	0	D:\nt\private\crt32st\stdio\input.c
1716	_hextodec	421312	1	0	3	0	D:\nt\private\crt32st\stdio\input.c
1717	_whiteout	421400	1	0	3	0	D:\nt\private\crt32st\stdio\input.c
1718	_inc	421344	1	0	3	0	D:\nt\private\crt32st\stdio\input.c
1719	_un_inc	421376	1	0	3	0	D:\nt\private\crt32st\stdio\input.c
1720	.file	1733	-2	0	103	3	D:\nt\private\crt32st\string\strcat.c
1724	.text	421436	1	0	3	1	D:\nt\private\crt32st\string\strcat.c
1726	.data	594144	3	0	3	1	D:\nt\private\crt32st\string\strcat.c
1728	.data	655440	4	0	3	1	D:\nt\private\crt32st\string\strcat.c
1730	.bss	460880	2	0	3	1	D:\nt\private\crt32st\string\strcat.c
1732	FLAT	0	-1	0	3	0	D:\nt\private\crt32st\string\strcat.c
1733	.file	1746	-2	0	103	3	D:\nt\private\crt32st\string\strcmp.c
1737	.text	421516	1	0	3	1	D:\nt\private\crt32st\string\strcmp.c
1739	.data	594144	3	0	3	1	D:\nt\private\crt32st\string\strcmp.c
1741	.data	655440	4	0	3	1	D:\nt\private\crt32st\string\strcmp.c
1743	.bss	460880	2	0	3	1	D:\nt\private\crt32st\string\strcmp.c
1745	FLAT	0	-1	0	3	0	D:\nt\private\crt32st\string\strcmp.c
1746	.file	1759	-2	0	103	3	D:\nt\private\crt32st\string\strlen.c
1750	.text	421596	1	0	3	1	D:\nt\private\crt32st\string\strlen.c
1752	.data	594144	3	0	3	1	D:\nt\private\crt32st\string\strlen.c
1754	.data	655440	4	0	3	1	D:\nt\private\crt32st\string\strlen.c
1756	.bss	460880	2	0	3	1	D:\nt\private\crt32st\string\strlen.c
1758	FLAT	0	-1	0	3	0	D:\nt\private\crt32st\string\strlen.c
1759	.file	1772	-2	0	103	3	D:\nt\private\crt32st\string\strncmp.c
1763	.text	421628	1	0	3	1	D:\nt\private\crt32st\string\strncmp.c
1765	.data	594144	3	0	3	1	D:\nt\private\crt32st\string\strncmp.c
1767	.data	655440	4	0	3	1	D:\nt\private\crt32st\string\strncmp.c
1769	.bss	460880	2	0	3	1	D:\nt\private\crt32st\string\strncmp.c
1771	FLAT	0	-1	0	3	0	D:\nt\private\crt32st\string\strncmp.c
1772	.file	1783	-2	0	103	1	c:\c6\\cmerge\
1774	.text	421692	1	0	3	1	c:\c6\\cmerge\
1776	.data	594144	3	0	3	1	c:\c6\\cmerge\
1778	.data	655440	4	0	3	1	c:\c6\\cmerge\
1780	.bss	460880	2	0	3	1	c:\c6\\cmerge\
1782	FLAT	0	-1	0	3	0	c:\c6\\cmerge\
1783	.file	1794	-2	0	103	1	c:\c6\\cmerge\
1785	.text	427052	1	0	3	1	c:\c6\\cmerge\
1787	.data	594224	3	0	3	1	c:\c6\\cmerge\
1789	.data	655440	4	0	3	1	c:\c6\\cmerge\
1791	.bss	460880	2	0	3	1	c:\c6\\cmerge\
1793	FLAT	0	-1	0	3	0	c:\c6\\cmerge\
1794	.file	1805	-2	0	103	1	x.c
1796	.text	431036	1	0	3	1	x.c
1798	.data	595264	3	0	3	1	x.c
1800	.data	655440	4	0	3	1	x.c
1802	.bss	460880	2	0	3	1	x.c
1804	FLAT	0	-1	0	3	0	x.c
1805	.file	1817	-2	0	103	2	D:\nt\private\crt32st\stdio\ungetc.c
1808	.text	431036	1	0	3	1	D:\nt\private\crt32st\stdio\ungetc.c
1810	.data	607392	3	0	3	1	D:\nt\private\crt32st\stdio\ungetc.c
1812	.data	655440	4	0	3	1	D:\nt\private\crt32st\stdio\ungetc.c
1814	.bss	460880	2	0	3	1	D:\nt\private\crt32st\stdio\ungetc.c
1816	FLAT	0	-1	0	3	0	D:\nt\private\crt32st\stdio\ungetc.c
1817	.file	1830	-2	0	103	3	D:\nt\private\crt32st\stdio\vprintf.c
1821	.text	431148	1	0	3	1	D:\nt\private\crt32st\stdio\vprintf.c
1823	.data	607392	3	0	3	1	D:\nt\private\crt32st\stdio\vprintf.c
1825	.data	655440	4	0	3	1	D:\nt\private\crt32st\stdio\vprintf.c
1827	.bss	460880	2	0	3	1	D:\nt\private\crt32st\stdio\vprintf.c
1829	FLAT	0	-1	0	3	0	D:\nt\private\crt32st\stdio\vprintf.c
1830	.file	0	-2	0	103	1	xs.c
1832	.text	431212	1	0	3	1	xs.c
1834	.data	607392	3	0	3	1	xs.c
1836	.data	655440	4	0	3	1	xs.c
1838	.bss	460880	2	0	3	1	xs.c
1840	FLAT	0	-1	0	3	0	xs.c
1841	.idata$6	721440	5	0	3	0	xs.c
1842	.idata$6	721494	5	0	3	0	xs.c
1843	__except_list	0	-1	0	2	0	xs.c
1844	header	0	-2	0	2	0	xs.c
1845	_nextword	65536	1	0	2	0	xs.c
1846	_out_of_mem	65572	1	0	2	0	xs.c
1847	_startp2	65756	1	0	2	0	xs.c
1848	_settle_Oswitches	66288	1	0	2	0	xs.c
1849	_dop2	66740	1	0	2	0	xs.c
1850	_main	68624	1	0	2	0	xs.c
1851	_real_main	68764	1	0	2	0	xs.c
1852	_put_block	68852	1	0	2	0	xs.c
1853	_freeblock	68936	1	0	2	0	xs.c
1854	_bitv_init	69024	1	0	2	0	xs.c
1855	_bvalloc	69064	1	0	2	0	xs.c
1856	_freebv	69164	1	0	2	0	xs.c
1857	_bvnodecount	69212	1	0	2	0	xs.c
1858	_bvextend	69252	1	0	2	0	xs.c
1859	_bvcpy	69336	1	0	2	0	xs.c
1860	_bvclr	69436	1	0	2	0	xs.c
1861	_bvset	69476	1	0	2	0	xs.c
1862	_bvany	69516	1	0	2	0	xs.c
1863	_bvcount	69576	1	0	2	0	xs.c
1864	_bvnext	69648	1	0	2	0	xs.c
1865	_bvnnext	69812	1	0	2	0	xs.c
1866	_bvcmp	69956	1	0	2	0	xs.c
1867	_bvor	70024	1	0	2	0	xs.c
1868	_bvand	70132	1	0	2	0	xs.c
1869	_bvandnot	70204	1	0	2	0	xs.c
1870	_bvnotand	70316	1	0	2	0	xs.c
1871	_bvunion	70372	1	0	2	0	xs.c
1872	_bvintersect	70412	1	0	2	0	xs.c
1873	_bvunionminus	70484	1	0	2	0	xs.c
1874	_bvunion_am	70548	1	0	2	0	xs.c
1875	_bitscom	70624	1	0	2	0	xs.c
1876	_bitset	70756	1	0	2	0	xs.c
1877	_bitclr	70776	1	0	2	0	xs.c
1878	_bittst	70796	1	0	2	0	xs.c
1879	_prbv	70876	1	0	2	0	xs.c
1880	_print_bitv	71048	1	0	2	0	xs.c
1881	_prbbva	71160	1	0	2	0	xs.c
1882	_globalregs	71440	1	0	2	0	xs.c
1883	_gather_gramregs_requirements	72424	1	0	2	0	xs.c
1884	_build_allocation_ranges	72504	1	0	2	0	xs.c
1885	_build_ars_recursive	73080	1	0	2	0	xs.c
1886	_build_ar	75124	1	0	2	0	xs.c
1887	_que_build_ar	76548	1	0	2	0	xs.c
1888	_deque_build_ar	76612	1	0	2	0	xs.c
1889	_do_ar_annexation	76672	1	0	2	0	xs.c
1890	_new_arnode	77064	1	0	2	0	xs.c
1891	_free_arnode	77284	1	0	2	0	xs.c
1892	_foreach_bl	77328	1	0	2	0	xs.c
1893	_gather_ar_gramregs	77392	1	0	2	0	xs.c
1894	_proc_interferes	77888	1	0	2	0	xs.c
1895	_proc_i_internal	77932	1	0	2	0	xs.c
1896	_color_regs	78968	1	0	2	0	xs.c
1897	_calc_savings	79592	1	0	2	0	xs.c
1898	_chuck_invalid	79884	1	0	2	0	xs.c
1899	_calculate_interf_graph	79984	1	0	2	0	xs.c
1900	_calculate_adjacency_life	80192	1	0	2	0	xs.c
1901	_check_lifes	80676	1	0	2	0	xs.c
1902	_allocate_trivially_colorable	80820	1	0	2	0	xs.c
1903	_sort_scaledsavings	81016	1	0	2	0	xs.c
1904	_sort_fp_regnums	81116	1	0	2	0	xs.c
1905	_allocate_tough_ones	81260	1	0	2	0	xs.c
1906	_adjacent_got_allocated	81756	1	0	2	0	xs.c
1907	_samelife_got_allocated	81844	1	0	2	0	xs.c
1908	_any_regs_avail_in_ar	81888	1	0	2	0	xs.c
1909	_allocate_ar	82016	1	0	2	0	xs.c
1910	_deallocate_ar	82136	1	0	2	0	xs.c
1911	_sort_life_thread	82268	1	0	2	0	xs.c
1912	_propagate_adr_attribute	82480	1	0	2	0	xs.c
1913	_propagate_def_attribute	82552	1	0	2	0	xs.c
1914	_assign_regs	83004	1	0	2	0	xs.c
1915	_dup_shrunk_ar	84412	1	0	2	0	xs.c
1916	_too_cheap_shrink	84520	1	0	2	0	xs.c
1917	_do_ar_conservative_annexation	85960	1	0	2	0	xs.c
1918	_post_assign_reassign	86260	1	0	2	0	xs.c
1919	_allocate_assign_segments	86804	1	0	2	0	xs.c
1920	_find_au_in_bl	88620	1	0	2	0	xs.c
1921	_is_exactly_loop	88692	1	0	2	0	xs.c
1922	_global_worthit	88764	1	0	2	0	xs.c
1923	_reg_rewrite	88996	1	0	2	0	xs.c
1924	_tree_reg_rewrite	89068	1	0	2	0	xs.c
1925	_rewrite_short_addr	91112	1	0	2	0	xs.c
1926	_tree_reg_rewrite_seg	91388	1	0	2	0	xs.c
1927	_tree_reg_rewrite_seg_recursive	91412	1	0	2	0	xs.c
1928	_regpragmas	91708	1	0	2	0	xs.c
1929	_in_life	91980	1	0	2	0	xs.c
1930	_find_ar	92028	1	0	2	0	xs.c
1931	_delete_regarg_intrinsics	92108	1	0	2	0	xs.c
1932	_enterloads_exitsaves	92864	1	0	2	0	xs.c
1933	_skip_airlocks	93324	1	0	2	0	xs.c
1934	_foreach_flow	93380	1	0	2	0	xs.c
1935	_update_fp_inregs	93456	1	0	2	0	xs.c
1936	_enterloads	93492	1	0	2	0	xs.c
1937	_insert_segload_maybe	95024	1	0	2	0	xs.c
1938	_exitsaves	95280	1	0	2	0	xs.c
1939	_exithack	96592	1	0	2	0	xs.c
1940	_exithack_internal	96716	1	0	2	0	xs.c
1941	_insert_load	97060	1	0	2	0	xs.c
1942	_fold_seg_load	97532	1	0	2	0	xs.c
1943	_ins_label	97800	1	0	2	0	xs.c
1944	_build_airlock	97840	1	0	2	0	xs.c
1945	_buildload	98012	1	0	2	0	xs.c
1946	_buildsave	98384	1	0	2	0	xs.c
1947	_dgroup_tree	98708	1	0	2	0	xs.c
1948	_save_dgroup_maybe	98796	1	0	2	0	xs.c
1949	_mark_blocks_gramregs	99036	1	0	2	0	xs.c
1950	_build_prreg	100600	1	0	2	0	xs.c
1951	_findtrees	100644	1	0	2	0	xs.c
1952	_findtrees_internal	100684	1	0	2	0	xs.c
1953	_handle_fp_stack_top	100956	1	0	2	0	xs.c
1954	_lock_and_dereg	101884	1	0	2	0	xs.c
1955	_build_fp_prreg	102036	1	0	2	0	xs.c
1956	_color_locals	102176	1	0	2	0	xs.c
1957	_loop_scale	103692	1	0	2	0	xs.c
1958	_loop_scale2	103732	1	0	2	0	xs.c
1959	_ghash_find	103888	1	0	2	0	xs.c
1960	_find_const_erseg	104408	1	0	2	0	xs.c
1961	_free_some_bits	104624	1	0	2	0	xs.c
1962	_build_const_bits	104688	1	0	2	0	xs.c
1963	_bcb_recursive_guy	105220	1	0	2	0	xs.c
1964	_seg_pseudo_extract_bit	106636	1	0	2	0	xs.c
1965	_add_arblset	106900	1	0	2	0	xs.c
1966	_checkfor_warnings	106988	1	0	2	0	xs.c
1967	_prars	107216	1	0	2	0	xs.c
1968	_prarss	107252	1	0	2	0	xs.c
1969	_prarsl	107296	1	0	2	0	xs.c
1970	_prardex	107356	1	0	2	0	xs.c
1971	_prarintrf	107396	1	0	2	0	xs.c
1972	_prar	107448	1	0	2	0	xs.c
1973	_assign_regMD	108032	1	0	2	0	xs.c
1974	_assign_segregMD	108348	1	0	2	0	xs.c
1975	_wanto_reassignMD	108732	1	0	2	0	xs.c
1976	_reassign_regMD	108772	1	0	2	0	xs.c
1977	_reg_classMD	109080	1	0	2	0	xs.c
1978	_init_class_countsMD	109192	1	0	2	0	xs.c
1979	_Dgroup_for_sureMD	109440	1	0	2	0	xs.c
1980	_dont_loadMD	109472	1	0	2	0	xs.c
1981	_get_class_countMD	109492	1	0	2	0	xs.c
1982	_dec_class_countMD	109580	1	0	2	0	xs.c
1983	_mark_reg_statusMD	109728	1	0	2	0	xs.c
1984	_get_reg_statusMD	109876	1	0	2	0	xs.c
1985	_gramregs_reqMD	109932	1	0	2	0	xs.c
1986	_gramregs_reqMD_internal	110240	1	0	2	0	xs.c
1987	_seg_is_considered	111904	1	0	2	0	xs.c
1988	_reg_interferesMD	112068	1	0	2	0	xs.c
1989	_foreach_calleesaveMD	112168	1	0	2	0	xs.c
1990	_intrinsic_gramregs	112244	1	0	2	0	xs.c
1991	_init_grammarstyle_gramregsMD	112536	1	0	2	0	xs.c
1992	_mark_grammarstyle_regMD	112552	1	0	2	0	xs.c
1993	_lock_axdxMD	112684	1	0	2	0	xs.c
1994	_lock_returnFPregMD	112716	1	0	2	0	xs.c
1995	_twiddle_ax_opreturn_bitsMD	112744	1	0	2	0	xs.c
1996	_handle_ax_returnMD	112780	1	0	2	0	xs.c
1997	_handle_FP0_returnMD	112964	1	0	2	0	xs.c
1998	_fp_stack_levelMD	113112	1	0	2	0	xs.c
1999	_combine_regsMD	113256	1	0	2	0	xs.c
2000	_offsetpartMD	113276	1	0	2	0	xs.c
2001	_segpartMD	113304	1	0	2	0	xs.c
2002	_Dgroup_trashedMD	113332	1	0	2	0	xs.c
2003	_cmp_regvalsMD	113340	1	0	2	0	xs.c
2004	_is_seg_regMD	113504	1	0	2	0	xs.c
2005	_allocMD	113532	1	0	2	0	xs.c
2006	_aligned_okMD	113576	1	0	2	0	xs.c
2007	_wrapup_localsMD	113636	1	0	2	0	xs.c
2008	_init_localsMD	113644	1	0	2	0	xs.c
2009	_is_regargMD	113672	1	0	2	0	xs.c
2010	_isthere_proccallMD	113748	1	0	2	0	xs.c
2011	_is_ds_lockedMD	113768	1	0	2	0	xs.c
2012	_isthere_introrproccallMD	113776	1	0	2	0	xs.c
2013	_float_regs_required	113804	1	0	2	0	xs.c
2014	_float_expr	113908	1	0	2	0	xs.c
2015	_frval_notmp	115444	1	0	2	0	xs.c
2016	_frval_int	115492	1	0	2	0	xs.c
2017	_adr	115576	1	0	2	0	xs.c
2018	_clear_copyval	115676	1	0	2	0	xs.c
2019	_fld	115788	1	0	2	0	xs.c
2020	_fstp	115884	1	0	2	0	xs.c
2021	_prgramregs	115956	1	0	2	0	xs.c
2022	_frame_addr	116512	1	0	2	0	xs.c
2023	_segnumtoreg	116660	1	0	2	0	xs.c
2024	_relseg_internal	116772	1	0	2	0	xs.c
2025	_relseg	117368	1	0	2	0	xs.c
2026	_csrel	117384	1	0	2	0	xs.c
2027	_framerel	117412	1	0	2	0	xs.c
2028	_mayberelseg	117440	1	0	2	0	xs.c
2029	_segpart	117472	1	0	2	0	xs.c
2030	_MDlongaddr	117724	1	0	2	0	xs.c
2031	_near_address	117868	1	0	2	0	xs.c
2032	_skipcv	118024	1	0	2	0	xs.c
2033	_md_complex	118056	1	0	2	0	xs.c
2034	_mdcanontree	118428	1	0	2	0	xs.c
2035	_mdcanonnode	118444	1	0	2	0	xs.c
2036	_mbretptr	119476	1	0	2	0	xs.c
2037	_farlocal	119540	1	0	2	0	xs.c
2038	_cheap_op	119632	1	0	2	0	xs.c
2039	_check_predef	119776	1	0	2	0	xs.c
2040	_adjust_frame	120052	1	0	2	0	xs.c
2041	_set_base	120124	1	0	2	0	xs.c
2042	_datalloc	120204	1	0	2	0	xs.c
2043	_allotemp	121580	1	0	2	0	xs.c
2044	_realign	121616	1	0	2	0	xs.c
2045	_redo_locals	121652	1	0	2	0	xs.c
2046	_cg_exit	122556	1	0	2	0	xs.c
2047	_segconst	122700	1	0	2	0	xs.c
2048	_isreallyfloatconst	122924	1	0	2	0	xs.c
2049	_findfloatconst	123004	1	0	2	0	xs.c
2050	_findfloatconstval	123120	1	0	2	0	xs.c
2051	_float_il	123196	1	0	2	0	xs.c
2052	_floatconst	123432	1	0	2	0	xs.c
2053	_findseg	123716	1	0	2	0	xs.c
2054	_sym_is_const	123780	1	0	2	0	xs.c
2055	_segment	123848	1	0	2	0	xs.c
2056	_create_seg	124468	1	0	2	0	xs.c
2057	_newseg	124520	1	0	2	0	xs.c
2058	_user_naminseg	124672	1	0	2	0	xs.c
2059	_segtable	124732	1	0	2	0	xs.c
2060	_segcheck	124924	1	0	2	0	xs.c
2061	_read_export	124928	1	0	2	0	xs.c
2062	_write_export	124976	1	0	2	0	xs.c
2063	_md_blk_asg	125172	1	0	2	0	xs.c
2064	_MDlo_part	126304	1	0	2	0	xs.c
2065	_MDhi_part	126320	1	0	2	0	xs.c
2066	_new_text_seg	126424	1	0	2	0	xs.c
2067	_find_seg	126516	1	0	2	0	xs.c
2068	_init_current_seg	126548	1	0	2	0	xs.c
2069	_write_seg_offs	126732	1	0	2	0	xs.c
2070	_all_segregs_lockedMD	126856	1	0	2	0	xs.c
2071	_data_in_code	126888	1	0	2	0	xs.c
2072	_emit_data_in_code	126988	1	0	2	0	xs.c
2073	_save_allocMD	127128	1	0	2	0	xs.c
2074	_reset_allocMD	127164	1	0	2	0	xs.c
2075	_get_default_blregs	127224	1	0	2	0	xs.c
2076	_howcheap	127232	1	0	2	0	xs.c
2077	_howcheap_services	127280	1	0	2	0	xs.c
2078	_howcheap_internal	127336	1	0	2	0	xs.c
2079	_find_foptype	128600	1	0	2	0	xs.c
2080	_fptoocheap	128752	1	0	2	0	xs.c
2081	_nofloat	128916	1	0	2	0	xs.c
2082	_gettree	129008	1	0	2	0	xs.c
2083	_gettree_internal	129372	1	0	2	0	xs.c
2084	_tl_to_EBB	130012	1	0	2	0	xs.c
2085	_characteristic	130448	1	0	2	0	xs.c
2086	_tree_init	130512	1	0	2	0	xs.c
2087	_newnode	130632	1	0	2	0	xs.c
2088	_newleaf	130756	1	0	2	0	xs.c
2089	_do_allotemp	131720	1	0	2	0	xs.c
2090	_clear_leaf_pool	131844	1	0	2	0	xs.c
2091	_free_leaf_pool	131892	1	0	2	0	xs.c
2092	_foreach_leaf	132028	1	0	2	0	xs.c
2093	_prleafpool	132116	1	0	2	0	xs.c
2094	_freenode	132140	1	0	2	0	xs.c
2095	_isfreenode	132344	1	0	2	0	xs.c
2096	_freetree	132396	1	0	2	0	xs.c
2097	_unlink_mark	132592	1	0	2	0	xs.c
2098	_freechildren	132680	1	0	2	0	xs.c
2099	_freehyb	132812	1	0	2	0	xs.c
2100	_countnode	132860	1	0	2	0	xs.c
2101	_lstcount	133020	1	0	2	0	xs.c
2102	_nodestats	133072	1	0	2	0	xs.c
2103	_pfreenodes	133224	1	0	2	0	xs.c
2104	_getnode	133316	1	0	2	0	xs.c
2105	_readc	133464	1	0	2	0	xs.c
2106	_new_tl	133520	1	0	2	0	xs.c
2107	_tl_count	133596	1	0	2	0	xs.c
2108	_addtree	133636	1	0	2	0	xs.c
2109	_free_tl	133684	1	0	2	0	xs.c
2110	_new_bl	133708	1	0	2	0	xs.c
2111	_add_tl	133812	1	0	2	0	xs.c
2112	_free_bl	133836	1	0	2	0	xs.c
2113	_treewalk	133860	1	0	2	0	xs.c
2114	_treewalkp	133916	1	0	2	0	xs.c
2115	_blockwalk	133972	1	0	2	0	xs.c
2116	_blockwalkp	134052	1	0	2	0	xs.c
2117	_tr_insert	134132	1	0	2	0	xs.c
2118	_ntr_insert	134232	1	0	2	0	xs.c
2119	_tl_insert	134372	1	0	2	0	xs.c
2120	_endproc	134456	1	0	2	0	xs.c
2121	_endblock	134612	1	0	2	0	xs.c
2122	_maketree	134652	1	0	2	0	xs.c
2123	_copynode	136044	1	0	2	0	xs.c
2124	_copytype	136188	1	0	2	0	xs.c
2125	_dupnode	136264	1	0	2	0	xs.c
2126	_cg_canon	136336	1	0	2	0	xs.c
2127	_imbed_walk	136996	1	0	2	0	xs.c
2128	_linkmarks	139716	1	0	2	0	xs.c
2129	_construct_clause	140040	1	0	2	0	xs.c
2130	_check_exprimbed	140228	1	0	2	0	xs.c
2131	_build_shtree	141048	1	0	2	0	xs.c
2132	_subexpr_imbed	141480	1	0	2	0	xs.c
2133	_ok_to_imbed_here	143092	1	0	2	0	xs.c
2134	_enter_assign	143328	1	0	2	0	xs.c
2135	_remove_conflicts	143512	1	0	2	0	xs.c
2136	_moveto_imlist	143676	1	0	2	0	xs.c
2137	_move_assign	143736	1	0	2	0	xs.c
2138	_move_imbedded_assign	143800	1	0	2	0	xs.c
2139	_deadnode	143908	1	0	2	0	xs.c
2140	_dead_store	144152	1	0	2	0	xs.c
2141	_count_marks	144648	1	0	2	0	xs.c
2142	_find_repl	144928	1	0	2	0	xs.c
2143	_calc_vused	145164	1	0	2	0	xs.c
2144	_post_imbed_walk	145232	1	0	2	0	xs.c
2145	_post_tree_walk	145304	1	0	2	0	xs.c
2146	_pushmark	145840	1	0	2	0	xs.c
2147	_dummy_mark	146172	1	0	2	0	xs.c
2148	_final_walk	146284	1	0	2	0	xs.c
2149	_final_walk_of_trees	146412	1	0	2	0	xs.c
2150	_final_walk_td	148188	1	0	2	0	xs.c
2151	_rewrite_regarg	149600	1	0	2	0	xs.c
2152	_flttostruct	150144	1	0	2	0	xs.c
2153	_final_walk_bu	150940	1	0	2	0	xs.c
2154	_small_mb	152392	1	0	2	0	xs.c
2155	_deep_search_opeq	152540	1	0	2	0	xs.c
2156	_typetree	152860	1	0	2	0	xs.c
2157	_check_opeq	152940	1	0	2	0	xs.c
2158	_skipmark	153632	1	0	2	0	xs.c
2159	_check_postfix	153648	1	0	2	0	xs.c
2160	_is_assigntemp	154400	1	0	2	0	xs.c
2161	_eq_xform	154464	1	0	2	0	xs.c
2162	_remove_used	154528	1	0	2	0	xs.c
2163	_samecvt	154588	1	0	2	0	xs.c
2164	_uses_reg	154644	1	0	2	0	xs.c
2165	_av_interf	154872	1	0	2	0	xs.c
2166	_mark_above_assign	155252	1	0	2	0	xs.c
2167	_clear_avlist	155364	1	0	2	0	xs.c
2168	_free_assign	155456	1	0	2	0	xs.c
2169	_free_interf	155496	1	0	2	0	xs.c
2170	_free_shtree	155536	1	0	2	0	xs.c
2171	_new_avnode	155608	1	0	2	0	xs.c
2172	_new_shnode	155696	1	0	2	0	xs.c
2173	_free_some_shnodes	155836	1	0	2	0	xs.c
2174	_free_avnode	155920	1	0	2	0	xs.c
2175	_free_shnode	155948	1	0	2	0	xs.c
2176	_new_il	156036	1	0	2	0	xs.c
2177	_free_il	156112	1	0	2	0	xs.c
2178	_append_list	156212	1	0	2	0	xs.c
2179	_copy_list	156240	1	0	2	0	xs.c
2180	_do_enreg	156308	1	0	2	0	xs.c
2181	_blenregt	156504	1	0	2	0	xs.c
2182	_handle_reg_args	156684	1	0	2	0	xs.c
2183	_globcse_stats	156912	1	0	2	0	xs.c
2184	_globcse_rewrite	157132	1	0	2	0	xs.c
2185	_prshtree	157868	1	0	2	0	xs.c
2186	_printerf	158040	1	0	2	0	xs.c
2187	_shnode_stats	158292	1	0	2	0	xs.c
2188	_flow	158352	1	0	2	0	xs.c
2189	_find_label	158836	1	0	2	0	xs.c
2190	_add_caller	158928	1	0	2	0	xs.c
2191	_break_synonyms	159048	1	0	2	0	xs.c
2192	_add_label	159060	1	0	2	0	xs.c
2193	_transitive_closure_alternates	159232	1	0	2	0	xs.c
2194	_transitive_closure_internal	159300	1	0	2	0	xs.c
2195	_print_labels	159436	1	0	2	0	xs.c
2196	_build_label_map	159532	1	0	2	0	xs.c
2197	_coalesce_labels	160636	1	0	2	0	xs.c
2198	_dont_coalesce_these	160976	1	0	2	0	xs.c
2199	_initialize_lexer	161048	1	0	2	0	xs.c
2200	_unget_treelist	161064	1	0	2	0	xs.c
2201	_next_treelist	161088	1	0	2	0	xs.c
2202	_build_flow_graph	161136	1	0	2	0	xs.c
2203	_add_fflow	161708	1	0	2	0	xs.c
2204	_add_bflow	161812	1	0	2	0	xs.c
2205	_add_flows	161916	1	0	2	0	xs.c
2206	_in_flow	161948	1	0	2	0	xs.c
2207	_remove_flow	161988	1	0	2	0	xs.c
2208	_remove_flow_if	162072	1	0	2	0	xs.c
2209	_fixup_labels	162132	1	0	2	0	xs.c
2210	_build_DFO	162664	1	0	2	0	xs.c
2211	_recursive_DFO	162904	1	0	2	0	xs.c
2212	_sort_flow	163048	1	0	2	0	xs.c
2213	_flow_count	163316	1	0	2	0	xs.c
2214	_break_fallthrough	163356	1	0	2	0	xs.c
2215	_transfer_dest	163648	1	0	2	0	xs.c
2216	_last_tl	163916	1	0	2	0	xs.c
2217	_filter_dead_code	163948	1	0	2	0	xs.c
2218	_recursive_all_paths	164104	1	0	2	0	xs.c
2219	_free_dead_code	164204	1	0	2	0	xs.c
2220	_pack_DFO	164748	1	0	2	0	xs.c
2221	_blockmerge_loopupdate	165944	1	0	2	0	xs.c
2222	_check_flow	166016	1	0	2	0	xs.c
2223	_calc_dom	166292	1	0	2	0	xs.c
2224	_find_loops	166580	1	0	2	0	xs.c
2225	_src_is_reachable	167204	1	0	2	0	xs.c
2226	_src_is_reachable_internal	167272	1	0	2	0	xs.c
2227	_collect_tails	167444	1	0	2	0	xs.c
2228	_mark_loop_body	167532	1	0	2	0	xs.c
2229	_mark_loop_body_internal	167584	1	0	2	0	xs.c
2230	_expand_tails	167676	1	0	2	0	xs.c
2231	_fixup_tails	167732	1	0	2	0	xs.c
2232	_update_tails	167872	1	0	2	0	xs.c
2233	_remove_break_blocks	167916	1	0	2	0	xs.c
2234	_remove_break_blocks_1loop	167984	1	0	2	0	xs.c
2235	_not_parent_loop	168280	1	0	2	0	xs.c
2236	_enumerate_DFO	168320	1	0	2	0	xs.c
2237	_canonicalize_loops1	168384	1	0	2	0	xs.c
2238	_canonicalize_loops2	169540	1	0	2	0	xs.c
2239	_is_in_loop	169928	1	0	2	0	xs.c
2240	_handle_blkstart_opexit	169976	1	0	2	0	xs.c
2241	_print_flow	170376	1	0	2	0	xs.c
2242	_print_loop	170420	1	0	2	0	xs.c
2243	_print_loop_internal	170448	1	0	2	0	xs.c
2244	_print_dom	170696	1	0	2	0	xs.c
2245	_init_heap	170756	1	0	2	0	xs.c
2246	_new_labelnode	170772	1	0	2	0	xs.c
2247	_new_flownode	170804	1	0	2	0	xs.c
2248	_free_flownode	170868	1	0	2	0	xs.c
2249	_free_bl_flow	170892	1	0	2	0	xs.c
2250	_new_loopnode	170984	1	0	2	0	xs.c
2251	_free_heap	171000	1	0	2	0	xs.c
2252	_machine_type	171056	1	0	2	0	xs.c
2253	_ReserveBxMask	171940	1	0	2	0	xs.c
2254	_alloregparams	171948	1	0	2	0	xs.c
2255	_is_huge	172156	1	0	2	0	xs.c
2256	_halloc	172160	1	0	2	0	xs.c
2257	_new_entry	172180	1	0	2	0	xs.c
2258	_far16_tree	172344	1	0	2	0	xs.c
2259	_emit_far16	173524	1	0	2	0	xs.c
2260	_confold	173872	1	0	2	0	xs.c
2261	_int_arith	174276	1	0	2	0	xs.c
2262	_fix_laddr	175336	1	0	2	0	xs.c
2263	_float_arith	175344	1	0	2	0	xs.c
2264	_const_conv	176016	1	0	2	0	xs.c
2265	_fix_pt	176660	1	0	2	0	xs.c
2266	_fix_val	176800	1	0	2	0	xs.c
2267	_relconf	176872	1	0	2	0	xs.c
2268	_relfold	177420	1	0	2	0	xs.c
2269	_frelfold	177732	1	0	2	0	xs.c
2270	_fltinit	177988	1	0	2	0	xs.c
2271	OVMCHK	178112	1	0	2	0	xs.c
2272	OVACHK	178184	1	0	2	0	xs.c
2273	OVSCHK	178246	1	0	2	0	xs.c
2274	_grammar	178320	1	0	2	0	xs.c
2275	_clean_prewalk	178708	1	0	2	0	xs.c
2276	_lonemark	178756	1	0	2	0	xs.c
2277	_del_OPregister_cse	178824	1	0	2	0	xs.c
2278	_find_leaf_cse	178948	1	0	2	0	xs.c
2279	_prinfo	179208	1	0	2	0	xs.c
2280	_grammar_prewalk	179244	1	0	2	0	xs.c
2281	_info_offset	180292	1	0	2	0	xs.c
2282	_do_grammar	180312	1	0	2	0	xs.c
2283	_clear_inreg	180712	1	0	2	0	xs.c
2284	_lexpush	181136	1	0	2	0	xs.c
2285	_xxerr	181472	1	0	2	0	xs.c
2286	_prreglist	181512	1	0	2	0	xs.c
2287	_do_pragma	181612	1	0	2	0	xs.c
2288	_addsp	181944	1	0	2	0	xs.c
2289	_expand	182032	1	0	2	0	xs.c
2290	_eval	191940	1	0	2	0	xs.c
2291	_mcond	192344	1	0	2	0	xs.c
2292	_nox	193884	1	0	2	0	xs.c
2293	_alop	194024	1	0	2	0	xs.c
2294	_isrc	194384	1	0	2	0	xs.c
2295	_isr	194768	1	0	2	0	xs.c
2296	_xnew	194816	1	0	2	0	xs.c
2297	_xconstrain	194988	1	0	2	0	xs.c
2298	_xasg	195176	1	0	2	0	xs.c
2299	_xfree	196120	1	0	2	0	xs.c
2300	_reg_not_in	196300	1	0	2	0	xs.c
2301	_lodseg	196492	1	0	2	0	xs.c
2302	_append	196676	1	0	2	0	xs.c
2303	_cpylineno	196724	1	0	2	0	xs.c
2304	_extrlocal	196824	1	0	2	0	xs.c
2305	_regintree	196948	1	0	2	0	xs.c
2306	_profiler_code	197148	1	0	2	0	xs.c
2307	_read_pragma_info	197264	1	0	2	0	xs.c
2308	_reverse_Otab_sense	198696	1	0	2	0	xs.c
2309	_read_comment	198780	1	0	2	0	xs.c
2310	_write_comments	198872	1	0	2	0	xs.c
2311	_canontree	198960	1	0	2	0	xs.c
2312	_canonnode	199284	1	0	2	0	xs.c
2313	_canons_td	199524	1	0	2	0	xs.c
2314	_canons_bu	200600	1	0	2	0	xs.c
2315	_hoisttree	203612	1	0	2	0	xs.c
2316	_hoistnode	203668	1	0	2	0	xs.c
2317	_hoist_td	203980	1	0	2	0	xs.c
2318	_hoist_lr	205032	1	0	2	0	xs.c
2319	_hoist_bu	206116	1	0	2	0	xs.c
2320	_temp_asgn	206136	1	0	2	0	xs.c
2321	_asgn_val	206192	1	0	2	0	xs.c
2322	_bit_const	206316	1	0	2	0	xs.c
2323	_make_maxmin	206444	1	0	2	0	xs.c
2324	_const_questop	206812	1	0	2	0	xs.c
2325	_trans_questop	206904	1	0	2	0	xs.c
2326	_trans_comma	207104	1	0	2	0	xs.c
2327	_make_arm	207188	1	0	2	0	xs.c
2328	_trans_logical	207312	1	0	2	0	xs.c
2329	_notrelop	207536	1	0	2	0	xs.c
2330	_relcheck	207688	1	0	2	0	xs.c
2331	_rel_to_q	207760	1	0	2	0	xs.c
2332	_logical_fold	207856	1	0	2	0	xs.c
2333	_do_transform	208080	1	0	2	0	xs.c
2334	_vmfunc_transform	208872	1	0	2	0	xs.c
2335	_rev_args	209356	1	0	2	0	xs.c
2336	_mbreturn	209424	1	0	2	0	xs.c
2337	_structparam	209884	1	0	2	0	xs.c
2338	_alloc_parms	210028	1	0	2	0	xs.c
2339	_hoist	210536	1	0	2	0	xs.c
2340	_calc_interfere	210736	1	0	2	0	xs.c
2341	_interference	210756	1	0	2	0	xs.c
2342	_pop_binaryL	211336	1	0	2	0	xs.c
2343	_pop_binaryR	211372	1	0	2	0	xs.c
2344	_emit	211408	1	0	2	0	xs.c
2345	_put_operand	213648	1	0	2	0	xs.c
2346	_write_sil	214424	1	0	2	0	xs.c
2347	_namestring	217456	1	0	2	0	xs.c
2348	_sil_proc	217496	1	0	2	0	xs.c
2349	_opndattrsize	217548	1	0	2	0	xs.c
2350	_emit_line	217660	1	0	2	0	xs.c
2351	_crack_cmd	217760	1	0	2	0	xs.c
2352	_substr	218012	1	0	2	0	xs.c
2353	_getnumber	218496	1	0	2	0	xs.c
2354	_isita	218592	1	0	2	0	xs.c
2355	_tailmatch	218640	1	0	2	0	xs.c
2356	_copyover	218748	1	0	2	0	xs.c
2357	_unconcat	218812	1	0	2	0	xs.c
2358	_FCMADD	219008	1	0	2	0	xs.c
2359	_FCMSUB	219066	1	0	2	0	xs.c
2360	_FCMMUL	219124	1	0	2	0	xs.c
2361	_FCMDIV	219259	1	0	2	0	xs.c
2362	_FCMCOMPARE	219506	1	0	2	0	xs.c
2363	_FMSIZE	219616	1	0	2	0	xs.c
2364	_FMADD	219639	1	0	2	0	xs.c
2365	_FMSUB	219720	1	0	2	0	xs.c
2366	_FMMUL	219801	1	0	2	0	xs.c
2367	_FMDIV	219882	1	0	2	0	xs.c
2368	_FMRT_R4	219963	1	0	2	0	xs.c
2369	_FMRT_R8	220000	1	0	2	0	xs.c
2370	_FMRT_R10	220037	1	0	2	0	xs.c
2371	_FMR4_RT	220065	1	0	2	0	xs.c
2372	_FMR8_RT	220099	1	0	2	0	xs.c
2373	_FMR10_RT	220133	1	0	2	0	xs.c
2374	_FMI4_RT	220167	1	0	2	0	xs.c
2375	_FMU4_RT	220201	1	0	2	0	xs.c
2376	_FMRT_I4	220255	1	0	2	0	xs.c
2377	_FMRT_U4	220297	1	0	2	0	xs.c
2378	_FMRT_I4R	220364	1	0	2	0	xs.c
2379	_FMMIN	220437	1	0	2	0	xs.c
2380	_FMMAX	220541	1	0	2	0	xs.c
2381	_FMABS	220645	1	0	2	0	xs.c
2382	_FMCOMPARE	220723	1	0	2	0	xs.c
2383	_rematch	221024	1	0	2	0	xs.c
2384	_findhashnode	221072	1	0	2	0	xs.c
2385	_inshashnode	221180	1	0	2	0	xs.c
2386	_rmhashnode	221252	1	0	2	0	xs.c
2387	_newru	221364	1	0	2	0	xs.c
2388	_freeru	221520	1	0	2	0	xs.c
2389	_pushru	221564	1	0	2	0	xs.c
2390	_freeuselist	221584	1	0	2	0	xs.c
2391	_clearuses	221632	1	0	2	0	xs.c
2392	_finduse	221716	1	0	2	0	xs.c
2393	_findadruse	221804	1	0	2	0	xs.c
2394	_findreguse	221884	1	0	2	0	xs.c
2395	_rmuse	221980	1	0	2	0	xs.c
2396	_rmusei	222312	1	0	2	0	xs.c
2397	_rmbits	222404	1	0	2	0	xs.c
2398	_mvuse	222480	1	0	2	0	xs.c
2399	_clearbits	222608	1	0	2	0	xs.c
2400	_allsaved	222676	1	0	2	0	xs.c
2401	_regmap_init	222716	1	0	2	0	xs.c
2402	_initMD	222788	1	0	2	0	xs.c
2403	_resetMD	222836	1	0	2	0	xs.c
2404	_annexlist	222848	1	0	2	0	xs.c
2405	_doannex	222988	1	0	2	0	xs.c
2406	_reg_find	223048	1	0	2	0	xs.c
2407	_reg_pick	223144	1	0	2	0	xs.c
2408	_reg_alloc	223256	1	0	2	0	xs.c
2409	_reg_build	223440	1	0	2	0	xs.c
2410	_numtomap	223528	1	0	2	0	xs.c
2411	_rset	223600	1	0	2	0	xs.c
2412	_regset	223740	1	0	2	0	xs.c
2413	_ea_walk	223864	1	0	2	0	xs.c
2414	_ea_set	224076	1	0	2	0	xs.c
2415	_ustati	224384	1	0	2	0	xs.c
2416	_ustat	224516	1	0	2	0	xs.c
2417	_uustat	224708	1	0	2	0	xs.c
2418	_set_pref	224752	1	0	2	0	xs.c
2419	_reg_assign	224908	1	0	2	0	xs.c
2420	_grab_reg	226692	1	0	2	0	xs.c
2421	_chgreg	226824	1	0	2	0	xs.c
2422	_reg_construct	227200	1	0	2	0	xs.c
2423	_reg_this_size	227296	1	0	2	0	xs.c
2424	_dereg	227340	1	0	2	0	xs.c
2425	_set_rtab	227416	1	0	2	0	xs.c
2426	_add_rtab	227724	1	0	2	0	xs.c
2427	_lastreg	227972	1	0	2	0	xs.c
2428	_get_rtab	228044	1	0	2	0	xs.c
2429	_rtop	228124	1	0	2	0	xs.c
2430	_checkavail	228212	1	0	2	0	xs.c
2431	_lastref	228368	1	0	2	0	xs.c
2432	_reg_avail	228440	1	0	2	0	xs.c
2433	_reg_steal	228548	1	0	2	0	xs.c
2434	_reg_restore	228700	1	0	2	0	xs.c
2435	_is_stolen	228816	1	0	2	0	xs.c
2436	_reg_occupied	228932	1	0	2	0	xs.c
2437	_clearmap	229008	1	0	2	0	xs.c
2438	_reguse_refsleft	229404	1	0	2	0	xs.c
2439	_regrefsleft	229468	1	0	2	0	xs.c
2440	_move_reg	229544	1	0	2	0	xs.c
2441	_is_eaopnd	229724	1	0	2	0	xs.c
2442	_seg_pos	229776	1	0	2	0	xs.c
2443	_ea_free	229844	1	0	2	0	xs.c
2444	_freestandard	229976	1	0	2	0	xs.c
2445	_freespecial	230284	1	0	2	0	xs.c
2446	_freemarknode	230608	1	0	2	0	xs.c
2447	_dstrmarknode	231088	1	0	2	0	xs.c
2448	_clearcopies	231472	1	0	2	0	xs.c
2449	_dstrmark	231588	1	0	2	0	xs.c
2450	_freemark	232220	1	0	2	0	xs.c
2451	_clear_saved	232552	1	0	2	0	xs.c
2452	_ea_freea	232620	1	0	2	0	xs.c
2453	_live_inreg	232772	1	0	2	0	xs.c
2454	_live_efad	233152	1	0	2	0	xs.c
2455	_is_locked	233280	1	0	2	0	xs.c
2456	_is_segreg	233412	1	0	2	0	xs.c
2457	_constrain_addreg	233452	1	0	2	0	xs.c
2458	_constrain_inreg	233820	1	0	2	0	xs.c
2459	_rmuseintree	234176	1	0	2	0	xs.c
2460	_advancemark	234288	1	0	2	0	xs.c
2461	_advanceseq	234424	1	0	2	0	xs.c
2462	_dis_inreg	234484	1	0	2	0	xs.c
2463	_un_inreg	234896	1	0	2	0	xs.c
2464	_dec_refcnt	235016	1	0	2	0	xs.c
2465	_nodeintree	235388	1	0	2	0	xs.c
2466	_eqnode	235576	1	0	2	0	xs.c
2467	_eqreg	235652	1	0	2	0	xs.c
2468	_dontspill	235736	1	0	2	0	xs.c
2469	_alternative	235940	1	0	2	0	xs.c
2470	_checkrematch	236180	1	0	2	0	xs.c
2471	_chkupd	236316	1	0	2	0	xs.c
2472	_newlyinreg	236500	1	0	2	0	xs.c
2473	_upd_busy	236624	1	0	2	0	xs.c
2474	_regno	237052	1	0	2	0	xs.c
2475	_opndofs	237116	1	0	2	0	xs.c
2476	_rew_half	237164	1	0	2	0	xs.c
2477	_regstring	238368	1	0	2	0	xs.c
2478	_uses_segreg	238456	1	0	2	0	xs.c
2479	_spillee	238656	1	0	2	0	xs.c
2480	_spiller	239348	1	0	2	0	xs.c
2481	_abandon	242912	1	0	2	0	xs.c
2482	_spill	243148	1	0	2	0	xs.c
2483	_un_inreg_walk	243308	1	0	2	0	xs.c
2484	_rew_lmem	243400	1	0	2	0	xs.c
2485	_rew_mem	243964	1	0	2	0	xs.c
2486	_fix_pair	243984	1	0	2	0	xs.c
2487	_fix_halflong	244120	1	0	2	0	xs.c
2488	_rew_inreg	244416	1	0	2	0	xs.c
2489	_spill_look	244548	1	0	2	0	xs.c
2490	_spill_track	244652	1	0	2	0	xs.c
2491	_spill_untrack	244724	1	0	2	0	xs.c
2492	_clear_effaddr	244860	1	0	2	0	xs.c
2493	_spill_reg	245008	1	0	2	0	xs.c
2494	_do_spill	245052	1	0	2	0	xs.c
2495	_clr_except	245284	1	0	2	0	xs.c
2496	_regisin	245996	1	0	2	0	xs.c
2497	_spilllist	246128	1	0	2	0	xs.c
2498	_loadargs	246400	1	0	2	0	xs.c
2499	_InitGlobCSEReg	247684	1	0	2	0	xs.c
2500	_SetGlobCSEReg	247740	1	0	2	0	xs.c
2501	_IsGlobCSEReg	248112	1	0	2	0	xs.c
2502	_FinishGlobCSEInit	248264	1	0	2	0	xs.c
2503	_chkmap	248332	1	0	2	0	xs.c
2504	_mch	248424	1	0	2	0	xs.c
2505	_printreg	248476	1	0	2	0	xs.c
2506	_mypreg	248768	1	0	2	0	xs.c
2507	_pruse	248876	1	0	2	0	xs.c
2508	_dumpreg	249196	1	0	2	0	xs.c
2509	_prhashtab	249436	1	0	2	0	xs.c
2510	_prhist	249528	1	0	2	0	xs.c
2511	_propndi	249644	1	0	2	0	xs.c
2512	_propnd	250064	1	0	2	0	xs.c
2513	_FltChr	250096	1	0	2	0	xs.c
2514	_FltSize	250172	1	0	2	0	xs.c
2515	_maclook	250244	1	0	2	0	xs.c
2516	_condlook	250300	1	0	2	0	xs.c
2517	_mactext	250340	1	0	2	0	xs.c
2518	_libname	250404	1	0	2	0	xs.c
2519	_opcall	250600	1	0	2	0	xs.c
2520	_fop	251260	1	0	2	0	xs.c
2521	_cseopt	251360	1	0	2	0	xs.c
2522	_csecheck	251500	1	0	2	0	xs.c
2523	_csech0	252240	1	0	2	0	xs.c
2524	_csech1	252340	1	0	2	0	xs.c
2525	_csech2	252684	1	0	2	0	xs.c
2526	_loc_hash	253176	1	0	2	0	xs.c
2527	_put_mark	253300	1	0	2	0	xs.c
2528	_update_lastuses	253628	1	0	2	0	xs.c
2529	_rstores	253856	1	0	2	0	xs.c
2530	_extr_val	254348	1	0	2	0	xs.c
2531	_extr_gval	254416	1	0	2	0	xs.c
2532	_rst_find	254488	1	0	2	0	xs.c
2533	_csekill	254532	1	0	2	0	xs.c
2534	_cse_dkill	254916	1	0	2	0	xs.c
2535	_dag_mark	255164	1	0	2	0	xs.c
2536	_hash_find	255544	1	0	2	0	xs.c
2537	_hash_insert	255792	1	0	2	0	xs.c
2538	_syn_find	256164	1	0	2	0	xs.c
2539	_asyn_find	256388	1	0	2	0	xs.c
2540	_cse_interference	256512	1	0	2	0	xs.c
2541	_is_sym_global	257040	1	0	2	0	xs.c
2542	_is_global	257136	1	0	2	0	xs.c
2543	_safe_local	257176	1	0	2	0	xs.c
2544	_unsafe_var	257236	1	0	2	0	xs.c
2545	_makeextract	257276	1	0	2	0	xs.c
2546	_upd_mark	257336	1	0	2	0	xs.c
2547	_ins_mark	257376	1	0	2	0	xs.c
2548	_update_flow	257408	1	0	2	0	xs.c
2549	_find_par	257568	1	0	2	0	xs.c
2550	_csedump	257676	1	0	2	0	xs.c
2551	_valdump	257748	1	0	2	0	xs.c
2552	_csebvc	257828	1	0	2	0	xs.c
2553	_loc_attrib	258040	1	0	2	0	xs.c
2554	_glob_hash	258188	1	0	2	0	xs.c
2555	_smartdup	258852	1	0	2	0	xs.c
2556	_clear_glob_hash	259040	1	0	2	0	xs.c
2557	_build_ghash	259088	1	0	2	0	xs.c
2558	_build_ghash1	259112	1	0	2	0	xs.c
2559	_gkillmsk	259400	1	0	2	0	xs.c
2560	_killamask	259596	1	0	2	0	xs.c
2561	_extr_extr_mask	259796	1	0	2	0	xs.c
2562	_is_altered	259908	1	0	2	0	xs.c
2563	_hybvalmatch	259972	1	0	2	0	xs.c
2564	_nmduptree	260068	1	0	2	0	xs.c
2565	_mduptree	260188	1	0	2	0	xs.c
2566	_dumpstr	260304	1	0	2	0	xs.c
2567	_pr_cc	260556	1	0	2	0	xs.c
2568	_pr_s	260628	1	0	2	0	xs.c
2569	_ov_check	260652	1	0	2	0	xs.c
2570	_ov_call	261068	1	0	2	0	xs.c
2571	_emit_ov_call	261200	1	0	2	0	xs.c
2572	_emit_check	261272	1	0	2	0	xs.c
2573	_opnd_check	261544	1	0	2	0	xs.c
2574	_reginopnd	262072	1	0	2	0	xs.c
2575	_cc_su	262212	1	0	2	0	xs.c
2576	_cc_tst	262276	1	0	2	0	xs.c
2577	_cc_unsign	262360	1	0	2	0	xs.c
2578	_addeq	262436	1	0	2	0	xs.c
2579	_noeq	262500	1	0	2	0	xs.c
2580	_is_branch	262564	1	0	2	0	xs.c
2581	_hi_low	262608	1	0	2	0	xs.c
2582	_hireg	263376	1	0	2	0	xs.c
2583	_bininst	263552	1	0	2	0	xs.c
2584	_genmov	263648	1	0	2	0	xs.c
2585	_si_di_setup	263888	1	0	2	0	xs.c
2586	_increg	264924	1	0	2	0	xs.c
2587	_strcopy	264960	1	0	2	0	xs.c
2588	_inc_and_mov	265356	1	0	2	0	xs.c
2589	_restore_ds	265452	1	0	2	0	xs.c
2590	_setcx	265496	1	0	2	0	xs.c
2591	_gen_movs	265608	1	0	2	0	xs.c
2592	_set_seg	265776	1	0	2	0	xs.c
2593	_put_lea	266056	1	0	2	0	xs.c
2594	_pupo	266304	1	0	2	0	xs.c
2595	_noexpand	266356	1	0	2	0	xs.c
2596	_getlr	266380	1	0	2	0	xs.c
2597	_patchname	266528	1	0	2	0	xs.c
2598	_pril	266688	1	0	2	0	xs.c
2599	_pri	266704	1	0	2	0	xs.c
2600	_xpril	266732	1	0	2	0	xs.c
2601	_printnode	266864	1	0	2	0	xs.c
2602	_prtl	269080	1	0	2	0	xs.c
2603	_prtls	269120	1	0	2	0	xs.c
2604	_prbl	269184	1	0	2	0	xs.c
2605	_prblinfo	269244	1	0	2	0	xs.c
2606	_prbl1s	269480	1	0	2	0	xs.c
2607	_prilblk	269512	1	0	2	0	xs.c
2608	_dbgprint	269552	1	0	2	0	xs.c
2609	_dbgprint_internal	269600	1	0	2	0	xs.c
2610	_scr	269708	1	0	2	0	xs.c
2611	_is_predefined	269968	1	0	2	0	xs.c
2612	_SetNearFarFrame	270004	1	0	2	0	xs.c
2613	_getsym	270088	1	0	2	0	xs.c
2614	_initsym	273668	1	0	2	0	xs.c
2615	_init0sym	273708	1	0	2	0	xs.c
2616	_symadd	273748	1	0	2	0	xs.c
2617	_freesym	273824	1	0	2	0	xs.c
2618	_write_symtab	273920	1	0	2	0	xs.c
2619	_debugsyms	273980	1	0	2	0	xs.c
2620	_param_recurse	274168	1	0	2	0	xs.c
2621	_symlook	274228	1	0	2	0	xs.c
2622	_prssr	274336	1	0	2	0	xs.c
2623	_prsymtab	275100	1	0	2	0	xs.c
2624	_newlabel	275260	1	0	2	0	xs.c
2625	_newname	275356	1	0	2	0	xs.c
2626	_newdummy	275576	1	0	2	0	xs.c
2627	_getsmem	275600	1	0	2	0	xs.c
2628	_endp2	275628	1	0	2	0	xs.c
2629	_ProcessInitBlock	275644	1	0	2	0	xs.c
2630	_alloc_init_syms	275696	1	0	2	0	xs.c
2631	_getvalues	275916	1	0	2	0	xs.c
2632	_helpsym	276500	1	0	2	0	xs.c
2633	_chkplmnf	276928	1	0	2	0	xs.c
2634	_ail_locsym	277036	1	0	2	0	xs.c
2635	_pool_init	277696	1	0	2	0	xs.c
2636	_getmem	277700	1	0	2	0	xs.c
2637	_sgetmem	278012	1	0	2	0	xs.c
2638	_pool_malloc	278168	1	0	2	0	xs.c
2639	_freemem	278232	1	0	2	0	xs.c
2640	_freelst	278356	1	0	2	0	xs.c
2641	_palloc	278416	1	0	2	0	xs.c
2642	_pstrdup	278472	1	0	2	0	xs.c
2643	_cpybuf	278520	1	0	2	0	xs.c
2644	_memstats	278560	1	0	2	0	xs.c
2645	_mem_print	278644	1	0	2	0	xs.c
2646	_poolcount	278768	1	0	2	0	xs.c
2647	_mem_check	278792	1	0	2	0	xs.c
2648	_gencode	279088	1	0	2	0	xs.c
2649	_genlink	279168	1	0	2	0	xs.c
2650	_generate	279780	1	0	2	0	xs.c
2651	_rereg	281916	1	0	2	0	xs.c
2652	_rerc	282352	1	0	2	0	xs.c
2653	_reext	282496	1	0	2	0	xs.c
2654	_findchild	282760	1	0	2	0	xs.c
2655	_findparent	282976	1	0	2	0	xs.c
2656	_child	283012	1	0	2	0	xs.c
2657	_parent	283220	1	0	2	0	xs.c
2658	_split_mark	283276	1	0	2	0	xs.c
2659	_numargs	283344	1	0	2	0	xs.c
2660	_refsleft	283420	1	0	2	0	xs.c
2661	_foldreg	283496	1	0	2	0	xs.c
2662	_indent	283672	1	0	2	0	xs.c
2663	_prpnode	283708	1	0	2	0	xs.c
2664	_genln	283948	1	0	2	0	xs.c
2665	_is_genln	284076	1	0	2	0	xs.c
2666	_preg	284144	1	0	2	0	xs.c
2667	_dumpn	284368	1	0	2	0	xs.c
2668	_setc	284452	1	0	2	0	xs.c
2669	_perr	284468	1	0	2	0	xs.c
2670	_setflags	284552	1	0	2	0	xs.c
2671	_addflag	284732	1	0	2	0	xs.c
2672	_conexec	284752	1	0	2	0	xs.c
2673	_ifdb	284784	1	0	2	0	xs.c
2674	_PANIC	284800	1	0	2	0	xs.c
2675	_assertloop	284888	1	0	2	0	xs.c
2676	_assert	284924	1	0	2	0	xs.c
2677	_assertm	284980	1	0	2	0	xs.c
2678	_expect	285040	1	0	2	0	xs.c
2679	_prof_start	285088	1	0	2	0	xs.c
2680	_prof_end	285092	1	0	2	0	xs.c
2681	_codegen	285104	1	0	2	0	xs.c
2682	_tokpush	286700	1	0	2	0	xs.c
2683	_tokinit	286764	1	0	2	0	xs.c
2684	_xxdump	286776	1	0	2	0	xs.c
2685	_get_index	286888	1	0	2	0	xs.c
2686	_ppop	286984	1	0	2	0	xs.c
2687	_constrmatch	287072	1	0	2	0	xs.c
2688	_addr_spill	287480	1	0	2	0	xs.c
2689	_which_reg	287752	1	0	2	0	xs.c
2690	_half_const	287924	1	0	2	0	xs.c
2691	_oktomultipush	288144	1	0	2	0	xs.c
2692	_regtocnstr	288172	1	0	2	0	xs.c
2693	_worth_tworeg	288340	1	0	2	0	xs.c
2694	_worthit	288468	1	0	2	0	xs.c
2695	_doescc	288648	1	0	2	0	xs.c
2696	_xxcondition	288728	1	0	2	0	xs.c
2697	_xxaction	300480	1	0	2	0	xs.c
2698	_chread	302560	1	0	2	0	xs.c
2699	_keyread	302600	1	0	2	0	xs.c
2700	_shread	302708	1	0	2	0	xs.c
2701	_loread	302872	1	0	2	0	xs.c
2702	_flread	303124	1	0	2	0	xs.c
2703	_doread	303156	1	0	2	0	xs.c
2704	_rtread	303208	1	0	2	0	xs.c
2705	_zsread	303260	1	0	2	0	xs.c
2706	_lsread	303352	1	0	2	0	xs.c
2707	_lsignore	303460	1	0	2	0	xs.c
2708	_buff_check	303536	1	0	2	0	xs.c
2709	_il_file	303556	1	0	2	0	xs.c
2710	_werr	303700	1	0	2	0	xs.c
2711	_matchtree	303792	1	0	2	0	xs.c
2712	_matchtreetypeless	303864	1	0	2	0	xs.c
2713	_mtchtree	303904	1	0	2	0	xs.c
2714	_findtree	304848	1	0	2	0	xs.c
2715	_findtree_internal	304872	1	0	2	0	xs.c
2716	_lmatchesr	305036	1	0	2	0	xs.c
2717	_eqmap	305088	1	0	2	0	xs.c
2718	_constant	305192	1	0	2	0	xs.c
2719	_datalength	305212	1	0	2	0	xs.c
2720	_duptree	305388	1	0	2	0	xs.c
2721	_init_tmphead	305520	1	0	2	0	xs.c
2722	_maketemp	305532	1	0	2	0	xs.c
2723	_treetemp	305592	1	0	2	0	xs.c
2724	_treesymtemp	305624	1	0	2	0	xs.c
2725	_get_temp	305708	1	0	2	0	xs.c
2726	_free_temps	305848	1	0	2	0	xs.c
2727	_reuse_temps	305964	1	0	2	0	xs.c
2728	_is_local	306020	1	0	2	0	xs.c
2729	_eatmark	306080	1	0	2	0	xs.c
2730	_ispure	306096	1	0	2	0	xs.c
2731	_ispure_nogsrc	306136	1	0	2	0	xs.c
2732	_purewart	306172	1	0	2	0	xs.c
2733	_makelabel	306276	1	0	2	0	xs.c
2734	_noeffect	306328	1	0	2	0	xs.c
2735	_noeffect_hoist	306420	1	0	2	0	xs.c
2736	_noeffect_tree	306444	1	0	2	0	xs.c
2737	_noeffect_optimize	306652	1	0	2	0	xs.c
2738	_fruitless	306996	1	0	2	0	xs.c
2739	_ovsum	307440	1	0	2	0	xs.c
2740	_typer	307508	1	0	2	0	xs.c
2741	_bitextract	307512	1	0	2	0	xs.c
2742	_bitassign	307768	1	0	2	0	xs.c
2743	_prtemps	307976	1	0	2	0	xs.c
2744	_makelist	308032	1	0	2	0	xs.c
2745	_findnode	309140	1	0	2	0	xs.c
2746	_skipcvtmark	309240	1	0	2	0	xs.c
2747	_canon_except	309280	1	0	2	0	xs.c
2748	_canon_except_bu	312108	1	0	2	0	xs.c
2749	_resetsp	312240	1	0	2	0	xs.c
2750	_savesp	312340	1	0	2	0	xs.c
2751	_allocsavesp	312424	1	0	2	0	xs.c
2752	_unwindcall	312460	1	0	2	0	xs.c
2753	_error	312624	1	0	2	0	xs.c
2754	_fatal	312700	1	0	2	0	xs.c
2755	_warning	312776	1	0	2	0	xs.c
2756	_message	312868	1	0	2	0	xs.c
2757	_print	313300	1	0	2	0	xs.c
2758	_format	313372	1	0	2	0	xs.c
2759	_do_format	313396	1	0	2	0	xs.c
2760	_close_all	313612	1	0	2	0	xs.c
2761	_chwrite	313680	1	0	2	0	xs.c
2762	_shwrite	313736	1	0	2	0	xs.c
2763	_keywrite	313968	1	0	2	0	xs.c
2764	_lowrite	314080	1	0	2	0	xs.c
2765	_flwrite	314420	1	0	2	0	xs.c
2766	_dowrite	314444	1	0	2	0	xs.c
2767	_rtwrite	314468	1	0	2	0	xs.c
2768	_zswrite	314492	1	0	2	0	xs.c
2769	_lswrite	314524	1	0	2	0	xs.c
2770	__chkstk	314576	1	0	2	0	xs.c
2771	__close	314624	1	0	2	0	xs.c
2772	_CloseHandle	314752	1	0	2	0	xs.c
2773	_GetLastError	314758	1	0	2	0	xs.c
2774	__status87	314764	1	0	2	0	xs.c
2775	__clear87	314780	1	0	2	0	xs.c
2776	__control87	314800	1	0	2	0	xs.c
2777	__cinit	314860	1	0	2	0	xs.c
2778	_exit	315084	1	0	2	0	xs.c
2779	__exit	315104	1	0	2	0	xs.c
2780	__cexit	315124	1	0	2	0	xs.c
2781	__c_exit	315140	1	0	2	0	xs.c
2782	_ExitProcess	315308	1	0	2	0	xs.c
2783	_GetFileType	315314	1	0	2	0	xs.c
2784	_GetStdHandle	315320	1	0	2	0	xs.c
2785	__dosmaperr	315326	1	0	2	0	xs.c
2786	__except_handler	315454	1	0	2	0	xs.c
2787	__global_unwind	315552	1	0	2	0	xs.c
2788	__local_unwind	315552	1	0	2	0	xs.c
2789	_DbgPrint	315582	1	0	2	0	xs.c
2790	_RtlUnwind	315588	1	0	2	0	xs.c
2791	__filbuf	315594	1	0	2	0	xs.c
2792	__flsbuf	315770	1	0	2	0	xs.c
2793	__fpmath	316074	1	0	2	0	xs.c
2794	__fpclear	316082	1	0	2	0	xs.c
2795	__cfltcvt_init	316086	1	0	2	0	xs.c
2796	__forcdecpt	316138	1	0	2	0	xs.c
2797	__cropzeros	316254	1	0	2	0	xs.c
2798	__positive	316366	1	0	2	0	xs.c
2799	__fassign	316398	1	0	2	0	xs.c
2800	__cftoe	316466	1	0	2	0	xs.c
2801	__cftof	316854	1	0	2	0	xs.c
2802	__cftog	317190	1	0	2	0	xs.c
2803	__cfltcvt	317382	1	0	2	0	xs.c
2804	__atold	317514	1	0	2	0	xs.c
2805	___STRINGTOLD	317562	1	0	2	0	xs.c
2806	___addl	319034	1	0	2	0	xs.c
2807	___add_12	319110	1	0	2	0	xs.c
2808	___shl_12	319238	1	0	2	0	xs.c
2809	___shr_12	319318	1	0	2	0	xs.c
2810	___mtold12	319410	1	0	2	0	xs.c
2811	___ld12mul	319674	1	0	2	0	xs.c
2812	___multtenpow12	320294	1	0	2	0	xs.c
2813	__fltout	320426	1	0	2	0	xs.c
2814	_$I10_OUTPUT	320538	1	0	2	0	xs.c
2815	___dtold	321482	1	0	2	0	xs.c
2816	___ldtod	321750	1	0	2	0	xs.c
2817	__fptostr	322106	1	0	2	0	xs.c
2818	__fptrap	322250	1	0	2	0	xs.c
2819	_mainCRTStartup	322266	1	0	2	0	xs.c
2820	__amsg_exit	322662	1	0	2	0	xs.c
2821	_GetCommandLineA	322698	1	0	2	0	xs.c
2822	_GetEnvironmentStrings	322704	1	0	2	0	xs.c
2823	_GetStartupInfoA	322710	1	0	2	0	xs.c
2824	_GetVersion	322716	1	0	2	0	xs.c
2825	_UnhandledExceptionFilter	322722	1	0	2	0	xs.c
2826	__FF_MSGBANNER	322728	1	0	2	0	xs.c
2827	__NMSG_WRITE	322772	1	0	2	0	xs.c
2828	_WriteFile	322888	1	0	2	0	xs.c
2829	__alloc_osfhnd	322894	1	0	2	0	xs.c
2830	__set_osfhnd	322958	1	0	2	0	xs.c
2831	__free_osfhnd	323082	1	0	2	0	xs.c
2832	__get_osfhandle	323214	1	0	2	0	xs.c
2833	__open_osfhandle	323274	1	0	2	0	xs.c
2834	_SetStdHandle	323438	1	0	2	0	xs.c
2835	__getbuf	323444	1	0	2	0	xs.c
2836	_fflush	323524	1	0	2	0	xs.c
2837	__flush	323600	1	0	2	0	xs.c
2838	__flushall	323716	1	0	2	0	xs.c
2839	__endstdio	323852	1	0	2	0	xs.c
2840	__commit	323876	1	0	2	0	xs.c
2841	_FlushFileBuffers	323988	1	0	2	0	xs.c
2842	__fcloseall	323994	1	0	2	0	xs.c
2843	__heap_init	324042	1	0	2	0	xs.c
2844	__heap_grow_emptylist	324062	1	0	2	0	xs.c
2845	_VirtualAlloc	324138	1	0	2	0	xs.c
2846	__heap_abort	324144	1	0	2	0	xs.c
2847	__isatty	324160	1	0	2	0	xs.c
2848	__lseek	324208	1	0	2	0	xs.c
2849	_SetFilePointer	324336	1	0	2	0	xs.c
2850	__read	324342	1	0	2	0	xs.c
2851	_ReadFile	324918	1	0	2	0	xs.c
2852	__setargv	324924	1	0	2	0	xs.c
2853	_GetModuleFileNameA	325468	1	0	2	0	xs.c
2854	__setenvp	325474	1	0	2	0	xs.c
2855	__strdup	325746	1	0	2	0	xs.c
2856	__strupr	325842	1	0	2	0	xs.c
2857	__write	325890	1	0	2	0	xs.c
2858	_atof	326402	1	0	2	0	xs.c
2859	__fltin	326482	1	0	2	0	xs.c
2860	_atol	326690	1	0	2	0	xs.c
2861	_atoi	326810	1	0	2	0	xs.c
2862	_tablook	326834	1	0	2	0	xs.c
2863	_looktab	326870	1	0	2	0	xs.c
2864	_loop_opt	326930	1	0	2	0	xs.c
2865	_only_once	327194	1	0	2	0	xs.c
2866	_dom	327262	1	0	2	0	xs.c
2867	_iter_dom	327286	1	0	2	0	xs.c
2868	_exit_dom	327306	1	0	2	0	xs.c
2869	_is_outer	327410	1	0	2	0	xs.c
2870	_tree_dom	327458	1	0	2	0	xs.c
2871	_jmp_dom	327606	1	0	2	0	xs.c
2872	_loop_type	327714	1	0	2	0	xs.c
2873	_long_lp_cnt	329294	1	0	2	0	xs.c
2874	_invar_chk	329298	1	0	2	0	xs.c
2875	_is_invar	329406	1	0	2	0	xs.c
2876	_invariants	329526	1	0	2	0	xs.c
2877	_inv_tree	330230	1	0	2	0	xs.c
2878	_lift_inv	330678	1	0	2	0	xs.c
2879	_find_op	330954	1	0	2	0	xs.c
2880	_cheap_invar	331050	1	0	2	0	xs.c
2881	_induc_chk	331142	1	0	2	0	xs.c
2882	_only_assign	331494	1	0	2	0	xs.c
2883	_addinduc	331694	1	0	2	0	xs.c
2884	_freeinduc	331850	1	0	2	0	xs.c
2885	_addreduc	331946	1	0	2	0	xs.c
2886	_is_induc	332234	1	0	2	0	xs.c
2887	_is_vinduc	332294	1	0	2	0	xs.c
2888	_strn_reduce	332378	1	0	2	0	xs.c
2889	_find_reduc	333018	1	0	2	0	xs.c
2890	_do_reduc	333710	1	0	2	0	xs.c
2891	_reduc_filter	335186	1	0	2	0	xs.c
2892	_namediff	335238	1	0	2	0	xs.c
2893	_make_addop	335574	1	0	2	0	xs.c
2894	_can_fold_induc	335610	1	0	2	0	xs.c
2895	_addinind	335950	1	0	2	0	xs.c
2896	_makeloopcnt	336094	1	0	2	0	xs.c
2897	_blkmove	336290	1	0	2	0	xs.c
2898	_bm_induc_expr	337018	1	0	2	0	xs.c
2899	_chk_depend	337386	1	0	2	0	xs.c
2900	_rminduc	337722	1	0	2	0	xs.c
2901	_dead_on_exit	338058	1	0	2	0	xs.c
2902	_incr_val	338234	1	0	2	0	xs.c
2903	_ind_remove	338314	1	0	2	0	xs.c
2904	_lftr	338638	1	0	2	0	xs.c
2905	_upper_bnd_ok	339146	1	0	2	0	xs.c
2906	_cvt_to_lcnt	339394	1	0	2	0	xs.c
2907	_dead_loop	339838	1	0	2	0	xs.c
2908	_loop_remove	340074	1	0	2	0	xs.c
2909	_remove_blk	340218	1	0	2	0	xs.c
2910	_remove_blk_flow	340386	1	0	2	0	xs.c
2911	_loop_cleanup	340546	1	0	2	0	xs.c
2912	_header_cse	340802	1	0	2	0	xs.c
2913	_undagify	341718	1	0	2	0	xs.c
2914	_undag1	341802	1	0	2	0	xs.c
2915	_head_cprop	342090	1	0	2	0	xs.c
2916	_tl_of	342394	1	0	2	0	xs.c
2917	_bl_of	342414	1	0	2	0	xs.c
2918	_ghashdump	342486	1	0	2	0	xs.c
2919	_prghbit	342558	1	0	2	0	xs.c
2920	_prbbv	342638	1	0	2	0	xs.c
2921	_prbdom	342734	1	0	2	0	xs.c
2922	_prfg	342794	1	0	2	0	xs.c
2923	_prflow	342830	1	0	2	0	xs.c
2924	_prinduc	342974	1	0	2	0	xs.c
2925	_inddump	343034	1	0	2	0	xs.c
2926	_prreduc	343074	1	0	2	0	xs.c
2927	_reddump	343170	1	0	2	0	xs.c
2928	_prloop	343210	1	0	2	0	xs.c
2929	_bvtally	343262	1	0	2	0	xs.c
2930	_global_opt	343622	1	0	2	0	xs.c
2931	_grstores	343794	1	0	2	0	xs.c
2932	_gcprop	344234	1	0	2	0	xs.c
2933	_gcse	344550	1	0	2	0	xs.c
2934	_gcprop_tr	344666	1	0	2	0	xs.c
2935	_gcse1	345194	1	0	2	0	xs.c
2936	_gcse2	345470	1	0	2	0	xs.c
2937	_find_cp_srcs	345862	1	0	2	0	xs.c
2938	_find_init	346102	1	0	2	0	xs.c
2939	_last_asg	346226	1	0	2	0	xs.c
2940	_addmark	346306	1	0	2	0	xs.c
2941	_no_mark	346362	1	0	2	0	xs.c
2942	_fixbits	346378	1	0	2	0	xs.c
2943	_fixbits1	346446	1	0	2	0	xs.c
2944	_clear_visited	346474	1	0	2	0	xs.c
2945	_fixbits2	346590	1	0	2	0	xs.c
2946	_unfixbits	346878	1	0	2	0	xs.c
2947	_gh_enter	347010	1	0	2	0	xs.c
2948	_hgh_enter	347042	1	0	2	0	xs.c
2949	_gh_fix	347250	1	0	2	0	xs.c
2950	_hoist_glob_marks	347274	1	0	2	0	xs.c
2951	_bits_of	347466	1	0	2	0	xs.c
2952	_nmoptimize	347574	1	0	2	0	xs.c
2953	_extend_bvs	347610	1	0	2	0	xs.c
2954	_calc_alt	347842	1	0	2	0	xs.c
2955	_calc_pant	347998	1	0	2	0	xs.c
2956	_p_uminus	348030	1	0	2	0	xs.c
2957	_calc_lpant	348058	1	0	2	0	xs.c
2958	_lp_uminus	348090	1	0	2	0	xs.c
2959	_calc_ss	348118	1	0	2	0	xs.c
2960	_ss_uminus	348146	1	0	2	0	xs.c
2961	_calc_pcomm	348174	1	0	2	0	xs.c
2962	_calc_av	348486	1	0	2	0	xs.c
2963	_calc_ant	348982	1	0	2	0	xs.c
2964	_children0	349330	1	0	2	0	xs.c
2965	_children	349498	1	0	2	0	xs.c
2966	_init_NDP	349682	1	0	2	0	xs.c
2967	_init_fpcache	350210	1	0	2	0	xs.c
2968	_set_fpreg_tolock	350278	1	0	2	0	xs.c
2969	_set_fpreg_toclr	350426	1	0	2	0	xs.c
2970	_find_fp	350682	1	0	2	0	xs.c
2971	_find_fp_reg	350814	1	0	2	0	xs.c
2972	_kick_NDP	350934	1	0	2	0	xs.c
2973	_fld_fpreg	351370	1	0	2	0	xs.c
2974	_fld_regvar	351574	1	0	2	0	xs.c
2975	_pop_fpreg	351774	1	0	2	0	xs.c
2976	_commit_fp	351978	1	0	2	0	xs.c
2977	_clearmap_fp	352030	1	0	2	0	xs.c
2978	_reflreg	352082	1	0	2	0	xs.c
2979	_do_reflreg	352250	1	0	2	0	xs.c
2980	_rew_extrmem	352470	1	0	2	0	xs.c
2981	_handle_firstreg	353210	1	0	2	0	xs.c
2982	_ffree_map	353454	1	0	2	0	xs.c
2983	_fxch_map	353618	1	0	2	0	xs.c
2984	_ndp_level	353810	1	0	2	0	xs.c
2985	_patch_fpregs	353834	1	0	2	0	xs.c
2986	_hi_fp	354078	1	0	2	0	xs.c
2987	_next_fp	354146	1	0	2	0	xs.c
2988	_fixdfpreg	354214	1	0	2	0	xs.c
2989	_is_fpreg	354262	1	0	2	0	xs.c
2990	_do_fpspill	354326	1	0	2	0	xs.c
2991	_newunl	354510	1	0	2	0	xs.c
2992	_freeunl	354590	1	0	2	0	xs.c
2993	_pushunl	354614	1	0	2	0	xs.c
2994	_popunl	354638	1	0	2	0	xs.c
2995	_unloadfp	354698	1	0	2	0	xs.c
2996	_reloadfp	355534	1	0	2	0	xs.c
2997	_spill_enregd_var	355902	1	0	2	0	xs.c
2998	_spill_base	356170	1	0	2	0	xs.c
2999	_reload_all_enregd_vars	356338	1	0	2	0	xs.c
3000	_reload_fpregvar	356566	1	0	2	0	xs.c
3001	_sort_fpregs	356878	1	0	2	0	xs.c
3002	_enregd_level	357222	1	0	2	0	xs.c
3003	_spill_partial	357342	1	0	2	0	xs.c
3004	_c_fstp	357442	1	0	2	0	xs.c
3005	_c_fldt	357514	1	0	2	0	xs.c
3006	_c_fxch	357562	1	0	2	0	xs.c
3007	_c_fdup	357606	1	0	2	0	xs.c
3008	_c_fld_reg	357694	1	0	2	0	xs.c
3009	_c_ffree	357738	1	0	2	0	xs.c
3010	_c_fldz	357782	1	0	2	0	xs.c
3011	_c_fstp0	357818	1	0	2	0	xs.c
3012	_c_fst	357854	1	0	2	0	xs.c
3013	_c_soft_fls	357910	1	0	2	0	xs.c
3014	_is_inorder	358002	1	0	2	0	xs.c
3015	_prfpreg	358130	1	0	2	0	xs.c
3016	_dfpreg	358222	1	0	2	0	xs.c
3017	_drv	358370	1	0	2	0	xs.c
3018	_sanity_check_fpregs	358590	1	0	2	0	xs.c
3019	_dunlstack	358766	1	0	2	0	xs.c
3020	_cnstrpush	358834	1	0	2	0	xs.c
3021	_cnstrpop	358890	1	0	2	0	xs.c
3022	_constr	358934	1	0	2	0	xs.c
3023	_constrdepth	358946	1	0	2	0	xs.c
3024	_constrindex	358962	1	0	2	0	xs.c
3025	_shorten	359002	1	0	2	0	xs.c
3026	_maybereg	359042	1	0	2	0	xs.c
3027	_maybeimmed	359134	1	0	2	0	xs.c
3028	_doesnt_force	359214	1	0	2	0	xs.c
3029	_comma_is	359402	1	0	2	0	xs.c
3030	_needs_ax	359438	1	0	2	0	xs.c
3031	_wants_ax	359986	1	0	2	0	xs.c
3032	_is_mconst	360110	1	0	2	0	xs.c
3033	_notemp	360138	1	0	2	0	xs.c
3034	_maybe_half	360174	1	0	2	0	xs.c
3035	_is_ndreg	360218	1	0	2	0	xs.c
3036	_is_anyndreg	360250	1	0	2	0	xs.c
3037	_is_ndreg_internal	360338	1	0	2	0	xs.c
3038	_colonpush	360578	1	0	2	0	xs.c
3039	_convert	360674	1	0	2	0	xs.c
3040	_coerce	361070	1	0	2	0	xs.c
3041	_max_type	361606	1	0	2	0	xs.c
3042	_remove_longaddr	361898	1	0	2	0	xs.c
3043	_typenode	361986	1	0	2	0	xs.c
3044	_typeintrinsicarg	364926	1	0	2	0	xs.c
3045	_reserve_reg	365394	1	0	2	0	xs.c
3046	_toocheap	365526	1	0	2	0	xs.c
3047	_cheapmode	365830	1	0	2	0	xs.c
3048	_regsize	366138	1	0	2	0	xs.c
3049	_constrain	366214	1	0	2	0	xs.c
3050	_sucomp	367154	1	0	2	0	xs.c
3051	_order	368830	1	0	2	0	xs.c
3052	_ltor	368890	1	0	2	0	xs.c
3053	_rtol	368942	1	0	2	0	xs.c
3054	_rtol2	369030	1	0	2	0	xs.c
3055	_cqdef_update	369130	1	0	2	0	xs.c
3056	_cqref_update	369230	1	0	2	0	xs.c
3057	_numinregs	369278	1	0	2	0	xs.c
3058	_sufuncalc	369514	1	0	2	0	xs.c
3059	_type_args	369666	1	0	2	0	xs.c
3060	_node_len	369910	1	0	2	0	xs.c
3061	_new_op	369982	1	0	2	0	xs.c
3062	_freeargs	370070	1	0	2	0	xs.c
3063	_find_temp	370122	1	0	2	0	xs.c
3064	_build_lentree	370214	1	0	2	0	xs.c
3065	_attach_len	370270	1	0	2	0	xs.c
3066	_do_intrinsic	370298	1	0	2	0	xs.c
3067	_hoist_before_intrinsic	374630	1	0	2	0	xs.c
3068	_in_hst	374662	1	0	2	0	xs.c
3069	_in_cc	374694	1	0	2	0	xs.c
3070	_is_icall	374726	1	0	2	0	xs.c
3071	_in_name	374762	1	0	2	0	xs.c
3072	_expandMD	374786	1	0	2	0	xs.c
3073	_mcondMD	380446	1	0	2	0	xs.c
3074	_leamult	380710	1	0	2	0	xs.c
3075	_multcon	381194	1	0	2	0	xs.c
3076	_multshift	381510	1	0	2	0	xs.c
3077	_lea_or_mov	382706	1	0	2	0	xs.c
3078	_sbbtrick	383034	1	0	2	0	xs.c
3079	_shifttricks	383558	1	0	2	0	xs.c
3080	_helper_size	383562	1	0	2	0	xs.c
3081	_generate_vcall_thunk	383606	1	0	2	0	xs.c
3082	_fclose	383810	1	0	2	0	xs.c
3083	__freebuf	384034	1	0	2	0	xs.c
3084	__itoa	384190	1	0	2	0	xs.c
3085	__ltoa	384234	1	0	2	0	xs.c
3086	__ultoa	384282	1	0	2	0	xs.c
3087	_remove	384306	1	0	2	0	xs.c
3088	__unlink	384366	1	0	2	0	xs.c
3089	_DeleteFileA	384386	1	0	2	0	xs.c
3090	__fsopen	384392	1	0	2	0	xs.c
3091	_fopen	384424	1	0	2	0	xs.c
3092	__getstream	384456	1	0	2	0	xs.c
3093	__openfile	384520	1	0	2	0	xs.c
3094	__open	384824	1	0	2	0	xs.c
3095	__sopen	384848	1	0	2	0	xs.c
3096	_CreateFileA	385608	1	0	2	0	xs.c
3097	_GetFileAttributesA	385614	1	0	2	0	xs.c
3098	_SetEndOfFile	385620	1	0	2	0	xs.c
3099	__access	385626	1	0	2	0	xs.c
3100	__chsize	385722	1	0	2	0	xs.c
3101	__setmode	386058	1	0	2	0	xs.c
3102	_fprintf	386202	1	0	2	0	xs.c
3103	__stbuf	386266	1	0	2	0	xs.c
3104	__ftbuf	386418	1	0	2	0	xs.c
3105	__output	386506	1	0	2	0	xs.c
3106	_fread	388618	1	0	2	0	xs.c
3107	_free	388906	1	0	2	0	xs.c
3108	_fseek	389018	1	0	2	0	xs.c
3109	_ftell	389162	1	0	2	0	xs.c
3110	_fwrite	389514	1	0	2	0	xs.c
3111	_get_err	389850	1	0	2	0	xs.c
3112	_get_msg	389978	1	0	2	0	xs.c
3113	_get_message	390126	1	0	2	0	xs.c
3114	_get_int	390234	1	0	2	0	xs.c
3115	_mark_pos	390298	1	0	2	0	xs.c
3116	_nearest	390382	1	0	2	0	xs.c
3117	_fgets	390506	1	0	2	0	xs.c
3118	_getattrib	390650	1	0	2	0	xs.c
3119	_do_type	392178	1	0	2	0	xs.c
3120	_p2type	392430	1	0	2	0	xs.c
3121	_getenv	392682	1	0	2	0	xs.c
3122	_optimize	392810	1	0	2	0	xs.c
3123	_walk_canon	393114	1	0	2	0	xs.c
3124	_walk_peeps	393266	1	0	2	0	xs.c
3125	_walk_fact	393394	1	0	2	0	xs.c
3126	_walk_fixup	393522	1	0	2	0	xs.c
3127	_opt_canon	393670	1	0	2	0	xs.c
3128	_distrib	394842	1	0	2	0	xs.c
3129	_push_invert	394922	1	0	2	0	xs.c
3130	_neg_const	395002	1	0	2	0	xs.c
3131	_push_convert	395090	1	0	2	0	xs.c
3132	_pop_convert	395686	1	0	2	0	xs.c
3133	_pop_it	396290	1	0	2	0	xs.c
3134	_less_precise	396462	1	0	2	0	xs.c
3135	_in_range	396550	1	0	2	0	xs.c
3136	_opt_vfact	396750	1	0	2	0	xs.c
3137	_fact_var	396866	1	0	2	0	xs.c
3138	_fact_vmult	397286	1	0	2	0	xs.c
3139	_fact_vexp	398034	1	0	2	0	xs.c
3140	_exp_build	398302	1	0	2	0	xs.c
3141	_opt_cfact	398394	1	0	2	0	xs.c
3142	_fact_const	398782	1	0	2	0	xs.c
3143	_rem_const	399310	1	0	2	0	xs.c
3144	_div_const	399534	1	0	2	0	xs.c
3145	_fact_split	399670	1	0	2	0	xs.c
3146	_rem_split	399854	1	0	2	0	xs.c
3147	_fact_unary	400050	1	0	2	0	xs.c
3148	_fact_xor	400210	1	0	2	0	xs.c
3149	_zap_var	400446	1	0	2	0	xs.c
3150	_zap_vwalk	400518	1	0	2	0	xs.c
3151	_opt_peeps	400650	1	0	2	0	xs.c
3152	_zap_cwalk	403850	1	0	2	0	xs.c
3153	_opt_band	404402	1	0	2	0	xs.c
3154	_fold_shift	404522	1	0	2	0	xs.c
3155	_band_val	404970	1	0	2	0	xs.c
3156	_rep_const	405046	1	0	2	0	xs.c
3157	_opt_fixup	405150	1	0	2	0	xs.c
3158	_pop_unary	406474	1	0	2	0	xs.c
3159	_pop_binary	406522	1	0	2	0	xs.c
3160	_fold_name	406618	1	0	2	0	xs.c
3161	_local_fold_neg	406910	1	0	2	0	xs.c
3162	_fold_neg	406950	1	0	2	0	xs.c
3163	_fold_neg_hack	407330	1	0	2	0	xs.c
3164	_nice_neg	407402	1	0	2	0	xs.c
3165	_fold_compl	407706	1	0	2	0	xs.c
3166	_fold_invert	407842	1	0	2	0	xs.c
3167	_const_sign	408158	1	0	2	0	xs.c
3168	_is_pos	408334	1	0	2	0	xs.c
3169	_nop_val	408510	1	0	2	0	xs.c
3170	_nop_const	408694	1	0	2	0	xs.c
3171	_shrink_val	408722	1	0	2	0	xs.c
3172	_int_const	408794	1	0	2	0	xs.c
3173	_is_const	408866	1	0	2	0	xs.c
3174	_new_const	408974	1	0	2	0	xs.c
3175	_StoM	409014	1	0	2	0	xs.c
3176	_log2	409110	1	0	2	0	xs.c
3177	_pushU	409146	1	0	2	0	xs.c
3178	_pushL	409186	1	0	2	0	xs.c
3179	_pushR	409230	1	0	2	0	xs.c
3180	_pushLR	409274	1	0	2	0	xs.c
3181	_popL	409334	1	0	2	0	xs.c
3182	_popR	409378	1	0	2	0	xs.c
3183	_popLR	409422	1	0	2	0	xs.c
3184	_freeL	409474	1	0	2	0	xs.c
3185	_freeR	409550	1	0	2	0	xs.c
3186	_freeS	409594	1	0	2	0	xs.c
3187	_skip1cv	409630	1	0	2	0	xs.c
3188	_longjmp	409690	1	0	2	0	xs.c
3189	_malloc	409696	1	0	2	0	xs.c
3190	__heap_split_block	409848	1	0	2	0	xs.c
3191	__heap_grow	409952	1	0	2	0	xs.c
3192	__heap_grow_region	410208	1	0	2	0	xs.c
3193	__heap_free_region	410420	1	0	2	0	xs.c
3194	_VirtualFree	410512	1	0	2	0	xs.c
3195	__heapadd	410518	1	0	2	0	xs.c
3196	__heap_addblock	410562	1	0	2	0	xs.c
3197	__heap_findaddr	411190	1	0	2	0	xs.c
3198	__heap_search	411318	1	0	2	0	xs.c
3199	_mem_size	411606	1	0	2	0	xs.c
3200	_memchr	411622	1	0	2	0	xs.c
3201	_memcpy	411686	1	0	2	0	xs.c
3202	_memmove	411734	1	0	2	0	xs.c
3203	_memset	411830	1	0	2	0	xs.c
3204	_op_size	411878	1	0	2	0	xs.c
3205	_c_size	412374	1	0	2	0	xs.c
3206	_ea_size	414898	1	0	2	0	xs.c
3207	_imm_size	415178	1	0	2	0	xs.c
3208	_sign_extend	415218	1	0	2	0	xs.c
3209	_our_ltoa	415254	1	0	2	0	xs.c
3210	_printf	415382	1	0	2	0	xs.c
3211	_sumaxset	415446	1	0	2	0	xs.c
3212	_susumset	415522	1	0	2	0	xs.c
3213	_suconflict	415638	1	0	2	0	xs.c
3214	_suheuristics	415826	1	0	2	0	xs.c
3215	_sutovect	415946	1	0	2	0	xs.c
3216	_suhoru	416082	1	0	2	0	xs.c
3217	_suheld	416390	1	0	2	0	xs.c
3218	_suuses	416618	1	0	2	0	xs.c
3219	_sufun	416846	1	0	2	0	xs.c
3220	_regtosuv	416862	1	0	2	0	xs.c
3221	_cnsttovect	417126	1	0	2	0	xs.c
3222	_suinit	417214	1	0	2	0	xs.c
3223	_setavail	417266	1	0	2	0	xs.c
3224	_prsuvect	417354	1	0	2	0	xs.c
3225	_sorttree	417478	1	0	2	0	xs.c
3226	_skipcvt	417766	1	0	2	0	xs.c
3227	_compute_complexity	417886	1	0	2	0	xs.c
3228	_sortassoc	418370	1	0	2	0	xs.c
3229	_sortcomm	418454	1	0	2	0	xs.c
3230	_sortswap	418586	1	0	2	0	xs.c
3231	_relopposite	418666	1	0	2	0	xs.c
3232	_setbuf	418742	1	0	2	0	xs.c
3233	_setjmp	418790	1	0	2	0	xs.c
3234	_setvbuf	418796	1	0	2	0	xs.c
3235	_sprintf	419004	1	0	2	0	xs.c
3236	_sscanf	419116	1	0	2	0	xs.c
3237	__input	419196	1	0	2	0	xs.c
3238	_strcat	421436	1	0	2	0	xs.c
3239	_strcpy	421476	1	0	2	0	xs.c
3240	_strcmp	421516	1	0	2	0	xs.c
3241	_strlen	421596	1	0	2	0	xs.c
3242	_strncmp	421628	1	0	2	0	xs.c
3243	_caseindex	421692	1	0	2	0	xs.c
3244	_cnt_cases	421756	1	0	2	0	xs.c
3245	_gencase	421808	1	0	2	0	xs.c
3246	_emit_label	421852	1	0	2	0	xs.c
3247	_linearsearch	421884	1	0	2	0	xs.c
3248	_jumptable	422108	1	0	2	0	xs.c
3249	_binsearch	422664	1	0	2	0	xs.c
3250	_switch_code	422868	1	0	2	0	xs.c
3251	_switches	423628	1	0	2	0	xs.c
3252	_num_common	423848	1	0	2	0	xs.c
3253	_scale_switch	424128	1	0	2	0	xs.c
3254	_split	424284	1	0	2	0	xs.c
3255	_divide	424556	1	0	2	0	xs.c
3256	_reattach	424732	1	0	2	0	xs.c
3257	_num_const_diff	424820	1	0	2	0	xs.c
3258	_scale_multi_switch	424900	1	0	2	0	xs.c
3259	_determine_scalability	425000	1	0	2	0	xs.c
3260	_tweak_multi_arm	425784	1	0	2	0	xs.c
3261	_signed_short	426300	1	0	2	0	xs.c
3262	_order_on_order	426320	1	0	2	0	xs.c
3263	_reorder	426516	1	0	2	0	xs.c
3264	_collect_cases	426688	1	0	2	0	xs.c
3265	_show	426932	1	0	2	0	xs.c
3266	_card	426996	1	0	2	0	xs.c
3267	_emit_jmp	427052	1	0	2	0	xs.c
3268	_emit_jumptable	427084	1	0	2	0	xs.c
3269	_emit_bcc	427612	1	0	2	0	xs.c
3270	_emit_div	427728	1	0	2	0	xs.c
3271	_emit_sub	428292	1	0	2	0	xs.c
3272	_emit_cmp	428576	1	0	2	0	xs.c
3273	_emit_push	428720	1	0	2	0	xs.c
3274	_emit_pop	428748	1	0	2	0	xs.c
3275	_emit_shift	428776	1	0	2	0	xs.c
3276	_init_reg_cond	429552	1	0	2	0	xs.c
3277	_switch_use_reg	429616	1	0	2	0	xs.c
3278	_switch_free_reg	430012	1	0	2	0	xs.c
3279	_switch_choose_reg	430360	1	0	2	0	xs.c
3280	_adjust_reg	430520	1	0	2	0	xs.c
3281	_emit_mask	430860	1	0	2	0	xs.c
3282	_ungetc	431036	1	0	2	0	xs.c
3283	_vprintf	431148	1	0	2	0	xs.c
3284	_Read_proc	460880	2	0	2	0	xs.c
3285	_Treelist	460884	2	0	2	0	xs.c
3286	_Blklist	460888	2	0	2	0	xs.c
3287	_streamSave	460892	2	0	2	0	xs.c
3288	_Argc	460896	2	0	2	0	xs.c
3289	_Argv	460900	2	0	2	0	xs.c
3290	_Out_o_mem_jmp_buf	460904	2	0	2	0	xs.c
3291	_P2spot	460928	2	0	2	0	xs.c
3292	_Blkend	460932	2	0	2	0	xs.c
3293	_Max_near_heap	460936	2	0	2	0	xs.c
3294	_Loops	460940	2	0	2	0	xs.c
3295	_Max_heap	460944	2	0	2	0	xs.c
3296	_Ghcount	460948	2	0	2	0	xs.c
3297	_Bitv_base	460952	2	0	2	0	xs.c
3298	_Frebvlist	460956	2	0	2	0	xs.c
3299	_Rootbv	460960	2	0	2	0	xs.c
3300	_Ar_index	460964	2	0	2	0	xs.c
3301	_Ars	462052	2	0	2	0	xs.c
3302	_Exithack_reg	462068	2	0	2	0	xs.c
3303	_Aras	462072	2	0	2	0	xs.c
3304	_Exithack_ar	462088	2	0	2	0	xs.c
3305	_Ar_params	462092	2	0	2	0	xs.c
3306	_Bl_map	462108	2	0	2	0	xs.c
3307	_Dgroup_entry_ar	462112	2	0	2	0	xs.c
3308	_Dgroup_exit_ar	462116	2	0	2	0	xs.c
3309	_Pres_class_it	462120	2	0	2	0	xs.c
3310	_Dgroup_ghash	462124	2	0	2	0	xs.c
3311	_Dgroup_sym	462128	2	0	2	0	xs.c
3312	_Last_ar	462132	2	0	2	0	xs.c
3313	_Zee_dgroup_tree	462136	2	0	2	0	xs.c
3314	_This_bl	462140	2	0	2	0	xs.c
3315	_This_au_is_global	462144	2	0	2	0	xs.c
3316	_Dont_bother_breaking_ar	462148	2	0	2	0	xs.c
3317	_Redir_bl	462152	2	0	2	0	xs.c
3318	_New_arblset	462156	2	0	2	0	xs.c
3319	_Old_arblset	462164	2	0	2	0	xs.c
3320	_The_au	462172	2	0	2	0	xs.c
3321	_Expanding_ar	462176	2	0	2	0	xs.c
3322	_Annex_forward	462180	2	0	2	0	xs.c
3323	_Pres_bl	462184	2	0	2	0	xs.c
3324	_Locals_use_count	462188	2	0	2	0	xs.c
3325	_subtree_xxyy	462192	2	0	2	0	xs.c
3326	_Segnum_hash	462196	2	0	2	0	xs.c
3327	_Proc_interferes_forward	462200	2	0	2	0	xs.c
3328	_Constant_hash	462204	2	0	2	0	xs.c
3329	_Cse_hash	462208	2	0	2	0	xs.c
3330	_Name_hash	462212	2	0	2	0	xs.c
3331	_Extr_hash	462216	2	0	2	0	xs.c
3332	_Blkcount	462220	2	0	2	0	xs.c
3333	_Maybe_glob_bv	462224	2	0	2	0	xs.c
3334	_Entry_pt	462228	2	0	2	0	xs.c
3335	_In_globalregs	462232	2	0	2	0	xs.c
3336	_Regmask	462236	2	0	2	0	xs.c
3337	_Tmpnode	462240	2	0	2	0	xs.c
3338	_Mp	462244	2	0	2	0	xs.c
3339	_This_frame_offset	462248	2	0	2	0	xs.c
3340	_Last_ent	462252	2	0	2	0	xs.c
3341	_SSRegmask	462256	2	0	2	0	xs.c
3342	_segp	462260	2	0	2	0	xs.c
3343	_Seg_offs_saved	462264	2	0	2	0	xs.c
3344	_Howcheap_segreg	462268	2	0	2	0	xs.c
3345	_Howcheap_lastregs	462272	2	0	2	0	xs.c
3346	_Clone	462276	2	0	2	0	xs.c
3347	_Nfnasrt	462300	2	0	2	0	xs.c
3348	_Eolist	462304	2	0	2	0	xs.c
3349	_Csenode	462308	2	0	2	0	xs.c
3350	_Zeronode	462312	2	0	2	0	xs.c
3351	_Tree_base	462316	2	0	2	0	xs.c
3352	_leaf_hash_table	462320	2	0	2	0	xs.c
3353	_Coalnode	462324	2	0	2	0	xs.c
3354	_Ghnodecnt	462328	2	0	2	0	xs.c
3355	_Deep_search_info	462332	2	0	2	0	xs.c
3356	_Tlpp	462356	2	0	2	0	xs.c
3357	_Final_walk_bl	462360	2	0	2	0	xs.c
3358	_Final_walk_bl_reg	462364	2	0	2	0	xs.c
3359	_Ncount	462368	2	0	2	0	xs.c
3360	_Ndepth	462372	2	0	2	0	xs.c
3361	_Av_list	462376	2	0	2	0	xs.c
3362	_Im_list	462380	2	0	2	0	xs.c
3363	_Sideff_flag	462384	2	0	2	0	xs.c
3364	_Seen_gsrc	462388	2	0	2	0	xs.c
3365	_Asgn_list	462392	2	0	2	0	xs.c
3366	_Last_visited	462396	2	0	2	0	xs.c
3367	_Head_blk	462400	2	0	2	0	xs.c
3368	_visited_bv	462404	2	0	2	0	xs.c
3369	_max_reachable_DFO	462408	2	0	2	0	xs.c
3370	_label_hash_table	462412	2	0	2	0	xs.c
3371	_foo	462540	2	0	2	0	xs.c
3372	_The_loop	462544	2	0	2	0	xs.c
3373	_Pres_regs	462548	2	0	2	0	xs.c
3374	_Flow_heap	462552	2	0	2	0	xs.c
3375	_symtab	462556	2	0	2	0	xs.c
3376	_symtab0	462812	2	0	2	0	xs.c
3377	_Flzero	463068	2	0	2	0	xs.c
3378	_Flone	463080	2	0	2	0	xs.c
3379	_Clzero	463092	2	0	2	0	xs.c
3380	_No_ov_msg	463116	2	0	2	0	xs.c
3381	_CurrSequence	463120	2	0	2	0	xs.c
3382	_NextSequence	463124	2	0	2	0	xs.c
3383	_Sequence	463128	2	0	2	0	xs.c
3384	_CurrRoot	463132	2	0	2	0	xs.c
3385	_GlobBlk	463136	2	0	2	0	xs.c
3386	_spill_buf	463140	2	0	2	0	xs.c
3387	_Bytes_left	463164	2	0	2	0	xs.c
3388	_Node	463168	2	0	2	0	xs.c
3389	_Proclength	463172	2	0	2	0	xs.c
3390	_File_key	463176	2	0	2	0	xs.c
3391	_Hisrc	463180	2	0	2	0	xs.c
3392	_Modulename	463184	2	0	2	0	xs.c
3393	_ErrString	463188	2	0	2	0	xs.c
3394	_Curtop	463192	2	0	2	0	xs.c
3395	_Expression_characteristics	463196	2	0	2	0	xs.c
3396	_Spill_hist	463200	2	0	2	0	xs.c
3397	_Childpref	463296	2	0	2	0	xs.c
3398	_GlobCSEiter	463300	2	0	2	0	xs.c
3399	_AxBusyHack	463304	2	0	2	0	xs.c
3400	_NeedToRematch	463308	2	0	2	0	xs.c
3401	_Avloc	463312	2	0	2	0	xs.c
3402	_L_antloc	463316	2	0	2	0	xs.c
3403	_L_avloc	463320	2	0	2	0	xs.c
3404	_L_altered	463324	2	0	2	0	xs.c
3405	_Glob_bv	463328	2	0	2	0	xs.c
3406	_Vis_glob_bv	463332	2	0	2	0	xs.c
3407	_Maybe_vis_glob_bv	463336	2	0	2	0	xs.c
3408	_Addr_taken_bv	463340	2	0	2	0	xs.c
3409	_Pointer_var_bv	463344	2	0	2	0	xs.c
3410	_Lval_var	463348	2	0	2	0	xs.c
3411	_Lval_exp	463352	2	0	2	0	xs.c
3412	_Gval_var	463356	2	0	2	0	xs.c
3413	_Lhash	463360	2	0	2	0	xs.c
3414	_Syntab	463488	2	0	2	0	xs.c
3415	_Rstores	463492	2	0	2	0	xs.c
3416	_Killlist	463496	2	0	2	0	xs.c
3417	_Ghash	463500	2	0	2	0	xs.c
3418	_Kcomp	463756	2	0	2	0	xs.c
3419	_Altered	463760	2	0	2	0	xs.c
3420	_Antloc	463764	2	0	2	0	xs.c
3421	_Morebufptr	463768	2	0	2	0	xs.c
3422	_More_print_buf	463772	2	0	2	0	xs.c
3423	_Sym_size	464796	2	0	2	0	xs.c
3424	_dbflags	464812	2	0	2	0	xs.c
3425	_Tokstack	464912	2	0	2	0	xs.c
3426	_Pstack	469712	2	0	2	0	xs.c
3427	_S_orstack	474512	2	0	2	0	xs.c
3428	_S_frstack	483512	2	0	2	0	xs.c
3429	_XXnode	486312	2	0	2	0	xs.c
3430	_argnum	486316	2	0	2	0	xs.c
3431	_Subtree_xx	486320	2	0	2	0	xs.c
3432	_except_stack	486324	2	0	2	0	xs.c
3433	_SaveSP	486564	2	0	2	0	xs.c
3434	_DidUnwind	486568	2	0	2	0	xs.c
3435	__ptermcon	486572	2	0	2	0	xs.c
3436	__ponexitinit	486576	2	0	2	0	xs.c
3437	__pFFinit	486580	2	0	2	0	xs.c
3438	__pgmptr	486584	2	0	2	0	xs.c
3439	___onexitend	486588	2	0	2	0	xs.c
3440	__prmtmp	486592	2	0	2	0	xs.c
3441	__pinitcon	486596	2	0	2	0	xs.c
3442	__pinittime	486600	2	0	2	0	xs.c
3443	__atopsp	486604	2	0	2	0	xs.c
3444	__aenvptr	486608	2	0	2	0	xs.c
3445	__acmdln	486612	2	0	2	0	xs.c
3446	__heap_regions	486616	2	0	2	0	xs.c
3447	__bufin	486808	2	0	2	0	xs.c
3448	_Loop	487320	2	0	2	0	xs.c
3449	_Uheader	487324	2	0	2	0	xs.c
3450	_Header	487328	2	0	2	0	xs.c
3451	_Body	487332	2	0	2	0	xs.c
3452	_Tail	487336	2	0	2	0	xs.c
3453	_End	487340	2	0	2	0	xs.c
3454	_Blk	487344	2	0	2	0	xs.c
3455	_Tl	487348	2	0	2	0	xs.c
3456	_H_gsrc_tl	487352	2	0	2	0	xs.c
3457	_Loop_len	487356	2	0	2	0	xs.c
3458	_Loop_iter	487360	2	0	2	0	xs.c
3459	_Loop_cnt	487364	2	0	2	0	xs.c
3460	_Loop_test	487368	2	0	2	0	xs.c
3461	_Ztrip_test	487372	2	0	2	0	xs.c
3462	_Invars	487376	2	0	2	0	xs.c
3463	_Runref	487380	2	0	2	0	xs.c
3464	_Lifted	487384	2	0	2	0	xs.c
3465	_Const_extracts	487388	2	0	2	0	xs.c
3466	_Const_avail	487392	2	0	2	0	xs.c
3467	_Sinks	487396	2	0	2	0	xs.c
3468	_Cp_srcs	487400	2	0	2	0	xs.c
3469	_Undag_ssout	487404	2	0	2	0	xs.c
3470	_Undag_avin	487408	2	0	2	0	xs.c
3471	_Fr_only_flag	487412	2	0	2	0	xs.c
3472	_Hgm_filter	487416	2	0	2	0	xs.c
3473	_Not_always	487420	2	0	2	0	xs.c
3474	_Indtab	487424	2	0	2	0	xs.c
3475	_Freinind	487428	2	0	2	0	xs.c
3476	_Redtab	487432	2	0	2	0	xs.c
3477	_Srmultab	487436	2	0	2	0	xs.c
3478	_Bma_refs	487440	2	0	2	0	xs.c
3479	_Cp_asgs	487444	2	0	2	0	xs.c
3480	_Ptop	487448	2	0	2	0	xs.c
3481	_Ret_intrinsic	487452	2	0	2	0	xs.c
3482	_Temp_tab	487456	2	0	2	0	xs.c
3483	_Next_size	487576	2	0	2	0	xs.c
3484	_Orc	487580	2	0	2	0	xs.c
3485	_Deflab	487584	2	0	2	0	xs.c
3486	_Sw_type	487588	2	0	2	0	xs.c
3487	_Sw_mode	487592	2	0	2	0	xs.c
3488	_Sw_size	487596	2	0	2	0	xs.c
3489	_reg_cond	487600	2	0	2	0	xs.c
3490	_Ail	524468	3	0	2	0	xs.c
3491	_Exp_il	524472	3	0	2	0	xs.c
3492	_GlobSil	524476	3	0	2	0	xs.c
3493	_Init_il	524480	3	0	2	0	xs.c
3494	_LocSil	524484	3	0	2	0	xs.c
3495	_Sym_il	524488	3	0	2	0	xs.c
3496	_Errfl	524492	3	0	2	0	xs.c
3497	_ErrFile	524496	3	0	2	0	xs.c
3498	_ErrFilName	524500	3	0	2	0	xs.c
3499	_Entry	524504	3	0	2	0	xs.c
3500	_Cmplx_sym	524508	3	0	2	0	xs.c
3501	_Basename	524512	3	0	2	0	xs.c
3502	_Dbflags	524516	3	0	2	0	xs.c
3503	_A_string	524520	3	0	2	0	xs.c
3504	_Translator	524524	3	0	2	0	xs.c
3505	_Symbolic_debug	524528	3	0	2	0	xs.c
3506	_Module_name	524532	3	0	2	0	xs.c
3507	_Unknown	524536	3	0	2	0	xs.c
3508	_Fortran	524540	3	0	2	0	xs.c
3509	_Cse_flag	524544	3	0	2	0	xs.c
3510	_Globopt_flag	524548	3	0	2	0	xs.c
3511	_Globcse_flag	524552	3	0	2	0	xs.c
3512	_Global_regs	524556	3	0	2	0	xs.c
3513	_Loop_flag	524560	3	0	2	0	xs.c
3514	_Precision_flag	524564	3	0	2	0	xs.c
3515	_No_alias	524568	3	0	2	0	xs.c
3516	_Yes_fnalias	524572	3	0	2	0	xs.c
3517	_No_fnalias	524576	3	0	2	0	xs.c
3518	_OptAll	524580	3	0	2	0	xs.c
3519	_Optimize	524584	3	0	2	0	xs.c
3520	_Speed	524588	3	0	2	0	xs.c
3521	_Unsafe_ok	524592	3	0	2	0	xs.c
3522	_Changed	524600	3	0	2	0	xs.c
3523	_Compat	524604	3	0	2	0	xs.c
3524	_Fsize	524608	3	0	2	0	xs.c
3525	_Intsize	524612	3	0	2	0	xs.c
3526	_Minsize	524616	3	0	2	0	xs.c
3527	_Linenumber	524620	3	0	2	0	xs.c
3528	_Entry_linenumber	524624	3	0	2	0	xs.c
3529	_Read_lineno	524628	3	0	2	0	xs.c
3530	_Nerrors	524632	3	0	2	0	xs.c
3531	_Nogen	524636	3	0	2	0	xs.c
3532	_O_PHase	524640	3	0	2	0	xs.c
3533	_Pflag	524644	3	0	2	0	xs.c
3534	_PlmFar	524648	3	0	2	0	xs.c
3535	_PlmNear	524652	3	0	2	0	xs.c
3536	_Psize	524656	3	0	2	0	xs.c
3537	_STflag	524660	3	0	2	0	xs.c
3538	_Warn_level	524664	3	0	2	0	xs.c
3539	_Pathgen	524668	3	0	2	0	xs.c
3540	_Srclist	524672	3	0	2	0	xs.c
3541	_PShuge	524676	3	0	2	0	xs.c
3542	_Profval	524680	3	0	2	0	xs.c
3543	_FPi87	524684	3	0	2	0	xs.c
3544	_Dseg	524688	3	0	2	0	xs.c
3545	_Gpfscreen	524692	3	0	2	0	xs.c
3546	_Newfastcall	524696	3	0	2	0	xs.c
3547	_DataThreshold	524700	3	0	2	0	xs.c
3548	_Genlnstring	524704	3	0	2	0	xs.c
3549	_Otab	524708	3	0	2	0	xs.c
3550	_p2tab	524888	3	0	2	0	xs.c
3551	_Fltused	525260	3	0	2	0	xs.c
3552	_Ldused	525264	3	0	2	0	xs.c
3553	_p2spots_str	525352	3	0	2	0	xs.c
3554	__fmode	525856	3	0	2	0	xs.c
3555	_Bvcount	525892	3	0	2	0	xs.c
3556	_Arbvcount	525896	3	0	2	0	xs.c
3557	_Uses_threshold	526172	3	0	2	0	xs.c
3558	_Loads_threshold	526176	3	0	2	0	xs.c
3559	_Free_ars	526180	3	0	2	0	xs.c
3560	_Ar_enum	526184	3	0	2	0	xs.c
3561	_Prag_enum	526188	3	0	2	0	xs.c
3562	_Dgroup_trashed	526192	3	0	2	0	xs.c
3563	_Arcount	526196	3	0	2	0	xs.c
3564	_Arfcount	526200	3	0	2	0	xs.c
3565	_Ar_que	526204	3	0	2	0	xs.c
3566	_Pres_bs	526272	3	0	2	0	xs.c
3567	_Last_bl	526276	3	0	2	0	xs.c
3568	_MDh_regs_to_mine	526936	3	0	2	0	xs.c
3569	_Total_regs_avail	527024	3	0	2	0	xs.c
3570	_DGROUP_REG	527040	3	0	2	0	xs.c
3571	_ADD_FOR_SEG	527044	3	0	2	0	xs.c
3572	_FP0_REG	527048	3	0	2	0	xs.c
3573	_Ignore_proccallsMD	527052	3	0	2	0	xs.c
3574	_Proccall_foundMD	527056	3	0	2	0	xs.c
3575	_Fp_top	527068	3	0	2	0	xs.c
3576	_Fp_max_regs_required	527072	3	0	2	0	xs.c
3577	_Littlend	527256	3	0	2	0	xs.c
3578	_Softfloat	527260	3	0	2	0	xs.c
3579	_Fpstackreturn	527264	3	0	2	0	xs.c
3580	_Probes	527268	3	0	2	0	xs.c
3581	_Ds_eq_ss	527272	3	0	2	0	xs.c
3582	_Ds_eq_data	527276	3	0	2	0	xs.c
3583	_Wflag	527280	3	0	2	0	xs.c
3584	_Load_ds	527284	3	0	2	0	xs.c
3585	_StackCheck	527288	3	0	2	0	xs.c
3586	_Gprof	527292	3	0	2	0	xs.c
3587	_DefaultSeg	527296	3	0	2	0	xs.c
3588	_CurrentSeg	527308	3	0	2	0	xs.c
3589	_Alloc_local	527356	3	0	2	0	xs.c
3590	_Alloc_static	527360	3	0	2	0	xs.c
3591	_Alloc_bss	527364	3	0	2	0	xs.c
3592	_Alloc_constant	527368	3	0	2	0	xs.c
3593	_Alloc_params	527372	3	0	2	0	xs.c
3594	_Alloc_regparams	527376	3	0	2	0	xs.c
3595	_Seghead	527556	3	0	2	0	xs.c
3596	_Floathead	527580	3	0	2	0	xs.c
3597	_Seglist	527612	3	0	2	0	xs.c
3598	_Explist	527824	3	0	2	0	xs.c
3599	_Dchead	527964	3	0	2	0	xs.c
3600	_Floathead_saved	527976	3	0	2	0	xs.c
3601	_Seghead_saved	527980	3	0	2	0	xs.c
3602	_Howcheap_services	527984	3	0	2	0	xs.c
3603	_Nodecount	528024	3	0	2	0	xs.c
3604	_Tlcount	528028	3	0	2	0	xs.c
3605	_Blcount	528032	3	0	2	0	xs.c
3606	_Fnodecount	528036	3	0	2	0	xs.c
3607	_NestLevel	528040	3	0	2	0	xs.c
3608	_Allotemp_list	528044	3	0	2	0	xs.c
3609	_Incode	528048	3	0	2	0	xs.c
3610	_Frenodlist	528052	3	0	2	0	xs.c
3611	_Fretreelist	528056	3	0	2	0	xs.c
3612	_Freblklist	528060	3	0	2	0	xs.c
3613	_at_eof	528064	3	0	2	0	xs.c
3614	_Nodes_in_tree	528068	3	0	2	0	xs.c
3615	_Total_newleaf_calls	528080	3	0	2	0	xs.c
3616	_Total_leafs_allocated	528084	3	0	2	0	xs.c
3617	_Dont_check	528088	3	0	2	0	xs.c
3618	_Avnodes	528456	3	0	2	0	xs.c
3619	_Avfree	528460	3	0	2	0	xs.c
3620	_Shnodes	528464	3	0	2	0	xs.c
3621	_Shfree	528468	3	0	2	0	xs.c
3622	_Ilnodes	528472	3	0	2	0	xs.c
3623	_Ilfree	528476	3	0	2	0	xs.c
3624	_Sh_node_count	528480	3	0	2	0	xs.c
3625	_Av_freelist	528484	3	0	2	0	xs.c
3626	_Sh_freelist	528488	3	0	2	0	xs.c
3627	_Freilist	528492	3	0	2	0	xs.c
3628	_Badglobcse_bv	528496	3	0	2	0	xs.c
3629	_Gcse_info_head	528524	3	0	2	0	xs.c
3630	_Indent	528820	3	0	2	0	xs.c
3631	_The_main_label	528988	3	0	2	0	xs.c
3632	_Next_treelist	529092	3	0	2	0	xs.c
3633	_reachedbv	529104	3	0	2	0	xs.c
3634	_Zero_flow	529332	3	0	2	0	xs.c
3635	_Es_eq_ds	529392	3	0	2	0	xs.c
3636	_HugeModel	529396	3	0	2	0	xs.c
3637	_Model_encode_C6	529400	3	0	2	0	xs.c
3638	_Strparam	529404	3	0	2	0	xs.c
3639	_Align	529408	3	0	2	0	xs.c
3640	_Windows	529412	3	0	2	0	xs.c
3641	_Profile	529416	3	0	2	0	xs.c
3642	_Compat32	529420	3	0	2	0	xs.c
3643	_Old_emulator	529424	3	0	2	0	xs.c
3644	_Const_seg	529428	3	0	2	0	xs.c
3645	_Quickc	529432	3	0	2	0	xs.c
3646	_Stdcall	529436	3	0	2	0	xs.c
3647	_G486	529440	3	0	2	0	xs.c
3648	_Code_in_Comdat	529444	3	0	2	0	xs.c
3649	_Extern_threshold	529448	3	0	2	0	xs.c
3650	_Gtab	529452	3	0	2	0	xs.c
3651	_Callee	529608	3	0	2	0	xs.c
3652	_Rtab	529656	3	0	2	0	xs.c
3653	_fpr_buf	529752	3	0	2	0	xs.c
3654	_Num_fpregs	529756	3	0	2	0	xs.c
3655	_Num_regable_fpregs	529760	3	0	2	0	xs.c
3656	_Far16head	529816	3	0	2	0	xs.c
3657	_flt_fn_tab	529908	3	0	2	0	xs.c
3658	_cmp_fn_tab	529956	3	0	2	0	xs.c
3659	_Inline_asm	530132	3	0	2	0	xs.c
3660	_Db1size	530136	3	0	2	0	xs.c
3661	_Db1count	530140	3	0	2	0	xs.c
3662	_Leaf_cse_tl	530144	3	0	2	0	xs.c
3663	_Colonhack	530156	3	0	2	0	xs.c
3664	_Max_spinc	530208	3	0	2	0	xs.c
3665	_Ent_level	530304	3	0	2	0	xs.c
3666	_Stolen	530308	3	0	2	0	xs.c
3667	_stosb	530312	3	0	2	0	xs.c
3668	_Prof_ssr	530976	3	0	2	0	xs.c
3669	_Debug	530980	3	0	2	0	xs.c
3670	_Do66	530984	3	0	2	0	xs.c
3671	_Datasegkey	530988	3	0	2	0	xs.c
3672	_Switch_check	530992	3	0	2	0	xs.c
3673	_Filename	530996	3	0	2	0	xs.c
3674	_Comntlist	531000	3	0	2	0	xs.c
3675	_Entry_seen	531696	3	0	2	0	xs.c
3676	_TextSeg	531700	3	0	2	0	xs.c
3677	_Lastline	531704	3	0	2	0	xs.c
3678	_Ail_info	532420	3	0	2	0	xs.c
3679	_NextArg	532652	3	0	2	0	xs.c
3680	_Ru_freelist	532760	3	0	2	0	xs.c
3681	_Ru_nodecount	532764	3	0	2	0	xs.c
3682	_stealtab	532896	3	0	2	0	xs.c
3683	_spill_index	533240	3	0	2	0	xs.c
3684	_vect	534144	3	0	2	0	xs.c
3685	_op1vect	534328	3	0	2	0	xs.c
3686	_opincvect	534488	3	0	2	0	xs.c
3687	_opunsvect	534544	3	0	2	0	xs.c
3688	_signunsvect	534656	3	0	2	0	xs.c
3689	_shft_rev	534720	3	0	2	0	xs.c
3690	_ccvect	534752	3	0	2	0	xs.c
3691	_uccvect	534824	3	0	2	0	xs.c
3692	_svect	534864	3	0	2	0	xs.c
3693	_callvect	534936	3	0	2	0	xs.c
3694	_narg	535344	3	0	2	0	xs.c
3695	_fldX	535348	3	0	2	0	xs.c
3696	_fstX	535356	3	0	2	0	xs.c
3697	_fstXp	535364	3	0	2	0	xs.c
3698	_faddn	535372	3	0	2	0	xs.c
3699	_faddX	535380	3	0	2	0	xs.c
3700	_fsubn	535388	3	0	2	0	xs.c
3701	_fsubX	535396	3	0	2	0	xs.c
3702	_fsubXr	535404	3	0	2	0	xs.c
3703	_fsubrX	535412	3	0	2	0	xs.c
3704	_fsubrn	535420	3	0	2	0	xs.c
3705	_fdivn	535428	3	0	2	0	xs.c
3706	_fdivX	535436	3	0	2	0	xs.c
3707	_fdivXr	535444	3	0	2	0	xs.c
3708	_fdivrX	535452	3	0	2	0	xs.c
3709	_fdivrn	535460	3	0	2	0	xs.c
3710	_fmuln	535468	3	0	2	0	xs.c
3711	_fmulX	535476	3	0	2	0	xs.c
3712	_fcmpX	535484	3	0	2	0	xs.c
3713	_fmax	535492	3	0	2	0	xs.c
3714	_fmin	535504	3	0	2	0	xs.c
3715	_fexp	535516	3	0	2	0	xs.c
3716	_Lfexp	535524	3	0	2	0	xs.c
3717	_fstp_vect	535532	3	0	2	0	xs.c
3718	_fst_vect	535568	3	0	2	0	xs.c
3719	_fld_vect	535604	3	0	2	0	xs.c
3720	_fopr_vect	535664	3	0	2	0	xs.c
3721	_fop_vect	535916	3	0	2	0	xs.c
3722	_fopbvect	536708	3	0	2	0	xs.c
3723	_fropcallvect	536748	3	0	2	0	xs.c
3724	_fltconv	537036	3	0	2	0	xs.c
3725	_Gval	537128	3	0	2	0	xs.c
3726	_interf_tab	537132	3	0	2	0	xs.c
3727	_ainterf_tab	537148	3	0	2	0	xs.c
3728	_Ov_label	537268	3	0	2	0	xs.c
3729	_Sym_immedflg	537332	3	0	2	0	xs.c
3730	_Interactive	537528	3	0	2	0	xs.c
3731	_Myout	538196	3	0	2	0	xs.c
3732	_Dbg_flag	538200	3	0	2	0	xs.c
3733	_dim_args	541284	3	0	2	0	xs.c
3734	_sign_args	541292	3	0	2	0	xs.c
3735	_lshft_args	541304	3	0	2	0	xs.c
3736	_shft_args	541320	3	0	2	0	xs.c
3737	_rot_args	541336	3	0	2	0	xs.c
3738	_bset_args	541352	3	0	2	0	xs.c
3739	_bchg_args	541360	3	0	2	0	xs.c
3740	_bclr_args	541368	3	0	2	0	xs.c
3741	_btst_args	541376	3	0	2	0	xs.c
3742	_str_args	541388	3	0	2	0	xs.c
3743	_strl_args	541396	3	0	2	0	xs.c
3744	_ccmp	541412	3	0	2	0	xs.c
3745	_Intrin_attrs	541440	3	0	2	0	xs.c
3746	_Key	547804	3	0	2	0	xs.c
3747	_Init_info	548816	3	0	2	0	xs.c
3748	_Near_heap	549000	3	0	2	0	xs.c
3749	_MayNeedToRematch	549384	3	0	2	0	xs.c
3750	_Opcode_info	551512	3	0	2	0	xs.c
3751	_Operand_info	555692	3	0	2	0	xs.c
3752	_Dreg	555944	3	0	2	0	xs.c
3753	_Wreg	556000	3	0	2	0	xs.c
3754	_Breg	556056	3	0	2	0	xs.c
3755	_Error	556088	3	0	2	0	xs.c
3756	_SpReg	556096	3	0	2	0	xs.c
3757	_Cond_codes	556192	3	0	2	0	xs.c
3758	_Bchain_masks	556256	3	0	2	0	xs.c
3759	_FPregname	556288	3	0	2	0	xs.c
3760	_PSFreg	556320	3	0	2	0	xs.c
3761	_Tokptr	556820	3	0	2	0	xs.c
3762	_Tokmax	556824	3	0	2	0	xs.c
3763	_XXattrib	556828	3	0	2	0	xs.c
3764	_XXtoken	556832	3	0	2	0	xs.c
3765	_Pindex	556836	3	0	2	0	xs.c
3766	_Parser_level	556840	3	0	2	0	xs.c
3767	_Rule_strings	559876	3	0	2	0	xs.c
3768	_Index_strings	561316	3	0	2	0	xs.c
3769	_Pragma_attrs	562540	3	0	2	0	xs.c
3770	_Rstream	563092	3	0	2	0	xs.c
3771	_Sil_info	563324	3	0	2	0	xs.c
3772	_Tmp_head	563476	3	0	2	0	xs.c
3773	_Except_lev	563968	3	0	2	0	xs.c
3774	_Lexlev	563972	3	0	2	0	xs.c
3775	_HaveAlloca	563976	3	0	2	0	xs.c
3776	_WarningExit	564040	3	0	2	0	xs.c
3777	_Wstream	564116	3	0	2	0	xs.c
3778	_XXtype	564128	3	0	2	0	xs.c
3779	_XXvalues	569140	3	0	2	0	xs.c
3780	__ctype	579168	3	0	2	0	xs.c
3781	_errno	579440	3	0	2	0	xs.c
3782	__doserrno	579444	3	0	2	0	xs.c
3783	__umaskval	579448	3	0	2	0	xs.c
3784	__osversion	579452	3	0	2	0	xs.c
3785	__osmajor	579456	3	0	2	0	xs.c
3786	__osminor	579460	3	0	2	0	xs.c
3787	__baseversion	579464	3	0	2	0	xs.c
3788	__basemajor	579468	3	0	2	0	xs.c
3789	__baseminor	579472	3	0	2	0	xs.c
3790	__osmode	579476	3	0	2	0	xs.c
3791	__cpumode	579477	3	0	2	0	xs.c
3792	__nfile	579480	3	0	2	0	xs.c
3793	__osfile	579484	3	0	2	0	xs.c
3794	__osfhnd	579548	3	0	2	0	xs.c
3795	__pipech	579804	3	0	2	0	xs.c
3796	___argc	579868	3	0	2	0	xs.c
3797	___argv	579872	3	0	2	0	xs.c
3798	__environ	579876	3	0	2	0	xs.c
3799	__child	579880	3	0	2	0	xs.c
3800	__exitflag	579884	3	0	2	0	xs.c
3801	__fltused	579968	3	0	2	0	xs.c
3802	__ldused	579972	3	0	2	0	xs.c
3803	__FPinit	579976	3	0	2	0	xs.c
3804	__FPmtinit	579980	3	0	2	0	xs.c
3805	__FPmtterm	579984	3	0	2	0	xs.c
3806	__cfltcvt_tab	580016	3	0	2	0	xs.c
3807	__sigintoff	580040	3	0	2	0	xs.c
3808	__aexit_rtn	580080	3	0	2	0	xs.c
3809	__adbgmsg	580808	3	0	2	0	xs.c
3810	__cflush	580816	3	0	2	0	xs.c
3811	__pendstdio	580820	3	0	2	0	xs.c
3812	__heap_desc	580832	3	0	2	0	xs.c
3813	__heap_resetsize	580852	3	0	2	0	xs.c
3814	__amblksiz	580856	3	0	2	0	xs.c
3815	__heap_regionsize	580860	3	0	2	0	xs.c
3816	__iob	580864	3	0	2	0	xs.c
3817	__lastiob	581504	3	0	2	0	xs.c
3818	__pow10pos	581520	3	0	2	0	xs.c
3819	__pow10neg	581868	3	0	2	0	xs.c
3820	_primtab	583144	3	0	2	0	xs.c
3821	_ntyptab	583248	3	0	2	0	xs.c
3822	_mtyptab	583288	3	0	2	0	xs.c
3823	_basetab	583472	3	0	2	0	xs.c
3824	_classtab	583552	3	0	2	0	xs.c
3825	_entrytab	583616	3	0	2	0	xs.c
3826	_pragmatab	583680	3	0	2	0	xs.c
3827	_sy_type_tab	583768	3	0	2	0	xs.c
3828	_init_type_tab	583808	3	0	2	0	xs.c
3829	_reference_tab	583896	3	0	2	0	xs.c
3830	_ssr_type_tab	583936	3	0	2	0	xs.c
3831	_cnstrstk	585276	3	0	2	0	xs.c
3832	_cnstrptr	585788	3	0	2	0	xs.c
3833	_Dont_give_warnings	585852	3	0	2	0	xs.c
3834	_regmap	585968	3	0	2	0	xs.c
3835	_intr_to_op	586844	3	0	2	0	xs.c
3836	_expdope	589888	3	0	2	0	xs.c
3837	_symdope	592060	3	0	2	0	xs.c
3838	__commode	592256	3	0	2	0	xs.c
3839	__stdbuf	592272	3	0	2	0	xs.c
3840	_Err_Info	592556	3	0	2	0	xs.c
3841	_Convrt_modes	593632	3	0	2	0	xs.c
3842	_Avail	593756	3	0	2	0	xs.c
3843	_sumasks	593760	3	0	2	0	xs.c
3844	_Attrib	595264	3	0	2	0	xs.c
3845	_templs	598600	3	0	2	0	xs.c
3846	_xstr	607392	3	0	2	0	xs.c
3847	base_IMPORT_DESCRIPTOR	720896	5	0	2	0	xs.c
3848	ntdll_IMPORT_DESCRIPTOR	720916	5	0	2	0	xs.c
3849	NULL_IMPORT_DESCRIPTOR	720936	5	0	2	0	xs.c
3850	base_NULL_THUNK_DATA	721044	5	0	2	0	xs.c
3851	ntdll_NULL_THUNK_DATA	721064	5	0	2	0	xs.c
3852	end	983040	-2	0	2	0	xs.c
