index	virtual_address	value	type	pad	stored	validated
0	0x00010002	0x00070860	3	0	0x00080860	True
1	0x00010008	0x00070860	3	0	0x00080860	True
2	0x00010011	0x00070864	3	0	0x00080864	True
3	0x00010017	0x00070864	3	0	0x00080864	True
4	0x00010038	0x0007000c	3	0	0x0008000c	True
5	0x00010040	0x00070004	3	0	0x00080004	True
6	0x00010048	0x00070008	3	0	0x00080008	True
7	0x00010050	0x00070000	3	0	0x00080000	True
8	0x00010064	0x00070880	3	0	0x00080880	True
9	0x0001006b	0x00080428	3	0	0x00090428	True
10	0x00010070	0x000803fe	3	0	0x000903fe	True
11	0x0001008d	0x00070004	3	0	0x00080004	True
12	0x00010096	0x00070008	3	0	0x00080008	True
13	0x0001009f	0x00070000	3	0	0x00080000	True
14	0x000100aa	0x0007000c	3	0	0x0008000c	True
15	0x000100b0	0x00070880	3	0	0x00080880	True
16	0x000100b7	0x00080428	3	0	0x00090428	True
17	0x000100bc	0x00080413	3	0	0x00090413	True
18	0x000100cf	0x00070868	3	0	0x00080868	True
19	0x000100dd	0x00070868	3	0	0x00080868	True
20	0x000100ee	0x00070880	3	0	0x00080880	True
21	0x000100f5	0x00080428	3	0	0x00090428	True
22	0x00010119	0x00080444	3	0	0x00090444	True
23	0x00010136	0x00080452	3	0	0x00090452	True
24	0x0001013c	0x000800f8	3	0	0x000900f8	True
25	0x0001014d	0x00010000	3	0	0x00020000	True
26	0x00010158	0x00080258	3	0	0x00090258	True
27	0x00010174	0x000801a0	3	0	0x000901a0	True
28	0x0001017d	0x000801a0	3	0	0x000901a0	True
29	0x0001019c	0x00070888	3	0	0x00080888	True
30	0x000101a5	0x00070888	3	0	0x00080888	True
31	0x000101ab	0x00070888	3	0	0x00080888	True
32	0x000101b0	0x00070890	3	0	0x00080890	True
33	0x000101b5	0x00080455	3	0	0x00090455	True
34	0x000101bb	0x000800e4	3	0	0x000900e4	True
35	0x000101c8	0x00080458	3	0	0x00090458	True
36	0x000101cd	0x0008045f	3	0	0x0009045f	True
37	0x000101d2	0x00080461	3	0	0x00090461	True
38	0x000101d8	0x000800e0	3	0	0x000900e0	True
39	0x000101e5	0x000800b8	3	0	0x000900b8	True
40	0x000101ea	0x00080464	3	0	0x00090464	True
41	0x000101ef	0x0008046b	3	0	0x0009046b	True
42	0x000101f4	0x0008046d	3	0	0x0009046d	True
43	0x000101fa	0x000800e0	3	0	0x000900e0	True
44	0x00010207	0x000800c8	3	0	0x000900c8	True
45	0x0001020c	0x00080470	3	0	0x00090470	True
46	0x00010211	0x00080478	3	0	0x00090478	True
47	0x00010216	0x0008047a	3	0	0x0009047a	True
48	0x0001021c	0x000800e0	3	0	0x000900e0	True
49	0x00010229	0x000800c0	3	0	0x000900c0	True
50	0x0001022e	0x0008047d	3	0	0x0009047d	True
51	0x00010233	0x00080481	3	0	0x00090481	True
52	0x00010238	0x00080483	3	0	0x00090483	True
53	0x0001023e	0x000800e0	3	0	0x000900e0	True
54	0x0001024b	0x000800b4	3	0	0x000900b4	True
55	0x00010250	0x00080486	3	0	0x00090486	True
56	0x00010255	0x0008048f	3	0	0x0009048f	True
57	0x0001025a	0x00080491	3	0	0x00090491	True
58	0x00010260	0x000800e0	3	0	0x000900e0	True
59	0x0001026d	0x000800bc	3	0	0x000900bc	True
60	0x00010272	0x00080494	3	0	0x00090494	True
61	0x00010277	0x0008049c	3	0	0x0009049c	True
62	0x0001027c	0x0008049e	3	0	0x0009049e	True
63	0x00010282	0x000800e0	3	0	0x000900e0	True
64	0x0001028f	0x000800c4	3	0	0x000900c4	True
65	0x00010295	0x00080180	3	0	0x00090180	True
66	0x0001029d	0x000804a1	3	0	0x000904a1	True
67	0x000102a2	0x000804ac	3	0	0x000904ac	True
68	0x000102a7	0x000804ae	3	0	0x000904ae	True
69	0x000102ad	0x000800e0	3	0	0x000900e0	True
70	0x000102ba	0x000800cc	3	0	0x000900cc	True
71	0x000102c0	0x000800e8	3	0	0x000900e8	True
72	0x000102e6	0x000800dc	3	0	0x000900dc	True
73	0x00010316	0x00080124	3	0	0x00090124	True
74	0x00010323	0x00080110	3	0	0x00090110	True
75	0x00010328	0x0008010c	3	0	0x0009010c	True
76	0x0001032d	0x00080108	3	0	0x00090108	True
77	0x00010332	0x00080100	3	0	0x00090100	True
78	0x00010338	0x00080108	3	0	0x00090108	True
79	0x00010341	0x0008010c	3	0	0x0009010c	True
80	0x0001034a	0x00080110	3	0	0x00090110	True
81	0x00010353	0x00080104	3	0	0x00090104	True
82	0x00010362	0x00080104	3	0	0x00090104	True
83	0x0001036c	0x00080100	3	0	0x00090100	True
84	0x00010375	0x00080104	3	0	0x00090104	True
85	0x0001037e	0x00080128	3	0	0x00090128	True
86	0x0001038a	0x00080128	3	0	0x00090128	True
87	0x00010394	0x0008011c	3	0	0x0009011c	True
88	0x0001039e	0x00080120	3	0	0x00090120	True
89	0x000103a4	0x0008011c	3	0	0x0009011c	True
90	0x000103b1	0x00080118	3	0	0x00090118	True
91	0x000103bf	0x00080130	3	0	0x00090130	True
92	0x000103c4	0x00080114	3	0	0x00090114	True
93	0x000103c9	0x00080110	3	0	0x00090110	True
94	0x000103ce	0x0008010c	3	0	0x0009010c	True
95	0x000103d3	0x00080108	3	0	0x00090108	True
96	0x000103d8	0x00080100	3	0	0x00090100	True
97	0x000103dd	0x0008011c	3	0	0x0009011c	True
98	0x000103e2	0x00080118	3	0	0x00090118	True
99	0x000103e9	0x00080118	3	0	0x00090118	True
100	0x000103ee	0x0007001c	3	0	0x0008001c	True
101	0x000103f3	0x0008011c	3	0	0x0009011c	True
102	0x000103f8	0x00070018	3	0	0x00080018	True
103	0x000103fd	0x0008012c	3	0	0x0009012c	True
104	0x00010402	0x00070014	3	0	0x00080014	True
105	0x00010407	0x00080100	3	0	0x00090100	True
106	0x0001040c	0x00070010	3	0	0x00080010	True
107	0x00010411	0x00080108	3	0	0x00090108	True
108	0x00010416	0x00070024	3	0	0x00080024	True
109	0x0001041b	0x0008010c	3	0	0x0009010c	True
110	0x00010420	0x0007002c	3	0	0x0008002c	True
111	0x00010425	0x00080110	3	0	0x00090110	True
112	0x0001042a	0x00070028	3	0	0x00080028	True
113	0x0001042f	0x00080114	3	0	0x00090114	True
114	0x00010434	0x00070020	3	0	0x00080020	True
115	0x00010439	0x00080130	3	0	0x00090130	True
116	0x0001043e	0x00070030	3	0	0x00080030	True
117	0x00010445	0x0007001c	3	0	0x0008001c	True
118	0x0001044a	0x00080118	3	0	0x00090118	True
119	0x0001044f	0x00070018	3	0	0x00080018	True
120	0x00010454	0x0008011c	3	0	0x0009011c	True
121	0x00010459	0x00070014	3	0	0x00080014	True
122	0x0001045e	0x0008012c	3	0	0x0009012c	True
123	0x00010463	0x00070010	3	0	0x00080010	True
124	0x00010468	0x00080100	3	0	0x00090100	True
125	0x0001046d	0x00070024	3	0	0x00080024	True
126	0x00010472	0x00080108	3	0	0x00090108	True
127	0x00010477	0x0007002c	3	0	0x0008002c	True
128	0x0001047c	0x0008010c	3	0	0x0009010c	True
129	0x00010481	0x00070028	3	0	0x00080028	True
130	0x00010486	0x00080110	3	0	0x00090110	True
131	0x0001048b	0x00070020	3	0	0x00080020	True
132	0x00010490	0x00080114	3	0	0x00090114	True
133	0x00010495	0x00070030	3	0	0x00080030	True
134	0x0001049a	0x00080130	3	0	0x00090130	True
135	0x000104a7	0x000800b0	3	0	0x000900b0	True
136	0x000104bc	0x00070858	3	0	0x00080858	True
137	0x000104ca	0x00070880	3	0	0x00080880	True
138	0x000104d0	0x00080164	3	0	0x00090164	True
139	0x000104f8	0x00070868	3	0	0x00080868	True
140	0x00010514	0x00080104	3	0	0x00090104	True
141	0x00010533	0x00070880	3	0	0x00080880	True
142	0x0001053a	0x00080428	3	0	0x00090428	True
143	0x0001053f	0x000800d8	3	0	0x000900d8	True
144	0x00010559	0x00081cf8	3	0	0x00091cf8	True
145	0x00010564	0x000800b4	3	0	0x000900b4	True
146	0x0001057a	0x000800b8	3	0	0x000900b8	True
147	0x00010590	0x000800c8	3	0	0x000900c8	True
148	0x000105a6	0x000800c0	3	0	0x000900c0	True
149	0x000105b9	0x000804b1	3	0	0x000904b1	True
150	0x000105e0	0x00080104	3	0	0x00090104	True
151	0x000105f6	0x00080ea8	3	0	0x00090ea8	True
152	0x000105ff	0x000800b4	3	0	0x000900b4	True
153	0x00010610	0x000800b8	3	0	0x000900b8	True
154	0x00010621	0x000800c8	3	0	0x000900c8	True
155	0x00010632	0x000800c0	3	0	0x000900c0	True
156	0x00010642	0x00081cf8	3	0	0x00091cf8	True
157	0x0001064b	0x00070850	3	0	0x00080850	True
158	0x00010655	0x00080160	3	0	0x00090160	True
159	0x0001066b	0x00070880	3	0	0x00080880	True
160	0x000106d7	0x00080104	3	0	0x00090104	True
161	0x00010701	0x00080104	3	0	0x00090104	True
162	0x0001070b	0x00080104	3	0	0x00090104	True
163	0x0001074d	0x00080154	3	0	0x00090154	True
164	0x00010752	0x0008014c	3	0	0x0009014c	True
165	0x00010775	0x00080154	3	0	0x00090154	True
166	0x00010790	0x000804c9	3	0	0x000904c9	True
167	0x00010798	0x00041b40	3	0	0x00051b40	True
168	0x00010805	0x00070850	3	0	0x00080850	True
169	0x00010811	0x00080104	3	0	0x00090104	True
170	0x0001083a	0x00080e98	3	0	0x00090e98	True
171	0x00010840	0x00080ea4	3	0	0x00090ea4	True
172	0x00010869	0x000804e0	3	0	0x000904e0	True
173	0x00010871	0x00041b40	3	0	0x00051b40	True
174	0x00010881	0x00080104	3	0	0x00090104	True
175	0x0001088e	0x00070880	3	0	0x00080880	True
176	0x000108a2	0x00070858	3	0	0x00080858	True
177	0x000108a8	0x00070884	3	0	0x00080884	True
178	0x000108b1	0x00080104	3	0	0x00090104	True
179	0x000108be	0x000804f6	3	0	0x000904f6	True
180	0x000108c4	0x000207d0	3	0	0x000307d0	True
181	0x000108d7	0x000804fb	3	0	0x000904fb	True
182	0x000108dd	0x00070858	3	0	0x00080858	True
183	0x000108e2	0x00041cc8	3	0	0x00051cc8	True
184	0x000108f5	0x0008050e	3	0	0x0009050e	True
185	0x000108fb	0x0007088c	3	0	0x0008088c	True
186	0x00010900	0x000299b4	3	0	0x000399b4	True
187	0x0001090f	0x00070858	3	0	0x00080858	True
188	0x0001091e	0x00070884	3	0	0x00080884	True
189	0x00010927	0x00070880	3	0	0x00080880	True
190	0x0001093d	0x00080520	3	0	0x00090520	True
191	0x00010943	0x00070858	3	0	0x00080858	True
192	0x00010948	0x000207d0	3	0	0x000307d0	True
193	0x0001095b	0x00080524	3	0	0x00090524	True
194	0x00010961	0x00070858	3	0	0x00080858	True
195	0x00010966	0x00041cc8	3	0	0x00051cc8	True
196	0x00010976	0x00070884	3	0	0x00080884	True
197	0x0001097f	0x00070880	3	0	0x00080880	True
198	0x00010989	0x00070858	3	0	0x00080858	True
199	0x0001099a	0x00080535	3	0	0x00090535	True
200	0x000109a0	0x00070858	3	0	0x00080858	True
201	0x000109a5	0x000207d0	3	0	0x000307d0	True
202	0x000109b8	0x0008053c	3	0	0x0009053c	True
203	0x000109be	0x00070858	3	0	0x00080858	True
204	0x000109c3	0x00041cc8	3	0	0x00051cc8	True
205	0x000109dc	0x00070858	3	0	0x00080858	True
206	0x000109e5	0x00080551	3	0	0x00090551	True
207	0x000109eb	0x000207d0	3	0	0x000307d0	True
208	0x000109fa	0x00070858	3	0	0x00080858	True
209	0x00010a09	0x00080100	3	0	0x00090100	True
210	0x00010a12	0x00070880	3	0	0x00080880	True
211	0x00010a28	0x00080557	3	0	0x00090557	True
212	0x00010a2e	0x00070858	3	0	0x00080858	True
213	0x00010a33	0x000207d0	3	0	0x000307d0	True
214	0x00010a46	0x0008055b	3	0	0x0009055b	True
215	0x00010a4c	0x00070858	3	0	0x00080858	True
216	0x00010a51	0x00041cc8	3	0	0x00051cc8	True
217	0x00010a64	0x0008056c	3	0	0x0009056c	True
218	0x00010a6a	0x00070858	3	0	0x00080858	True
219	0x00010a6f	0x000207d0	3	0	0x000307d0	True
220	0x00010a7f	0x00070880	3	0	0x00080880	True
221	0x00010a89	0x00070858	3	0	0x00080858	True
222	0x00010a9a	0x0008057b	3	0	0x0009057b	True
223	0x00010aa0	0x00070858	3	0	0x00080858	True
224	0x00010aa5	0x000207d0	3	0	0x000307d0	True
225	0x00010ab8	0x0008058a	3	0	0x0009058a	True
226	0x00010abe	0x00070858	3	0	0x00080858	True
227	0x00010ac3	0x00041cc8	3	0	0x00051cc8	True
228	0x00010ad3	0x00070880	3	0	0x00080880	True
229	0x00010adc	0x00070858	3	0	0x00080858	True
230	0x00010af7	0x00070880	3	0	0x00080880	True
231	0x00010afd	0x00080104	3	0	0x00090104	True
232	0x00010b0d	0x00070858	3	0	0x00080858	True
233	0x00010b36	0x000805a0	3	0	0x000905a0	True
234	0x00010b3d	0x000207d0	3	0	0x000307d0	True
235	0x00010b4d	0x00070858	3	0	0x00080858	True
236	0x00010b62	0x00080648	3	0	0x00090648	True
237	0x00010b68	0x00080644	3	0	0x00090644	True
238	0x00010b6e	0x00080778	3	0	0x00090778	True
239	0x00010b74	0x00080774	3	0	0x00090774	True
240	0x00010b7a	0x00070894	3	0	0x00080894	True
241	0x00010b80	0x00080e9c	3	0	0x00090e9c	True
242	0x00010b86	0x00080ea0	3	0	0x00090ea0	True
243	0x00010b8c	0x00080e98	3	0	0x00090e98	True
244	0x00010b94	0x000805b1	3	0	0x000905b1	True
245	0x00010bab	0x00044020	3	0	0x00054020	True
246	0x00010bbb	0x00070850	3	0	0x00080850	True
247	0x00010be2	0x00070850	3	0	0x00080850	True
248	0x00010bf4	0x000800b0	3	0	0x000900b0	True
249	0x00000000	0x00000000	0	0		False
250	0x00010c28	0x0004d03e	3	0	0x0005d03e	True
251	0x00010c2f	0x00010c70	3	0	0x00020c70	True
252	0x00000000	0x00000000	0	0		False
253	0x00000000	0x00000000	0	0		False
254	0x00010c89	0x000805f7	3	0	0x000905f7	True
255	0x00010ca3	0x00070860	3	0	0x00080860	True
256	0x00010cab	0x00070864	3	0	0x00080864	True
257	0x00010cc0	0x000800b4	3	0	0x000900b4	True
258	0x00010ccd	0x000800bc	3	0	0x000900bc	True
259	0x00010cda	0x000800c4	3	0	0x000900c4	True
260	0x00010ce7	0x00080158	3	0	0x00090158	True
261	0x00010d1c	0x00080160	3	0	0x00090160	True
262	0x00010d26	0x0008015c	3	0	0x0009015c	True
263	0x00010d5f	0x0002052c	3	0	0x0003052c	True
264	0x000800b0	0x00080000	3	0	0x00090000	True
265	0x000800e0	0x00080011	3	0	0x00090011	True
266	0x000801ac	0x00080118	3	0	0x00090118	True
267	0x000801b8	0x0008011c	3	0	0x0009011c	True
268	0x000801c4	0x0008012c	3	0	0x0009012c	True
269	0x000801d0	0x0008012c	3	0	0x0009012c	True
270	0x000801dc	0x00080124	3	0	0x00090124	True
271	0x000801e8	0x00080100	3	0	0x00090100	True
272	0x000801f4	0x00080108	3	0	0x00090108	True
273	0x00080200	0x0008010c	3	0	0x0009010c	True
274	0x0008020c	0x00080110	3	0	0x00090110	True
275	0x00080218	0x00080114	3	0	0x00090114	True
276	0x00080224	0x00080130	3	0	0x00090130	True
277	0x00080230	0x00080130	3	0	0x00090130	True
278	0x0008023c	0x00080134	3	0	0x00090134	True
279	0x00080248	0x00080134	3	0	0x00090134	True
280	0x00080258	0x00080012	3	0	0x00090012	True
281	0x0008025c	0x0008019c	3	0	0x0009019c	True
282	0x00080264	0x00080017	3	0	0x00090017	True
283	0x00080268	0x0008142c	3	0	0x0009142c	True
284	0x00080270	0x0008001b	3	0	0x0009001b	True
285	0x00080274	0x000800e8	3	0	0x000900e8	True
286	0x0008027c	0x0008001f	3	0	0x0009001f	True
287	0x00080280	0x000801a4	3	0	0x000901a4	True
288	0x00080288	0x00080023	3	0	0x00090023	True
289	0x0008028c	0x00080168	3	0	0x00090168	True
290	0x00080294	0x00080029	3	0	0x00090029	True
291	0x00080298	0x0008016c	3	0	0x0009016c	True
292	0x000802a0	0x0008002f	3	0	0x0009002f	True
293	0x000802a4	0x00080184	3	0	0x00090184	True
294	0x000802ac	0x00080037	3	0	0x00090037	True
295	0x000802b0	0x00089b48	3	0	0x00099b48	True
296	0x000802b8	0x0008003b	3	0	0x0009003b	True
297	0x000802bc	0x00080178	3	0	0x00090178	True
298	0x000802c4	0x0008003f	3	0	0x0009003f	True
299	0x000802c8	0x000800e4	3	0	0x000900e4	True
300	0x000802d0	0x00080044	3	0	0x00090044	True
301	0x000802d4	0x000800d4	3	0	0x000900d4	True
302	0x000802dc	0x00080049	3	0	0x00090049	True
303	0x000802e0	0x00080144	3	0	0x00090144	True
304	0x000802e8	0x00080051	3	0	0x00090051	True
305	0x000802ec	0x000800e0	3	0	0x000900e0	True
306	0x000802f4	0x00080056	3	0	0x00090056	True
307	0x000802f8	0x0008015c	3	0	0x0009015c	True
308	0x00080300	0x0008005d	3	0	0x0009005d	True
309	0x00080304	0x00080164	3	0	0x00090164	True
310	0x0008030c	0x00080061	3	0	0x00090061	True
311	0x00080310	0x0008019c	3	0	0x0009019c	True
312	0x00080318	0x00080066	3	0	0x00090066	True
313	0x0008031c	0x0008017c	3	0	0x0009017c	True
314	0x00080324	0x0008006f	3	0	0x0009006f	True
315	0x00080328	0x00080180	3	0	0x00090180	True
316	0x00080330	0x00080073	3	0	0x00090073	True
317	0x00080334	0x0008018c	3	0	0x0009018c	True
318	0x0008033c	0x0008007a	3	0	0x0009007a	True
319	0x00080340	0x00080188	3	0	0x00090188	True
320	0x00080348	0x00080084	3	0	0x00090084	True
321	0x0008034c	0x00070888	3	0	0x00080888	True
322	0x00080354	0x0008008a	3	0	0x0009008a	True
323	0x00080358	0x00070888	3	0	0x00080888	True
324	0x00080360	0x0008008f	3	0	0x0009008f	True
325	0x00080364	0x00080194	3	0	0x00090194	True
326	0x0008036c	0x00080093	3	0	0x00090093	True
327	0x00080370	0x00080198	3	0	0x00090198	True
328	0x00080378	0x00080097	3	0	0x00090097	True
329	0x0008037c	0x000800f0	3	0	0x000900f0	True
330	0x00080384	0x0008009b	3	0	0x0009009b	True
331	0x00080388	0x000800f0	3	0	0x000900f0	True
332	0x00080390	0x0008009f	3	0	0x0009009f	True
333	0x00080394	0x000814f8	3	0	0x000914f8	True
334	0x0008039c	0x000800a3	3	0	0x000900a3	True
335	0x000803a0	0x00080190	3	0	0x00090190	True
336	0x000803a8	0x000800a8	3	0	0x000900a8	True
337	0x000803ac	0x000801a0	3	0	0x000901a0	True
338	0x000803b4	0x000800ac	3	0	0x000900ac	True
339	0x000803b8	0x000800f8	3	0	0x000900f8	True
340	0x00080428	0x000803d4	3	0	0x000903d4	True
341	0x0008042c	0x000803d9	3	0	0x000903d9	True
342	0x00080430	0x000803de	3	0	0x000903de	True
343	0x00080434	0x000803e3	3	0	0x000903e3	True
344	0x00080438	0x000803e7	3	0	0x000903e7	True
345	0x0008043c	0x000803ee	3	0	0x000903ee	True
346	0x00080440	0x000803f6	3	0	0x000903f6	True
347	0x00010db2	0x00070898	3	0	0x00080898	True
348	0x00010dc3	0x000708a0	3	0	0x000808a0	True
349	0x00010dd0	0x0007089c	3	0	0x0008089c	True
350	0x00010de8	0x00080160	3	0	0x00090160	True
351	0x00010df1	0x00080648	3	0	0x00090648	True
352	0x00010dfa	0x00080644	3	0	0x00090644	True
353	0x00010e01	0x0007089c	3	0	0x0008089c	True
354	0x00010e0b	0x0007089c	3	0	0x0008089c	True
355	0x00010e49	0x0007089c	3	0	0x0008089c	True
356	0x00010e53	0x0007089c	3	0	0x0008089c	True
357	0x00010e8b	0x000708a0	3	0	0x000808a0	True
358	0x00010ece	0x000708a0	3	0	0x000808a0	True
359	0x00010edf	0x000708a0	3	0	0x000808a0	True
360	0x00010f32	0x000708a0	3	0	0x000808a0	True
361	0x00011020	0x0008064c	3	0	0x0009064c	True
362	0x00011026	0x00080650	3	0	0x00090650	True
363	0x00011032	0x0008064c	3	0	0x0009064c	True
364	0x00011042	0x00080650	3	0	0x00090650	True
365	0x00011048	0x00080650	3	0	0x00090650	True
366	0x00011050	0x0008064c	3	0	0x0009064c	True
367	0x00011057	0x0008064c	3	0	0x0009064c	True
368	0x0001105d	0x0008064c	3	0	0x0009064c	True
369	0x00011065	0x0008064c	3	0	0x0009064c	True
370	0x00011076	0x00080650	3	0	0x00090650	True
371	0x00011089	0x0008064c	3	0	0x0009064c	True
372	0x00011096	0x00080650	3	0	0x00090650	True
373	0x000110a1	0x00080650	3	0	0x00090650	True
374	0x000110aa	0x00080650	3	0	0x00090650	True
375	0x000110c4	0x00080654	3	0	0x00090654	True
376	0x000110ca	0x00080658	3	0	0x00090658	True
377	0x000110d6	0x00080654	3	0	0x00090654	True
378	0x000110e6	0x00080658	3	0	0x00090658	True
379	0x000110ec	0x00080658	3	0	0x00090658	True
380	0x000110f4	0x00080654	3	0	0x00090654	True
381	0x000110fb	0x00080654	3	0	0x00090654	True
382	0x00011101	0x00080654	3	0	0x00090654	True
383	0x0001110f	0x00080658	3	0	0x00090658	True
384	0x00011122	0x00080654	3	0	0x00090654	True
385	0x0001112f	0x00080658	3	0	0x00090658	True
386	0x0001113d	0x00080658	3	0	0x00090658	True
387	0x0001118f	0x000708a0	3	0	0x000808a0	True
388	0x000111eb	0x000708a0	3	0	0x000808a0	True
389	0x00011243	0x000708a0	3	0	0x000808a0	True
390	0x000112a4	0x000708a0	3	0	0x000808a0	True
391	0x000113e7	0x000708a0	3	0	0x000808a0	True
392	0x0001145a	0x000708a0	3	0	0x000808a0	True
393	0x00011509	0x0008065e	3	0	0x0009065e	True
394	0x00011521	0x00080664	3	0	0x00090664	True
395	0x00011561	0x0008065c	3	0	0x0009065c	True
396	0x0001157b	0x00080667	3	0	0x00090667	True
397	0x0001158f	0x00080669	3	0	0x00090669	True
398	0x000115b3	0x00080698	3	0	0x00090698	True
399	0x000115eb	0x0008069c	3	0	0x0009069c	True
400	0x00011682	0x0008069e	3	0	0x0009069e	True
401	0x000116c3	0x000806d3	3	0	0x000906d3	True
402	0x000116ed	0x00070858	3	0	0x00080858	True
403	0x000116fb	0x000806f9	3	0	0x000906f9	True
404	0x00080640	0x00080630	3	0	0x00090630	True
405	0x00011722	0x00070884	3	0	0x00080884	True
406	0x0001172f	0x00070d98	3	0	0x00080d98	True
407	0x0001173a	0x00080764	3	0	0x00090764	True
408	0x0001173f	0x00070d84	3	0	0x00080d84	True
409	0x00011744	0x00070d80	3	0	0x00080d80	True
410	0x00011749	0x00070d7c	3	0	0x00080d7c	True
411	0x0001174e	0x00070d74	3	0	0x00080d74	True
412	0x00011753	0x0008077c	3	0	0x0009077c	True
413	0x00011758	0x0008014c	3	0	0x0009014c	True
414	0x0001175d	0x00080768	3	0	0x00090768	True
415	0x00011762	0x0008076c	3	0	0x0009076c	True
416	0x00011776	0x00070ce4	3	0	0x00080ce4	True
417	0x0001177c	0x00070cf8	3	0	0x00080cf8	True
418	0x00011782	0x00070d0c	3	0	0x00080d0c	True
419	0x000117a5	0x00070d30	3	0	0x00080d30	True
420	0x000117ab	0x00080770	3	0	0x00090770	True
421	0x000117b6	0x00070d38	3	0	0x00080d38	True
422	0x000117bb	0x00070d24	3	0	0x00080d24	True
423	0x000117c0	0x00070d20	3	0	0x00080d20	True
424	0x000117d4	0x00070884	3	0	0x00080884	True
425	0x000117e1	0x00080758	3	0	0x00090758	True
426	0x0001180a	0x00070d90	3	0	0x00080d90	True
427	0x00011813	0x00070d90	3	0	0x00080d90	True
428	0x0001184e	0x00070d28	3	0	0x00080d28	True
429	0x00011857	0x00070d28	3	0	0x00080d28	True
430	0x0001185e	0x00070d0c	3	0	0x00080d0c	True
431	0x0001186b	0x00070d28	3	0	0x00080d28	True
432	0x00011872	0x00070ce4	3	0	0x00080ce4	True
433	0x00011880	0x00070d28	3	0	0x00080d28	True
434	0x00011886	0x00070d28	3	0	0x00080d28	True
435	0x00011891	0x00070d90	3	0	0x00080d90	True
436	0x000118d3	0x00070ce4	3	0	0x00080ce4	True
437	0x00011933	0x00070ce4	3	0	0x00080ce4	True
438	0x00011962	0x00070ce4	3	0	0x00080ce4	True
439	0x000119b3	0x00070cf8	3	0	0x00080cf8	True
440	0x000119be	0x00080768	3	0	0x00090768	True
441	0x000119ca	0x000a0000	3	0	0x000b0000	True
442	0x000119e1	0x00080734	3	0	0x00090734	True
443	0x00011a9b	0x00070cf8	3	0	0x00080cf8	True
444	0x00011aac	0x00080764	3	0	0x00090764	True
445	0x00011acb	0x00080768	3	0	0x00090768	True
446	0x00011ad0	0x00080774	3	0	0x00090774	True
447	0x00011ad8	0x00080778	3	0	0x00090778	True
448	0x00011ade	0x00070d98	3	0	0x00080d98	True
449	0x00011b40	0x00070858	3	0	0x00080858	True
450	0x00011b50	0x00080758	3	0	0x00090758	True
451	0x00011b5e	0x00070d3c	3	0	0x00080d3c	True
452	0x00011b6f	0x00070858	3	0	0x00080858	True
453	0x00011b75	0x00070d2c	3	0	0x00080d2c	True
454	0x00011b83	0x00070d20	3	0	0x00080d20	True
455	0x00011b91	0x00080758	3	0	0x00090758	True
456	0x00011b9e	0x00070d20	3	0	0x00080d20	True
457	0x00011ba5	0x00080ac0	3	0	0x00090ac0	True
458	0x00011baf	0x00070d24	3	0	0x00080d24	True
459	0x00011bb7	0x00070d24	3	0	0x00080d24	True
460	0x00011bbe	0x00080ac0	3	0	0x00090ac0	True
461	0x00011bc7	0x000800d8	3	0	0x000900d8	True
462	0x00011bd9	0x00070d94	3	0	0x00080d94	True
463	0x00011be9	0x00080758	3	0	0x00090758	True
464	0x00011bf6	0x00070d94	3	0	0x00080d94	True
465	0x00011c4d	0x00080780	3	0	0x00090780	True
466	0x00011c84	0x00070858	3	0	0x00080858	True
467	0x00011cd2	0x00070858	3	0	0x00080858	True
468	0x00011d1d	0x00070d3c	3	0	0x00080d3c	True
469	0x00011d24	0x00070d3c	3	0	0x00080d3c	True
470	0x00011d37	0x00070cec	3	0	0x00080cec	True
471	0x00011d55	0x00070cf0	3	0	0x00080cf0	True
472	0x00011d5e	0x00070cf0	3	0	0x00080cf0	True
473	0x00011dc4	0x00070d3c	3	0	0x00080d3c	True
474	0x00011dca	0x00070d2c	3	0	0x00080d2c	True
475	0x00011e4e	0x00090045	3	0	0x000a0045	True
476	0x00011e80	0x00070d3c	3	0	0x00080d3c	True
477	0x00011f67	0x00070d3c	3	0	0x00080d3c	True
478	0x00011fa8	0x00070d3c	3	0	0x00080d3c	True
479	0x00011ffc	0x00070d3c	3	0	0x00080d3c	True
480	0x00012002	0x00070d2c	3	0	0x00080d2c	True
481	0x00012035	0x00090045	3	0	0x000a0045	True
482	0x00012054	0x00070d3c	3	0	0x00080d3c	True
483	0x00012108	0x00080758	3	0	0x00090758	True
484	0x00012154	0x00070d3c	3	0	0x00080d3c	True
485	0x00012253	0x00070d3c	3	0	0x00080d3c	True
486	0x0001228b	0x00070d3c	3	0	0x00080d3c	True
487	0x000122e9	0x00070d3c	3	0	0x00080d3c	True
488	0x000122ef	0x00070d2c	3	0	0x00080d2c	True
489	0x00012387	0x00080758	3	0	0x00090758	True
490	0x000123ac	0x00070d3c	3	0	0x00080d3c	True
491	0x000123de	0x00070d3c	3	0	0x00080d3c	True
492	0x00012448	0x0001244c	3	0	0x0002244c	True
493	0x0001244c	0x0001219c	3	0	0x0002219c	True
494	0x00012450	0x0001219c	3	0	0x0002219c	True
495	0x00012454	0x0001219c	3	0	0x0002219c	True
496	0x00012458	0x0001219c	3	0	0x0002219c	True
497	0x0001245c	0x0001219c	3	0	0x0002219c	True
498	0x00012460	0x0001219c	3	0	0x0002219c	True
499	0x00012464	0x0001219c	3	0	0x0002219c	True
500	0x00012468	0x0001219c	3	0	0x0002219c	True
501	0x0001246c	0x0001219c	3	0	0x0002219c	True
502	0x00012470	0x0001219c	3	0	0x0002219c	True
503	0x00012474	0x0001219c	3	0	0x0002219c	True
504	0x00012478	0x0001250e	3	0	0x0002250e	True
505	0x0001247c	0x0001250e	3	0	0x0002250e	True
506	0x00012480	0x0001250e	3	0	0x0002250e	True
507	0x00012484	0x0001250e	3	0	0x0002250e	True
508	0x00012488	0x0001250e	3	0	0x0002250e	True
509	0x0001248c	0x0001250e	3	0	0x0002250e	True
510	0x00012490	0x0001250e	3	0	0x0002250e	True
511	0x00012494	0x0001250e	3	0	0x0002250e	True
512	0x00012498	0x0001250e	3	0	0x0002250e	True
513	0x0001249c	0x0001250e	3	0	0x0002250e	True
514	0x000124a0	0x0001250e	3	0	0x0002250e	True
515	0x000124a4	0x0001250e	3	0	0x0002250e	True
516	0x000124a8	0x00011e08	3	0	0x00021e08	True
517	0x000124ac	0x0001250e	3	0	0x0002250e	True
518	0x000124b0	0x0001250e	3	0	0x0002250e	True
519	0x000124b4	0x0001250e	3	0	0x0002250e	True
520	0x000124b8	0x0001250e	3	0	0x0002250e	True
521	0x000124bc	0x0001250e	3	0	0x0002250e	True
522	0x000124c0	0x0001250e	3	0	0x0002250e	True
523	0x000124c4	0x0001250e	3	0	0x0002250e	True
524	0x000124c8	0x0001250e	3	0	0x0002250e	True
525	0x000124cc	0x0001250e	3	0	0x0002250e	True
526	0x000124d0	0x00011e9c	3	0	0x00021e9c	True
527	0x000124d4	0x0001250e	3	0	0x0002250e	True
528	0x000124d8	0x00012160	3	0	0x00022160	True
529	0x000124dc	0x0001250e	3	0	0x0002250e	True
530	0x000124e0	0x000120a8	3	0	0x000220a8	True
531	0x000124e4	0x0001219c	3	0	0x0002219c	True
532	0x000124e8	0x0001219c	3	0	0x0002219c	True
533	0x0001251b	0x00090044	3	0	0x000a0044	True
534	0x00012543	0x00090045	3	0	0x000a0045	True
535	0x00012591	0x00080758	3	0	0x00090758	True
536	0x0001260b	0x00070d3c	3	0	0x00080d3c	True
537	0x00012613	0x00070d3c	3	0	0x00080d3c	True
538	0x000126fc	0x00070d3c	3	0	0x00080d3c	True
539	0x00012704	0x00070d3c	3	0	0x00080d3c	True
540	0x00012742	0x00070d40	3	0	0x00080d40	True
541	0x0001274e	0x00070d40	3	0	0x00080d40	True
542	0x0001275e	0x00070d44	3	0	0x00080d44	True
543	0x0001276a	0x00070d44	3	0	0x00080d44	True
544	0x0001277f	0x00080758	3	0	0x00090758	True
545	0x000127d3	0x00070d2c	3	0	0x00080d2c	True
546	0x000127f1	0x00070d2c	3	0	0x00080d2c	True
547	0x000127fe	0x00080758	3	0	0x00090758	True
548	0x00012826	0x00080758	3	0	0x00090758	True
549	0x00012848	0x00080758	3	0	0x00090758	True
550	0x00012885	0x00070d40	3	0	0x00080d40	True
551	0x0001288e	0x00080118	3	0	0x00090118	True
552	0x000128df	0x00070858	3	0	0x00080858	True
553	0x000128ea	0x00070884	3	0	0x00080884	True
554	0x000129ee	0x00070cf0	3	0	0x00080cf0	True
555	0x000129fb	0x00070ce4	3	0	0x00080ce4	True
556	0x00012a37	0x00080758	3	0	0x00090758	True
557	0x00012a83	0x00070858	3	0	0x00080858	True
558	0x00012a93	0x00070d20	3	0	0x00080d20	True
559	0x00012aa2	0x00070d0c	3	0	0x00080d0c	True
560	0x00012aac	0x00070d0c	3	0	0x00080d0c	True
561	0x00012abe	0x00070884	3	0	0x00080884	True
562	0x00012ace	0x00070d24	3	0	0x00080d24	True
563	0x00012ada	0x00070ce4	3	0	0x00080ce4	True
564	0x00012ae4	0x00070ce4	3	0	0x00080ce4	True
565	0x00012b0b	0x0008077c	3	0	0x0009077c	True
566	0x00012b35	0x0008077c	3	0	0x0009077c	True
567	0x00012b3d	0x0008077c	3	0	0x0009077c	True
568	0x00012b4b	0x0008077c	3	0	0x0009077c	True
569	0x00012b5a	0x0008077c	3	0	0x0009077c	True
570	0x00012c15	0x00070858	3	0	0x00080858	True
571	0x00012c23	0x00070884	3	0	0x00080884	True
572	0x00012c3d	0x00070d44	3	0	0x00080d44	True
573	0x00012cc7	0x00070d40	3	0	0x00080d40	True
574	0x00012d12	0x00080764	3	0	0x00090764	True
575	0x00012d1a	0x00080764	3	0	0x00090764	True
576	0x00012d25	0x00080764	3	0	0x00090764	True
577	0x00012d3e	0x00080768	3	0	0x00090768	True
578	0x00012d56	0x00080768	3	0	0x00090768	True
579	0x00012d61	0x000708a4	3	0	0x000808a4	True
580	0x00012d66	0x00080768	3	0	0x00090768	True
581	0x00012d71	0x00080768	3	0	0x00090768	True
582	0x00012d83	0x000708a4	3	0	0x000808a4	True
583	0x00012d8c	0x00080768	3	0	0x00090768	True
584	0x00012d95	0x00080768	3	0	0x00090768	True
585	0x00012d9b	0x00080768	3	0	0x00090768	True
586	0x00012da9	0x00080768	3	0	0x00090768	True
587	0x00012dc5	0x00080784	3	0	0x00090784	True
588	0x00012df4	0x00080758	3	0	0x00090758	True
589	0x00012e02	0x00080764	3	0	0x00090764	True
590	0x00012e0a	0x00080764	3	0	0x00090764	True
591	0x00012e1d	0x000807c0	3	0	0x000907c0	True
592	0x00012e25	0x000807c0	3	0	0x000907c0	True
593	0x00012e2b	0x000807c4	3	0	0x000907c4	True
594	0x00012e36	0x000807c4	3	0	0x000907c4	True
595	0x00012e45	0x000807c4	3	0	0x000907c4	True
596	0x00012e4a	0x000807c4	3	0	0x000907c4	True
597	0x00012e77	0x000807c0	3	0	0x000907c0	True
598	0x00012e7d	0x000807c4	3	0	0x000907c4	True
599	0x00012e90	0x000807c0	3	0	0x000907c0	True
600	0x00012ea7	0x000807c0	3	0	0x000907c0	True
601	0x00012ead	0x000807c4	3	0	0x000907c4	True
602	0x00012efd	0x00080acc	3	0	0x00090acc	True
603	0x00012f10	0x00080ad0	3	0	0x00090ad0	True
604	0x00012f1e	0x00080ad0	3	0	0x00090ad0	True
605	0x00012f4d	0x00070d78	3	0	0x00080d78	True
606	0x00013035	0x00080acc	3	0	0x00090acc	True
607	0x0001305b	0x00070d5c	3	0	0x00080d5c	True
608	0x00013089	0x00070d5c	3	0	0x00080d5c	True
609	0x000130c3	0x00070d5c	3	0	0x00080d5c	True
610	0x000130ed	0x00070d5c	3	0	0x00080d5c	True
611	0x000130ff	0x00070d5c	3	0	0x00080d5c	True
612	0x00013114	0x00070d78	3	0	0x00080d78	True
613	0x000131b5	0x00070d78	3	0	0x00080d78	True
614	0x0001325a	0x00070d78	3	0	0x00080d78	True
615	0x00013279	0x00070d5c	3	0	0x00080d5c	True
616	0x00013287	0x00070d5c	3	0	0x00080d5c	True
617	0x000132ae	0x00090044	3	0	0x000a0044	True
618	0x0001330b	0x00080758	3	0	0x00090758	True
619	0x00013348	0x0001334c	3	0	0x0002334c	True
620	0x0001334c	0x000130ec	3	0	0x000230ec	True
621	0x00013350	0x000130ec	3	0	0x000230ec	True
622	0x00013354	0x000130ec	3	0	0x000230ec	True
623	0x00013358	0x000130ec	3	0	0x000230ec	True
624	0x0001335c	0x000130ec	3	0	0x000230ec	True
625	0x00013360	0x000130ec	3	0	0x000230ec	True
626	0x00013364	0x000130ec	3	0	0x000230ec	True
627	0x00013368	0x000130ec	3	0	0x000230ec	True
628	0x0001336c	0x000130ec	3	0	0x000230ec	True
629	0x00013370	0x000130ec	3	0	0x000230ec	True
630	0x00013374	0x000130ec	3	0	0x000230ec	True
631	0x00013378	0x00013274	3	0	0x00023274	True
632	0x0001337c	0x00013274	3	0	0x00023274	True
633	0x00013380	0x00013274	3	0	0x00023274	True
634	0x00013384	0x00013274	3	0	0x00023274	True
635	0x00013388	0x00013274	3	0	0x00023274	True
636	0x0001338c	0x00013274	3	0	0x00023274	True
637	0x00013390	0x00013274	3	0	0x00023274	True
638	0x00013394	0x00013274	3	0	0x00023274	True
639	0x00013398	0x00013274	3	0	0x00023274	True
640	0x0001339c	0x00013274	3	0	0x00023274	True
641	0x000133a0	0x00013274	3	0	0x00023274	True
642	0x000133a4	0x00013274	3	0	0x00023274	True
643	0x000133a8	0x00013088	3	0	0x00023088	True
644	0x000133ac	0x00013274	3	0	0x00023274	True
645	0x000133b0	0x00013274	3	0	0x00023274	True
646	0x000133b4	0x00013274	3	0	0x00023274	True
647	0x000133b8	0x00013274	3	0	0x00023274	True
648	0x000133bc	0x00013274	3	0	0x00023274	True
649	0x000133c0	0x00013274	3	0	0x00023274	True
650	0x000133c4	0x00013274	3	0	0x00023274	True
651	0x000133c8	0x00013274	3	0	0x00023274	True
652	0x000133cc	0x00013274	3	0	0x00023274	True
653	0x000133d0	0x00013274	3	0	0x00023274	True
654	0x000133d4	0x00013274	3	0	0x00023274	True
655	0x000133d8	0x000130ec	3	0	0x000230ec	True
656	0x000133dc	0x00013274	3	0	0x00023274	True
657	0x000133e0	0x00013274	3	0	0x00023274	True
658	0x000133e4	0x000130ec	3	0	0x000230ec	True
659	0x000133f7	0x000133fc	3	0	0x000233fc	True
660	0x000133fc	0x000131fc	3	0	0x000231fc	True
661	0x00013400	0x000131fc	3	0	0x000231fc	True
662	0x00013404	0x000131fc	3	0	0x000231fc	True
663	0x00013408	0x00013274	3	0	0x00023274	True
664	0x0001340c	0x00013148	3	0	0x00023148	True
665	0x00013410	0x00013274	3	0	0x00023274	True
666	0x00013414	0x000131fc	3	0	0x000231fc	True
667	0x00013418	0x00013274	3	0	0x00023274	True
668	0x0001341c	0x00013274	3	0	0x00023274	True
669	0x00013420	0x00013274	3	0	0x00023274	True
670	0x00013424	0x00013274	3	0	0x00023274	True
671	0x00013428	0x00013274	3	0	0x00023274	True
672	0x0001342c	0x00013274	3	0	0x00023274	True
673	0x00013430	0x00013274	3	0	0x00023274	True
674	0x00013434	0x00013274	3	0	0x00023274	True
675	0x00013438	0x00013274	3	0	0x00023274	True
676	0x0001343c	0x00013274	3	0	0x00023274	True
677	0x00013440	0x00013274	3	0	0x00023274	True
678	0x00013444	0x000130b8	3	0	0x000230b8	True
679	0x0001347a	0x00070d28	3	0	0x00080d28	True
680	0x00013483	0x00070d28	3	0	0x00080d28	True
681	0x0001348a	0x00070ce4	3	0	0x00080ce4	True
682	0x0001349c	0x00070d28	3	0	0x00080d28	True
683	0x000134a3	0x00070d0c	3	0	0x00080d0c	True
684	0x000134b0	0x00070d28	3	0	0x00080d28	True
685	0x000134b7	0x00070ce4	3	0	0x00080ce4	True
686	0x000134c4	0x00070d28	3	0	0x00080d28	True
687	0x000134cb	0x00070ce4	3	0	0x00080ce4	True
688	0x000134d8	0x00070d28	3	0	0x00080d28	True
689	0x000134e0	0x00070ce4	3	0	0x00080ce4	True
690	0x000134f3	0x00070d28	3	0	0x00080d28	True
691	0x000134fb	0x00070ce4	3	0	0x00080ce4	True
692	0x0001350e	0x00070d28	3	0	0x00080d28	True
693	0x00013516	0x00070cf8	3	0	0x00080cf8	True
694	0x00013524	0x00070d28	3	0	0x00080d28	True
695	0x0001352b	0x00070cf8	3	0	0x00080cf8	True
696	0x0001353d	0x00070d28	3	0	0x00080d28	True
697	0x00013544	0x00070d0c	3	0	0x00080d0c	True
698	0x00013551	0x00070d28	3	0	0x00080d28	True
699	0x00013558	0x00070cf8	3	0	0x00080cf8	True
700	0x00013565	0x00070d28	3	0	0x00080d28	True
701	0x0001356d	0x00070cf8	3	0	0x00080cf8	True
702	0x0001357b	0x00070d28	3	0	0x00080d28	True
703	0x00013582	0x00070cf8	3	0	0x00080cf8	True
704	0x0001358f	0x00070d28	3	0	0x00080d28	True
705	0x00013596	0x00070d0c	3	0	0x00080d0c	True
706	0x000135a3	0x00070d28	3	0	0x00080d28	True
707	0x000135aa	0x00070cf8	3	0	0x00080cf8	True
708	0x000135b8	0x00070d28	3	0	0x00080d28	True
709	0x000135be	0x00070d28	3	0	0x00080d28	True
710	0x000135cb	0x00070d28	3	0	0x00080d28	True
711	0x000135d9	0x00070d28	3	0	0x00080d28	True
712	0x000135e0	0x00070ce4	3	0	0x00080ce4	True
713	0x000135ed	0x00070d28	3	0	0x00080d28	True
714	0x000135f4	0x00070d0c	3	0	0x00080d0c	True
715	0x00013601	0x00070d28	3	0	0x00080d28	True
716	0x00013608	0x00070ce4	3	0	0x00080ce4	True
717	0x00013615	0x00070d28	3	0	0x00080d28	True
718	0x0001361c	0x00070ce4	3	0	0x00080ce4	True
719	0x00013629	0x00070d28	3	0	0x00080d28	True
720	0x00013631	0x00070ce4	3	0	0x00080ce4	True
721	0x0001363f	0x00070d28	3	0	0x00080d28	True
722	0x00013647	0x00070ce4	3	0	0x00080ce4	True
723	0x00013655	0x00070d28	3	0	0x00080d28	True
724	0x0001365c	0x00070d0c	3	0	0x00080d0c	True
725	0x00013669	0x00070d28	3	0	0x00080d28	True
726	0x00013670	0x00070cf8	3	0	0x00080cf8	True
727	0x0001367d	0x00070d28	3	0	0x00080d28	True
728	0x00013685	0x00070cf8	3	0	0x00080cf8	True
729	0x00013693	0x00070d28	3	0	0x00080d28	True
730	0x0001369c	0x00070cf8	3	0	0x00080cf8	True
731	0x000136a2	0x00070ce4	3	0	0x00080ce4	True
732	0x000136a8	0x00070cf8	3	0	0x00080cf8	True
733	0x000136b1	0x00070ce4	3	0	0x00080ce4	True
734	0x000136bf	0x00070d28	3	0	0x00080d28	True
735	0x000136c6	0x00070d0c	3	0	0x00080d0c	True
736	0x000136d3	0x00070d28	3	0	0x00080d28	True
737	0x000136da	0x00070cf8	3	0	0x00080cf8	True
738	0x00013814	0x00070d28	3	0	0x00080d28	True
739	0x00013822	0x00080758	3	0	0x00090758	True
740	0x0001384b	0x00070ce4	3	0	0x00080ce4	True
741	0x00013854	0x00070ce4	3	0	0x00080ce4	True
742	0x00013b2b	0x00070d28	3	0	0x00080d28	True
743	0x00013b32	0x00070ce4	3	0	0x00080ce4	True
744	0x00013b5c	0x00080758	3	0	0x00090758	True
745	0x00013b61	0x000807c8	3	0	0x000907c8	True
746	0x00013bbc	0x00070d28	3	0	0x00080d28	True
747	0x00013bc4	0x00070ce4	3	0	0x00080ce4	True
748	0x00013bd8	0x00070d28	3	0	0x00080d28	True
749	0x00013c10	0x00070d28	3	0	0x00080d28	True
750	0x00013c3e	0x00070d28	3	0	0x00080d28	True
751	0x00013c45	0x00070cf8	3	0	0x00080cf8	True
752	0x00013c4e	0x00070d28	3	0	0x00080d28	True
753	0x00013c55	0x00070cf8	3	0	0x00080cf8	True
754	0x00013d86	0x00070ce4	3	0	0x00080ce4	True
755	0x00013dc8	0x00070d28	3	0	0x00080d28	True
756	0x00013dcf	0x00070ce4	3	0	0x00080ce4	True
757	0x00013df9	0x00070d28	3	0	0x00080d28	True
758	0x00013e00	0x00070ce4	3	0	0x00080ce4	True
759	0x00013f02	0x00070d28	3	0	0x00080d28	True
760	0x00013f09	0x00070cf8	3	0	0x00080cf8	True
761	0x00013f12	0x00070d28	3	0	0x00080d28	True
762	0x00013f19	0x00070cf8	3	0	0x00080cf8	True
763	0x00013f3a	0x00070ce4	3	0	0x00080ce4	True
764	0x00013f42	0x00070ce4	3	0	0x00080ce4	True
765	0x00013f47	0x00070d28	3	0	0x00080d28	True
766	0x00013f4e	0x00070ce4	3	0	0x00080ce4	True
767	0x00013f98	0x000708a4	3	0	0x000808a4	True
768	0x00014033	0x00070d28	3	0	0x00080d28	True
769	0x000140c3	0x00070d28	3	0	0x00080d28	True
770	0x00014105	0x000807c0	3	0	0x000907c0	True
771	0x0001410b	0x000807c4	3	0	0x000907c4	True
772	0x00014314	0x00070d28	3	0	0x00080d28	True
773	0x0001444a	0x000807ee	3	0	0x000907ee	True
774	0x0001444f	0x00070d28	3	0	0x00080d28	True
775	0x00014456	0x00070cf8	3	0	0x00080cf8	True
776	0x0001445b	0x0001a2d0	3	0	0x0002a2d0	True
777	0x0001446a	0x00070d28	3	0	0x00080d28	True
778	0x00014472	0x00070cf8	3	0	0x00080cf8	True
779	0x000144af	0x00070d28	3	0	0x00080d28	True
780	0x000144d9	0x00070ce4	3	0	0x00080ce4	True
781	0x000144e1	0x00070ce4	3	0	0x00080ce4	True
782	0x00014522	0x000708a4	3	0	0x000808a4	True
783	0x00014531	0x000708a4	3	0	0x000808a4	True
784	0x00014552	0x00070d28	3	0	0x00080d28	True
785	0x00014570	0x000708a4	3	0	0x000808a4	True
786	0x0001460c	0x00070d28	3	0	0x00080d28	True
787	0x00014650	0x00070858	3	0	0x00080858	True
788	0x000146f4	0x00070d28	3	0	0x00080d28	True
789	0x0001475c	0x000708a4	3	0	0x000808a4	True
790	0x00014775	0x000708a4	3	0	0x000808a4	True
791	0x000147c5	0x00070d28	3	0	0x00080d28	True
792	0x0001480b	0x000708a4	3	0	0x000808a4	True
793	0x00014833	0x00070d28	3	0	0x00080d28	True
794	0x00014876	0x000708a4	3	0	0x000808a4	True
795	0x000148a6	0x00070d28	3	0	0x00080d28	True
796	0x000148c7	0x00080758	3	0	0x00090758	True
797	0x00014962	0x000708a4	3	0	0x000808a4	True
798	0x00014a18	0x00070ce4	3	0	0x00080ce4	True
799	0x00014a20	0x00070ce4	3	0	0x00080ce4	True
800	0x00014a55	0x00070d28	3	0	0x00080d28	True
801	0x00014d4a	0x0008012c	3	0	0x0009012c	True
802	0x00014d56	0x00080760	3	0	0x00090760	True
803	0x00014d6c	0x00080760	3	0	0x00090760	True
804	0x00014d7d	0x0008075c	3	0	0x0009075c	True
805	0x00014dc0	0x0008012c	3	0	0x0009012c	True
806	0x00014dcc	0x0008075c	3	0	0x0009075c	True
807	0x00014dd7	0x00080760	3	0	0x00090760	True
808	0x00014de1	0x0008075c	3	0	0x0009075c	True
809	0x00014deb	0x00080760	3	0	0x00090760	True
810	0x00014e0b	0x00080758	3	0	0x00090758	True
811	0x00014eab	0x00070d54	3	0	0x00080d54	True
812	0x00014ebd	0x00070d4c	3	0	0x00080d4c	True
813	0x00014ec7	0x00070d60	3	0	0x00080d60	True
814	0x00014ecd	0x00070d64	3	0	0x00080d64	True
815	0x00014ee2	0x00070d64	3	0	0x00080d64	True
816	0x00014ef7	0x00070d4c	3	0	0x00080d4c	True
817	0x00014f05	0x00080758	3	0	0x00090758	True
818	0x00014f19	0x00070d4c	3	0	0x00080d4c	True
819	0x00014f30	0x00070d4c	3	0	0x00080d4c	True
820	0x00014f3f	0x00070d50	3	0	0x00080d50	True
821	0x00014f56	0x00070d50	3	0	0x00080d50	True
822	0x00014f66	0x00070d4c	3	0	0x00080d4c	True
823	0x00014f9e	0x00070ce4	3	0	0x00080ce4	True
824	0x00014fa7	0x00070ce4	3	0	0x00080ce4	True
825	0x00014fdc	0x00070d54	3	0	0x00080d54	True
826	0x00014fee	0x00070d58	3	0	0x00080d58	True
827	0x00014ffe	0x00070d64	3	0	0x00080d64	True
828	0x00015027	0x00070d60	3	0	0x00080d60	True
829	0x00015051	0x00070d60	3	0	0x00080d60	True
830	0x0001506f	0x00070d60	3	0	0x00080d60	True
831	0x000150a5	0x00070d60	3	0	0x00080d60	True
832	0x000150c3	0x00070d60	3	0	0x00080d60	True
833	0x000150e3	0x00070d4c	3	0	0x00080d4c	True
834	0x0001516f	0x00070d28	3	0	0x00080d28	True
835	0x000151fa	0x000708a4	3	0	0x000808a4	True
836	0x0001522e	0x000807c0	3	0	0x000907c0	True
837	0x00015234	0x000807c4	3	0	0x000907c4	True
838	0x000152d6	0x00070d28	3	0	0x00080d28	True
839	0x0001531b	0x00070d8c	3	0	0x00080d8c	True
840	0x00015339	0x00070d1c	3	0	0x00080d1c	True
841	0x000153a3	0x00080ba8	3	0	0x00090ba8	True
842	0x000153b0	0x00080ac0	3	0	0x00090ac0	True
843	0x000153f7	0x00070d8c	3	0	0x00080d8c	True
844	0x00015404	0x00080758	3	0	0x00090758	True
845	0x00015426	0x00070d1c	3	0	0x00080d1c	True
846	0x00015468	0x00070d1c	3	0	0x00080d1c	True
847	0x0001548c	0x000708a4	3	0	0x000808a4	True
848	0x000154c7	0x000708a4	3	0	0x000808a4	True
849	0x0001550b	0x000708a4	3	0	0x000808a4	True
850	0x0001553a	0x00070d1c	3	0	0x00080d1c	True
851	0x00015572	0x00080ac0	3	0	0x00090ac0	True
852	0x0001558b	0x00070d20	3	0	0x00080d20	True
853	0x000155c6	0x00080ac0	3	0	0x00090ac0	True
854	0x000155e3	0x00070d20	3	0	0x00080d20	True
855	0x00015614	0x00080ac0	3	0	0x00090ac0	True
856	0x00015836	0x00080130	3	0	0x00090130	True
857	0x000158dd	0x00080758	3	0	0x00090758	True
858	0x000159d1	0x00080758	3	0	0x00090758	True
859	0x000159d6	0x00080806	3	0	0x00090806	True
860	0x000159f2	0x00070ce4	3	0	0x00080ce4	True
861	0x000159fa	0x00070ce4	3	0	0x00080ce4	True
862	0x00015a17	0x00070d04	3	0	0x00080d04	True
863	0x00015a1f	0x00070d04	3	0	0x00080d04	True
864	0x00015b25	0x0008012c	3	0	0x0009012c	True
865	0x00015b35	0x00070d00	3	0	0x00080d00	True
866	0x00015b5c	0x00070ce4	3	0	0x00080ce4	True
867	0x00015b64	0x00070ce4	3	0	0x00080ce4	True
868	0x00015b95	0x00070d00	3	0	0x00080d00	True
869	0x00015bd1	0x00070d3c	3	0	0x00080d3c	True
870	0x00015bd8	0x00070d3c	3	0	0x00080d3c	True
871	0x00015c41	0x00090045	3	0	0x000a0045	True
872	0x00015c67	0x00070d3c	3	0	0x00080d3c	True
873	0x00015c81	0x00080758	3	0	0x00090758	True
874	0x00015ce0	0x0008081e	3	0	0x0009081e	True
875	0x00015d28	0x00080758	3	0	0x00090758	True
876	0x00015d79	0x00080823	3	0	0x00090823	True
877	0x00015db3	0x00080758	3	0	0x00090758	True
878	0x00015dc7	0x00070d3c	3	0	0x00080d3c	True
879	0x00015de7	0x00080758	3	0	0x00090758	True
880	0x00015e23	0x00080827	3	0	0x00090827	True
881	0x00015e8a	0x00070d3c	3	0	0x00080d3c	True
882	0x00015ec2	0x00070d3c	3	0	0x00080d3c	True
883	0x00015f45	0x0008082b	3	0	0x0009082b	True
884	0x00015f69	0x00080ac4	3	0	0x00090ac4	True
885	0x00015fa3	0x00080830	3	0	0x00090830	True
886	0x00016017	0x00080838	3	0	0x00090838	True
887	0x0001604b	0x0008083d	3	0	0x0009083d	True
888	0x0001607e	0x00090045	3	0	0x000a0045	True
889	0x0001615c	0x00070d3c	3	0	0x00080d3c	True
890	0x000161ce	0x00070d3c	3	0	0x00080d3c	True
891	0x00016216	0x00090044	3	0	0x000a0044	True
892	0x00016240	0x00090045	3	0	0x000a0045	True
893	0x0001630b	0x00016310	3	0	0x00026310	True
894	0x00016310	0x00015e64	3	0	0x00025e64	True
895	0x00016314	0x00015e64	3	0	0x00025e64	True
896	0x00016318	0x00015e64	3	0	0x00025e64	True
897	0x0001631c	0x00015e64	3	0	0x00025e64	True
898	0x00016320	0x00015e64	3	0	0x00025e64	True
899	0x00016324	0x00015e64	3	0	0x00025e64	True
900	0x00016328	0x00015e64	3	0	0x00025e64	True
901	0x0001632c	0x00015e64	3	0	0x00025e64	True
902	0x00016330	0x00015e64	3	0	0x00025e64	True
903	0x00016334	0x00015e64	3	0	0x00025e64	True
904	0x00016338	0x00015e64	3	0	0x00025e64	True
905	0x0001633c	0x00016209	3	0	0x00026209	True
906	0x00016340	0x00016209	3	0	0x00026209	True
907	0x00016344	0x00016209	3	0	0x00026209	True
908	0x00016348	0x00016209	3	0	0x00026209	True
909	0x0001634c	0x00016209	3	0	0x00026209	True
910	0x00016350	0x00016209	3	0	0x00026209	True
911	0x00016354	0x00016209	3	0	0x00026209	True
912	0x00016358	0x00016209	3	0	0x00026209	True
913	0x0001635c	0x00016209	3	0	0x00026209	True
914	0x00016360	0x00016209	3	0	0x00026209	True
915	0x00016364	0x00016209	3	0	0x00026209	True
916	0x00016368	0x00016209	3	0	0x00026209	True
917	0x0001636c	0x00016209	3	0	0x00026209	True
918	0x00016370	0x00016209	3	0	0x00026209	True
919	0x00016374	0x00016209	3	0	0x00026209	True
920	0x00016378	0x00016209	3	0	0x00026209	True
921	0x0001637c	0x00016209	3	0	0x00026209	True
922	0x00016380	0x00016209	3	0	0x00026209	True
923	0x00016384	0x00016209	3	0	0x00026209	True
924	0x00016388	0x00016209	3	0	0x00026209	True
925	0x0001638c	0x00016209	3	0	0x00026209	True
926	0x00016390	0x00016209	3	0	0x00026209	True
927	0x00016394	0x00015e64	3	0	0x00025e64	True
928	0x00016398	0x00016209	3	0	0x00026209	True
929	0x0001639c	0x00015e64	3	0	0x00025e64	True
930	0x000163a0	0x00016209	3	0	0x00026209	True
931	0x000163a4	0x00016209	3	0	0x00026209	True
932	0x000163a8	0x00015e64	3	0	0x00025e64	True
933	0x000163ac	0x00015e64	3	0	0x00025e64	True
934	0x00016429	0x00070d3c	3	0	0x00080d3c	True
935	0x00016452	0x00070d2c	3	0	0x00080d2c	True
936	0x00016461	0x00070d2c	3	0	0x00080d2c	True
937	0x0001646a	0x00070d3c	3	0	0x00080d3c	True
938	0x00016484	0x00080758	3	0	0x00090758	True
939	0x00016499	0x00080ac0	3	0	0x00090ac0	True
940	0x000164d2	0x00080845	3	0	0x00090845	True
941	0x000164f1	0x0008084c	3	0	0x0009084c	True
942	0x00016503	0x00070d3c	3	0	0x00080d3c	True
943	0x0001654a	0x00090044	3	0	0x000a0044	True
944	0x0001656d	0x00090045	3	0	0x000a0045	True
945	0x00016609	0x00080758	3	0	0x00090758	True
946	0x000166a3	0x0008076c	3	0	0x0009076c	True
947	0x000166ce	0x0008076c	3	0	0x0009076c	True
948	0x000166d7	0x0008076c	3	0	0x0009076c	True
949	0x000166e8	0x00080851	3	0	0x00090851	True
950	0x0001671a	0x00080856	3	0	0x00090856	True
951	0x00016734	0x0008085a	3	0	0x0009085a	True
952	0x0001678c	0x00080758	3	0	0x00090758	True
953	0x000167e5	0x00080758	3	0	0x00090758	True
954	0x0001686e	0x00080758	3	0	0x00090758	True
955	0x000168d7	0x00080758	3	0	0x00090758	True
956	0x00016930	0x00080758	3	0	0x00090758	True
957	0x00016977	0x00080758	3	0	0x00090758	True
958	0x000169e9	0x0008085e	3	0	0x0009085e	True
959	0x00016a32	0x00080758	3	0	0x00090758	True
960	0x00016ac7	0x00070d04	3	0	0x00080d04	True
961	0x00016ae9	0x00070d04	3	0	0x00080d04	True
962	0x00016b2a	0x00070d28	3	0	0x00080d28	True
963	0x00016b54	0x00080ac0	3	0	0x00090ac0	True
964	0x00016b5c	0x00080770	3	0	0x00090770	True
965	0x00016b6e	0x00070d28	3	0	0x00080d28	True
966	0x00016b74	0x00070d28	3	0	0x00080d28	True
967	0x00016b7c	0x00070d28	3	0	0x00080d28	True
968	0x00016b83	0x00070cf8	3	0	0x00080cf8	True
969	0x00016b90	0x00070cfc	3	0	0x00080cfc	True
970	0x00016b9d	0x00070cfc	3	0	0x00080cfc	True
971	0x00016ba3	0x00070d28	3	0	0x00080d28	True
972	0x00016bca	0x00070d28	3	0	0x00080d28	True
973	0x00016bd0	0x00070d28	3	0	0x00080d28	True
974	0x00016bd8	0x00070d28	3	0	0x00080d28	True
975	0x00016bdf	0x00070cf8	3	0	0x00080cf8	True
976	0x00016bea	0x00080770	3	0	0x00090770	True
977	0x00016bf3	0x00070d24	3	0	0x00080d24	True
978	0x00016bfc	0x00080bb4	3	0	0x00090bb4	True
979	0x00016c05	0x00070d28	3	0	0x00080d28	True
980	0x00016c0f	0x00070d24	3	0	0x00080d24	True
981	0x00016c1c	0x00070884	3	0	0x00080884	True
982	0x00016c30	0x00070cfc	3	0	0x00080cfc	True
983	0x00016c3d	0x00070cfc	3	0	0x00080cfc	True
984	0x00016c43	0x00070d28	3	0	0x00080d28	True
985	0x00016c6a	0x00070d28	3	0	0x00080d28	True
986	0x00016c70	0x00070d28	3	0	0x00080d28	True
987	0x00016c78	0x00070d28	3	0	0x00080d28	True
988	0x00016c7f	0x00070cf8	3	0	0x00080cf8	True
989	0x00016cd4	0x00070044	3	0	0x00080044	True
990	0x00016cdc	0x00070040	3	0	0x00080040	True
991	0x00016ce1	0x00070044	3	0	0x00080044	True
992	0x00016cef	0x00070044	3	0	0x00080044	True
993	0x00016cfb	0x00070d48	3	0	0x00080d48	True
994	0x00016d01	0x00070040	3	0	0x00080040	True
995	0x00016df5	0x00080758	3	0	0x00090758	True
996	0x00016e2d	0x00080ac0	3	0	0x00090ac0	True
997	0x00016e34	0x00070d2c	3	0	0x00080d2c	True
998	0x00016f24	0x00070d28	3	0	0x00080d28	True
999	0x00016f4a	0x00090044	3	0	0x000a0044	True
1000	0x00016f65	0x00080758	3	0	0x00090758	True
1001	0x00016f8e	0x00070d28	3	0	0x00080d28	True
1002	0x00016f95	0x00070cf8	3	0	0x00080cf8	True
1003	0x00017007	0x00070d28	3	0	0x00080d28	True
1004	0x0001707a	0x00080862	3	0	0x00090862	True
1005	0x0001708d	0x00070d28	3	0	0x00080d28	True
1006	0x0001710e	0x00070d48	3	0	0x00080d48	True
1007	0x00017128	0x00070d48	3	0	0x00080d48	True
1008	0x0001712f	0x00070d48	3	0	0x00080d48	True
1009	0x00017137	0x00070d48	3	0	0x00080d48	True
1010	0x00017149	0x00070d48	3	0	0x00080d48	True
1011	0x00017161	0x00070d48	3	0	0x00080d48	True
1012	0x0001716f	0x00070d48	3	0	0x00080d48	True
1013	0x000171b4	0x00070d48	3	0	0x00080d48	True
1014	0x000171c1	0x00070d48	3	0	0x00080d48	True
1015	0x000171d5	0x00070d48	3	0	0x00080d48	True
1016	0x000171dc	0x00070d48	3	0	0x00080d48	True
1017	0x000171e5	0x00070d48	3	0	0x00080d48	True
1018	0x000171ea	0x00080869	3	0	0x00090869	True
1019	0x000171fb	0x00070d48	3	0	0x00080d48	True
1020	0x00017213	0x00070d48	3	0	0x00080d48	True
1021	0x0001727d	0x00070d28	3	0	0x00080d28	True
1022	0x00017289	0x00070d48	3	0	0x00080d48	True
1023	0x00017349	0x00080758	3	0	0x00090758	True
1024	0x00017399	0x00080758	3	0	0x00090758	True
1025	0x000173d3	0x00080758	3	0	0x00090758	True
1026	0x0001741a	0x0008086c	3	0	0x0009086c	True
1027	0x0001745c	0x00070d28	3	0	0x00080d28	True
1028	0x00017526	0x00080870	3	0	0x00090870	True
1029	0x0001755d	0x00080876	3	0	0x00090876	True
1030	0x0001758d	0x0008087a	3	0	0x0009087a	True
1031	0x00017652	0x00070d48	3	0	0x00080d48	True
1032	0x0001766d	0x00070d48	3	0	0x00080d48	True
1033	0x0001769f	0x00070d48	3	0	0x00080d48	True
1034	0x000176bf	0x00070d48	3	0	0x00080d48	True
1035	0x000176d6	0x00070d48	3	0	0x00080d48	True
1036	0x00017704	0x00070d48	3	0	0x00080d48	True
1037	0x00017718	0x00070d48	3	0	0x00080d48	True
1038	0x00017732	0x00070d48	3	0	0x00080d48	True
1039	0x0001774c	0x00070d48	3	0	0x00080d48	True
1040	0x00017751	0x00070d48	3	0	0x00080d48	True
1041	0x00017764	0x00070d48	3	0	0x00080d48	True
1042	0x0001776c	0x00080897	3	0	0x00090897	True
1043	0x0001777d	0x00070d48	3	0	0x00080d48	True
1044	0x0001784d	0x00080881	3	0	0x00090881	True
1045	0x00017880	0x00080888	3	0	0x00090888	True
1046	0x000178d6	0x00080758	3	0	0x00090758	True
1047	0x0001790d	0x0008088c	3	0	0x0009088c	True
1048	0x00017940	0x00080893	3	0	0x00090893	True
1049	0x00017967	0x00080758	3	0	0x00090758	True
1050	0x0001799c	0x00070d08	3	0	0x00080d08	True
1051	0x000179b9	0x00070cf4	3	0	0x00080cf4	True
1052	0x000179e8	0x00090045	3	0	0x000a0045	True
1053	0x00017a00	0x00070cf4	3	0	0x00080cf4	True
1054	0x00017a27	0x00070cf4	3	0	0x00080cf4	True
1055	0x00017a50	0x00070cf4	3	0	0x00080cf4	True
1056	0x00017aa6	0x00070d08	3	0	0x00080d08	True
1057	0x00017ad9	0x00090044	3	0	0x000a0044	True
1058	0x00017b05	0x00090045	3	0	0x000a0045	True
1059	0x00017b66	0x00070d28	3	0	0x00080d28	True
1060	0x00017bf1	0x00070d2c	3	0	0x00080d2c	True
1061	0x00017cba	0x00070d28	3	0	0x00080d28	True
1062	0x00017ceb	0x0008089a	3	0	0x0009089a	True
1063	0x00017d16	0x00080758	3	0	0x00090758	True
1064	0x00017d24	0x00070d28	3	0	0x00080d28	True
1065	0x00017d32	0x00080758	3	0	0x00090758	True
1066	0x00017dc6	0x0008089f	3	0	0x0009089f	True
1067	0x00017e23	0x000808a4	3	0	0x000908a4	True
1068	0x00017e44	0x00080758	3	0	0x00090758	True
1069	0x00017e73	0x000808ab	3	0	0x000908ab	True
1070	0x00017ef5	0x00080758	3	0	0x00090758	True
1071	0x00017f40	0x00080ac4	3	0	0x00090ac4	True
1072	0x00017f7d	0x000808b3	3	0	0x000908b3	True
1073	0x00017fc9	0x000808bd	3	0	0x000908bd	True
1074	0x0001800f	0x000808c4	3	0	0x000908c4	True
1075	0x00018049	0x000808c9	3	0	0x000908c9	True
1076	0x00018067	0x00080758	3	0	0x00090758	True
1077	0x000180cf	0x00080ac4	3	0	0x00090ac4	True
1078	0x000180f2	0x000808ce	3	0	0x000908ce	True
1079	0x00018147	0x000808d8	3	0	0x000908d8	True
1080	0x0001818e	0x000808df	3	0	0x000908df	True
1081	0x00018196	0x00070d38	3	0	0x00080d38	True
1082	0x0001819e	0x00070d38	3	0	0x00080d38	True
1083	0x000181ad	0x00080ba8	3	0	0x00090ba8	True
1084	0x000181d8	0x000808e6	3	0	0x000908e6	True
1085	0x000181e5	0x00070d38	3	0	0x00080d38	True
1086	0x000181f5	0x00080ba8	3	0	0x00090ba8	True
1087	0x00018202	0x00070d38	3	0	0x00080d38	True
1088	0x0001821d	0x00080ac0	3	0	0x00090ac0	True
1089	0x00018237	0x00070d38	3	0	0x00080d38	True
1090	0x0001823f	0x000808ea	3	0	0x000908ea	True
1091	0x0001825f	0x00080ac0	3	0	0x00090ac0	True
1092	0x00018285	0x000808f1	3	0	0x000908f1	True
1093	0x0001829a	0x00080ac0	3	0	0x00090ac0	True
1094	0x000182ac	0x000808f5	3	0	0x000908f5	True
1095	0x000182ca	0x00070d38	3	0	0x00080d38	True
1096	0x000182e7	0x00070d9c	3	0	0x00080d9c	True
1097	0x000182f1	0x00070d28	3	0	0x00080d28	True
1098	0x00018344	0x000808fa	3	0	0x000908fa	True
1099	0x00018356	0x000807c0	3	0	0x000907c0	True
1100	0x0001835c	0x000807c4	3	0	0x000907c4	True
1101	0x000183c6	0x000807c0	3	0	0x000907c0	True
1102	0x000183cc	0x000807c4	3	0	0x000907c4	True
1103	0x000183f3	0x00070d28	3	0	0x00080d28	True
1104	0x00018421	0x000807c0	3	0	0x000907c0	True
1105	0x00018427	0x000807c4	3	0	0x000907c4	True
1106	0x00018597	0x000808ff	3	0	0x000908ff	True
1107	0x000185e1	0x00070d28	3	0	0x00080d28	True
1108	0x0001862d	0x00080758	3	0	0x00090758	True
1109	0x00018648	0x00070d9c	3	0	0x00080d9c	True
1110	0x000186b1	0x00070d28	3	0	0x00080d28	True
1111	0x000186e2	0x00070d28	3	0	0x00080d28	True
1112	0x000186e8	0x00070d28	3	0	0x00080d28	True
1113	0x000186f0	0x00070d28	3	0	0x00080d28	True
1114	0x000186f7	0x00070cf8	3	0	0x00080cf8	True
1115	0x00018723	0x00080903	3	0	0x00090903	True
1116	0x00018779	0x00070d2c	3	0	0x00080d2c	True
1117	0x00018798	0x00080ac0	3	0	0x00090ac0	True
1118	0x000187e8	0x00080908	3	0	0x00090908	True
1119	0x00018802	0x0008090c	3	0	0x0009090c	True
1120	0x0001885e	0x00080ba0	3	0	0x00090ba0	True
1121	0x0001886a	0x00070884	3	0	0x00080884	True
1122	0x0001887b	0x00070884	3	0	0x00080884	True
1123	0x0001888c	0x00070884	3	0	0x00080884	True
1124	0x00018938	0x00070d70	3	0	0x00080d70	True
1125	0x00018953	0x00070d70	3	0	0x00080d70	True
1126	0x0001899b	0x00090044	3	0	0x000a0044	True
1127	0x000189d6	0x00070d28	3	0	0x00080d28	True
1128	0x00018a1b	0x00090045	3	0	0x000a0045	True
1129	0x00018a2a	0x00090045	3	0	0x000a0045	True
1130	0x00018b34	0x00080916	3	0	0x00090916	True
1131	0x00018bb0	0x00080911	3	0	0x00090911	True
1132	0x00018bf9	0x00070884	3	0	0x00080884	True
1133	0x00018c06	0x00080758	3	0	0x00090758	True
1134	0x00018c22	0x00080758	3	0	0x00090758	True
1135	0x00018c46	0x0008091f	3	0	0x0009091f	True
1136	0x00018d0b	0x00080923	3	0	0x00090923	True
1137	0x00018d1b	0x00080926	3	0	0x00090926	True
1138	0x00018de6	0x0008091b	3	0	0x0009091b	True
1139	0x00018e04	0x00080ac8	3	0	0x00090ac8	True
1140	0x00018e4a	0x00080929	3	0	0x00090929	True
1141	0x00018f3d	0x00070d6c	3	0	0x00080d6c	True
1142	0x00018f46	0x00070ce4	3	0	0x00080ce4	True
1143	0x00018f67	0x00070d6c	3	0	0x00080d6c	True
1144	0x00018f79	0x00070d6c	3	0	0x00080d6c	True
1145	0x00018f83	0x00070d6c	3	0	0x00080d6c	True
1146	0x00018fa7	0x00070cf8	3	0	0x00080cf8	True
1147	0x00018fd0	0x00070ce4	3	0	0x00080ce4	True
1148	0x00018fd8	0x00070ce4	3	0	0x00080ce4	True
1149	0x00018feb	0x00070ce4	3	0	0x00080ce4	True
1150	0x00019054	0x00070ce4	3	0	0x00080ce4	True
1151	0x00019078	0x00070ce4	3	0	0x00080ce4	True
1152	0x00019080	0x00070ce4	3	0	0x00080ce4	True
1153	0x000190a7	0x00070ce4	3	0	0x00080ce4	True
1154	0x000190bd	0x00070ce4	3	0	0x00080ce4	True
1155	0x00019199	0x00070ce4	3	0	0x00080ce4	True
1156	0x000191a7	0x00070ce4	3	0	0x00080ce4	True
1157	0x000191b6	0x00070ce4	3	0	0x00080ce4	True
1158	0x000191e1	0x00070ce4	3	0	0x00080ce4	True
1159	0x00019265	0x00070ce4	3	0	0x00080ce4	True
1160	0x00019272	0x00070ce4	3	0	0x00080ce4	True
1161	0x000192cd	0x000708a4	3	0	0x000808a4	True
1162	0x0001930a	0x000708a4	3	0	0x000808a4	True
1163	0x00019354	0x000708a4	3	0	0x000808a4	True
1164	0x00019382	0x00080758	3	0	0x00090758	True
1165	0x000194d3	0x00080758	3	0	0x00090758	True
1166	0x0001960c	0x00080758	3	0	0x00090758	True
1167	0x00019628	0x00080758	3	0	0x00090758	True
1168	0x00019648	0x00070d84	3	0	0x00080d84	True
1169	0x00019655	0x00070da0	3	0	0x00080da0	True
1170	0x00019660	0x00070da0	3	0	0x00080da0	True
1171	0x00019680	0x00070da0	3	0	0x00080da0	True
1172	0x00019689	0x00070da0	3	0	0x00080da0	True
1173	0x000196a6	0x00070da0	3	0	0x00080da0	True
1174	0x000196c2	0x00090045	3	0	0x000a0045	True
1175	0x000196cb	0x00070da0	3	0	0x00080da0	True
1176	0x000196e3	0x00070da0	3	0	0x00080da0	True
1177	0x000196f3	0x00070d74	3	0	0x00080d74	True
1178	0x00019704	0x00070d88	3	0	0x00080d88	True
1179	0x0001970a	0x00070da0	3	0	0x00080da0	True
1180	0x0001972d	0x00080758	3	0	0x00090758	True
1181	0x0001973b	0x00070d80	3	0	0x00080d80	True
1182	0x0001974b	0x00070d74	3	0	0x00080d74	True
1183	0x0001975c	0x00070d74	3	0	0x00080d74	True
1184	0x0001976c	0x00070d88	3	0	0x00080d88	True
1185	0x000197ae	0x00070d7c	3	0	0x00080d7c	True
1186	0x00019845	0x00080758	3	0	0x00090758	True
1187	0x000198fd	0x00070d30	3	0	0x00080d30	True
1188	0x00019942	0x00083228	3	0	0x00093228	True
1189	0x0001994c	0x00083228	3	0	0x00093228	True
1190	0x00019961	0x00070894	3	0	0x00080894	True
1191	0x00019977	0x00070d74	3	0	0x00080d74	True
1192	0x0001997f	0x00070d74	3	0	0x00080d74	True
1193	0x00019988	0x00070d30	3	0	0x00080d30	True
1194	0x00019997	0x00070d2c	3	0	0x00080d2c	True
1195	0x000199f6	0x00083228	3	0	0x00093228	True
1196	0x00019a00	0x00083228	3	0	0x00093228	True
1197	0x00019a15	0x00070894	3	0	0x00080894	True
1198	0x00019a21	0x00070d84	3	0	0x00080d84	True
1199	0x00019a28	0x00070d84	3	0	0x00080d84	True
1200	0x00019a61	0x00070d68	3	0	0x00080d68	True
1201	0x00019a7a	0x0008092e	3	0	0x0009092e	True
1202	0x00019a88	0x00070d68	3	0	0x00080d68	True
1203	0x00019a99	0x00070d68	3	0	0x00080d68	True
1204	0x00019aa0	0x00070d68	3	0	0x00080d68	True
1205	0x00019ab2	0x00080bb4	3	0	0x00090bb4	True
1206	0x00019aba	0x00070d2c	3	0	0x00080d2c	True
1207	0x00019ac7	0x00070884	3	0	0x00080884	True
1208	0x00019ad8	0x00070884	3	0	0x00080884	True
1209	0x00019ae0	0x00070d2c	3	0	0x00080d2c	True
1210	0x00019aed	0x00070884	3	0	0x00080884	True
1211	0x00019afb	0x00070884	3	0	0x00080884	True
1212	0x00019b1e	0x00090045	3	0	0x000a0045	True
1213	0x00019b59	0x00083228	3	0	0x00093228	True
1214	0x00019b63	0x00083228	3	0	0x00093228	True
1215	0x00019b78	0x00070894	3	0	0x00080894	True
1216	0x00019b87	0x00070d84	3	0	0x00080d84	True
1217	0x00019b8e	0x00070d84	3	0	0x00080d84	True
1218	0x00019ba2	0x00080758	3	0	0x00090758	True
1219	0x00019c2c	0x00070894	3	0	0x00080894	True
1220	0x00019ca2	0x00070d88	3	0	0x00080d88	True
1221	0x00019ca9	0x00070d88	3	0	0x00080d88	True
1222	0x00019cb2	0x00070d74	3	0	0x00080d74	True
1223	0x00019cb9	0x00070d74	3	0	0x00080d74	True
1224	0x00019cd9	0x00070d2c	3	0	0x00080d2c	True
1225	0x00019ce6	0x00070d68	3	0	0x00080d68	True
1226	0x00019cf7	0x00070d68	3	0	0x00080d68	True
1227	0x00019cff	0x00070d2c	3	0	0x00080d2c	True
1228	0x00019d0c	0x00070d68	3	0	0x00080d68	True
1229	0x00019d1d	0x00070d68	3	0	0x00080d68	True
1230	0x00019d83	0x00083228	3	0	0x00093228	True
1231	0x00019d8d	0x00083228	3	0	0x00093228	True
1232	0x00019da2	0x00070894	3	0	0x00080894	True
1233	0x00019db8	0x00070d7c	3	0	0x00080d7c	True
1234	0x00019dc0	0x00070d7c	3	0	0x00080d7c	True
1235	0x00019dd1	0x00070d2c	3	0	0x00080d2c	True
1236	0x00019dde	0x00070d68	3	0	0x00080d68	True
1237	0x00019def	0x00070d68	3	0	0x00080d68	True
1238	0x00019df7	0x00070d2c	3	0	0x00080d2c	True
1239	0x00019e04	0x00070d68	3	0	0x00080d68	True
1240	0x00019e15	0x00070d68	3	0	0x00080d68	True
1241	0x00019e9f	0x00080758	3	0	0x00090758	True
1242	0x00019eba	0x00070d68	3	0	0x00080d68	True
1243	0x00019ecb	0x00070d68	3	0	0x00080d68	True
1244	0x00019ed6	0x00070d68	3	0	0x00080d68	True
1245	0x00019ee7	0x00070d68	3	0	0x00080d68	True
1246	0x00019f41	0x00070894	3	0	0x00080894	True
1247	0x00019f4d	0x00070d80	3	0	0x00080d80	True
1248	0x00019f54	0x00070d80	3	0	0x00080d80	True
1249	0x00019f86	0x00090045	3	0	0x000a0045	True
1250	0x00019fc4	0x00070894	3	0	0x00080894	True
1251	0x0001a03a	0x00070d88	3	0	0x00080d88	True
1252	0x0001a041	0x00070d88	3	0	0x00080d88	True
1253	0x0001a052	0x00090044	3	0	0x000a0044	True
1254	0x0001a076	0x00090045	3	0	0x000a0045	True
1255	0x0001a0a9	0x00080758	3	0	0x00090758	True
1256	0x0001a115	0x00083228	3	0	0x00093228	True
1257	0x0001a11b	0x00083228	3	0	0x00093228	True
1258	0x0001a123	0x00070858	3	0	0x00080858	True
1259	0x0001a1a9	0x00080758	3	0	0x00090758	True
1260	0x0001a1f4	0x00070d28	3	0	0x00080d28	True
1261	0x0001a20e	0x00070858	3	0	0x00080858	True
1262	0x0001a27e	0x00070858	3	0	0x00080858	True
1263	0x0001a2ae	0x00070d28	3	0	0x00080d28	True
1264	0x0001a2b4	0x00070d28	3	0	0x00080d28	True
1265	0x0001a2bc	0x00070d28	3	0	0x00080d28	True
1266	0x0001a2c3	0x00070ce4	3	0	0x00080ce4	True
1267	0x0001a378	0x000708a4	3	0	0x000808a4	True
1268	0x0001a3c0	0x000833b8	3	0	0x000933b8	True
1269	0x0001a3de	0x00080932	3	0	0x00090932	True
1270	0x0001a3e5	0x00080939	3	0	0x00090939	True
1271	0x0001a3f3	0x0008093f	3	0	0x0009093f	True
1272	0x0001a3fd	0x00080945	3	0	0x00090945	True
1273	0x0001a405	0x0008094c	3	0	0x0009094c	True
1274	0x0001a41c	0x0008094d	3	0	0x0009094d	True
1275	0x0001a425	0x00080953	3	0	0x00090953	True
1276	0x0001a433	0x00080958	3	0	0x00090958	True
1277	0x0001a443	0x0008095e	3	0	0x0009095e	True
1278	0x0001a44d	0x00080964	3	0	0x00090964	True
1279	0x0001a474	0x00080969	3	0	0x00090969	True
1280	0x0001a490	0x000809cc	3	0	0x000909cc	True
1281	0x0001a499	0x000809d2	3	0	0x000909d2	True
1282	0x0001a4a1	0x000809d7	3	0	0x000909d7	True
1283	0x0001a4b2	0x000809a4	3	0	0x000909a4	True
1284	0x0001a4b9	0x000809ab	3	0	0x000909ab	True
1285	0x0001a4c8	0x000809ac	3	0	0x000909ac	True
1286	0x0001a4d1	0x000809b0	3	0	0x000909b0	True
1287	0x0001a4e0	0x000809b1	3	0	0x000909b1	True
1288	0x0001a4e9	0x000809b7	3	0	0x000909b7	True
1289	0x0001a4f8	0x000809b8	3	0	0x000909b8	True
1290	0x0001a501	0x000809be	3	0	0x000909be	True
1291	0x0001a510	0x000809bf	3	0	0x000909bf	True
1292	0x0001a519	0x000809c5	3	0	0x000909c5	True
1293	0x0001a528	0x000809c6	3	0	0x000909c6	True
1294	0x0001a531	0x000809cb	3	0	0x000909cb	True
1295	0x0001a543	0x000809d8	3	0	0x000909d8	True
1296	0x0001a54d	0x000809dd	3	0	0x000909dd	True
1297	0x0001a55c	0x000809de	3	0	0x000909de	True
1298	0x0001a565	0x000809e3	3	0	0x000909e3	True
1299	0x0001a56b	0x000809e4	3	0	0x000909e4	True
1300	0x0001a588	0x000809f8	3	0	0x000909f8	True
1301	0x0001a5ae	0x00080a2d	3	0	0x00090a2d	True
1302	0x0001a5bd	0x00080a34	3	0	0x00090a34	True
1303	0x0001a5e7	0x000833b8	3	0	0x000933b8	True
1304	0x00080758	0x00080720	3	0	0x00090720	True
1305	0x0001a60f	0x00080a58	3	0	0x00090a58	True
1306	0x0001a61d	0x00080a54	3	0	0x00090a54	True
1307	0x0001a633	0x00080a58	3	0	0x00090a58	True
1308	0x0001a72f	0x00080a54	3	0	0x00090a54	True
1309	0x0001a7ab	0x00080ba8	3	0	0x00090ba8	True
1310	0x0001a7fa	0x0008012c	3	0	0x0009012c	True
1311	0x0001a82e	0x0008012c	3	0	0x0009012c	True
1312	0x0001aa0b	0x00080a54	3	0	0x00090a54	True
1313	0x0001aa8f	0x00080ab8	3	0	0x00090ab8	True
1314	0x0001ab19	0x00080ab4	3	0	0x00090ab4	True
1315	0x0001ab85	0x00080ba8	3	0	0x00090ba8	True
1316	0x0001abff	0x00080a54	3	0	0x00090a54	True
1317	0x0001ac8f	0x00080a54	3	0	0x00090a54	True
1318	0x0001acde	0x00080a58	3	0	0x00090a58	True
1319	0x0001acec	0x00080a54	3	0	0x00090a54	True
1320	0x0001ad0b	0x00080a58	3	0	0x00090a58	True
1321	0x0001ad26	0x00080a58	3	0	0x00090a58	True
1322	0x0001ad3d	0x00080a58	3	0	0x00090a58	True
1323	0x0001ad4b	0x00080a54	3	0	0x00090a54	True
1324	0x0001ad5f	0x00080a58	3	0	0x00090a58	True
1325	0x0001ad76	0x00070da4	3	0	0x00080da4	True
1326	0x0001ad7c	0x00080b9c	3	0	0x00090b9c	True
1327	0x0001ad85	0x00080114	3	0	0x00090114	True
1328	0x0001ad8d	0x00070da4	3	0	0x00080da4	True
1329	0x0001ad96	0x00070da4	3	0	0x00080da4	True
1330	0x0001ad9f	0x00070da4	3	0	0x00080da4	True
1331	0x0001ada8	0x00070da4	3	0	0x00080da4	True
1332	0x0001adb1	0x00070da4	3	0	0x00080da4	True
1333	0x0001adba	0x00070da4	3	0	0x00080da4	True
1334	0x0001adc3	0x00070da4	3	0	0x00080da4	True
1335	0x0001adcc	0x00070da4	3	0	0x00080da4	True
1336	0x0001ae05	0x00070da4	3	0	0x00080da4	True
1337	0x0001ae0e	0x00070da4	3	0	0x00080da4	True
1338	0x0001ae17	0x00070da4	3	0	0x00080da4	True
1339	0x0001ae20	0x00070da4	3	0	0x00080da4	True
1340	0x0001ae29	0x00070da4	3	0	0x00080da4	True
1341	0x0001ae32	0x00070da4	3	0	0x00080da4	True
1342	0x0001ae3b	0x00070da4	3	0	0x00080da4	True
1343	0x0001ae44	0x00070da4	3	0	0x00080da4	True
1344	0x0001ae57	0x00080a54	3	0	0x00090a54	True
1345	0x0001ae71	0x0001ae78	3	0	0x0002ae78	True
1346	0x0001ae78	0x0001ae9c	3	0	0x0002ae9c	True
1347	0x0001ae7c	0x0001ae43	3	0	0x0002ae43	True
1348	0x0001ae80	0x0001ae3a	3	0	0x0002ae3a	True
1349	0x0001ae84	0x0001ae31	3	0	0x0002ae31	True
1350	0x0001ae88	0x0001ae28	3	0	0x0002ae28	True
1351	0x0001ae8c	0x0001ae1f	3	0	0x0002ae1f	True
1352	0x0001ae90	0x0001ae16	3	0	0x0002ae16	True
1353	0x0001ae94	0x0001ae0d	3	0	0x0002ae0d	True
1354	0x0001ae98	0x0001ae04	3	0	0x0002ae04	True
1355	0x0001aeb3	0x00080b9c	3	0	0x00090b9c	True
1356	0x0001aebb	0x00070da4	3	0	0x00080da4	True
1357	0x0001aec4	0x00070da4	3	0	0x00080da4	True
1358	0x0001aecd	0x00070da4	3	0	0x00080da4	True
1359	0x0001aed5	0x00070da4	3	0	0x00080da4	True
1360	0x0001aedd	0x00070da4	3	0	0x00080da4	True
1361	0x0001aee5	0x00070da4	3	0	0x00080da4	True
1362	0x0001aefa	0x00080ad0	3	0	0x00090ad0	True
1363	0x0001af03	0x00070da4	3	0	0x00080da4	True
1364	0x0001af0c	0x00070da4	3	0	0x00080da4	True
1365	0x0001af15	0x00080acc	3	0	0x00090acc	True
1366	0x0001af21	0x00070da4	3	0	0x00080da4	True
1367	0x0001af2a	0x000814c8	3	0	0x000914c8	True
1368	0x0001af32	0x00070da4	3	0	0x00080da4	True
1369	0x0001af3c	0x000814d4	3	0	0x000914d4	True
1370	0x0001af44	0x00070da4	3	0	0x00080da4	True
1371	0x0001af4e	0x00080198	3	0	0x00090198	True
1372	0x0001af62	0x00070da4	3	0	0x00080da4	True
1373	0x0001af6b	0x000814d0	3	0	0x000914d0	True
1374	0x0001af73	0x00070da4	3	0	0x00080da4	True
1375	0x0001af7c	0x00080198	3	0	0x00090198	True
1376	0x0001af90	0x00070da4	3	0	0x00080da4	True
1377	0x0001af9a	0x000814e0	3	0	0x000914e0	True
1378	0x0001afa2	0x00070da4	3	0	0x00080da4	True
1379	0x0001afab	0x000814e4	3	0	0x000914e4	True
1380	0x0001afb3	0x00070da4	3	0	0x00080da4	True
1381	0x0001afbb	0x00070da4	3	0	0x00080da4	True
1382	0x0001afc4	0x00070da4	3	0	0x00080da4	True
1383	0x0001afcd	0x00070da4	3	0	0x00080da4	True
1384	0x0001afd6	0x00070da4	3	0	0x00080da4	True
1385	0x0001afdf	0x00070da4	3	0	0x00080da4	True
1386	0x0001afe8	0x00070da4	3	0	0x00080da4	True
1387	0x0001aff1	0x00070da4	3	0	0x00080da4	True
1388	0x0001affa	0x00070da4	3	0	0x00080da4	True
1389	0x0001b004	0x00080130	3	0	0x00090130	True
1390	0x0001b024	0x00070da4	3	0	0x00080da4	True
1391	0x0001b040	0x00070da4	3	0	0x00080da4	True
1392	0x0001b061	0x00080ad0	3	0	0x00090ad0	True
1393	0x0001b06b	0x00080acc	3	0	0x00090acc	True
1394	0x0001b080	0x00070da4	3	0	0x00080da4	True
1395	0x0001b092	0x00080acc	3	0	0x00090acc	True
1396	0x0001b0b6	0x00070da4	3	0	0x00080da4	True
1397	0x0001b0cb	0x00070da4	3	0	0x00080da4	True
1398	0x0001b0dc	0x00070da4	3	0	0x00080da4	True
1399	0x0001b0f8	0x00070da4	3	0	0x00080da4	True
1400	0x0001b130	0x00070da4	3	0	0x00080da4	True
1401	0x0001b158	0x00070da4	3	0	0x00080da4	True
1402	0x0001b160	0x00070da4	3	0	0x00080da4	True
1403	0x0001b169	0x00070da4	3	0	0x00080da4	True
1404	0x0001b171	0x00070da4	3	0	0x00080da4	True
1405	0x0001b18d	0x00070d98	3	0	0x00080d98	True
1406	0x0001b195	0x00070da4	3	0	0x00080da4	True
1407	0x0001b1b8	0x00070da4	3	0	0x00080da4	True
1408	0x0001b1ce	0x00070da4	3	0	0x00080da4	True
1409	0x0001b1f4	0x00070da4	3	0	0x00080da4	True
1410	0x0001b1fc	0x00070da4	3	0	0x00080da4	True
1411	0x0001b204	0x00070da4	3	0	0x00080da4	True
1412	0x0001b20c	0x00070da4	3	0	0x00080da4	True
1413	0x0001b226	0x00070da4	3	0	0x00080da4	True
1414	0x0001b22e	0x00070da4	3	0	0x00080da4	True
1415	0x0001b236	0x00070da4	3	0	0x00080da4	True
1416	0x0001b23e	0x00070da4	3	0	0x00080da4	True
1417	0x0001b257	0x00070da4	3	0	0x00080da4	True
1418	0x0001b27e	0x00070da4	3	0	0x00080da4	True
1419	0x0001b287	0x00070da4	3	0	0x00080da4	True
1420	0x0001b28f	0x00070da4	3	0	0x00080da4	True
1421	0x0001b2b0	0x00070da4	3	0	0x00080da4	True
1422	0x0001b2c1	0x00070da4	3	0	0x00080da4	True
1423	0x0001b2ca	0x00070da4	3	0	0x00080da4	True
1424	0x0001b2de	0x00090045	3	0	0x000a0045	True
1425	0x0001b2f1	0x00070da4	3	0	0x00080da4	True
1426	0x0001b2f9	0x00070da4	3	0	0x00080da4	True
1427	0x0001b301	0x00070da4	3	0	0x00080da4	True
1428	0x0001b309	0x00070da4	3	0	0x00080da4	True
1429	0x0001b319	0x00070da4	3	0	0x00080da4	True
1430	0x0001b32d	0x00070da4	3	0	0x00080da4	True
1431	0x0001b343	0x0008012c	3	0	0x0009012c	True
1432	0x0001b375	0x00070da4	3	0	0x00080da4	True
1433	0x0001b38a	0x00070da4	3	0	0x00080da4	True
1434	0x0001b3dd	0x0001b3e4	3	0	0x0002b3e4	True
1435	0x0001b3e4	0x0001b1e4	3	0	0x0002b1e4	True
1436	0x0001b3e8	0x0001b1e4	3	0	0x0002b1e4	True
1437	0x0001b3ec	0x0001b21c	3	0	0x0002b21c	True
1438	0x0001b3f0	0x0001b29c	3	0	0x0002b29c	True
1439	0x0001b3f4	0x0001b29c	3	0	0x0002b29c	True
1440	0x0001b3f8	0x0001b4d4	3	0	0x0002b4d4	True
1441	0x0001b3fc	0x0001b4d4	3	0	0x0002b4d4	True
1442	0x0001b400	0x0001b318	3	0	0x0002b318	True
1443	0x0001b404	0x0001b318	3	0	0x0002b318	True
1444	0x0001b408	0x0001b4d4	3	0	0x0002b4d4	True
1445	0x0001b40c	0x0001b4d4	3	0	0x0002b4d4	True
1446	0x0001b410	0x0001b4d4	3	0	0x0002b4d4	True
1447	0x0001b414	0x0001b4d4	3	0	0x0002b4d4	True
1448	0x0001b418	0x0001b1e4	3	0	0x0002b1e4	True
1449	0x0001b41c	0x0001b1e4	3	0	0x0002b1e4	True
1450	0x0001b420	0x0001b29c	3	0	0x0002b29c	True
1451	0x0001b424	0x0001b29c	3	0	0x0002b29c	True
1452	0x0001b428	0x0001b29c	3	0	0x0002b29c	True
1453	0x0001b42c	0x0001b178	3	0	0x0002b178	True
1454	0x0001b430	0x0001b2f0	3	0	0x0002b2f0	True
1455	0x0001b434	0x0001b2f0	3	0	0x0002b2f0	True
1456	0x0001b438	0x0001b178	3	0	0x0002b178	True
1457	0x0001b43c	0x0001b178	3	0	0x0002b178	True
1458	0x0001b440	0x0001b178	3	0	0x0002b178	True
1459	0x0001b45b	0x0001b460	3	0	0x0002b460	True
1460	0x0001b460	0x0001b178	3	0	0x0002b178	True
1461	0x0001b464	0x0001b4d4	3	0	0x0002b4d4	True
1462	0x0001b468	0x0001b11c	3	0	0x0002b11c	True
1463	0x0001b46c	0x0001b4d4	3	0	0x0002b4d4	True
1464	0x0001b470	0x0001b354	3	0	0x0002b354	True
1465	0x0001b474	0x0001b4d4	3	0	0x0002b4d4	True
1466	0x0001b478	0x0001b4d4	3	0	0x0002b4d4	True
1467	0x0001b47c	0x0001b4d4	3	0	0x0002b4d4	True
1468	0x0001b480	0x0001b4d4	3	0	0x0002b4d4	True
1469	0x0001b484	0x0001b4d4	3	0	0x0002b4d4	True
1470	0x0001b488	0x0001b4d4	3	0	0x0002b4d4	True
1471	0x0001b48c	0x0001b374	3	0	0x0002b374	True
1472	0x0001b490	0x0001b4d4	3	0	0x0002b4d4	True
1473	0x0001b494	0x0001b4d4	3	0	0x0002b4d4	True
1474	0x0001b498	0x0001aef8	3	0	0x0002aef8	True
1475	0x0001b49c	0x0001aef8	3	0	0x0002aef8	True
1476	0x0001b4a0	0x0001b04c	3	0	0x0002b04c	True
1477	0x0001b4a4	0x0001b030	3	0	0x0002b030	True
1478	0x0001b4a8	0x0001b374	3	0	0x0002b374	True
1479	0x0001b4e1	0x00090044	3	0	0x000a0044	True
1480	0x0001b505	0x00090045	3	0	0x000a0045	True
1481	0x0001b5f5	0x00080a58	3	0	0x00090a58	True
1482	0x0001b616	0x00080a58	3	0	0x00090a58	True
1483	0x0001b62a	0x00080ad4	3	0	0x00090ad4	True
1484	0x0001b637	0x00080ad4	3	0	0x00090ad4	True
1485	0x0001b63e	0x00080ad4	3	0	0x00090ad4	True
1486	0x0001b64d	0x000800d8	3	0	0x000900d8	True
1487	0x0001b65c	0x00080ad4	3	0	0x00090ad4	True
1488	0x0001b68f	0x00084318	3	0	0x00094318	True
1489	0x0001b6c5	0x00080a54	3	0	0x00090a54	True
1490	0x0001b729	0x00070da4	3	0	0x00080da4	True
1491	0x0001b73f	0x00070da4	3	0	0x00080da4	True
1492	0x0001b747	0x00070da4	3	0	0x00080da4	True
1493	0x0001b74f	0x00070da4	3	0	0x00080da4	True
1494	0x0001b757	0x00070da4	3	0	0x00080da4	True
1495	0x0001b771	0x00070da4	3	0	0x00080da4	True
1496	0x0001b7f3	0x00080a54	3	0	0x00090a54	True
1497	0x0001b851	0x00080b9c	3	0	0x00090b9c	True
1498	0x0001b8a1	0x00080a54	3	0	0x00090a54	True
1499	0x0001b90b	0x00080a54	3	0	0x00090a54	True
1500	0x0001b956	0x00080a54	3	0	0x00090a54	True
1501	0x0001b971	0x00080a54	3	0	0x00090a54	True
1502	0x0001b97e	0x00080ba0	3	0	0x00090ba0	True
1503	0x0001b987	0x00080b9c	3	0	0x00090b9c	True
1504	0x0001b9bf	0x00080ad8	3	0	0x00090ad8	True
1505	0x0001bab6	0x00070d9d	3	0	0x00080d9d	True
1506	0x0001bb87	0x00070da8	3	0	0x00080da8	True
1507	0x0001bb9b	0x00080bfc	3	0	0x00090bfc	True
1508	0x0001bba2	0x00080bfc	3	0	0x00090bfc	True
1509	0x0001bbe6	0x00080bfc	3	0	0x00090bfc	True
1510	0x0001bbee	0x00080bfc	3	0	0x00090bfc	True
1511	0x0001bbfc	0x00080bfc	3	0	0x00090bfc	True
1512	0x0001bc01	0x00070da8	3	0	0x00080da8	True
1513	0x0001bc1a	0x00080a54	3	0	0x00090a54	True
1514	0x0001bc91	0x00080b9c	3	0	0x00090b9c	True
1515	0x0001bcb1	0x00080adc	3	0	0x00090adc	True
1516	0x0001bcb7	0x00080ae0	3	0	0x00090ae0	True
1517	0x0001bcc8	0x00090045	3	0	0x000a0045	True
1518	0x0001bce9	0x00080ae0	3	0	0x00090ae0	True
1519	0x0001bdfc	0x00080a54	3	0	0x00090a54	True
1520	0x0001be93	0x00080a54	3	0	0x00090a54	True
1521	0x0001beb7	0x00080a54	3	0	0x00090a54	True
1522	0x0001c132	0x0001c138	3	0	0x0002c138	True
1523	0x0001c138	0x0001bfa0	3	0	0x0002bfa0	True
1524	0x0001c13c	0x0001bfa0	3	0	0x0002bfa0	True
1525	0x0001c140	0x0001bfa0	3	0	0x0002bfa0	True
1526	0x0001c144	0x0001bfa0	3	0	0x0002bfa0	True
1527	0x0001c148	0x0001c25f	3	0	0x0002c25f	True
1528	0x0001c14c	0x0001bf0c	3	0	0x0002bf0c	True
1529	0x0001c150	0x0001c108	3	0	0x0002c108	True
1530	0x0001c154	0x0001c25f	3	0	0x0002c25f	True
1531	0x0001c158	0x0001c25f	3	0	0x0002c25f	True
1532	0x0001c15c	0x0001c25f	3	0	0x0002c25f	True
1533	0x0001c160	0x0001c25f	3	0	0x0002c25f	True
1534	0x0001c164	0x0001c25f	3	0	0x0002c25f	True
1535	0x0001c168	0x0001c25f	3	0	0x0002c25f	True
1536	0x0001c16c	0x0001bd10	3	0	0x0002bd10	True
1537	0x0001c170	0x0001bd10	3	0	0x0002bd10	True
1538	0x0001c174	0x0001bd10	3	0	0x0002bd10	True
1539	0x0001c178	0x0001bd10	3	0	0x0002bd10	True
1540	0x0001c17c	0x0001c25f	3	0	0x0002c25f	True
1541	0x0001c180	0x0001c25f	3	0	0x0002c25f	True
1542	0x0001c184	0x0001c25f	3	0	0x0002c25f	True
1543	0x0001c188	0x0001c25f	3	0	0x0002c25f	True
1544	0x0001c18c	0x0001c25f	3	0	0x0002c25f	True
1545	0x0001c190	0x0001c25f	3	0	0x0002c25f	True
1546	0x0001c194	0x0001c25f	3	0	0x0002c25f	True
1547	0x0001c198	0x0001c25f	3	0	0x0002c25f	True
1548	0x0001c19c	0x0001c25f	3	0	0x0002c25f	True
1549	0x0001c1a0	0x0001c25f	3	0	0x0002c25f	True
1550	0x0001c1a4	0x0001c25f	3	0	0x0002c25f	True
1551	0x0001c1a8	0x0001c25f	3	0	0x0002c25f	True
1552	0x0001c1ac	0x0001bf40	3	0	0x0002bf40	True
1553	0x0001c1b0	0x0001bf40	3	0	0x0002bf40	True
1554	0x0001c1b4	0x0001bf40	3	0	0x0002bf40	True
1555	0x0001c1b8	0x0001bf40	3	0	0x0002bf40	True
1556	0x0001c1bc	0x0001bf40	3	0	0x0002bf40	True
1557	0x0001c1c0	0x0001bf40	3	0	0x0002bf40	True
1558	0x0001c1c4	0x0001c25f	3	0	0x0002c25f	True
1559	0x0001c1c8	0x0001c25f	3	0	0x0002c25f	True
1560	0x0001c1cc	0x0001c25f	3	0	0x0002c25f	True
1561	0x0001c1d0	0x0001c25f	3	0	0x0002c25f	True
1562	0x0001c1d4	0x0001c25f	3	0	0x0002c25f	True
1563	0x0001c1d8	0x0001c25f	3	0	0x0002c25f	True
1564	0x0001c1dc	0x0001c25f	3	0	0x0002c25f	True
1565	0x0001c1e0	0x0001c25f	3	0	0x0002c25f	True
1566	0x0001c1e4	0x0001c25f	3	0	0x0002c25f	True
1567	0x0001c1e8	0x0001c25f	3	0	0x0002c25f	True
1568	0x0001c1ec	0x0001c25f	3	0	0x0002c25f	True
1569	0x0001c1f0	0x0001c05c	3	0	0x0002c05c	True
1570	0x0001c1f4	0x0001c25f	3	0	0x0002c25f	True
1571	0x0001c1f8	0x0001bd10	3	0	0x0002bd10	True
1572	0x0001c1fc	0x0001c25f	3	0	0x0002c25f	True
1573	0x0001c200	0x0001bd44	3	0	0x0002bd44	True
1574	0x0001c204	0x0001c25f	3	0	0x0002c25f	True
1575	0x0001c208	0x0001c25f	3	0	0x0002c25f	True
1576	0x0001c20c	0x0001c25f	3	0	0x0002c25f	True
1577	0x0001c210	0x0001c108	3	0	0x0002c108	True
1578	0x0001c214	0x0001c25f	3	0	0x0002c25f	True
1579	0x0001c218	0x0001c25f	3	0	0x0002c25f	True
1580	0x0001c21c	0x0001c25f	3	0	0x0002c25f	True
1581	0x0001c220	0x0001c25f	3	0	0x0002c25f	True
1582	0x0001c224	0x0001c25f	3	0	0x0002c25f	True
1583	0x0001c228	0x0001becc	3	0	0x0002becc	True
1584	0x0001c266	0x00080a54	3	0	0x00090a54	True
1585	0x0001c2be	0x00090044	3	0	0x000a0044	True
1586	0x0001c2e2	0x00090045	3	0	0x000a0045	True
1587	0x0001c3a6	0x00090044	3	0	0x000a0044	True
1588	0x0001c3c9	0x00090045	3	0	0x000a0045	True
1589	0x0001c3ef	0x00090044	3	0	0x000a0044	True
1590	0x0001c413	0x00090045	3	0	0x000a0045	True
1591	0x0001c464	0x00080a54	3	0	0x00090a54	True
1592	0x0001c476	0x00080adc	3	0	0x00090adc	True
1593	0x0001c483	0x00080a54	3	0	0x00090a54	True
1594	0x0001c490	0x00080adc	3	0	0x00090adc	True
1595	0x0001c497	0x00080ae0	3	0	0x00090ae0	True
1596	0x0001c49f	0x00080ae0	3	0	0x00090ae0	True
1597	0x0001c4c4	0x00080a54	3	0	0x00090a54	True
1598	0x0001c4d6	0x00080adc	3	0	0x00090adc	True
1599	0x0001c4e3	0x00080a54	3	0	0x00090a54	True
1600	0x0001c506	0x00080ae2	3	0	0x00090ae2	True
1601	0x0001c51b	0x00080ae7	3	0	0x00090ae7	True
1602	0x0001c530	0x00080aec	3	0	0x00090aec	True
1603	0x0001c545	0x00080af1	3	0	0x00090af1	True
1604	0x0001c55a	0x00080af6	3	0	0x00090af6	True
1605	0x0001c56f	0x00080afb	3	0	0x00090afb	True
1606	0x0001c584	0x00080b00	3	0	0x00090b00	True
1607	0x0001c599	0x00080b09	3	0	0x00090b09	True
1608	0x0001c5af	0x00080b10	3	0	0x00090b10	True
1609	0x0001c5c5	0x00080b15	3	0	0x00090b15	True
1610	0x0001c5db	0x00080b1a	3	0	0x00090b1a	True
1611	0x0001c5f1	0x00080b1f	3	0	0x00090b1f	True
1612	0x0001c607	0x00080b24	3	0	0x00090b24	True
1613	0x0001c61d	0x00080b29	3	0	0x00090b29	True
1614	0x0001c633	0x00080b2e	3	0	0x00090b2e	True
1615	0x0001c649	0x00080b33	3	0	0x00090b33	True
1616	0x0001c666	0x00080b38	3	0	0x00090b38	True
1617	0x0001c683	0x00080b44	3	0	0x00090b44	True
1618	0x0001c699	0x00080b4f	3	0	0x00090b4f	True
1619	0x0001c6af	0x00080b54	3	0	0x00090b54	True
1620	0x0001c6c5	0x00080b59	3	0	0x00090b59	True
1621	0x0001c6db	0x00080b66	3	0	0x00090b66	True
1622	0x0001c6f1	0x00080b6f	3	0	0x00090b6f	True
1623	0x0001c707	0x00080b73	3	0	0x00090b73	True
1624	0x0001c714	0x00080b7c	3	0	0x00090b7c	True
1625	0x00080a54	0x00080a40	3	0	0x00090a40	True
1626	0x0001c7c6	0x00080b94	3	0	0x00090b94	True
1627	0x0001c7e3	0x00080bcc	3	0	0x00090bcc	True
1628	0x0001c872	0x00080ba8	3	0	0x00090ba8	True
1629	0x0001c8b6	0x00080bd0	3	0	0x00090bd0	True
1630	0x0001c91e	0x00090044	3	0	0x000a0044	True
1631	0x0001ca12	0x00080bcc	3	0	0x00090bcc	True
1632	0x0001cac8	0x00080bd0	3	0	0x00090bd0	True
1633	0x0001cad8	0x00080bd0	3	0	0x00090bd0	True
1634	0x0001cb38	0x00080bd4	3	0	0x00090bd4	True
1635	0x0001cb90	0x00080b94	3	0	0x00090b94	True
1636	0x0001cc14	0x00080bcc	3	0	0x00090bcc	True
1637	0x0001cc59	0x00080bd9	3	0	0x00090bd9	True
1638	0x0001cc8d	0x00080170	3	0	0x00090170	True
1639	0x0001cce8	0x0008019c	3	0	0x0009019c	True
1640	0x0001ccfb	0x00080b94	3	0	0x00090b94	True
1641	0x0001cd4c	0x00070dc4	3	0	0x00080dc4	True
1642	0x0001cd63	0x00080be0	3	0	0x00090be0	True
1643	0x0001ce17	0x00080be5	3	0	0x00090be5	True
1644	0x0001ce3d	0x00080be9	3	0	0x00090be9	True
1645	0x0001ce6d	0x0001ce74	3	0	0x0002ce74	True
1646	0x0001ce74	0x0001cda8	3	0	0x0002cda8	True
1647	0x0001ce78	0x0001cd78	3	0	0x0002cd78	True
1648	0x0001ce7c	0x0001cda8	3	0	0x0002cda8	True
1649	0x0001ce80	0x0001cda8	3	0	0x0002cda8	True
1650	0x0001ce84	0x0001ce97	3	0	0x0002ce97	True
1651	0x0001ce88	0x0001cdc4	3	0	0x0002cdc4	True
1652	0x0001cecb	0x00090044	3	0	0x000a0044	True
1653	0x0001cf2c	0x00080170	3	0	0x00090170	True
1654	0x0001cf5b	0x00090045	3	0	0x000a0045	True
1655	0x0001d0ae	0x00080ba8	3	0	0x00090ba8	True
1656	0x0001d0c2	0x000800d8	3	0	0x000900d8	True
1657	0x0001d0ce	0x00080bb4	3	0	0x00090bb4	True
1658	0x0001d0d7	0x00080190	3	0	0x00090190	True
1659	0x0001d0ec	0x00080170	3	0	0x00090170	True
1660	0x0001d19f	0x00080b94	3	0	0x00090b94	True
1661	0x0001d1cf	0x00080b94	3	0	0x00090b94	True
1662	0x0001d207	0x00080bcc	3	0	0x00090bcc	True
1663	0x0001d252	0x00080ba8	3	0	0x00090ba8	True
1664	0x0001d273	0x00080ba0	3	0	0x00090ba0	True
1665	0x0001d282	0x00080bb0	3	0	0x00090bb0	True
1666	0x0001d28b	0x00080bb4	3	0	0x00090bb4	True
1667	0x0001d294	0x00080ba8	3	0	0x00090ba8	True
1668	0x0001d2a2	0x00080ba0	3	0	0x00090ba0	True
1669	0x0001d2e8	0x00080bf1	3	0	0x00090bf1	True
1670	0x0001d2fc	0x00080ba8	3	0	0x00090ba8	True
1671	0x0001d343	0x00080b94	3	0	0x00090b94	True
1672	0x0001d3f6	0x00080b94	3	0	0x00090b94	True
1673	0x0001d45d	0x00080b94	3	0	0x00090b94	True
1674	0x0001d4f6	0x00080bfc	3	0	0x00090bfc	True
1675	0x0001d4ff	0x000800d8	3	0	0x000900d8	True
1676	0x0001d508	0x00081404	3	0	0x00091404	True
1677	0x0001d510	0x000800d8	3	0	0x000900d8	True
1678	0x0001d51c	0x00080140	3	0	0x00090140	True
1679	0x0001d52a	0x000800d8	3	0	0x000900d8	True
1680	0x0001d536	0x00080bfc	3	0	0x00090bfc	True
1681	0x0001d543	0x000800d8	3	0	0x000900d8	True
1682	0x0001d55c	0x000800d8	3	0	0x000900d8	True
1683	0x0001d57b	0x00080140	3	0	0x00090140	True
1684	0x0001d60e	0x00080bfc	3	0	0x00090bfc	True
1685	0x0001d614	0x00080bfc	3	0	0x00090bfc	True
1686	0x0001d61d	0x00080bfc	3	0	0x00090bfc	True
1687	0x0001d62c	0x00080c14	3	0	0x00090c14	True
1688	0x0001d631	0x000800d8	3	0	0x000900d8	True
1689	0x0001d6b1	0x00081428	3	0	0x00091428	True
1690	0x0001d6bd	0x0008019c	3	0	0x0009019c	True
1691	0x0001d6d3	0x00080c17	3	0	0x00090c17	True
1692	0x0001d6f8	0x00080170	3	0	0x00090170	True
1693	0x0001d731	0x00080c1b	3	0	0x00090c1b	True
1694	0x0001d739	0x00080c20	3	0	0x00090c20	True
1695	0x0001d745	0x00080c24	3	0	0x00090c24	True
1696	0x0001d7b4	0x00080c00	3	0	0x00090c00	True
1697	0x0001d7bf	0x00080c00	3	0	0x00090c00	True
1698	0x0001d7d2	0x00080c00	3	0	0x00090c00	True
1699	0x0001d7da	0x00080c3b	3	0	0x00090c3b	True
1700	0x0001d7ed	0x00080c00	3	0	0x00090c00	True
1701	0x0001d7f9	0x00080c00	3	0	0x00090c00	True
1702	0x0001d80d	0x00080c04	3	0	0x00090c04	True
1703	0x0001d818	0x00080c04	3	0	0x00090c04	True
1704	0x0001d81e	0x00080c04	3	0	0x00090c04	True
1705	0x0001d829	0x00080c5b	3	0	0x00090c5b	True
1706	0x0001d83c	0x00080c04	3	0	0x00090c04	True
1707	0x0001d848	0x00080c04	3	0	0x00090c04	True
1708	0x0001d87c	0x00080b94	3	0	0x00090b94	True
1709	0x0001d8a2	0x00080c08	3	0	0x00090c08	True
1710	0x0001d8aa	0x00080c78	3	0	0x00090c78	True
1711	0x0001d8ba	0x0008012c	3	0	0x0009012c	True
1712	0x0001d8cb	0x00080c08	3	0	0x00090c08	True
1713	0x0001d8d6	0x00080c08	3	0	0x00090c08	True
1714	0x0001d8df	0x00080c08	3	0	0x00090c08	True
1715	0x0001d8eb	0x00080c08	3	0	0x00090c08	True
1716	0x0001d8f6	0x00081428	3	0	0x00091428	True
1717	0x0001d906	0x0008019c	3	0	0x0009019c	True
1718	0x0001d924	0x00080c9a	3	0	0x00090c9a	True
1719	0x0001d952	0x00080170	3	0	0x00090170	True
1720	0x0001d967	0x00080170	3	0	0x00090170	True
1721	0x0001d98a	0x00080170	3	0	0x00090170	True
1722	0x0001d9c1	0x00080c9e	3	0	0x00090c9e	True
1723	0x0001d9c9	0x00080ca3	3	0	0x00090ca3	True
1724	0x0001d9d5	0x00080ca7	3	0	0x00090ca7	True
1725	0x0001d9ea	0x000800fc	3	0	0x000900fc	True
1726	0x0001d9fd	0x00080144	3	0	0x00090144	True
1727	0x0001da39	0x00080c10	3	0	0x00090c10	True
1728	0x0001da3e	0x00080c10	3	0	0x00090c10	True
1729	0x0001da4a	0x00080c0c	3	0	0x00090c0c	True
1730	0x0001da6d	0x00080c0c	3	0	0x00090c0c	True
1731	0x0001da72	0x00080c0c	3	0	0x00090c0c	True
1732	0x0001da78	0x00080c10	3	0	0x00090c10	True
1733	0x0001daa7	0x00080b94	3	0	0x00090b94	True
1734	0x0001dac2	0x0001dac8	3	0	0x0002dac8	True
1735	0x0001dac8	0x0001d5d0	3	0	0x0002d5d0	True
1736	0x0001dacc	0x0001d648	3	0	0x0002d648	True
1737	0x0001dad0	0x0001d9e8	3	0	0x0002d9e8	True
1738	0x0001dad4	0x0001d648	3	0	0x0002d648	True
1739	0x0001dad8	0x0001d950	3	0	0x0002d950	True
1740	0x0001dadc	0x0001da90	3	0	0x0002da90	True
1741	0x0001db02	0x00080bfc	3	0	0x00090bfc	True
1742	0x0001db07	0x00080bfc	3	0	0x00090bfc	True
1743	0x0001db15	0x00080bcc	3	0	0x00090bcc	True
1744	0x0001db1e	0x00080bcc	3	0	0x00090bcc	True
1745	0x0001db5e	0x00070d9c	3	0	0x00080d9c	True
1746	0x0001db6e	0x00086a58	3	0	0x00096a58	True
1747	0x0001db73	0x00080cbe	3	0	0x00090cbe	True
1748	0x0001dba2	0x00070d9c	3	0	0x00080d9c	True
1749	0x0001dbae	0x00070d9c	3	0	0x00080d9c	True
1750	0x0001dbba	0x00070d9c	3	0	0x00080d9c	True
1751	0x0001dbc6	0x00070d9d	3	0	0x00080d9d	True
1752	0x0001dbd2	0x00070d9d	3	0	0x00080d9d	True
1753	0x0001dbde	0x00070d9c	3	0	0x00080d9c	True
1754	0x0001dbea	0x00070d9c	3	0	0x00080d9c	True
1755	0x0001dc0e	0x0001dc14	3	0	0x0002dc14	True
1756	0x0001dc14	0x0001db5c	3	0	0x0002db5c	True
1757	0x0001dc18	0x0001db63	3	0	0x0002db63	True
1758	0x0001dc1c	0x0001dbb8	3	0	0x0002dbb8	True
1759	0x0001dc20	0x0001db63	3	0	0x0002db63	True
1760	0x0001dc24	0x0001db63	3	0	0x0002db63	True
1761	0x0001dc28	0x0001db63	3	0	0x0002db63	True
1762	0x0001dc2c	0x0001db63	3	0	0x0002db63	True
1763	0x0001dc30	0x0001db63	3	0	0x0002db63	True
1764	0x0001dc34	0x0001db63	3	0	0x0002db63	True
1765	0x0001dc38	0x0001db63	3	0	0x0002db63	True
1766	0x0001dc3c	0x0001db63	3	0	0x0002db63	True
1767	0x0001dc40	0x0001db63	3	0	0x0002db63	True
1768	0x0001dc44	0x0001db63	3	0	0x0002db63	True
1769	0x0001dc48	0x0001dbc4	3	0	0x0002dbc4	True
1770	0x0001dc4c	0x0001db63	3	0	0x0002db63	True
1771	0x0001dc50	0x0001dbd0	3	0	0x0002dbd0	True
1772	0x0001dc54	0x0001db63	3	0	0x0002db63	True
1773	0x0001dc58	0x0001db63	3	0	0x0002db63	True
1774	0x0001dc5c	0x0001db63	3	0	0x0002db63	True
1775	0x0001dc60	0x0001dbe8	3	0	0x0002dbe8	True
1776	0x0001dc64	0x0001dbe8	3	0	0x0002dbe8	True
1777	0x0001dc68	0x0001dbe8	3	0	0x0002dbe8	True
1778	0x0001dcda	0x00080b94	3	0	0x00090b94	True
1779	0x0001dd3a	0x00087ab0	3	0	0x00097ab0	True
1780	0x0001dda9	0x00070d9c	3	0	0x00080d9c	True
1781	0x0001ddef	0x00080b94	3	0	0x00090b94	True
1782	0x0001de10	0x0001de14	3	0	0x0002de14	True
1783	0x0001de14	0x0001dd60	3	0	0x0002dd60	True
1784	0x0001de18	0x0001dde8	3	0	0x0002dde8	True
1785	0x0001de1c	0x0001ddb8	3	0	0x0002ddb8	True
1786	0x0001de20	0x0001dde8	3	0	0x0002dde8	True
1787	0x0001de24	0x0001dde8	3	0	0x0002dde8	True
1788	0x0001de28	0x0001ddad	3	0	0x0002ddad	True
1789	0x0001de2c	0x0001dde8	3	0	0x0002dde8	True
1790	0x0001de30	0x0001dd60	3	0	0x0002dd60	True
1791	0x0001de34	0x0001dde8	3	0	0x0002dde8	True
1792	0x0001de38	0x0001dde8	3	0	0x0002dde8	True
1793	0x0001de3c	0x0001dde8	3	0	0x0002dde8	True
1794	0x0001de40	0x0001dcb0	3	0	0x0002dcb0	True
1795	0x0001de44	0x0001dde8	3	0	0x0002dde8	True
1796	0x0001de48	0x0001ddd1	3	0	0x0002ddd1	True
1797	0x0001de4c	0x0001dde8	3	0	0x0002dde8	True
1798	0x0001de50	0x0001dde8	3	0	0x0002dde8	True
1799	0x0001de54	0x0001dd60	3	0	0x0002dd60	True
1800	0x0001de58	0x0001dddc	3	0	0x0002dddc	True
1801	0x0001de5c	0x0001dde8	3	0	0x0002dde8	True
1802	0x0001de60	0x0001dde8	3	0	0x0002dde8	True
1803	0x0001de64	0x0001ddb8	3	0	0x0002ddb8	True
1804	0x0001de68	0x0001ddad	3	0	0x0002ddad	True
1805	0x0001de6c	0x0001ddad	3	0	0x0002ddad	True
1806	0x0001de7d	0x00086a5e	3	0	0x00096a5e	True
1807	0x0001de9b	0x00087ab0	3	0	0x00097ab0	True
1808	0x0001dec7	0x00080bfc	3	0	0x00090bfc	True
1809	0x0001ded2	0x00070d9c	3	0	0x00080d9c	True
1810	0x0001dede	0x00070db0	3	0	0x00080db0	True
1811	0x0001def6	0x00070db0	3	0	0x00080db0	True
1812	0x0001defe	0x00081780	3	0	0x00091780	True
1813	0x0001df0f	0x00080c0c	3	0	0x00090c0c	True
1814	0x0001df1c	0x00070d9c	3	0	0x00080d9c	True
1815	0x0001df21	0x00080bfc	3	0	0x00090bfc	True
1816	0x0001df26	0x00080c10	3	0	0x00090c10	True
1817	0x0001df37	0x00070dac	3	0	0x00080dac	True
1818	0x0001df40	0x000832b6	3	0	0x000932b6	True
1819	0x0001df46	0x000832b4	3	0	0x000932b4	True
1820	0x0001df6c	0x00080cd3	3	0	0x00090cd3	True
1821	0x0001df9d	0x00080cd3	3	0	0x00090cd3	True
1822	0x0001dfa3	0x00080cc4	3	0	0x00090cc4	True
1823	0x0001dfc8	0x00080cc4	3	0	0x00090cc4	True
1824	0x0001dfda	0x00080cc4	3	0	0x00090cc4	True
1825	0x0001e004	0x00080ccc	3	0	0x00090ccc	True
1826	0x0001e011	0x00080cd4	3	0	0x00090cd4	True
1827	0x0001e018	0x00080cc8	3	0	0x00090cc8	True
1828	0x0001e041	0x00080b94	3	0	0x00090b94	True
1829	0x0001e08f	0x00080b94	3	0	0x00090b94	True
1830	0x0001e09c	0x00080cdc	3	0	0x00090cdc	True
1831	0x0001e103	0x00080b94	3	0	0x00090b94	True
1832	0x0001e110	0x00080cdc	3	0	0x00090cdc	True
1833	0x0001e15c	0x00080ced	3	0	0x00090ced	True
1834	0x0001e177	0x00080ce0	3	0	0x00090ce0	True
1835	0x0001e17e	0x00080cec	3	0	0x00090cec	True
1836	0x0001e185	0x00080cf1	3	0	0x00090cf1	True
1837	0x0001e194	0x00080ced	3	0	0x00090ced	True
1838	0x0001e1af	0x00080ce0	3	0	0x00090ce0	True
1839	0x0001e1b6	0x00080cec	3	0	0x00090cec	True
1840	0x0001e1bd	0x00080cf5	3	0	0x00090cf5	True
1841	0x0001e1c6	0x000803d0	3	0	0x000903d0	True
1842	0x0001e1cf	0x00080ced	3	0	0x00090ced	True
1843	0x0001e1df	0x00080ce0	3	0	0x00090ce0	True
1844	0x0001e1e6	0x00080cec	3	0	0x00090cec	True
1845	0x0001e1ed	0x00080cf9	3	0	0x00090cf9	True
1846	0x0001e1fb	0x00080b94	3	0	0x00090b94	True
1847	0x0001e210	0x00080ce4	3	0	0x00090ce4	True
1848	0x0001e217	0x00080ce0	3	0	0x00090ce0	True
1849	0x0001e295	0x00080cdc	3	0	0x00090cdc	True
1850	0x0001e29c	0x00080cdc	3	0	0x00090cdc	True
1851	0x0001e35d	0x00080cfc	3	0	0x00090cfc	True
1852	0x0001e39d	0x00081414	3	0	0x00091414	True
1853	0x0001e49a	0x00080d04	3	0	0x00090d04	True
1854	0x0001e4b7	0x00080d12	3	0	0x00090d12	True
1855	0x0001e505	0x00080cfc	3	0	0x00090cfc	True
1856	0x0001e548	0x00080d37	3	0	0x00090d37	True
1857	0x0001e569	0x00080d47	3	0	0x00090d47	True
1858	0x0001e5f8	0x00080d73	3	0	0x00090d73	True
1859	0x0001e615	0x00080d81	3	0	0x00090d81	True
1860	0x0001e672	0x00080cfc	3	0	0x00090cfc	True
1861	0x0001e681	0x00080cfc	3	0	0x00090cfc	True
1862	0x0001e68a	0x000800f0	3	0	0x000900f0	True
1863	0x0001e69b	0x00080d00	3	0	0x00090d00	True
1864	0x0001e6a2	0x00080d00	3	0	0x00090d00	True
1865	0x0001e6c6	0x00081414	3	0	0x00091414	True
1866	0x0001e724	0x00080b94	3	0	0x00090b94	True
1867	0x0001e745	0x00080d00	3	0	0x00090d00	True
1868	0x0001e761	0x00080da6	3	0	0x00090da6	True
1869	0x0001e770	0x00080cfc	3	0	0x00090cfc	True
1870	0x0001e797	0x00080db2	3	0	0x00090db2	True
1871	0x0001e7bb	0x00080dbf	3	0	0x00090dbf	True
1872	0x0001e7cb	0x00080d00	3	0	0x00090d00	True
1873	0x0001e7dd	0x00080d00	3	0	0x00090d00	True
1874	0x0001e7ea	0x00080b94	3	0	0x00090b94	True
1875	0x0001e80a	0x00080dd0	3	0	0x00090dd0	True
1876	0x0001e816	0x00080dd0	3	0	0x00090dd0	True
1877	0x0001e829	0x00080dcc	3	0	0x00090dcc	True
1878	0x0001e83b	0x00080dd0	3	0	0x00090dd0	True
1879	0x0001e862	0x00080b94	3	0	0x00090b94	True
1880	0x0001e8b6	0x00080dd4	3	0	0x00090dd4	True
1881	0x0001e8d8	0x00080de2	3	0	0x00090de2	True
1882	0x0001e98e	0x00080df7	3	0	0x00090df7	True
1883	0x0001e9c0	0x00080dfc	3	0	0x00090dfc	True
1884	0x0001ea08	0x00080e01	3	0	0x00090e01	True
1885	0x0001ea22	0x00080e06	3	0	0x00090e06	True
1886	0x0001ea8a	0x00080e0a	3	0	0x00090e0a	True
1887	0x0001eab4	0x00080e10	3	0	0x00090e10	True
1888	0x0001eb86	0x00080e18	3	0	0x00090e18	True
1889	0x0001ebb6	0x00080e1d	3	0	0x00090e1d	True
1890	0x0001ebd3	0x00080e22	3	0	0x00090e22	True
1891	0x0001ebee	0x00080e27	3	0	0x00090e27	True
1892	0x0001ec2c	0x00080e2c	3	0	0x00090e2c	True
1893	0x0001ec90	0x00080e31	3	0	0x00090e31	True
1894	0x0001ecc2	0x00080e36	3	0	0x00090e36	True
1895	0x0001ed8d	0x00080b94	3	0	0x00090b94	True
1896	0x0001edcc	0x00080e3e	3	0	0x00090e3e	True
1897	0x0001ede1	0x00080bc0	3	0	0x00090bc0	True
1898	0x0001ee3b	0x00080bc8	3	0	0x00090bc8	True
1899	0x0001ee69	0x00080bcc	3	0	0x00090bcc	True
1900	0x0001ee6d	0x00080bc0	3	0	0x00090bc0	True
1901	0x0001ee99	0x00080b94	3	0	0x00090b94	True
1902	0x0001eec6	0x00080bcc	3	0	0x00090bcc	True
1903	0x0001eece	0x00080bcc	3	0	0x00090bcc	True
1904	0x0001eed2	0x00080bc0	3	0	0x00090bc0	True
1905	0x0001eed8	0x00080bcc	3	0	0x00090bcc	True
1906	0x0001eee6	0x00080b94	3	0	0x00090b94	True
1907	0x0001eef4	0x00081424	3	0	0x00091424	True
1908	0x0001eefc	0x00080bcc	3	0	0x00090bcc	True
1909	0x0001ef14	0x00080bc8	3	0	0x00090bc8	True
1910	0x0001ef2d	0x00080e41	3	0	0x00090e41	True
1911	0x0001ef51	0x00080e4d	3	0	0x00090e4d	True
1912	0x0001ef6e	0x00080bc8	3	0	0x00090bc8	True
1913	0x0001efc3	0x00080e5c	3	0	0x00090e5c	True
1914	0x0001efd2	0x00080e5c	3	0	0x00090e5c	True
1915	0x0001effa	0x00080b94	3	0	0x00090b94	True
1916	0x0001f016	0x00080e5c	3	0	0x00090e5c	True
1917	0x0001f02a	0x00080bcc	3	0	0x00090bcc	True
1918	0x0001f039	0x00080e62	3	0	0x00090e62	True
1919	0x0001f05e	0x00080e60	3	0	0x00090e60	True
1920	0x0001f06b	0x00080bcc	3	0	0x00090bcc	True
1921	0x0001f099	0x00080bcc	3	0	0x00090bcc	True
1922	0x0001f0a1	0x00070db8	3	0	0x00080db8	True
1923	0x0001f0a6	0x00080cdc	3	0	0x00090cdc	True
1924	0x0001f0ab	0x00080e68	3	0	0x00090e68	True
1925	0x0001f0b0	0x00080cc4	3	0	0x00090cc4	True
1926	0x0001f0b5	0x00080e6c	3	0	0x00090e6c	True
1927	0x0001f0bf	0x00070d9c	3	0	0x00080d9c	True
1928	0x0001f0c4	0x00080bfc	3	0	0x00090bfc	True
1929	0x0001f0ca	0x00080c0c	3	0	0x00090c0c	True
1930	0x0001f0d3	0x00080bcc	3	0	0x00090bcc	True
1931	0x0001f0d9	0x00070db8	3	0	0x00080db8	True
1932	0x0001f0e1	0x00080e68	3	0	0x00090e68	True
1933	0x0001f0e6	0x00080cdc	3	0	0x00090cdc	True
1934	0x0001f0eb	0x00080e6c	3	0	0x00090e6c	True
1935	0x0001f0f0	0x00080cc4	3	0	0x00090cc4	True
1936	0x0001f108	0x00080e70	3	0	0x00090e70	True
1937	0x0001f135	0x00070dbc	3	0	0x00080dbc	True
1938	0x0001f13f	0x00070dc0	3	0	0x00080dc0	True
1939	0x0001f149	0x00080e70	3	0	0x00090e70	True
1940	0x0001f17a	0x00080e70	3	0	0x00090e70	True
1941	0x0001f1aa	0x00080e70	3	0	0x00090e70	True
1942	0x0001f1c4	0x00070dc0	3	0	0x00080dc0	True
1943	0x0001f1d0	0x00070dc0	3	0	0x00080dc0	True
1944	0x0001f217	0x00080b94	3	0	0x00090b94	True
1945	0x0001f23b	0x00070dc0	3	0	0x00080dc0	True
1946	0x0001f247	0x00070dc0	3	0	0x00080dc0	True
1947	0x0001f24f	0x00070dc0	3	0	0x00080dc0	True
1948	0x0001f275	0x00070dc0	3	0	0x00080dc0	True
1949	0x0001f2a6	0x00070dbc	3	0	0x00080dbc	True
1950	0x0001f32f	0x00070dbc	3	0	0x00080dbc	True
1951	0x0001f34b	0x00070dbc	3	0	0x00080dbc	True
1952	0x0001f351	0x00080e70	3	0	0x00090e70	True
1953	0x0001f3d2	0x00080e70	3	0	0x00090e70	True
1954	0x0001f3e0	0x00080b94	3	0	0x00090b94	True
1955	0x0001f48d	0x0001f494	3	0	0x0002f494	True
1956	0x0001f494	0x0001f400	3	0	0x0002f400	True
1957	0x0001f498	0x0001f592	3	0	0x0002f592	True
1958	0x0001f49c	0x0001f44c	3	0	0x0002f44c	True
1959	0x0001f4a0	0x0001f458	3	0	0x0002f458	True
1960	0x0001f4a4	0x0001f592	3	0	0x0002f592	True
1961	0x0001f4a8	0x0001f592	3	0	0x0002f592	True
1962	0x0001f4ac	0x0001f592	3	0	0x0002f592	True
1963	0x0001f4b0	0x0001f592	3	0	0x0002f592	True
1964	0x0001f4b4	0x0001f592	3	0	0x0002f592	True
1965	0x0001f4b8	0x0001f592	3	0	0x0002f592	True
1966	0x0001f4bc	0x0001f592	3	0	0x0002f592	True
1967	0x0001f4c0	0x0001f592	3	0	0x0002f592	True
1968	0x0001f4c4	0x0001f592	3	0	0x0002f592	True
1969	0x0001f4c8	0x0001f31c	3	0	0x0002f31c	True
1970	0x0001f4cc	0x0001f31c	3	0	0x0002f31c	True
1971	0x0001f4d0	0x0001f31c	3	0	0x0002f31c	True
1972	0x0001f4d4	0x0001f31c	3	0	0x0002f31c	True
1973	0x0001f4d8	0x0001f31c	3	0	0x0002f31c	True
1974	0x0001f4dc	0x0001f31c	3	0	0x0002f31c	True
1975	0x0001f4e0	0x0001f31c	3	0	0x0002f31c	True
1976	0x0001f4e4	0x0001f31c	3	0	0x0002f31c	True
1977	0x0001f4e8	0x0001f31c	3	0	0x0002f31c	True
1978	0x0001f4ec	0x0001f31c	3	0	0x0002f31c	True
1979	0x0001f4f0	0x0001f31c	3	0	0x0002f31c	True
1980	0x0001f4f4	0x0001f592	3	0	0x0002f592	True
1981	0x0001f4f8	0x0001f592	3	0	0x0002f592	True
1982	0x0001f4fc	0x0001f592	3	0	0x0002f592	True
1983	0x0001f500	0x0001f592	3	0	0x0002f592	True
1984	0x0001f504	0x0001f592	3	0	0x0002f592	True
1985	0x0001f508	0x0001f592	3	0	0x0002f592	True
1986	0x0001f50c	0x0001f592	3	0	0x0002f592	True
1987	0x0001f510	0x0001f592	3	0	0x0002f592	True
1988	0x0001f514	0x0001f592	3	0	0x0002f592	True
1989	0x0001f518	0x0001f592	3	0	0x0002f592	True
1990	0x0001f51c	0x0001f592	3	0	0x0002f592	True
1991	0x0001f520	0x0001f592	3	0	0x0002f592	True
1992	0x0001f524	0x0001f1a0	3	0	0x0002f1a0	True
1993	0x0001f528	0x0001f592	3	0	0x0002f592	True
1994	0x0001f52c	0x0001f592	3	0	0x0002f592	True
1995	0x0001f530	0x0001f592	3	0	0x0002f592	True
1996	0x0001f534	0x0001f592	3	0	0x0002f592	True
1997	0x0001f538	0x0001f592	3	0	0x0002f592	True
1998	0x0001f53c	0x0001f592	3	0	0x0002f592	True
1999	0x0001f540	0x0001f592	3	0	0x0002f592	True
2000	0x0001f544	0x0001f592	3	0	0x0002f592	True
2001	0x0001f548	0x0001f592	3	0	0x0002f592	True
2002	0x0001f54c	0x0001f31c	3	0	0x0002f31c	True
2003	0x0001f550	0x0001f592	3	0	0x0002f592	True
2004	0x0001f554	0x0001f31c	3	0	0x0002f31c	True
2005	0x0001f558	0x0001f1a0	3	0	0x0002f1a0	True
2006	0x0001f55c	0x0001f388	3	0	0x0002f388	True
2007	0x0001f5a6	0x00090044	3	0	0x000a0044	True
2008	0x0001f5cd	0x00090045	3	0	0x000a0045	True
2009	0x0001f5ef	0x00080b94	3	0	0x00090b94	True
2010	0x0001f6dc	0x00080b94	3	0	0x00090b94	True
2011	0x0001f707	0x00090044	3	0	0x000a0044	True
2012	0x0001f7aa	0x00090044	3	0	0x000a0044	True
2013	0x0001f7d1	0x00090045	3	0	0x000a0045	True
2014	0x00080b94	0x00080b80	3	0	0x00090b80	True
2015	0x00080bcc	0x00080bc0	3	0	0x00090bc0	True
2016	0x0001f85a	0x00080ea8	3	0	0x00090ea8	True
2017	0x0001f865	0x00080ea8	3	0	0x00090ea8	True
2018	0x0001f86e	0x000800fc	3	0	0x000900fc	True
2019	0x0001f877	0x00080eb0	3	0	0x00090eb0	True
2020	0x0001f89d	0x00080ea8	3	0	0x00090ea8	True
2021	0x0001f8ae	0x00080ea8	3	0	0x00090ea8	True
2022	0x0001f8b7	0x000800fc	3	0	0x000900fc	True
2023	0x0001f8c0	0x00080eb0	3	0	0x00090eb0	True
2024	0x0001f8e5	0x00080ea8	3	0	0x00090ea8	True
2025	0x0001f8ee	0x00080ea8	3	0	0x00090ea8	True
2026	0x0001f8f7	0x00070850	3	0	0x00080850	True
2027	0x0001f901	0x00080ea8	3	0	0x00090ea8	True
2028	0x0001f90a	0x00080eb0	3	0	0x00090eb0	True
2029	0x0001f90f	0x0008014c	3	0	0x0009014c	True
2030	0x0001f914	0x00080150	3	0	0x00090150	True
2031	0x0001f936	0x00080eb0	3	0	0x00090eb0	True
2032	0x0001f97c	0x00090044	3	0	0x000a0044	True
2033	0x0001f9a0	0x00090044	3	0	0x000a0044	True
2034	0x0001f9d0	0x00090044	3	0	0x000a0044	True
2035	0x0001faa7	0x00080e94	3	0	0x00090e94	True
2036	0x0001fabc	0x00080ec8	3	0	0x00090ec8	True
2037	0x0001fb00	0x00080ecb	3	0	0x00090ecb	True
2038	0x0001fb1d	0x000800fc	3	0	0x000900fc	True
2039	0x0001fb5f	0x00090044	3	0	0x000a0044	True
2040	0x0001fb96	0x00090045	3	0	0x000a0045	True
2041	0x0001fbc8	0x00090044	3	0	0x000a0044	True
2042	0x0001fcad	0x00080e94	3	0	0x00090e94	True
2043	0x0001fda3	0x00090048	3	0	0x000a0048	True
2044	0x0001fde2	0x00070dec	3	0	0x00080dec	True
2045	0x0001fdf3	0x00070de0	3	0	0x00080de0	True
2046	0x0001fe0a	0x00070de8	3	0	0x00080de8	True
2047	0x0001fe1b	0x00070da0	3	0	0x00080da0	True
2048	0x0001fe2c	0x00070de4	3	0	0x00080de4	True
2049	0x0001fe40	0x00070df0	3	0	0x00080df0	True
2050	0x0001fe59	0x00090044	3	0	0x000a0044	True
2051	0x0001fe67	0x00080e94	3	0	0x00090e94	True
2052	0x0001fe75	0x00080eb4	3	0	0x00090eb4	True
2053	0x0001fe7d	0x00080eb4	3	0	0x00090eb4	True
2054	0x0001fe88	0x00080eb4	3	0	0x00090eb4	True
2055	0x0001fe98	0x00080ea4	3	0	0x00090ea4	True
2056	0x0001feae	0x00080e98	3	0	0x00090e98	True
2057	0x0001feb4	0x00080ec4	3	0	0x00090ec4	True
2058	0x0001ff01	0x00070de0	3	0	0x00080de0	True
2059	0x0001ff3e	0x00070df0	3	0	0x00080df0	True
2060	0x0001ff78	0x00070df4	3	0	0x00080df4	True
2061	0x0001ff82	0x00070df4	3	0	0x00080df4	True
2062	0x0001ff8e	0x00070df0	3	0	0x00080df0	True
2063	0x0001ff9a	0x00070df0	3	0	0x00080df0	True
2064	0x0001ffe3	0x000803cc	3	0	0x000903cc	True
2065	0x0001fff7	0x00070df0	3	0	0x00080df0	True
2066	0x000200ec	0x00070df0	3	0	0x00080df0	True
2067	0x00020113	0x00070df4	3	0	0x00080df4	True
2068	0x0002011d	0x00070df4	3	0	0x00080df4	True
2069	0x00020187	0x00080140	3	0	0x00090140	True
2070	0x00020219	0x00070df0	3	0	0x00080df0	True
2071	0x00020273	0x00080e94	3	0	0x00090e94	True
2072	0x000202a0	0x00080e94	3	0	0x00090e94	True
2073	0x000202ad	0x00080eac	3	0	0x00090eac	True
2074	0x000202e1	0x00080eac	3	0	0x00090eac	True
2075	0x000202e9	0x00080eac	3	0	0x00090eac	True
2076	0x0002030d	0x00080e98	3	0	0x00090e98	True
2077	0x0002031d	0x00070df0	3	0	0x00080df0	True
2078	0x00020361	0x00070df0	3	0	0x00080df0	True
2079	0x000203be	0x00080edc	3	0	0x00090edc	True
2080	0x000203c7	0x00080ee0	3	0	0x00090ee0	True
2081	0x000203d9	0x00080edc	3	0	0x00090edc	True
2082	0x000203e1	0x00080edc	3	0	0x00090edc	True
2083	0x000203eb	0x00080ee0	3	0	0x00090ee0	True
2084	0x000203f1	0x00080ee0	3	0	0x00090ee0	True
2085	0x000203f9	0x00080ee0	3	0	0x00090ee0	True
2086	0x000203ff	0x00070df0	3	0	0x00080df0	True
2087	0x0002040d	0x00080edc	3	0	0x00090edc	True
2088	0x00020440	0x00090044	3	0	0x000a0044	True
2089	0x00020466	0x00070ddc	3	0	0x00080ddc	True
2090	0x0002046f	0x00080160	3	0	0x00090160	True
2091	0x0002047d	0x00080e94	3	0	0x00090e94	True
2092	0x00020482	0x00080ee4	3	0	0x00090ee4	True
2093	0x0002049d	0x00080eb4	3	0	0x00090eb4	True
2094	0x000204bd	0x00080e94	3	0	0x00090e94	True
2095	0x000204c2	0x00080f09	3	0	0x00090f09	True
2096	0x000204e1	0x00080eb4	3	0	0x00090eb4	True
2097	0x000204e9	0x00080eb4	3	0	0x00090eb4	True
2098	0x000204ef	0x00080ea4	3	0	0x00090ea4	True
2099	0x000204ff	0x00080eb4	3	0	0x00090eb4	True
2100	0x0002053c	0x00080160	3	0	0x00090160	True
2101	0x00020596	0x00090044	3	0	0x000a0044	True
2102	0x000205c9	0x00090044	3	0	0x000a0044	True
2103	0x000205d6	0x0002052c	3	0	0x0003052c	True
2104	0x0002062a	0x00080e94	3	0	0x00090e94	True
2105	0x00020658	0x00090044	3	0	0x000a0044	True
2106	0x0002068b	0x00080e94	3	0	0x00090e94	True
2107	0x000206ad	0x00090044	3	0	0x000a0044	True
2108	0x000206ba	0x0002052c	3	0	0x0003052c	True
2109	0x0002074b	0x00090044	3	0	0x000a0044	True
2110	0x00020782	0x00090045	3	0	0x000a0045	True
2111	0x000207de	0x00080e9c	3	0	0x00090e9c	True
2112	0x0002081a	0x00080eb8	3	0	0x00090eb8	True
2113	0x0002082d	0x00080e98	3	0	0x00090e98	True
2114	0x00020833	0x00070df8	3	0	0x00080df8	True
2115	0x0002083c	0x00080ea4	3	0	0x00090ea4	True
2116	0x00020843	0x00080e98	3	0	0x00090e98	True
2117	0x00020849	0x00080ea4	3	0	0x00090ea4	True
2118	0x0002084f	0x00070df8	3	0	0x00080df8	True
2119	0x0002085a	0x00080f25	3	0	0x00090f25	True
2120	0x00020876	0x00080eb4	3	0	0x00090eb4	True
2121	0x0002087e	0x00080f5c	3	0	0x00090f5c	True
2122	0x0002089d	0x00080f61	3	0	0x00090f61	True
2123	0x000208b7	0x00080f63	3	0	0x00090f63	True
2124	0x000208cc	0x000800b8	3	0	0x000900b8	True
2125	0x000208d1	0x00089794	3	0	0x00099794	True
2126	0x000208eb	0x00080ec0	3	0	0x00090ec0	True
2127	0x000208f6	0x00080f65	3	0	0x00090f65	True
2128	0x00020913	0x00080f7e	3	0	0x00090f7e	True
2129	0x00020928	0x00090040	3	0	0x000a0040	True
2130	0x0002093b	0x00080f92	3	0	0x00090f92	True
2131	0x00020961	0x00080ec0	3	0	0x00090ec0	True
2132	0x00020981	0x00080fa7	3	0	0x00090fa7	True
2133	0x00020998	0x00080eb8	3	0	0x00090eb8	True
2134	0x000209a0	0x00080eb8	3	0	0x00090eb8	True
2135	0x000209aa	0x00080eb8	3	0	0x00090eb8	True
2136	0x000209ca	0x00080e9c	3	0	0x00090e9c	True
2137	0x00020a13	0x00080fc0	3	0	0x00090fc0	True
2138	0x00020a3c	0x00080eb8	3	0	0x00090eb8	True
2139	0x00020a43	0x00080eb8	3	0	0x00090eb8	True
2140	0x00020a54	0x00080ebc	3	0	0x00090ebc	True
2141	0x00020a5c	0x00080ebc	3	0	0x00090ebc	True
2142	0x00020a66	0x00080ebc	3	0	0x00090ebc	True
2143	0x00020a7d	0x00080ea0	3	0	0x00090ea0	True
2144	0x00020ad4	0x00080ebc	3	0	0x00090ebc	True
2145	0x00020adb	0x00080ebc	3	0	0x00090ebc	True
2146	0x00020afa	0x0008014c	3	0	0x0009014c	True
2147	0x00020b32	0x0008014c	3	0	0x0009014c	True
2148	0x00020b76	0x0008014c	3	0	0x0009014c	True
2149	0x00020bc6	0x0008014c	3	0	0x0009014c	True
2150	0x00020d3b	0x0007089c	3	0	0x0008089c	True
2151	0x00020d40	0x00080ebc	3	0	0x00090ebc	True
2152	0x00020d45	0x00080eb8	3	0	0x00090eb8	True
2153	0x00020d4a	0x00080eb4	3	0	0x00090eb4	True
2154	0x00020d4f	0x00080eac	3	0	0x00090eac	True
2155	0x00020d54	0x00081064	3	0	0x00091064	True
2156	0x00020d59	0x00081068	3	0	0x00091068	True
2157	0x00020d5e	0x0008106c	3	0	0x0009106c	True
2158	0x00020d63	0x00081070	3	0	0x00091070	True
2159	0x00020d68	0x00080644	3	0	0x00090644	True
2160	0x00020d6d	0x00080648	3	0	0x00090648	True
2161	0x00020d72	0x00080eb0	3	0	0x00090eb0	True
2162	0x00020d77	0x00080e9c	3	0	0x00090e9c	True
2163	0x00020d7c	0x00080ea4	3	0	0x00090ea4	True
2164	0x00020d81	0x00080ea0	3	0	0x00090ea0	True
2165	0x00020d86	0x00070894	3	0	0x00080894	True
2166	0x00020d8b	0x00070df8	3	0	0x00080df8	True
2167	0x00020d95	0x00080ea8	3	0	0x00090ea8	True
2168	0x00020d9a	0x00087f24	3	0	0x00097f24	True
2169	0x00020d9f	0x00070df4	3	0	0x00080df4	True
2170	0x00020deb	0x00080ebc	3	0	0x00090ebc	True
2171	0x00020df0	0x00080eb8	3	0	0x00090eb8	True
2172	0x00020df5	0x00080eac	3	0	0x00090eac	True
2173	0x00020e0e	0x00080fe4	3	0	0x00090fe4	True
2174	0x00020e22	0x00080fe4	3	0	0x00090fe4	True
2175	0x00020e2a	0x00080fe4	3	0	0x00090fe4	True
2176	0x00020e2e	0x00070150	3	0	0x00080150	True
2177	0x00020e3b	0x00080e94	3	0	0x00090e94	True
2178	0x00020e66	0x00080fe4	3	0	0x00090fe4	True
2179	0x00020e6c	0x00080fe4	3	0	0x00090fe4	True
2180	0x00020e79	0x00080fe4	3	0	0x00090fe4	True
2181	0x00020e7d	0x00070150	3	0	0x00080150	True
2182	0x00020e8e	0x00080fe4	3	0	0x00090fe4	True
2183	0x00020ea2	0x00080fe4	3	0	0x00090fe4	True
2184	0x00020eaa	0x00080fe4	3	0	0x00090fe4	True
2185	0x00020eae	0x00070150	3	0	0x00080150	True
2186	0x00020ec7	0x00080e94	3	0	0x00090e94	True
2187	0x00020ed4	0x00080fe4	3	0	0x00090fe4	True
2188	0x00020ee9	0x00080fe4	3	0	0x00090fe4	True
2189	0x00020efd	0x00080fe4	3	0	0x00090fe4	True
2190	0x00020f11	0x00080fe4	3	0	0x00090fe4	True
2191	0x00020f35	0x00080fe4	3	0	0x00090fe4	True
2192	0x00020f45	0x00090044	3	0	0x000a0044	True
2193	0x00020f53	0x00080e94	3	0	0x00090e94	True
2194	0x00020f60	0x00080fe4	3	0	0x00090fe4	True
2195	0x00020f94	0x00080e94	3	0	0x00090e94	True
2196	0x00020fbe	0x00090044	3	0	0x000a0044	True
2197	0x00020fd5	0x00080fe4	3	0	0x00090fe4	True
2198	0x00020fe5	0x00080fe4	3	0	0x00090fe4	True
2199	0x00020ff5	0x00080fe4	3	0	0x00090fe4	True
2200	0x00021015	0x00080fe4	3	0	0x00090fe4	True
2201	0x0002102d	0x00080fe4	3	0	0x00090fe4	True
2202	0x00021069	0x00090044	3	0	0x000a0044	True
2203	0x0002109b	0x00090044	3	0	0x000a0044	True
2204	0x000210c6	0x00080e94	3	0	0x00090e94	True
2205	0x000210d9	0x00080fe4	3	0	0x00090fe4	True
2206	0x000210df	0x00080fe4	3	0	0x00090fe4	True
2207	0x000210eb	0x00080fe4	3	0	0x00090fe4	True
2208	0x000210ef	0x00070050	3	0	0x00080050	True
2209	0x000210fc	0x00080e94	3	0	0x00090e94	True
2210	0x0002110f	0x00080fe4	3	0	0x00090fe4	True
2211	0x00021115	0x00080fe4	3	0	0x00090fe4	True
2212	0x00021121	0x00080fe4	3	0	0x00090fe4	True
2213	0x00021125	0x00070050	3	0	0x00080050	True
2214	0x00021132	0x00080e94	3	0	0x00090e94	True
2215	0x00021151	0x00080fe4	3	0	0x00090fe4	True
2216	0x00021157	0x00080fe4	3	0	0x00090fe4	True
2217	0x00021162	0x00080fe4	3	0	0x00090fe4	True
2218	0x00021166	0x00070150	3	0	0x00080150	True
2219	0x00021173	0x00080e94	3	0	0x00090e94	True
2220	0x000211dc	0x00080fe4	3	0	0x00090fe4	True
2221	0x000211e2	0x00080fe4	3	0	0x00090fe4	True
2222	0x000211ee	0x00080fe4	3	0	0x00090fe4	True
2223	0x000211f2	0x00070050	3	0	0x00080050	True
2224	0x0002120d	0x00080fe4	3	0	0x00090fe4	True
2225	0x00021213	0x00080fe4	3	0	0x00090fe4	True
2226	0x0002121f	0x00080fe4	3	0	0x00090fe4	True
2227	0x00021223	0x00070050	3	0	0x00080050	True
2228	0x00021230	0x00080e94	3	0	0x00090e94	True
2229	0x00021241	0x00080fe4	3	0	0x00090fe4	True
2230	0x00021247	0x00080fe4	3	0	0x00090fe4	True
2231	0x00021253	0x00080fe4	3	0	0x00090fe4	True
2232	0x00021257	0x00070050	3	0	0x00080050	True
2233	0x00021264	0x00080e94	3	0	0x00090e94	True
2234	0x00021289	0x00080fe4	3	0	0x00090fe4	True
2235	0x000212c0	0x000212c4	3	0	0x000312c4	True
2236	0x000212c4	0x00021288	3	0	0x00031288	True
2237	0x000212c8	0x00020e0c	3	0	0x00030e0c	True
2238	0x000212cc	0x00020e8c	3	0	0x00030e8c	True
2239	0x000212d0	0x00021320	3	0	0x00031320	True
2240	0x000212d4	0x00020fe4	3	0	0x00030fe4	True
2241	0x000212d8	0x00021320	3	0	0x00031320	True
2242	0x000212dc	0x00021320	3	0	0x00031320	True
2243	0x000212e0	0x00020ec0	3	0	0x00030ec0	True
2244	0x000212e4	0x00021320	3	0	0x00031320	True
2245	0x000212e8	0x00021320	3	0	0x00031320	True
2246	0x000212ec	0x00021044	3	0	0x00031044	True
2247	0x000212f0	0x00021320	3	0	0x00031320	True
2248	0x000212f4	0x00021044	3	0	0x00031044	True
2249	0x000212f8	0x00020f78	3	0	0x00030f78	True
2250	0x000212fc	0x00020e64	3	0	0x00030e64	True
2251	0x00021300	0x00021320	3	0	0x00031320	True
2252	0x00021304	0x00021320	3	0	0x00031320	True
2253	0x00021308	0x00021000	3	0	0x00031000	True
2254	0x0002130c	0x00020efc	3	0	0x00030efc	True
2255	0x00021327	0x00080e94	3	0	0x00090e94	True
2256	0x00021339	0x00080fe4	3	0	0x00090fe4	True
2257	0x0002133f	0x00080fe4	3	0	0x00090fe4	True
2258	0x0002134b	0x00080fe4	3	0	0x00090fe4	True
2259	0x0002134f	0x00070050	3	0	0x00080050	True
2260	0x0002135c	0x00080e94	3	0	0x00090e94	True
2261	0x00021381	0x00090044	3	0	0x000a0044	True
2262	0x0002138f	0x00080e94	3	0	0x00090e94	True
2263	0x000213a8	0x00090044	3	0	0x000a0044	True
2264	0x000213b6	0x00080e94	3	0	0x00090e94	True
2265	0x000213eb	0x00090044	3	0	0x000a0044	True
2266	0x0002140c	0x00090044	3	0	0x000a0044	True
2267	0x0002141a	0x00080e94	3	0	0x00090e94	True
2268	0x0002145d	0x00090044	3	0	0x000a0044	True
2269	0x00080e94	0x00080e80	3	0	0x00090e80	True
2270	0x00080fe4	0x00070050	3	0	0x00080050	True
2271	0x00021499	0x00070e28	3	0	0x00080e28	True
2272	0x0002149e	0x00070e2c	3	0	0x00080e2c	True
2273	0x000214a4	0x00080160	3	0	0x00090160	True
2274	0x000214ae	0x00080104	3	0	0x00090104	True
2275	0x000214c1	0x00083228	3	0	0x00093228	True
2276	0x000214dc	0x00083228	3	0	0x00093228	True
2277	0x000214f7	0x00083228	3	0	0x00093228	True
2278	0x00021512	0x00083228	3	0	0x00093228	True
2279	0x0002152d	0x00083228	3	0	0x00093228	True
2280	0x00021548	0x00083228	3	0	0x00093228	True
2281	0x0002158a	0x00081068	3	0	0x00091068	True
2282	0x00021590	0x00081064	3	0	0x00091064	True
2283	0x00021596	0x0008106c	3	0	0x0009106c	True
2284	0x0002159c	0x00081050	3	0	0x00091050	True
2285	0x00021625	0x00081003	3	0	0x00091003	True
2286	0x00021656	0x00081028	3	0	0x00091028	True
2287	0x0002168a	0x00080104	3	0	0x00090104	True
2288	0x00021693	0x0008010c	3	0	0x0009010c	True
2289	0x000216d6	0x0008014c	3	0	0x0009014c	True
2290	0x000217a2	0x00080128	3	0	0x00090128	True
2291	0x000217ae	0x0008014c	3	0	0x0009014c	True
2292	0x000217c3	0x0008014c	3	0	0x0009014c	True
2293	0x00021917	0x00081044	3	0	0x00091044	True
2294	0x00021925	0x00070e34	3	0	0x00080e34	True
2295	0x000219a9	0x00090045	3	0	0x000a0045	True
2296	0x00021a78	0x00021a7c	3	0	0x00031a7c	True
2297	0x00021a7c	0x0002178e	3	0	0x0003178e	True
2298	0x00021a80	0x00021b5e	3	0	0x00031b5e	True
2299	0x00021a84	0x00021b5e	3	0	0x00031b5e	True
2300	0x00021a88	0x00021b5e	3	0	0x00031b5e	True
2301	0x00021a8c	0x00021b5e	3	0	0x00031b5e	True
2302	0x00021a90	0x00021b5e	3	0	0x00031b5e	True
2303	0x00021a94	0x00021b5e	3	0	0x00031b5e	True
2304	0x00021a98	0x00021b5e	3	0	0x00031b5e	True
2305	0x00021a9c	0x00021b5e	3	0	0x00031b5e	True
2306	0x00021aa0	0x00021b5e	3	0	0x00031b5e	True
2307	0x00021aa4	0x00021b5e	3	0	0x00031b5e	True
2308	0x00021aa8	0x00021b5e	3	0	0x00031b5e	True
2309	0x00021aac	0x00021b5e	3	0	0x00031b5e	True
2310	0x00021ab0	0x00021b5e	3	0	0x00031b5e	True
2311	0x00021ab4	0x00021910	3	0	0x00031910	True
2312	0x00021ab8	0x00021910	3	0	0x00031910	True
2313	0x00021abc	0x00021910	3	0	0x00031910	True
2314	0x00021ac0	0x00021910	3	0	0x00031910	True
2315	0x00021ac4	0x00021910	3	0	0x00031910	True
2316	0x00021ac8	0x00021b5e	3	0	0x00031b5e	True
2317	0x00021acc	0x00021910	3	0	0x00031910	True
2318	0x00021ad0	0x00021910	3	0	0x00031910	True
2319	0x00021ad4	0x00021910	3	0	0x00031910	True
2320	0x00021ad8	0x00021910	3	0	0x00031910	True
2321	0x00021adc	0x00021910	3	0	0x00031910	True
2322	0x00021ae0	0x00021b5e	3	0	0x00031b5e	True
2323	0x00021ae4	0x00021b5e	3	0	0x00031b5e	True
2324	0x00021ae8	0x00021b5e	3	0	0x00031b5e	True
2325	0x00021aec	0x00021b5e	3	0	0x00031b5e	True
2326	0x00021af0	0x00021b5e	3	0	0x00031b5e	True
2327	0x00021af4	0x00021b5e	3	0	0x00031b5e	True
2328	0x00021af8	0x00021b5e	3	0	0x00031b5e	True
2329	0x00021afc	0x00021b5e	3	0	0x00031b5e	True
2330	0x00021b00	0x00021b5e	3	0	0x00031b5e	True
2331	0x00021b04	0x00021b5e	3	0	0x00031b5e	True
2332	0x00021b08	0x00021b5e	3	0	0x00031b5e	True
2333	0x00021b0c	0x00021b5e	3	0	0x00031b5e	True
2334	0x00021b10	0x00021b5e	3	0	0x00031b5e	True
2335	0x00021b14	0x00021b5e	3	0	0x00031b5e	True
2336	0x00021b18	0x00021b5e	3	0	0x00031b5e	True
2337	0x00021b1c	0x00021783	3	0	0x00031783	True
2338	0x00021b20	0x00021b5e	3	0	0x00031b5e	True
2339	0x00021b24	0x00021b5e	3	0	0x00031b5e	True
2340	0x00021b28	0x00021b5e	3	0	0x00031b5e	True
2341	0x00021b2c	0x00021b5e	3	0	0x00031b5e	True
2342	0x00021b30	0x00021b5e	3	0	0x00031b5e	True
2343	0x00021b34	0x00021b5e	3	0	0x00031b5e	True
2344	0x00021b38	0x00021b5e	3	0	0x00031b5e	True
2345	0x00021b3c	0x00021b5e	3	0	0x00031b5e	True
2346	0x00021b40	0x00021923	3	0	0x00031923	True
2347	0x00021c39	0x00081074	3	0	0x00091074	True
2348	0x00021c7e	0x00080104	3	0	0x00090104	True
2349	0x00021cbf	0x00080104	3	0	0x00090104	True
2350	0x00021cc7	0x00070884	3	0	0x00080884	True
2351	0x00021ced	0x00081044	3	0	0x00091044	True
2352	0x00021d59	0x00080104	3	0	0x00090104	True
2353	0x00021d66	0x0008010c	3	0	0x0009010c	True
2354	0x00021d85	0x00081044	3	0	0x00091044	True
2355	0x00021e3d	0x00081044	3	0	0x00091044	True
2356	0x00021e71	0x00081044	3	0	0x00091044	True
2357	0x00021fe5	0x00080104	3	0	0x00090104	True
2358	0x00022093	0x00080104	3	0	0x00090104	True
2359	0x00022131	0x00080104	3	0	0x00090104	True
2360	0x000222c2	0x00090044	3	0	0x000a0044	True
2361	0x000222ec	0x00090045	3	0	0x000a0045	True
2362	0x00022342	0x0008107a	3	0	0x0009107a	True
2363	0x00022377	0x0008107e	3	0	0x0009107e	True
2364	0x000223b6	0x00081044	3	0	0x00091044	True
2365	0x00022440	0x00070e28	3	0	0x00080e28	True
2366	0x000224c2	0x00070e28	3	0	0x00080e28	True
2367	0x0002250a	0x00080104	3	0	0x00090104	True
2368	0x000225d2	0x00070e28	3	0	0x00080e28	True
2369	0x000225f3	0x00070e30	3	0	0x00080e30	True
2370	0x00022634	0x00070e30	3	0	0x00080e30	True
2371	0x000226e7	0x00081044	3	0	0x00091044	True
2372	0x00022744	0x00090044	3	0	0x000a0044	True
2373	0x000227be	0x00090045	3	0	0x000a0045	True
2374	0x00022832	0x00090045	3	0	0x000a0045	True
2375	0x000229e7	0x00070e28	3	0	0x00080e28	True
2376	0x000229ef	0x00070e28	3	0	0x00080e28	True
2377	0x00022ab9	0x00081044	3	0	0x00091044	True
2378	0x00022b95	0x00070e30	3	0	0x00080e30	True
2379	0x00022c58	0x00081044	3	0	0x00091044	True
2380	0x00022c97	0x00090044	3	0	0x000a0044	True
2381	0x00022cff	0x00090044	3	0	0x000a0044	True
2382	0x00022d10	0x00081044	3	0	0x00091044	True
2383	0x00022d29	0x00090045	3	0	0x000a0045	True
2384	0x00022d84	0x00090045	3	0	0x000a0045	True
2385	0x00022f43	0x00090045	3	0	0x000a0045	True
2386	0x00022fa6	0x00090044	3	0	0x000a0044	True
2387	0x00022fe9	0x00070e28	3	0	0x00080e28	True
2388	0x00022ffa	0x00070e2c	3	0	0x00080e2c	True
2389	0x0002301f	0x00080114	3	0	0x00090114	True
2390	0x00023087	0x00070e28	3	0	0x00080e28	True
2391	0x0002308f	0x00070e28	3	0	0x00080e28	True
2392	0x00023143	0x00070e28	3	0	0x00080e28	True
2393	0x0002316b	0x00070e28	3	0	0x00080e28	True
2394	0x000231d1	0x00081044	3	0	0x00091044	True
2395	0x00023215	0x00070e2c	3	0	0x00080e2c	True
2396	0x0002321e	0x00070e2c	3	0	0x00080e2c	True
2397	0x000232b1	0x00081044	3	0	0x00091044	True
2398	0x0002331f	0x00070e28	3	0	0x00080e28	True
2399	0x00023356	0x00090045	3	0	0x000a0045	True
2400	0x0002335f	0x00080104	3	0	0x00090104	True
2401	0x0002337e	0x000800dc	3	0	0x000900dc	True
2402	0x000233f9	0x00070e2c	3	0	0x00080e2c	True
2403	0x00023432	0x00090045	3	0	0x000a0045	True
2404	0x0002343f	0x00080104	3	0	0x00090104	True
2405	0x0002345e	0x000800dc	3	0	0x000900dc	True
2406	0x000234fd	0x00070e28	3	0	0x00080e28	True
2407	0x00023502	0x00070e2c	3	0	0x00080e2c	True
2408	0x00023522	0x00090044	3	0	0x000a0044	True
2409	0x0002354a	0x00090045	3	0	0x000a0045	True
2410	0x000235ae	0x00090044	3	0	0x000a0044	True
2411	0x000235bf	0x00081044	3	0	0x00091044	True
2412	0x00023629	0x00070e28	3	0	0x00080e28	True
2413	0x00023721	0x00090045	3	0	0x000a0045	True
2414	0x000237ad	0x00090044	3	0	0x000a0044	True
2415	0x0002389e	0x00090044	3	0	0x000a0044	True
2416	0x000239ed	0x00090045	3	0	0x000a0045	True
2417	0x00023a30	0x00081082	3	0	0x00091082	True
2418	0x00023a7c	0x00081086	3	0	0x00091086	True
2419	0x00023b1e	0x00090044	3	0	0x000a0044	True
2420	0x00023b74	0x0008108c	3	0	0x0009108c	True
2421	0x00023b88	0x00070e14	3	0	0x00080e14	True
2422	0x00023b9f	0x0008014c	3	0	0x0009014c	True
2423	0x00023bbd	0x00070e18	3	0	0x00080e18	True
2424	0x00023bc4	0x00070e18	3	0	0x00080e18	True
2425	0x00023bd1	0x00070e1c	3	0	0x00080e1c	True
2426	0x00023bdf	0x00070e14	3	0	0x00080e14	True
2427	0x00023c02	0x00081044	3	0	0x00091044	True
2428	0x00023c1c	0x00090044	3	0	0x000a0044	True
2429	0x00023c51	0x00070e20	3	0	0x00080e20	True
2430	0x00023c77	0x00090044	3	0	0x000a0044	True
2431	0x00023c85	0x00070e20	3	0	0x00080e20	True
2432	0x00023c8a	0x00070e24	3	0	0x00080e24	True
2433	0x00023ce4	0x00070e24	3	0	0x00080e24	True
2434	0x00023cea	0x00070e20	3	0	0x00080e20	True
2435	0x00023cf0	0x00070e20	3	0	0x00080e20	True
2436	0x00023cfc	0x00070e24	3	0	0x00080e24	True
2437	0x00023d4a	0x00070e14	3	0	0x00080e14	True
2438	0x00023d52	0x00081090	3	0	0x00091090	True
2439	0x00023d60	0x00070e14	3	0	0x00080e14	True
2440	0x00023d67	0x00070e14	3	0	0x00080e14	True
2441	0x00023d6e	0x00070e14	3	0	0x00080e14	True
2442	0x00023d78	0x00070e24	3	0	0x00080e24	True
2443	0x00023d7d	0x00070e20	3	0	0x00080e20	True
2444	0x00023d8a	0x00070e20	3	0	0x00080e20	True
2445	0x00023d96	0x00070e24	3	0	0x00080e24	True
2446	0x00023e0c	0x00070e20	3	0	0x00080e20	True
2447	0x00023e11	0x00070e24	3	0	0x00080e24	True
2448	0x00023e16	0x00070e14	3	0	0x00080e14	True
2449	0x00023e1e	0x00081095	3	0	0x00091095	True
2450	0x00023e2c	0x00070e14	3	0	0x00080e14	True
2451	0x00023e33	0x00070e14	3	0	0x00080e14	True
2452	0x00023e3a	0x00070e14	3	0	0x00080e14	True
2453	0x00023e58	0x00070e20	3	0	0x00080e20	True
2454	0x00023e5d	0x00070e24	3	0	0x00080e24	True
2455	0x00023e7c	0x00070e20	3	0	0x00080e20	True
2456	0x00023e84	0x00070e24	3	0	0x00080e24	True
2457	0x00023e8e	0x00070e20	3	0	0x00080e20	True
2458	0x00023e93	0x00070e24	3	0	0x00080e24	True
2459	0x00023ea1	0x00090045	3	0	0x000a0045	True
2460	0x00023ec3	0x00070e20	3	0	0x00080e20	True
2461	0x00023ec8	0x00070e24	3	0	0x00080e24	True
2462	0x00023edc	0x00070e24	3	0	0x00080e24	True
2463	0x00023f00	0x00070e20	3	0	0x00080e20	True
2464	0x00023f0c	0x00070e24	3	0	0x00080e24	True
2465	0x00023f4b	0x0008109a	3	0	0x0009109a	True
2466	0x00023f69	0x00070e20	3	0	0x00080e20	True
2467	0x00023f73	0x00070e24	3	0	0x00080e24	True
2468	0x00023f79	0x00070e14	3	0	0x00080e14	True
2469	0x00023f83	0x0008109f	3	0	0x0009109f	True
2470	0x00023f91	0x00070e14	3	0	0x00080e14	True
2471	0x00023f98	0x00070e14	3	0	0x00080e14	True
2472	0x00023f9f	0x00070e14	3	0	0x00080e14	True
2473	0x00023fbe	0x00070e20	3	0	0x00080e20	True
2474	0x00023fca	0x00070e24	3	0	0x00080e24	True
2475	0x00023fe3	0x00070e20	3	0	0x00080e20	True
2476	0x00024077	0x00070e20	3	0	0x00080e20	True
2477	0x000240bf	0x00070e20	3	0	0x00080e20	True
2478	0x000240c7	0x00070e24	3	0	0x00080e24	True
2479	0x000240cc	0x00070e14	3	0	0x00080e14	True
2480	0x000240d6	0x000810a4	3	0	0x000910a4	True
2481	0x00024105	0x00090044	3	0	0x000a0044	True
2482	0x0002412b	0x00070e20	3	0	0x00080e20	True
2483	0x00024130	0x00070e24	3	0	0x00080e24	True
2484	0x0002414f	0x00070e20	3	0	0x00080e20	True
2485	0x00024157	0x00070e24	3	0	0x00080e24	True
2486	0x00024165	0x00070e20	3	0	0x00080e20	True
2487	0x0002416d	0x00070e24	3	0	0x00080e24	True
2488	0x00024190	0x00070e20	3	0	0x00080e20	True
2489	0x00024196	0x00070e24	3	0	0x00080e24	True
2490	0x000241b1	0x00070e20	3	0	0x00080e20	True
2491	0x000241be	0x00070e20	3	0	0x00080e20	True
2492	0x000241c7	0x00070e24	3	0	0x00080e24	True
2493	0x0002425e	0x00070e14	3	0	0x00080e14	True
2494	0x00024266	0x000810a9	3	0	0x000910a9	True
2495	0x00024274	0x00070e14	3	0	0x00080e14	True
2496	0x0002427b	0x00070e14	3	0	0x00080e14	True
2497	0x00024282	0x00070e14	3	0	0x00080e14	True
2498	0x000242a4	0x00070e20	3	0	0x00080e20	True
2499	0x000242ac	0x00070e24	3	0	0x00080e24	True
2500	0x0002447c	0x00081044	3	0	0x00091044	True
2501	0x00024507	0x00070e18	3	0	0x00080e18	True
2502	0x00024552	0x00084312	3	0	0x00094312	True
2503	0x00024574	0x00084312	3	0	0x00094312	True
2504	0x000245b2	0x00080140	3	0	0x00090140	True
2505	0x000245e6	0x00081044	3	0	0x00091044	True
2506	0x00024654	0x00070e1c	3	0	0x00080e1c	True
2507	0x000246bd	0x00090045	3	0	0x000a0045	True
2508	0x000246e2	0x00081044	3	0	0x00091044	True
2509	0x00024700	0x000810ae	3	0	0x000910ae	True
2510	0x0002472b	0x00090045	3	0	0x000a0045	True
2511	0x00024750	0x00081044	3	0	0x00091044	True
2512	0x0002477a	0x000810b2	3	0	0x000910b2	True
2513	0x000247a5	0x000810b9	3	0	0x000910b9	True
2514	0x000247c7	0x000247cc	3	0	0x000347cc	True
2515	0x000247cc	0x00024380	3	0	0x00034380	True
2516	0x000247d0	0x0002434c	3	0	0x0003434c	True
2517	0x000247d4	0x0002434c	3	0	0x0003434c	True
2518	0x000247d8	0x00024380	3	0	0x00034380	True
2519	0x000247dc	0x0002484f	3	0	0x0003484f	True
2520	0x000247e0	0x0002484f	3	0	0x0003484f	True
2521	0x000247e4	0x0002484f	3	0	0x0003484f	True
2522	0x000247e8	0x0002484f	3	0	0x0003484f	True
2523	0x000247ec	0x0002484f	3	0	0x0003484f	True
2524	0x000247f0	0x0002484f	3	0	0x0003484f	True
2525	0x000247f4	0x0002484f	3	0	0x0003484f	True
2526	0x000247f8	0x0002484f	3	0	0x0003484f	True
2527	0x000247fc	0x000245cc	3	0	0x000345cc	True
2528	0x00024800	0x0002484f	3	0	0x0003484f	True
2529	0x00024804	0x0002484f	3	0	0x0003484f	True
2530	0x00024808	0x0002484f	3	0	0x0003484f	True
2531	0x0002480c	0x0002484f	3	0	0x0003484f	True
2532	0x00024810	0x000242f0	3	0	0x000342f0	True
2533	0x0002491a	0x00081044	3	0	0x00091044	True
2534	0x00024928	0x00080104	3	0	0x00090104	True
2535	0x00024931	0x0008010c	3	0	0x0009010c	True
2536	0x00024952	0x00081044	3	0	0x00091044	True
2537	0x00024997	0x00081044	3	0	0x00091044	True
2538	0x00024a08	0x00081044	3	0	0x00091044	True
2539	0x00024a29	0x00081044	3	0	0x00091044	True
2540	0x00024a54	0x000810c0	3	0	0x000910c0	True
2541	0x00024a96	0x00081044	3	0	0x00091044	True
2542	0x00024abf	0x00070e14	3	0	0x00080e14	True
2543	0x00024ad2	0x000810c5	3	0	0x000910c5	True
2544	0x00024ae0	0x00070e14	3	0	0x00080e14	True
2545	0x00024ae7	0x00070e14	3	0	0x00080e14	True
2546	0x00024aee	0x00070e14	3	0	0x00080e14	True
2547	0x00024bee	0x000810ca	3	0	0x000910ca	True
2548	0x00024c4f	0x00070e14	3	0	0x00080e14	True
2549	0x00024c62	0x000810d2	3	0	0x000910d2	True
2550	0x00024c70	0x00070e14	3	0	0x00080e14	True
2551	0x00024c77	0x00070e14	3	0	0x00080e14	True
2552	0x00024c7e	0x00070e14	3	0	0x00080e14	True
2553	0x00024d5a	0x000810d7	3	0	0x000910d7	True
2554	0x00024e4d	0x00081070	3	0	0x00091070	True
2555	0x00024e5a	0x00081070	3	0	0x00091070	True
2556	0x00024edf	0x000810df	3	0	0x000910df	True
2557	0x00024f84	0x000810e7	3	0	0x000910e7	True
2558	0x00024fe9	0x000810ed	3	0	0x000910ed	True
2559	0x000250a8	0x00081044	3	0	0x00091044	True
2560	0x000250d4	0x000810f3	3	0	0x000910f3	True
2561	0x000251aa	0x00080104	3	0	0x00090104	True
2562	0x000251b3	0x0008010c	3	0	0x0009010c	True
2563	0x0002522e	0x00025234	3	0	0x00035234	True
2564	0x00025234	0x00025340	3	0	0x00035340	True
2565	0x00025238	0x00025058	3	0	0x00035058	True
2566	0x0002523c	0x00025340	3	0	0x00035340	True
2567	0x00025240	0x00025340	3	0	0x00035340	True
2568	0x00025244	0x00025340	3	0	0x00035340	True
2569	0x00025248	0x00025340	3	0	0x00035340	True
2570	0x0002524c	0x00025340	3	0	0x00035340	True
2571	0x00025250	0x00025340	3	0	0x00035340	True
2572	0x00025254	0x00025340	3	0	0x00035340	True
2573	0x00025258	0x00025340	3	0	0x00035340	True
2574	0x0002525c	0x00025340	3	0	0x00035340	True
2575	0x00025260	0x00025340	3	0	0x00035340	True
2576	0x00025264	0x00025340	3	0	0x00035340	True
2577	0x00025268	0x00025060	3	0	0x00035060	True
2578	0x0002526c	0x00025058	3	0	0x00035058	True
2579	0x00025270	0x0002501a	3	0	0x0003501a	True
2580	0x00025274	0x0002501a	3	0	0x0003501a	True
2581	0x00025278	0x0002501a	3	0	0x0003501a	True
2582	0x0002527c	0x00025340	3	0	0x00035340	True
2583	0x00025280	0x0002501a	3	0	0x0003501a	True
2584	0x00025284	0x0002501a	3	0	0x0003501a	True
2585	0x00025288	0x0002501a	3	0	0x0003501a	True
2586	0x0002528c	0x0002501a	3	0	0x0003501a	True
2587	0x00025290	0x0002501a	3	0	0x0003501a	True
2588	0x00025294	0x00025340	3	0	0x00035340	True
2589	0x00025298	0x00025340	3	0	0x00035340	True
2590	0x0002529c	0x00025340	3	0	0x00035340	True
2591	0x000252a0	0x00025340	3	0	0x00035340	True
2592	0x000252a4	0x00025340	3	0	0x00035340	True
2593	0x000252a8	0x00025340	3	0	0x00035340	True
2594	0x000252ac	0x00025340	3	0	0x00035340	True
2595	0x000252b0	0x00025340	3	0	0x00035340	True
2596	0x000252b4	0x00025340	3	0	0x00035340	True
2597	0x000252b8	0x00025340	3	0	0x00035340	True
2598	0x000252bc	0x00025340	3	0	0x00035340	True
2599	0x000252c0	0x00025340	3	0	0x00035340	True
2600	0x000252c4	0x00025340	3	0	0x00035340	True
2601	0x000252c8	0x00025340	3	0	0x00035340	True
2602	0x000252cc	0x00025340	3	0	0x00035340	True
2603	0x000252d0	0x00025340	3	0	0x00035340	True
2604	0x000252d4	0x00025340	3	0	0x00035340	True
2605	0x000252d8	0x00025340	3	0	0x00035340	True
2606	0x000252dc	0x00025340	3	0	0x00035340	True
2607	0x000252e0	0x00025340	3	0	0x00035340	True
2608	0x000252e4	0x00025340	3	0	0x00035340	True
2609	0x000252e8	0x00025340	3	0	0x00035340	True
2610	0x000252ec	0x00024e98	3	0	0x00034e98	True
2611	0x000252f0	0x00025340	3	0	0x00035340	True
2612	0x000252f4	0x00024ffc	3	0	0x00034ffc	True
2613	0x0002538f	0x000810fe	3	0	0x000910fe	True
2614	0x000253c8	0x00081105	3	0	0x00091105	True
2615	0x000253f0	0x00070e10	3	0	0x00080e10	True
2616	0x00025414	0x00090044	3	0	0x000a0044	True
2617	0x00025427	0x00070dfc	3	0	0x00080dfc	True
2618	0x0002543d	0x00070e00	3	0	0x00080e00	True
2619	0x0002544e	0x00070e08	3	0	0x00080e08	True
2620	0x0002545a	0x00070e04	3	0	0x00080e04	True
2621	0x00025462	0x00070e0c	3	0	0x00080e0c	True
2622	0x0002547f	0x00070dfc	3	0	0x00080dfc	True
2623	0x00025495	0x00070e00	3	0	0x00080e00	True
2624	0x000254a8	0x00070e04	3	0	0x00080e04	True
2625	0x000254b0	0x00070e0c	3	0	0x00080e0c	True
2626	0x000254ba	0x00070e08	3	0	0x00080e08	True
2627	0x000254cd	0x00090044	3	0	0x000a0044	True
2628	0x000254fb	0x00090044	3	0	0x000a0044	True
2629	0x0002552c	0x00090044	3	0	0x000a0044	True
2630	0x0002554f	0x00090045	3	0	0x000a0045	True
2631	0x0002558c	0x00070dfc	3	0	0x00080dfc	True
2632	0x000255c8	0x00070dfc	3	0	0x00080dfc	True
2633	0x00025634	0x00070dfc	3	0	0x00080dfc	True
2634	0x0002568e	0x00070e10	3	0	0x00080e10	True
2635	0x0002569c	0x00070e10	3	0	0x00080e10	True
2636	0x000256a4	0x00070e00	3	0	0x00080e00	True
2637	0x000256ab	0x00070e0c	3	0	0x00080e0c	True
2638	0x000256c4	0x00070e04	3	0	0x00080e04	True
2639	0x00025703	0x00070e0c	3	0	0x00080e0c	True
2640	0x00025731	0x0008110a	3	0	0x0009110a	True
2641	0x00025753	0x00070e08	3	0	0x00080e08	True
2642	0x0002575b	0x00070e04	3	0	0x00080e04	True
2643	0x0002576c	0x00070e04	3	0	0x00080e04	True
2644	0x00025772	0x00070e04	3	0	0x00080e04	True
2645	0x00025780	0x00070e04	3	0	0x00080e04	True
2646	0x0002578d	0x00070e04	3	0	0x00080e04	True
2647	0x0002579e	0x00070e04	3	0	0x00080e04	True
2648	0x000257a4	0x00070e04	3	0	0x00080e04	True
2649	0x000257b2	0x00070e04	3	0	0x00080e04	True
2650	0x000257e7	0x000257ec	3	0	0x000357ec	True
2651	0x000257ec	0x00025698	3	0	0x00035698	True
2652	0x000257f0	0x0002568c	3	0	0x0003568c	True
2653	0x000257f4	0x0002581c	3	0	0x0003581c	True
2654	0x000257f8	0x0002581c	3	0	0x0003581c	True
2655	0x000257fc	0x0002581c	3	0	0x0003581c	True
2656	0x00025800	0x0002581c	3	0	0x0003581c	True
2657	0x00025804	0x0002581c	3	0	0x0003581c	True
2658	0x00025808	0x00025624	3	0	0x00035624	True
2659	0x0002580c	0x00025624	3	0	0x00035624	True
2660	0x00025810	0x00025698	3	0	0x00035698	True
2661	0x00025814	0x00025698	3	0	0x00035698	True
2662	0x00025818	0x000255b8	3	0	0x000355b8	True
2663	0x000258b0	0x00070e28	3	0	0x00080e28	True
2664	0x00025915	0x00070e2c	3	0	0x00080e2c	True
2665	0x000259e5	0x0008110e	3	0	0x0009110e	True
2666	0x00025a90	0x00081044	3	0	0x00091044	True
2667	0x00025b4b	0x00090045	3	0	0x000a0045	True
2668	0x00025c2e	0x00081044	3	0	0x00091044	True
2669	0x00025c47	0x00090044	3	0	0x000a0044	True
2670	0x00025c71	0x00090045	3	0	0x000a0045	True
2671	0x00025d3e	0x00070da0	3	0	0x00080da0	True
2672	0x00025dc2	0x00070da0	3	0	0x00080da0	True
2673	0x00025e0c	0x00090045	3	0	0x000a0045	True
2674	0x00025e7c	0x00070e28	3	0	0x00080e28	True
2675	0x00025e9f	0x00090045	3	0	0x000a0045	True
2676	0x00025eeb	0x00070e28	3	0	0x00080e28	True
2677	0x00025f11	0x00070e2c	3	0	0x00080e2c	True
2678	0x00025f35	0x00070e28	3	0	0x00080e28	True
2679	0x00025f3a	0x00070e2c	3	0	0x00080e2c	True
2680	0x00025fe2	0x00081064	3	0	0x00091064	True
2681	0x00025fea	0x00081064	3	0	0x00091064	True
2682	0x00025ff5	0x00081064	3	0	0x00091064	True
2683	0x00025ffb	0x0008104c	3	0	0x0009104c	True
2684	0x00026015	0x00081048	3	0	0x00091048	True
2685	0x0002601a	0x00081114	3	0	0x00091114	True
2686	0x0002603a	0x00081068	3	0	0x00091068	True
2687	0x00026042	0x00081050	3	0	0x00091050	True
2688	0x00026048	0x00081060	3	0	0x00091060	True
2689	0x0002605f	0x00081050	3	0	0x00091050	True
2690	0x00026073	0x00081068	3	0	0x00091068	True
2691	0x00026081	0x00081044	3	0	0x00091044	True
2692	0x0002608e	0x00081068	3	0	0x00091068	True
2693	0x00026099	0x00081068	3	0	0x00091068	True
2694	0x0002609f	0x00081054	3	0	0x00091054	True
2695	0x000260a4	0x0008112c	3	0	0x0009112c	True
2696	0x000260c4	0x00070e28	3	0	0x00080e28	True
2697	0x000260ce	0x00070e28	3	0	0x00080e28	True
2698	0x00026118	0x00081064	3	0	0x00091064	True
2699	0x00026120	0x00081064	3	0	0x00091064	True
2700	0x00026126	0x0008104c	3	0	0x0009104c	True
2701	0x00026133	0x00081068	3	0	0x00091068	True
2702	0x00026158	0x00081044	3	0	0x00091044	True
2703	0x0002616d	0x00081068	3	0	0x00091068	True
2704	0x00026175	0x00081068	3	0	0x00091068	True
2705	0x0002617b	0x00081054	3	0	0x00091054	True
2706	0x0002618c	0x0008106c	3	0	0x0009106c	True
2707	0x00026194	0x0008106c	3	0	0x0009106c	True
2708	0x0002619e	0x0008106c	3	0	0x0009106c	True
2709	0x000261ad	0x0008105c	3	0	0x0009105c	True
2710	0x000261c6	0x00081058	3	0	0x00091058	True
2711	0x000261e5	0x0008106c	3	0	0x0009106c	True
2712	0x00026207	0x00081044	3	0	0x00091044	True
2713	0x0002620c	0x00081140	3	0	0x00091140	True
2714	0x00026221	0x0008106c	3	0	0x0009106c	True
2715	0x00026228	0x0008106c	3	0	0x0009106c	True
2716	0x0002622e	0x0008105c	3	0	0x0009105c	True
2717	0x0002629d	0x00026358	3	0	0x00036358	True
2718	0x000262ea	0x00080170	3	0	0x00090170	True
2719	0x00026303	0x00081163	3	0	0x00091163	True
2720	0x0002636b	0x00090044	3	0	0x000a0044	True
2721	0x0002638f	0x00090045	3	0	0x000a0045	True
2722	0x000263ae	0x00090045	3	0	0x000a0045	True
2723	0x00026413	0x00070da0	3	0	0x00080da0	True
2724	0x00026430	0x00081044	3	0	0x00091044	True
2725	0x00026449	0x00070da0	3	0	0x00080da0	True
2726	0x00026458	0x00070da0	3	0	0x00080da0	True
2727	0x00026497	0x00070da0	3	0	0x00080da0	True
2728	0x000264ac	0x00070da0	3	0	0x00080da0	True
2729	0x000264cd	0x00081044	3	0	0x00091044	True
2730	0x000264e2	0x00070da0	3	0	0x00080da0	True
2731	0x0002650b	0x00081044	3	0	0x00091044	True
2732	0x00026525	0x0008108c	3	0	0x0009108c	True
2733	0x0002656d	0x0008108c	3	0	0x0009108c	True
2734	0x00026575	0x0008108c	3	0	0x0009108c	True
2735	0x000265ae	0x00070e1c	3	0	0x00080e1c	True
2736	0x000265e7	0x00081044	3	0	0x00091044	True
2737	0x0002662e	0x00081044	3	0	0x00091044	True
2738	0x00026633	0x0008116a	3	0	0x0009116a	True
2739	0x00026649	0x00081070	3	0	0x00091070	True
2740	0x000266f1	0x00081186	3	0	0x00091186	True
2741	0x00026702	0x00070dc0	3	0	0x00080dc0	True
2742	0x0002670a	0x00070dc0	3	0	0x00080dc0	True
2743	0x00026715	0x00070dc0	3	0	0x00080dc0	True
2744	0x00026722	0x00070dc0	3	0	0x00080dc0	True
2745	0x00026736	0x00070dbc	3	0	0x00080dbc	True
2746	0x00026791	0x00070dbc	3	0	0x00080dbc	True
2747	0x000267b2	0x00070dc0	3	0	0x00080dc0	True
2748	0x000267be	0x00070dc0	3	0	0x00080dc0	True
2749	0x000267cf	0x00070dc0	3	0	0x00080dc0	True
2750	0x000267eb	0x00070dc0	3	0	0x00080dc0	True
2751	0x000267f3	0x00070dc0	3	0	0x00080dc0	True
2752	0x00026804	0x00070dc0	3	0	0x00080dc0	True
2753	0x00026812	0x00070dbc	3	0	0x00080dbc	True
2754	0x0002682c	0x00070dbc	3	0	0x00080dbc	True
2755	0x0002685d	0x0008118a	3	0	0x0009118a	True
2756	0x0002687e	0x00081194	3	0	0x00091194	True
2757	0x000268b3	0x000811b4	3	0	0x000911b4	True
2758	0x000268bd	0x00081199	3	0	0x00091199	True
2759	0x000268e2	0x00090040	3	0	0x000a0040	True
2760	0x000268eb	0x0008119e	3	0	0x0009119e	True
2761	0x00026901	0x000811ad	3	0	0x000911ad	True
2762	0x00026923	0x000811b4	3	0	0x000911b4	True
2763	0x00026934	0x000811b4	3	0	0x000911b4	True
2764	0x00026943	0x000811b4	3	0	0x000911b4	True
2765	0x00026951	0x000811b4	3	0	0x000911b4	True
2766	0x00026960	0x000833b8	3	0	0x000933b8	True
2767	0x00026971	0x000811b8	3	0	0x000911b8	True
2768	0x0002697e	0x000811b4	3	0	0x000911b4	True
2769	0x00026989	0x000811ba	3	0	0x000911ba	True
2770	0x000269bd	0x000811bf	3	0	0x000911bf	True
2771	0x000269cb	0x000811c0	3	0	0x000911c0	True
2772	0x000269d5	0x000811c3	3	0	0x000911c3	True
2773	0x000269e3	0x000811c4	3	0	0x000911c4	True
2774	0x000269ed	0x000811c7	3	0	0x000911c7	True
2775	0x000269fe	0x00090040	3	0	0x000a0040	True
2776	0x00026a07	0x000811c8	3	0	0x000911c8	True
2777	0x00026a32	0x000811db	3	0	0x000911db	True
2778	0x00026a49	0x000811e3	3	0	0x000911e3	True
2779	0x00026a56	0x0008105c	3	0	0x0009105c	True
2780	0x00026a5c	0x00081058	3	0	0x00091058	True
2781	0x00026a62	0x0008104c	3	0	0x0009104c	True
2782	0x00026a68	0x00081048	3	0	0x00091048	True
2783	0x00026a6e	0x00081054	3	0	0x00091054	True
2784	0x00026a74	0x00081050	3	0	0x00091050	True
2785	0x00026a79	0x000811e5	3	0	0x000911e5	True
2786	0x00081044	0x00080ff0	3	0	0x00090ff0	True
2787	0x00026a9e	0x00070884	3	0	0x00080884	True
2788	0x00026aa3	0x00070858	3	0	0x00080858	True
2789	0x00026ab1	0x0008014c	3	0	0x0009014c	True
2790	0x00026abc	0x00070ed8	3	0	0x00080ed8	True
2791	0x00026aca	0x00070ed4	3	0	0x00080ed4	True
2792	0x00026ade	0x00070884	3	0	0x00080884	True
2793	0x00026b09	0x00070d8c	3	0	0x00080d8c	True
2794	0x00026b94	0x00070d8c	3	0	0x00080d8c	True
2795	0x00026b9a	0x00070d8c	3	0	0x00080d8c	True
2796	0x00026ba3	0x000a0010	3	0	0x000b0010	True
2797	0x00026bae	0x00081240	3	0	0x00091240	True
2798	0x00026bc7	0x0007088c	3	0	0x0008088c	True
2799	0x00026be8	0x0007088c	3	0	0x0008088c	True
2800	0x00026bfa	0x0007088c	3	0	0x0008088c	True
2801	0x00026c13	0x0007088c	3	0	0x0008088c	True
2802	0x00026c2c	0x0007088c	3	0	0x0008088c	True
2803	0x00026c83	0x00070e4c	3	0	0x00080e4c	True
2804	0x00026cba	0x00070e4c	3	0	0x00080e4c	True
2805	0x00026cc4	0x00070e4c	3	0	0x00080e4c	True
2806	0x00026ce8	0x00081258	3	0	0x00091258	True
2807	0x00026d01	0x00081258	3	0	0x00091258	True
2808	0x00026d4a	0x0008125c	3	0	0x0009125c	True
2809	0x00026d71	0x0008125c	3	0	0x0009125c	True
2810	0x00026d7c	0x0008125c	3	0	0x0009125c	True
2811	0x00026d85	0x0008125c	3	0	0x0009125c	True
2812	0x00026dcd	0x0008125c	3	0	0x0009125c	True
2813	0x00026dea	0x00081258	3	0	0x00091258	True
2814	0x00026e37	0x00070e4c	3	0	0x00080e4c	True
2815	0x00026e6e	0x00081258	3	0	0x00091258	True
2816	0x00026eb3	0x00081258	3	0	0x00091258	True
2817	0x00026ef3	0x00081260	3	0	0x00091260	True
2818	0x00026f1f	0x00070e4c	3	0	0x00080e4c	True
2819	0x00026f51	0x000812c0	3	0	0x000912c0	True
2820	0x00026f5f	0x00081258	3	0	0x00091258	True
2821	0x0002703f	0x00070ed4	3	0	0x00080ed4	True
2822	0x0002705c	0x000812c0	3	0	0x000912c0	True
2823	0x0002709a	0x00081258	3	0	0x00091258	True
2824	0x000270d2	0x00070858	3	0	0x00080858	True
2825	0x000270dd	0x00070858	3	0	0x00080858	True
2826	0x00027104	0x0008129d	3	0	0x0009129d	True
2827	0x00027115	0x00070ed4	3	0	0x00080ed4	True
2828	0x00027122	0x00070858	3	0	0x00080858	True
2829	0x00027145	0x000812a3	3	0	0x000912a3	True
2830	0x00027156	0x00070ed4	3	0	0x00080ed4	True
2831	0x000271b9	0x000812a9	3	0	0x000912a9	True
2832	0x000271ca	0x00070ed4	3	0	0x00080ed4	True
2833	0x000271e2	0x000812c0	3	0	0x000912c0	True
2834	0x00027206	0x000812c0	3	0	0x000912c0	True
2835	0x00027229	0x000812af	3	0	0x000912af	True
2836	0x0002723a	0x00070ed4	3	0	0x00080ed4	True
2837	0x0002728e	0x00070884	3	0	0x00080884	True
2838	0x000272a3	0x000812b5	3	0	0x000912b5	True
2839	0x000272b3	0x00070884	3	0	0x00080884	True
2840	0x000272c3	0x000812ba	3	0	0x000912ba	True
2841	0x000272d4	0x00070ed4	3	0	0x00080ed4	True
2842	0x0002734e	0x000812c0	3	0	0x000912c0	True
2843	0x0002735c	0x00081258	3	0	0x00091258	True
2844	0x00027408	0x0008125c	3	0	0x0009125c	True
2845	0x00027416	0x00081258	3	0	0x00091258	True
2846	0x00027423	0x0008125c	3	0	0x0009125c	True
2847	0x00027488	0x0008125c	3	0	0x0009125c	True
2848	0x000274e2	0x00081258	3	0	0x00091258	True
2849	0x0002751f	0x000812c4	3	0	0x000912c4	True
2850	0x00027530	0x000812c4	3	0	0x000912c4	True
2851	0x00027537	0x000812c4	3	0	0x000912c4	True
2852	0x00027548	0x000812c4	3	0	0x000912c4	True
2853	0x00027555	0x000812c4	3	0	0x000912c4	True
2854	0x0002755f	0x000812c4	3	0	0x000912c4	True
2855	0x000276f9	0x00070858	3	0	0x00080858	True
2856	0x00027714	0x00070858	3	0	0x00080858	True
2857	0x000277bf	0x00081258	3	0	0x00091258	True
2858	0x000277d8	0x00081258	3	0	0x00091258	True
2859	0x00027827	0x00081258	3	0	0x00091258	True
2860	0x00027840	0x00081258	3	0	0x00091258	True
2861	0x000278f0	0x00081258	3	0	0x00091258	True
2862	0x00027967	0x00081258	3	0	0x00091258	True
2863	0x000279c7	0x00081258	3	0	0x00091258	True
2864	0x00027a34	0x00081258	3	0	0x00091258	True
2865	0x00027a63	0x00081258	3	0	0x00091258	True
2866	0x00027ab1	0x00081258	3	0	0x00091258	True
2867	0x00027af3	0x00081258	3	0	0x00091258	True
2868	0x00027b70	0x00070e3c	3	0	0x00080e3c	True
2869	0x00027b88	0x00070884	3	0	0x00080884	True
2870	0x00027bd7	0x00070884	3	0	0x00080884	True
2871	0x00027be5	0x00081258	3	0	0x00091258	True
2872	0x00027bf2	0x00070884	3	0	0x00080884	True
2873	0x00027c13	0x00070884	3	0	0x00080884	True
2874	0x00027c1f	0x00070884	3	0	0x00080884	True
2875	0x00027c3c	0x00070884	3	0	0x00080884	True
2876	0x00027c44	0x00070884	3	0	0x00080884	True
2877	0x00027c4c	0x00070884	3	0	0x00080884	True
2878	0x00027ca3	0x00070e3c	3	0	0x00080e3c	True
2879	0x00027cb8	0x00070e3c	3	0	0x00080e3c	True
2880	0x00027ce0	0x00070e3c	3	0	0x00080e3c	True
2881	0x00027d3e	0x00070884	3	0	0x00080884	True
2882	0x00027e30	0x00081258	3	0	0x00091258	True
2883	0x00027eca	0x000812c8	3	0	0x000912c8	True
2884	0x0002807c	0x00081258	3	0	0x00091258	True
2885	0x00028089	0x00070884	3	0	0x00080884	True
2886	0x00028092	0x00070d8c	3	0	0x00080d8c	True
2887	0x000280a0	0x000812d0	3	0	0x000912d0	True
2888	0x000280b9	0x000812d0	3	0	0x000912d0	True
2889	0x000280cd	0x00070884	3	0	0x00080884	True
2890	0x000280f2	0x000812d0	3	0	0x000912d0	True
2891	0x000280fd	0x000812d0	3	0	0x000912d0	True
2892	0x00028118	0x000812d0	3	0	0x000912d0	True
2893	0x00028132	0x000812d0	3	0	0x000912d0	True
2894	0x0002813f	0x000812d0	3	0	0x000912d0	True
2895	0x00028228	0x00081258	3	0	0x00091258	True
2896	0x00028271	0x00070ddc	3	0	0x00080ddc	True
2897	0x00028350	0x00070ddc	3	0	0x00080ddc	True
2898	0x0002835d	0x0008014c	3	0	0x0009014c	True
2899	0x00028372	0x0008014c	3	0	0x0009014c	True
2900	0x00028668	0x00081258	3	0	0x00091258	True
2901	0x00028824	0x00070884	3	0	0x00080884	True
2902	0x000288ab	0x00081258	3	0	0x00091258	True
2903	0x000288db	0x00081258	3	0	0x00091258	True
2904	0x00028913	0x00081258	3	0	0x00091258	True
2905	0x00028943	0x00081258	3	0	0x00091258	True
2906	0x00028978	0x00081258	3	0	0x00091258	True
2907	0x000289aa	0x00070d8c	3	0	0x00080d8c	True
2908	0x000289d6	0x00070d8c	3	0	0x00080d8c	True
2909	0x00028a02	0x00070d8c	3	0	0x00080d8c	True
2910	0x00028ac4	0x0007088c	3	0	0x0008088c	True
2911	0x00028c01	0x000812d4	3	0	0x000912d4	True
2912	0x00028c28	0x00081258	3	0	0x00091258	True
2913	0x00028d11	0x0007088c	3	0	0x0008088c	True
2914	0x00028d1b	0x0007088c	3	0	0x0008088c	True
2915	0x00028d29	0x00070d8c	3	0	0x00080d8c	True
2916	0x00028d2f	0x00070e44	3	0	0x00080e44	True
2917	0x00028d3b	0x00070e44	3	0	0x00080e44	True
2918	0x00028d49	0x00070e48	3	0	0x00080e48	True
2919	0x00028d55	0x00070e40	3	0	0x00080e40	True
2920	0x00028d60	0x00070e48	3	0	0x00080e48	True
2921	0x00028d78	0x00070e44	3	0	0x00080e44	True
2922	0x00028d96	0x00070e44	3	0	0x00080e44	True
2923	0x00028da6	0x00070e40	3	0	0x00080e40	True
2924	0x00028dbe	0x00070e40	3	0	0x00080e40	True
2925	0x00028dce	0x00070e48	3	0	0x00080e48	True
2926	0x00028dd7	0x00070e48	3	0	0x00080e48	True
2927	0x00028de6	0x00070e48	3	0	0x00080e48	True
2928	0x00028e73	0x00070ed0	3	0	0x00080ed0	True
2929	0x00028e82	0x00070ed0	3	0	0x00080ed0	True
2930	0x00028e8d	0x00070ed0	3	0	0x00080ed0	True
2931	0x00028ea7	0x00070ed0	3	0	0x00080ed0	True
2932	0x00028eb7	0x00070ed0	3	0	0x00080ed0	True
2933	0x00028eca	0x00070ed0	3	0	0x00080ed0	True
2934	0x00028f4f	0x00081258	3	0	0x00091258	True
2935	0x0002905f	0x00081258	3	0	0x00091258	True
2936	0x0002910e	0x00081258	3	0	0x00091258	True
2937	0x000291b1	0x00070d8c	3	0	0x00080d8c	True
2938	0x000291b8	0x00070d8c	3	0	0x00080d8c	True
2939	0x000291e5	0x00081258	3	0	0x00091258	True
2940	0x00029206	0x00081258	3	0	0x00091258	True
2941	0x00029224	0x00081258	3	0	0x00091258	True
2942	0x00029269	0x0008012c	3	0	0x0009012c	True
2943	0x00029272	0x00080110	3	0	0x00090110	True
2944	0x000292a6	0x00081258	3	0	0x00091258	True
2945	0x00029429	0x000812dc	3	0	0x000912dc	True
2946	0x00029542	0x00081258	3	0	0x00091258	True
2947	0x00029575	0x000812e4	3	0	0x000912e4	True
2948	0x000295fa	0x00081258	3	0	0x00091258	True
2949	0x000296c9	0x000812f4	3	0	0x000912f4	True
2950	0x00029755	0x000812ec	3	0	0x000912ec	True
2951	0x0002984b	0x000800f0	3	0	0x000900f0	True
2952	0x00029867	0x000812fc	3	0	0x000912fc	True
2953	0x0002987d	0x00081301	3	0	0x00091301	True
2954	0x000298a3	0x00070884	3	0	0x00080884	True
2955	0x000298bd	0x0008130e	3	0	0x0009130e	True
2956	0x000298d0	0x000800f0	3	0	0x000900f0	True
2957	0x000298ed	0x00070884	3	0	0x00080884	True
2958	0x000298f5	0x00081313	3	0	0x00091313	True
2959	0x00029921	0x00070884	3	0	0x00080884	True
2960	0x0002992e	0x00070884	3	0	0x00080884	True
2961	0x00029952	0x00070884	3	0	0x00080884	True
2962	0x00029957	0x00081305	3	0	0x00091305	True
2963	0x00029964	0x00070884	3	0	0x00080884	True
2964	0x00029998	0x00081318	3	0	0x00091318	True
2965	0x000299b8	0x0008132a	3	0	0x0009132a	True
2966	0x000299dd	0x00081332	3	0	0x00091332	True
2967	0x000299fc	0x00081335	3	0	0x00091335	True
2968	0x00029a05	0x00081339	3	0	0x00091339	True
2969	0x00029a1a	0x0008133a	3	0	0x0009133a	True
2970	0x00029a31	0x0008135e	3	0	0x0009135e	True
2971	0x00029a53	0x00081361	3	0	0x00091361	True
2972	0x00029a7d	0x00081375	3	0	0x00091375	True
2973	0x00029a9f	0x00081378	3	0	0x00091378	True
2974	0x00029ad9	0x0008138c	3	0	0x0009138c	True
2975	0x00029b06	0x00070e44	3	0	0x00080e44	True
2976	0x00029b23	0x000813a0	3	0	0x000913a0	True
2977	0x00029b3e	0x00070ed8	3	0	0x00080ed8	True
2978	0x00029b46	0x00070ed8	3	0	0x00080ed8	True
2979	0x00029b50	0x000813b4	3	0	0x000913b4	True
2980	0x00029b59	0x00070ed8	3	0	0x00080ed8	True
2981	0x00029b7c	0x00070ed8	3	0	0x00080ed8	True
2982	0x00029b83	0x00070ed8	3	0	0x00080ed8	True
2983	0x00029c0b	0x00070e4c	3	0	0x00080e4c	True
2984	0x00081258	0x00081230	3	0	0x00091230	True
2985	0x00029c3e	0x00081404	3	0	0x00091404	True
2986	0x00029c47	0x00080ba8	3	0	0x00090ba8	True
2987	0x00029c51	0x00080170	3	0	0x00090170	True
2988	0x00029c5a	0x000813f0	3	0	0x000913f0	True
2989	0x00029c86	0x00080170	3	0	0x00090170	True
2990	0x00029c90	0x00080140	3	0	0x00090140	True
2991	0x00029ca2	0x00080170	3	0	0x00090170	True
2992	0x00029cac	0x00080140	3	0	0x00090140	True
2993	0x00029cbe	0x00080140	3	0	0x00090140	True
2994	0x00029ccd	0x000813ec	3	0	0x000913ec	True
2995	0x00029cdb	0x00080170	3	0	0x00090170	True
2996	0x00029cea	0x000813f4	3	0	0x000913f4	True
2997	0x00029cf4	0x00080170	3	0	0x00090170	True
2998	0x00029d03	0x000813ec	3	0	0x000913ec	True
2999	0x00029d16	0x00080ba8	3	0	0x00090ba8	True
3000	0x00029d26	0x00080ba8	3	0	0x00090ba8	True
3001	0x00029d30	0x00080bb0	3	0	0x00090bb0	True
3002	0x00029d42	0x00080ba8	3	0	0x00090ba8	True
3003	0x00029d4c	0x00080bb4	3	0	0x00090bb4	True
3004	0x00029d6c	0x00081558	3	0	0x00091558	True
3005	0x00029d71	0x00081558	3	0	0x00091558	True
3006	0x00029d7f	0x0008155c	3	0	0x0009155c	True
3007	0x00029d97	0x00081558	3	0	0x00091558	True
3008	0x00029da0	0x00081558	3	0	0x00091558	True
3009	0x00029dae	0x00081560	3	0	0x00091560	True
3010	0x00029db5	0x0008155c	3	0	0x0009155c	True
3011	0x00029dc3	0x000813ec	3	0	0x000913ec	True
3012	0x00029dd2	0x0008155c	3	0	0x0009155c	True
3013	0x00029ddc	0x00081560	3	0	0x00091560	True
3014	0x00029dea	0x0008155c	3	0	0x0009155c	True
3015	0x00029df3	0x00081560	3	0	0x00091560	True
3016	0x00029dff	0x0008dd20	3	0	0x0009dd20	True
3017	0x00029e0e	0x0008dd40	3	0	0x0009dd40	True
3018	0x00029e39	0x000813d2	3	0	0x000913d2	True
3019	0x00029e58	0x00029e5c	3	0	0x00039e5c	True
3020	0x00029e5c	0x00029e1c	3	0	0x00039e1c	True
3021	0x00029e60	0x00029e1c	3	0	0x00039e1c	True
3022	0x00029e64	0x00029e1c	3	0	0x00039e1c	True
3023	0x00029e68	0x00029e1c	3	0	0x00039e1c	True
3024	0x00029e6c	0x00029e1c	3	0	0x00039e1c	True
3025	0x00029e70	0x00029e1c	3	0	0x00039e1c	True
3026	0x00029e74	0x00029e1c	3	0	0x00039e1c	True
3027	0x00029e78	0x00029e1c	3	0	0x00039e1c	True
3028	0x00029e7c	0x00029e1c	3	0	0x00039e1c	True
3029	0x00029e80	0x00029e1c	3	0	0x00039e1c	True
3030	0x00029e84	0x00029e30	3	0	0x00039e30	True
3031	0x00029e88	0x00029e30	3	0	0x00039e30	True
3032	0x00029e8c	0x00029e30	3	0	0x00039e30	True
3033	0x00029e90	0x00029e30	3	0	0x00039e30	True
3034	0x00029e94	0x00029e30	3	0	0x00039e30	True
3035	0x00029e98	0x00029e30	3	0	0x00039e30	True
3036	0x00029e9c	0x00029e30	3	0	0x00039e30	True
3037	0x00029ea0	0x00029e30	3	0	0x00039e30	True
3038	0x00029ea4	0x00029e30	3	0	0x00039e30	True
3039	0x00029ea8	0x00029e30	3	0	0x00039e30	True
3040	0x00029eac	0x00029dfc	3	0	0x00039dfc	True
3041	0x00029eb0	0x00029e30	3	0	0x00039e30	True
3042	0x00029eb4	0x00029d5c	3	0	0x00039d5c	True
3043	0x00029eb8	0x00029e30	3	0	0x00039e30	True
3044	0x00029ebc	0x00029ce8	3	0	0x00039ce8	True
3045	0x00029ec0	0x00029e30	3	0	0x00039e30	True
3046	0x00029ec4	0x00029e30	3	0	0x00039e30	True
3047	0x00029ec8	0x00029e30	3	0	0x00039e30	True
3048	0x00029ecc	0x00029ca0	3	0	0x00039ca0	True
3049	0x00029ed0	0x00029cbc	3	0	0x00039cbc	True
3050	0x00029ed4	0x00029e30	3	0	0x00039e30	True
3051	0x00029ed8	0x00029e30	3	0	0x00039e30	True
3052	0x00029edc	0x00029e30	3	0	0x00039e30	True
3053	0x00029ee0	0x00029e30	3	0	0x00039e30	True
3054	0x00029ee4	0x00029e30	3	0	0x00039e30	True
3055	0x00029ee8	0x00029c84	3	0	0x00039c84	True
3056	0x00029eec	0x00029e30	3	0	0x00039e30	True
3057	0x00029ef0	0x00029e30	3	0	0x00039e30	True
3058	0x00029ef4	0x00029e30	3	0	0x00039e30	True
3059	0x00029ef8	0x00029e30	3	0	0x00039e30	True
3060	0x00029efc	0x00029e30	3	0	0x00039e30	True
3061	0x00029f00	0x00029e30	3	0	0x00039e30	True
3062	0x00029f04	0x00029e30	3	0	0x00039e30	True
3063	0x00029f08	0x00029e30	3	0	0x00039e30	True
3064	0x00029f0c	0x00029e30	3	0	0x00039e30	True
3065	0x00029f10	0x00029e30	3	0	0x00039e30	True
3066	0x00029f14	0x00029e30	3	0	0x00039e30	True
3067	0x00029f18	0x00029e30	3	0	0x00039e30	True
3068	0x00029f1c	0x00029e30	3	0	0x00039e30	True
3069	0x00029f20	0x00029f7c	3	0	0x00039f7c	True
3070	0x00029f24	0x00029e30	3	0	0x00039e30	True
3071	0x00029f28	0x00029e30	3	0	0x00039e30	True
3072	0x00029f2c	0x00029d14	3	0	0x00039d14	True
3073	0x00029f30	0x00029e30	3	0	0x00039e30	True
3074	0x00029f34	0x00029cf2	3	0	0x00039cf2	True
3075	0x00029f38	0x00029e30	3	0	0x00039e30	True
3076	0x00029f3c	0x00029ce8	3	0	0x00039ce8	True
3077	0x00029f40	0x00029e30	3	0	0x00039e30	True
3078	0x00029f44	0x00029e30	3	0	0x00039e30	True
3079	0x00029f48	0x00029e30	3	0	0x00039e30	True
3080	0x00029f4c	0x00029caa	3	0	0x00039caa	True
3081	0x00029f50	0x00029e30	3	0	0x00039e30	True
3082	0x00029f54	0x00029cd9	3	0	0x00039cd9	True
3083	0x00029f58	0x00029e30	3	0	0x00039e30	True
3084	0x00029f5c	0x00029e30	3	0	0x00039e30	True
3085	0x00029f60	0x00029e30	3	0	0x00039e30	True
3086	0x00029f64	0x00029e30	3	0	0x00039e30	True
3087	0x00029f68	0x00029c8e	3	0	0x00039c8e	True
3088	0x00029f6c	0x00029e30	3	0	0x00039e30	True
3089	0x00029f70	0x00029d40	3	0	0x00039d40	True
3090	0x00029f74	0x00029e30	3	0	0x00039e30	True
3091	0x00029f78	0x00029d24	3	0	0x00039d24	True
3092	0x00029f9d	0x000816d8	3	0	0x000916d8	True
3093	0x00029fc6	0x000813ec	3	0	0x000913ec	True
3094	0x0002a030	0x00081564	3	0	0x00091564	True
3095	0x0002a045	0x00081564	3	0	0x00091564	True
3096	0x0002a087	0x000813ec	3	0	0x000913ec	True
3097	0x0002a0c6	0x00085bdc	3	0	0x00095bdc	True
3098	0x0002a0d5	0x000813ec	3	0	0x000913ec	True
3099	0x0002a0e7	0x00085bdc	3	0	0x00095bdc	True
3100	0x0002a0ee	0x00085bdc	3	0	0x00095bdc	True
3101	0x0002a14c	0x00090044	3	0	0x000a0044	True
3102	0x0002a21d	0x0008156c	3	0	0x0009156c	True
3103	0x0002a250	0x00081570	3	0	0x00091570	True
3104	0x0002a27e	0x00081574	3	0	0x00091574	True
3105	0x0002a2b1	0x00081578	3	0	0x00091578	True
3106	0x0002a2f0	0x000813ec	3	0	0x000913ec	True
3107	0x0002a2fd	0x00081598	3	0	0x00091598	True
3108	0x0002a360	0x0008157d	3	0	0x0009157d	True
3109	0x0002a386	0x00081598	3	0	0x00091598	True
3110	0x0002a398	0x00081598	3	0	0x00091598	True
3111	0x0002a3b6	0x00085bdc	3	0	0x00095bdc	True
3112	0x0002a3ce	0x00085bdc	3	0	0x00095bdc	True
3113	0x0002a3d5	0x00085bdc	3	0	0x00095bdc	True
3114	0x0002a40f	0x00081581	3	0	0x00091581	True
3115	0x0002a4d9	0x00081585	3	0	0x00091585	True
3116	0x0002a52b	0x0008159c	3	0	0x0009159c	True
3117	0x0002a548	0x00085bdc	3	0	0x00095bdc	True
3118	0x0002a557	0x000813ec	3	0	0x000913ec	True
3119	0x0002a569	0x00085bdc	3	0	0x00095bdc	True
3120	0x0002a570	0x00085bdc	3	0	0x00095bdc	True
3121	0x0002a58e	0x0008159c	3	0	0x0009159c	True
3122	0x0002a595	0x00081589	3	0	0x00091589	True
3123	0x0002a5a0	0x00081590	3	0	0x00091590	True
3124	0x0002a5b8	0x0008159c	3	0	0x0009159c	True
3125	0x0002a5dc	0x00081598	3	0	0x00091598	True
3126	0x0002a5fc	0x000815a0	3	0	0x000915a0	True
3127	0x0002a603	0x000815a4	3	0	0x000915a4	True
3128	0x0002a627	0x00081598	3	0	0x00091598	True
3129	0x0002a65d	0x000800d8	3	0	0x000900d8	True
3130	0x0002a664	0x000815a4	3	0	0x000915a4	True
3131	0x0002a6b2	0x000815a4	3	0	0x000915a4	True
3132	0x0002a6e7	0x00070edc	3	0	0x00080edc	True
3133	0x0002a6f4	0x00070fdc	3	0	0x00080fdc	True
3134	0x0002a707	0x00081cf0	3	0	0x00091cf0	True
3135	0x000813ec	0x000813c0	3	0	0x000913c0	True
3136	0x00081434	0x000813f8	3	0	0x000913f8	True
3137	0x00081440	0x00081404	3	0	0x00091404	True
3138	0x0008144c	0x00081420	3	0	0x00091420	True
3139	0x00081458	0x00081420	3	0	0x00091420	True
3140	0x00081464	0x00080bb8	3	0	0x00090bb8	True
3141	0x00081470	0x00081408	3	0	0x00091408	True
3142	0x0008147c	0x00080b9c	3	0	0x00090b9c	True
3143	0x00081488	0x00081410	3	0	0x00091410	True
3144	0x00081494	0x00081418	3	0	0x00091418	True
3145	0x000814a0	0x00081414	3	0	0x00091414	True
3146	0x000814ac	0x0008141c	3	0	0x0009141c	True
3147	0x000814b8	0x00081424	3	0	0x00091424	True
3148	0x00081500	0x000814cc	3	0	0x000914cc	True
3149	0x0008150c	0x000814e8	3	0	0x000914e8	True
3150	0x00081518	0x000814d0	3	0	0x000914d0	True
3151	0x00081524	0x000814e0	3	0	0x000914e0	True
3152	0x00081530	0x000814e4	3	0	0x000914e4	True
3153	0x0008153c	0x000814e0	3	0	0x000914e0	True
3154	0x00081548	0x000814e4	3	0	0x000914e4	True
3155	0x00081554	0x000814f4	3	0	0x000914f4	True
3156	0x0002a746	0x00090044	3	0	0x000a0044	True
3157	0x0002a761	0x00090044	3	0	0x000a0044	True
3158	0x0002a783	0x00090044	3	0	0x000a0044	True
3159	0x0002a7d6	0x00080138	3	0	0x00090138	True
3160	0x0002a7ef	0x00090044	3	0	0x000a0044	True
3161	0x0002a804	0x00090044	3	0	0x000a0044	True
3162	0x0002a82f	0x00090044	3	0	0x000a0044	True
3163	0x0002a856	0x000815c4	3	0	0x000915c4	True
3164	0x0002a87b	0x00090044	3	0	0x000a0044	True
3165	0x0002a88d	0x00090044	3	0	0x000a0044	True
3166	0x0002a8b6	0x000815cd	3	0	0x000915cd	True
3167	0x0002a8d2	0x0007110c	3	0	0x0008110c	True
3168	0x0002a901	0x00090044	3	0	0x000a0044	True
3169	0x0002a91a	0x000815d8	3	0	0x000915d8	True
3170	0x0002ac32	0x0002ac38	3	0	0x0003ac38	True
3171	0x0002ac38	0x0002a978	3	0	0x0003a978	True
3172	0x0002ac3c	0x0002a9c0	3	0	0x0003a9c0	True
3173	0x0002ac40	0x0002a9fc	3	0	0x0003a9fc	True
3174	0x0002ac44	0x0002aa54	3	0	0x0003aa54	True
3175	0x0002ac48	0x0002aa84	3	0	0x0003aa84	True
3176	0x0002ac4c	0x0002ab70	3	0	0x0003ab70	True
3177	0x0002ac50	0x0002abe8	3	0	0x0003abe8	True
3178	0x0002ac54	0x0002aac4	3	0	0x0003aac4	True
3179	0x0002ac58	0x0002aad0	3	0	0x0003aad0	True
3180	0x0002ac5c	0x0002ab4c	3	0	0x0003ab4c	True
3181	0x0002ac60	0x0002ab58	3	0	0x0003ab58	True
3182	0x0002ac64	0x0002ab64	3	0	0x0003ab64	True
3183	0x0002ac68	0x0002abb8	3	0	0x0003abb8	True
3184	0x0002ac97	0x000815d8	3	0	0x000915d8	True
3185	0x0002ad04	0x00090044	3	0	0x000a0044	True
3186	0x0002ad1d	0x000815d8	3	0	0x000915d8	True
3187	0x0002ad77	0x000815dc	3	0	0x000915dc	True
3188	0x0002ad9f	0x000815e2	3	0	0x000915e2	True
3189	0x0002ae13	0x000815e8	3	0	0x000915e8	True
3190	0x0002ae2b	0x000815ee	3	0	0x000915ee	True
3191	0x0002ae9a	0x000710f4	3	0	0x000810f4	True
3192	0x0002aeb9	0x000710dc	3	0	0x000810dc	True
3193	0x0002aee8	0x00081624	3	0	0x00091624	True
3194	0x0002aef1	0x000815f4	3	0	0x000915f4	True
3195	0x0002af1d	0x000815d8	3	0	0x000915d8	True
3196	0x0002afbd	0x000815d8	3	0	0x000915d8	True
3197	0x0002afd8	0x000815d8	3	0	0x000915d8	True
3198	0x0002b01c	0x00035ccc	3	0	0x00045ccc	True
3199	0x0002b025	0x00035c5f	3	0	0x00045c5f	True
3200	0x0002b094	0x00035c07	3	0	0x00045c07	True
3201	0x0002b09d	0x00035c29	3	0	0x00045c29	True
3202	0x0002b0c0	0x000710dc	3	0	0x000810dc	True
3203	0x0002b0e0	0x00080114	3	0	0x00090114	True
3204	0x0002b229	0x000815d8	3	0	0x000915d8	True
3205	0x0002b262	0x000815d8	3	0	0x000915d8	True
3206	0x0002b334	0x00090044	3	0	0x000a0044	True
3207	0x0002b4b2	0x00080144	3	0	0x00090144	True
3208	0x0002b5e3	0x000815d8	3	0	0x000915d8	True
3209	0x0002b600	0x0002b604	3	0	0x0003b604	True
3210	0x0002b604	0x0002b598	3	0	0x0003b598	True
3211	0x0002b608	0x0002b584	3	0	0x0003b584	True
3212	0x0002b60c	0x0002b5d0	3	0	0x0003b5d0	True
3213	0x0002b610	0x0002b5c4	3	0	0x0003b5c4	True
3214	0x0002b614	0x0002b5b8	3	0	0x0003b5b8	True
3215	0x0002b618	0x0002b5a8	3	0	0x0003b5a8	True
3216	0x0002b620	0x00080144	3	0	0x00090144	True
3217	0x0002b65a	0x000815d8	3	0	0x000915d8	True
3218	0x0002b6a7	0x000815d8	3	0	0x000915d8	True
3219	0x0002b6c4	0x0002b6c8	3	0	0x0003b6c8	True
3220	0x0002b6c8	0x0002b678	3	0	0x0003b678	True
3221	0x0002b6cc	0x0002b670	3	0	0x0003b670	True
3222	0x0002b6d0	0x0002b698	3	0	0x0003b698	True
3223	0x0002b6d4	0x0002b690	3	0	0x0003b690	True
3224	0x0002b6d8	0x0002b688	3	0	0x0003b688	True
3225	0x0002b6dc	0x0002b680	3	0	0x0003b680	True
3226	0x0002b71f	0x00080144	3	0	0x00090144	True
3227	0x0002b758	0x000710dc	3	0	0x000810dc	True
3228	0x0002b76d	0x000710e8	3	0	0x000810e8	True
3229	0x0002b777	0x000710f4	3	0	0x000810f4	True
3230	0x0002b77e	0x000710dc	3	0	0x000810dc	True
3231	0x0002b786	0x00071100	3	0	0x00081100	True
3232	0x0002b78d	0x000710dc	3	0	0x000810dc	True
3233	0x0002b795	0x00070dc4	3	0	0x00080dc4	True
3234	0x0002b79c	0x000710e8	3	0	0x000810e8	True
3235	0x0002b7a4	0x00070dd0	3	0	0x00080dd0	True
3236	0x0002b7a9	0x000710dc	3	0	0x000810dc	True
3237	0x000815d8	0x000815b0	3	0	0x000915b0	True
3238	0x000815f8	0x000359f7	3	0	0x000459f7	True
3239	0x00081600	0x00035a48	3	0	0x00045a48	True
3240	0x00081608	0x00035a99	3	0	0x00045a99	True
3241	0x00081610	0x00035aea	3	0	0x00045aea	True
3242	0x00081618	0x00035d7d	3	0	0x00045d7d	True
3243	0x00081620	0x00035d15	3	0	0x00045d15	True
3244	0x00081628	0x00035780	3	0	0x00045780	True
3245	0x00081630	0x000357ba	3	0	0x000457ba	True
3246	0x00081638	0x000357f4	3	0	0x000457f4	True
3247	0x00081640	0x0003587b	3	0	0x0004587b	True
3248	0x0002b8a2	0x0008014c	3	0	0x0009014c	True
3249	0x0002b8a7	0x00081664	3	0	0x00091664	True
3250	0x0002b8bf	0x000411c0	3	0	0x000511c0	True
3251	0x0002b901	0x00071124	3	0	0x00081124	True
3252	0x0002b920	0x00081685	3	0	0x00091685	True
3253	0x0002b93b	0x0008014c	3	0	0x0009014c	True
3254	0x0002b940	0x00081695	3	0	0x00091695	True
3255	0x0002b958	0x000411c0	3	0	0x000511c0	True
3256	0x0002b96c	0x00071110	3	0	0x00081110	True
3257	0x0002b971	0x00071118	3	0	0x00081118	True
3258	0x0002b98b	0x00087f24	3	0	0x00097f24	True
3259	0x0002b999	0x000816d0	3	0	0x000916d0	True
3260	0x0002b9a7	0x000816d8	3	0	0x000916d8	True
3261	0x0002b9b0	0x000816dc	3	0	0x000916dc	True
3262	0x0002b9b5	0x000816d8	3	0	0x000916d8	True
3263	0x0002b9bb	0x000816dc	3	0	0x000916dc	True
3264	0x0002b9dd	0x000816d0	3	0	0x000916d0	True
3265	0x0002b9e2	0x000816b8	3	0	0x000916b8	True
3266	0x0002b9f2	0x00087f24	3	0	0x00097f24	True
3267	0x0002ba1d	0x000816e0	3	0	0x000916e0	True
3268	0x0002ba27	0x000816e0	3	0	0x000916e0	True
3269	0x0002ba38	0x000816e0	3	0	0x000916e0	True
3270	0x0002ba6f	0x00071114	3	0	0x00081114	True
3271	0x0002ba76	0x00071114	3	0	0x00081114	True
3272	0x0002ba80	0x00071114	3	0	0x00081114	True
3273	0x0002ba91	0x000816e0	3	0	0x000916e0	True
3274	0x0002baaf	0x000816d0	3	0	0x000916d0	True
3275	0x0002bb0b	0x000816e0	3	0	0x000916e0	True
3276	0x0002bbf9	0x000816e0	3	0	0x000916e0	True
3277	0x0002bc01	0x000816e0	3	0	0x000916e0	True
3278	0x0002bc14	0x000816e4	3	0	0x000916e4	True
3279	0x0002bc34	0x00071114	3	0	0x00081114	True
3280	0x0002bc4a	0x00071114	3	0	0x00081114	True
3281	0x0002bc6e	0x000816ec	3	0	0x000916ec	True
3282	0x0002bc9f	0x00090044	3	0	0x000a0044	True
3283	0x0002bcda	0x000816ec	3	0	0x000916ec	True
3284	0x0002bd09	0x000816ec	3	0	0x000916ec	True
3285	0x0002bd24	0x00090044	3	0	0x000a0044	True
3286	0x0002bd4f	0x00090045	3	0	0x000a0045	True
3287	0x0002bd86	0x00090045	3	0	0x000a0045	True
3288	0x0002bdc3	0x00071110	3	0	0x00081110	True
3289	0x0002bdca	0x00071114	3	0	0x00081114	True
3290	0x0002bdec	0x00071114	3	0	0x00081114	True
3291	0x0002be18	0x00090045	3	0	0x000a0045	True
3292	0x0002be93	0x00090044	3	0	0x000a0044	True
3293	0x0002bee3	0x000816ec	3	0	0x000916ec	True
3294	0x0002bf65	0x00071114	3	0	0x00081114	True
3295	0x0002bf6f	0x00071114	3	0	0x00081114	True
3296	0x0002bf9c	0x000816e0	3	0	0x000916e0	True
3297	0x0002c08a	0x00041bbc	3	0	0x00051bbc	True
3298	0x0002c09d	0x000816f0	3	0	0x000916f0	True
3299	0x0002c0ad	0x00071114	3	0	0x00081114	True
3300	0x0002c0c2	0x000816e0	3	0	0x000916e0	True
3301	0x0002c0d5	0x00071114	3	0	0x00081114	True
3302	0x0002c0da	0x00071110	3	0	0x00081110	True
3303	0x0002c0f3	0x0008014c	3	0	0x0009014c	True
3304	0x0002c10c	0x00071114	3	0	0x00081114	True
3305	0x0002c112	0x00071110	3	0	0x00081110	True
3306	0x0002c12c	0x00071114	3	0	0x00081114	True
3307	0x0002c138	0x00071120	3	0	0x00081120	True
3308	0x0002c141	0x000816f2	3	0	0x000916f2	True
3309	0x0002c149	0x00041b40	3	0	0x00051b40	True
3310	0x0002c16a	0x0008014c	3	0	0x0009014c	True
3311	0x0002c17a	0x00071114	3	0	0x00081114	True
3312	0x0002c17f	0x00071110	3	0	0x00081110	True
3313	0x0002c18b	0x00071114	3	0	0x00081114	True
3314	0x0002c193	0x0007111c	3	0	0x0008111c	True
3315	0x0002c1bb	0x00071114	3	0	0x00081114	True
3316	0x0002c1c0	0x00071110	3	0	0x00081110	True
3317	0x0002c1c6	0x0007111c	3	0	0x0008111c	True
3318	0x0002c20e	0x00070d9c	3	0	0x00080d9c	True
3319	0x0002c239	0x000816d0	3	0	0x000916d0	True
3320	0x0002c354	0x00090044	3	0	0x000a0044	True
3321	0x0002c378	0x00090045	3	0	0x000a0045	True
3322	0x0002c3ac	0x00071118	3	0	0x00081118	True
3323	0x0002c3b5	0x00071114	3	0	0x00081114	True
3324	0x0002c3bb	0x00071118	3	0	0x00081118	True
3325	0x0002c3c8	0x000816d0	3	0	0x000916d0	True
3326	0x0002c3d6	0x00071118	3	0	0x00081118	True
3327	0x0002c42d	0x00090044	3	0	0x000a0044	True
3328	0x0002c48a	0x00071118	3	0	0x00081118	True
3329	0x0002c4d3	0x000816d0	3	0	0x000916d0	True
3330	0x0002c4f6	0x00090040	3	0	0x000a0040	True
3331	0x0002c501	0x0008170f	3	0	0x0009170f	True
3332	0x0002c512	0x00070da0	3	0	0x00080da0	True
3333	0x0002c51d	0x00081713	3	0	0x00091713	True
3334	0x0002c52d	0x00070da0	3	0	0x00080da0	True
3335	0x0002c542	0x0008171c	3	0	0x0009171c	True
3336	0x0002c54f	0x00070da0	3	0	0x00080da0	True
3337	0x0002c5c6	0x000816d4	3	0	0x000916d4	True
3338	0x0002c5d2	0x000816d4	3	0	0x000916d4	True
3339	0x0002c5ff	0x000816d0	3	0	0x000916d0	True
3340	0x0002c611	0x00080ba8	3	0	0x00090ba8	True
3341	0x0002c616	0x00070150	3	0	0x00080150	True
3342	0x0002c61c	0x00080bac	3	0	0x00090bac	True
3343	0x0002c62b	0x00080ba8	3	0	0x00090ba8	True
3344	0x0002c630	0x00080bac	3	0	0x00090bac	True
3345	0x0002c639	0x00070150	3	0	0x00080150	True
3346	0x0002c63e	0x00080ba8	3	0	0x00090ba8	True
3347	0x0002c650	0x0002c654	3	0	0x0003c654	True
3348	0x0002c654	0x0002c598	3	0	0x0003c598	True
3349	0x0002c658	0x0002c5b0	3	0	0x0003c5b0	True
3350	0x0002c65c	0x0002c6b4	3	0	0x0003c6b4	True
3351	0x0002c660	0x0002c6b4	3	0	0x0003c6b4	True
3352	0x0002c664	0x0002c6b4	3	0	0x0003c6b4	True
3353	0x0002c668	0x0002c6b4	3	0	0x0003c6b4	True
3354	0x0002c66c	0x0002c6b4	3	0	0x0003c6b4	True
3355	0x0002c670	0x0002c6b4	3	0	0x0003c6b4	True
3356	0x0002c674	0x0002c6b4	3	0	0x0003c6b4	True
3357	0x0002c678	0x0002c57c	3	0	0x0003c57c	True
3358	0x0002c67c	0x0002c6b4	3	0	0x0003c6b4	True
3359	0x0002c680	0x0002c6b4	3	0	0x0003c6b4	True
3360	0x0002c684	0x0002c6b4	3	0	0x0003c6b4	True
3361	0x0002c688	0x0002c6b4	3	0	0x0003c6b4	True
3362	0x0002c68c	0x0002c6b4	3	0	0x0003c6b4	True
3363	0x0002c690	0x0002c5b4	3	0	0x0003c5b4	True
3364	0x0002c694	0x0002c6b4	3	0	0x0003c6b4	True
3365	0x0002c698	0x0002c5dc	3	0	0x0003c5dc	True
3366	0x0002c69c	0x0002c5c4	3	0	0x0003c5c4	True
3367	0x0002c6a0	0x0002c5d0	3	0	0x0003c5d0	True
3368	0x0002c6a4	0x0002c6b4	3	0	0x0003c6b4	True
3369	0x0002c6a8	0x0002c6b4	3	0	0x0003c6b4	True
3370	0x0002c6ac	0x0002c6b4	3	0	0x0003c6b4	True
3371	0x0002c6b0	0x0002c5e8	3	0	0x0003c5e8	True
3372	0x0002c6ed	0x00081720	3	0	0x00091720	True
3373	0x0002c6f4	0x00081720	3	0	0x00091720	True
3374	0x0002c6f9	0x00081720	3	0	0x00091720	True
3375	0x000816d0	0x00081650	3	0	0x00091650	True
3376	0x0002c75a	0x00071140	3	0	0x00081140	True
3377	0x0002c7ae	0x0008177c	3	0	0x0009177c	True
3378	0x0002c7eb	0x00071144	3	0	0x00081144	True
3379	0x0002c9b4	0x00080198	3	0	0x00090198	True
3380	0x0002cab0	0x0008177c	3	0	0x0009177c	True
3381	0x0002cadc	0x0008177c	3	0	0x0009177c	True
3382	0x0002cb1e	0x00080144	3	0	0x00090144	True
3383	0x0002cbe6	0x0008177c	3	0	0x0009177c	True
3384	0x0002cdde	0x00080b9c	3	0	0x00090b9c	True
3385	0x0002cdec	0x0008177c	3	0	0x0009177c	True
3386	0x0002ce17	0x0008177c	3	0	0x0009177c	True
3387	0x0002ce8a	0x00081794	3	0	0x00091794	True
3388	0x0002cea9	0x00081794	3	0	0x00091794	True
3389	0x0002cebc	0x00081794	3	0	0x00091794	True
3390	0x0002cedf	0x00090044	3	0	0x000a0044	True
3391	0x0002cefc	0x00081794	3	0	0x00091794	True
3392	0x0002cf48	0x00081790	3	0	0x00091790	True
3393	0x0002cfec	0x0008177c	3	0	0x0009177c	True
3394	0x0002d06b	0x0008177c	3	0	0x0009177c	True
3395	0x0002d070	0x00081742	3	0	0x00091742	True
3396	0x0002d0d8	0x0008177c	3	0	0x0009177c	True
3397	0x0002d134	0x0008177c	3	0	0x0009177c	True
3398	0x0002d184	0x0008177c	3	0	0x0009177c	True
3399	0x0002d1b0	0x0008177c	3	0	0x0009177c	True
3400	0x0002d21c	0x00070160	3	0	0x00080160	True
3401	0x0002d249	0x00070164	3	0	0x00080164	True
3402	0x0002d256	0x00070164	3	0	0x00080164	True
3403	0x0002d25f	0x00070164	3	0	0x00080164	True
3404	0x0002d265	0x00070164	3	0	0x00080164	True
3405	0x0002d26d	0x00070160	3	0	0x00080160	True
3406	0x0002d2ad	0x00080140	3	0	0x00090140	True
3407	0x0002d2be	0x0008179a	3	0	0x0009179a	True
3408	0x0002d2c3	0x00081755	3	0	0x00091755	True
3409	0x0002d2d8	0x0008179c	3	0	0x0009179c	True
3410	0x0002d2dd	0x00081798	3	0	0x00091798	True
3411	0x0002d2f7	0x00081a24	3	0	0x00091a24	True
3412	0x0002d314	0x00071148	3	0	0x00081148	True
3413	0x0002d322	0x0008177c	3	0	0x0009177c	True
3414	0x0002d330	0x00071148	3	0	0x00081148	True
3415	0x0002d336	0x000817a6	3	0	0x000917a6	True
3416	0x0002d33b	0x00080140	3	0	0x00090140	True
3417	0x0002d34c	0x000817b3	3	0	0x000917b3	True
3418	0x0002d351	0x0008175c	3	0	0x0009175c	True
3419	0x0002d35f	0x000817b5	3	0	0x000917b5	True
3420	0x0002d364	0x000817a0	3	0	0x000917a0	True
3421	0x0002d37d	0x0008014c	3	0	0x0009014c	True
3422	0x0002d395	0x00081780	3	0	0x00091780	True
3423	0x0002d3a1	0x000817be	3	0	0x000917be	True
3424	0x0002d3a6	0x00080140	3	0	0x00090140	True
3425	0x0002d3b7	0x000817c9	3	0	0x000917c9	True
3426	0x0002d3bc	0x00081763	3	0	0x00091763	True
3427	0x0002d3ca	0x000817cb	3	0	0x000917cb	True
3428	0x0002d3cf	0x000817b8	3	0	0x000917b8	True
3429	0x0002d41f	0x00083254	3	0	0x00093254	True
3430	0x0002d5be	0x000827d8	3	0	0x000927d8	True
3431	0x0002d5ef	0x00082680	3	0	0x00092680	True
3432	0x0002d619	0x00082738	3	0	0x00092738	True
3433	0x0002d629	0x00082810	3	0	0x00092810	True
3434	0x0002d652	0x00082880	3	0	0x00092880	True
3435	0x0002d68a	0x00082998	3	0	0x00092998	True
3436	0x0002d6c6	0x000813f8	3	0	0x000913f8	True
3437	0x0002d74e	0x0008176a	3	0	0x0009176a	True
3438	0x0002d75a	0x00081771	3	0	0x00091771	True
3439	0x0002d78f	0x0008177c	3	0	0x0009177c	True
3440	0x0002d7aa	0x00082bec	3	0	0x00092bec	True
3441	0x0002d7b6	0x000830ac	3	0	0x000930ac	True
3442	0x0002d7d7	0x0008177c	3	0	0x0009177c	True
3443	0x0002d7f2	0x00082d6c	3	0	0x00092d6c	True
3444	0x0002d81a	0x00071140	3	0	0x00081140	True
3445	0x0002d81f	0x00071140	3	0	0x00081140	True
3446	0x0002d829	0x00071140	3	0	0x00081140	True
3447	0x0002d859	0x00071140	3	0	0x00081140	True
3448	0x0002d8a4	0x00071140	3	0	0x00081140	True
3449	0x0002d95e	0x0007113c	3	0	0x0008113c	True
3450	0x0002d965	0x0007113c	3	0	0x0008113c	True
3451	0x0002d999	0x0007113c	3	0	0x0008113c	True
3452	0x0002d9be	0x0007113c	3	0	0x0008113c	True
3453	0x0002d9f6	0x0007113c	3	0	0x0008113c	True
3454	0x0002da0a	0x0007113c	3	0	0x0008113c	True
3455	0x0002da21	0x000817d6	3	0	0x000917d6	True
3456	0x0002da26	0x000817d0	3	0	0x000917d0	True
3457	0x0002da40	0x0007113c	3	0	0x0008113c	True
3458	0x0002da48	0x0007113c	3	0	0x0008113c	True
3459	0x0002da65	0x000817dc	3	0	0x000917dc	True
3460	0x0002da89	0x0007113c	3	0	0x0008113c	True
3461	0x0002da9d	0x000817ea	3	0	0x000917ea	True
3462	0x0002daa2	0x000817e4	3	0	0x000917e4	True
3463	0x0002dabb	0x0007113c	3	0	0x0008113c	True
3464	0x0002dac9	0x00081788	3	0	0x00091788	True
3465	0x0002db0d	0x000817f9	3	0	0x000917f9	True
3466	0x0002db13	0x00081804	3	0	0x00091804	True
3467	0x0002db49	0x000817f8	3	0	0x000917f8	True
3468	0x0002db73	0x000817f8	3	0	0x000917f8	True
3469	0x0002dbba	0x000800fc	3	0	0x000900fc	True
3470	0x0002dbc8	0x0008177c	3	0	0x0009177c	True
3471	0x0002dbeb	0x00081815	3	0	0x00091815	True
3472	0x0002dbf0	0x00081810	3	0	0x00091810	True
3473	0x0002dc05	0x00083084	3	0	0x00093084	True
3474	0x0002dcd6	0x00082d6c	3	0	0x00092d6c	True
3475	0x0002dce1	0x00082c70	3	0	0x00092c70	True
3476	0x0002dd72	0x00082d6c	3	0	0x00092d6c	True
3477	0x0002dd7d	0x00082c70	3	0	0x00092c70	True
3478	0x0002de01	0x00082c10	3	0	0x00092c10	True
3479	0x0002de0d	0x00082bec	3	0	0x00092bec	True
3480	0x0002decd	0x0008177c	3	0	0x0009177c	True
3481	0x0002deeb	0x000710f4	3	0	0x000810f4	True
3482	0x0002df41	0x000710dc	3	0	0x000810dc	True
3483	0x0002df57	0x000710e8	3	0	0x000810e8	True
3484	0x0002df9a	0x00082c34	3	0	0x00092c34	True
3485	0x0002dfcb	0x0008177c	3	0	0x0009177c	True
3486	0x0002dfe2	0x00082c34	3	0	0x00092c34	True
3487	0x0002e0a6	0x00082bec	3	0	0x00092bec	True
3488	0x0002e0b6	0x00082c10	3	0	0x00092c10	True
3489	0x0002e145	0x00082bec	3	0	0x00092bec	True
3490	0x0002e22c	0x0008177c	3	0	0x0009177c	True
3491	0x0002e2d1	0x00081776	3	0	0x00091776	True
3492	0x0002e324	0x00081a2c	3	0	0x00091a2c	True
3493	0x0002e32d	0x00081a2c	3	0	0x00091a2c	True
3494	0x0002e36d	0x000800d8	3	0	0x000900d8	True
3495	0x0002e37c	0x00070d9c	3	0	0x00080d9c	True
3496	0x0002e3d1	0x0008177c	3	0	0x0009177c	True
3497	0x0002e44f	0x00081784	3	0	0x00091784	True
3498	0x0002e46d	0x00070d9c	3	0	0x00080d9c	True
3499	0x0002e54e	0x0007114c	3	0	0x0008114c	True
3500	0x0002e55a	0x00081818	3	0	0x00091818	True
3501	0x0002e589	0x0008177c	3	0	0x0009177c	True
3502	0x0002e5ce	0x00081784	3	0	0x00091784	True
3503	0x0002e5ed	0x0008177c	3	0	0x0009177c	True
3504	0x0002e6b8	0x0008177c	3	0	0x0009177c	True
3505	0x0002e711	0x0007111c	3	0	0x0008111c	True
3506	0x0002e727	0x00080104	3	0	0x00090104	True
3507	0x0002e7b4	0x0008177c	3	0	0x0009177c	True
3508	0x0002e86a	0x00080b9c	3	0	0x00090b9c	True
3509	0x0002e91e	0x00080b9c	3	0	0x00090b9c	True
3510	0x0002e962	0x00081408	3	0	0x00091408	True
3511	0x0002e96b	0x00080bbc	3	0	0x00090bbc	True
3512	0x0002e9e9	0x0008177c	3	0	0x0009177c	True
3513	0x0002ea66	0x0002ea6c	3	0	0x0003ea6c	True
3514	0x0002ea6c	0x0002c9f4	3	0	0x0003c9f4	True
3515	0x0002ea70	0x0002ca00	3	0	0x0003ca00	True
3516	0x0002ea74	0x0002ca0c	3	0	0x0003ca0c	True
3517	0x0002ea78	0x0002ca18	3	0	0x0003ca18	True
3518	0x0002ea7c	0x0002ea34	3	0	0x0003ea34	True
3519	0x0002ea80	0x0002d524	3	0	0x0003d524	True
3520	0x0002ea84	0x0002e2e8	3	0	0x0003e2e8	True
3521	0x0002ea88	0x0002d564	3	0	0x0003d564	True
3522	0x0002ea8c	0x0002d534	3	0	0x0003d534	True
3523	0x0002ea90	0x0002cd68	3	0	0x0003cd68	True
3524	0x0002ea94	0x0002d010	3	0	0x0003d010	True
3525	0x0002ea98	0x0002cc94	3	0	0x0003cc94	True
3526	0x0002ea9c	0x0002cf84	3	0	0x0003cf84	True
3527	0x0002eaa0	0x0002d0c4	3	0	0x0003d0c4	True
3528	0x0002eaa4	0x0002d120	3	0	0x0003d120	True
3529	0x0002eaa8	0x0002d170	3	0	0x0003d170	True
3530	0x0002eaac	0x0002d4cc	3	0	0x0003d4cc	True
3531	0x0002eab0	0x0002d620	3	0	0x0003d620	True
3532	0x0002eab4	0x0002ccd0	3	0	0x0003ccd0	True
3533	0x0002eab8	0x0002ea34	3	0	0x0003ea34	True
3534	0x0002eabc	0x0002ea34	3	0	0x0003ea34	True
3535	0x0002eac0	0x0002d610	3	0	0x0003d610	True
3536	0x0002eac4	0x0002e19c	3	0	0x0003e19c	True
3537	0x0002eac8	0x0002cc38	3	0	0x0003cc38	True
3538	0x0002eacc	0x0002d660	3	0	0x0003d660	True
3539	0x0002ead0	0x0002ea34	3	0	0x0003ea34	True
3540	0x0002ead4	0x0002e618	3	0	0x0003e618	True
3541	0x0002ead8	0x0002ea34	3	0	0x0003ea34	True
3542	0x0002eadc	0x0002ea34	3	0	0x0003ea34	True
3543	0x0002eae0	0x0002e1d4	3	0	0x0003e1d4	True
3544	0x0002eae4	0x0002ea34	3	0	0x0003ea34	True
3545	0x0002eae8	0x0002ea34	3	0	0x0003ea34	True
3546	0x0002eaec	0x0002e358	3	0	0x0003e358	True
3547	0x0002eaf0	0x0002cbf8	3	0	0x0003cbf8	True
3548	0x0002eaf4	0x0002d254	3	0	0x0003d254	True
3549	0x0002eaf8	0x0002cba8	3	0	0x0003cba8	True
3550	0x0002eafc	0x0002ea34	3	0	0x0003ea34	True
3551	0x0002eb00	0x0002cfd8	3	0	0x0003cfd8	True
3552	0x0002eb04	0x0002d4a8	3	0	0x0003d4a8	True
3553	0x0002eb08	0x0002d1d8	3	0	0x0003d1d8	True
3554	0x0002eb0c	0x0002ea34	3	0	0x0003ea34	True
3555	0x0002eb10	0x0002e3ac	3	0	0x0003e3ac	True
3556	0x0002eb14	0x0002ea34	3	0	0x0003ea34	True
3557	0x0002eb18	0x0002e4c0	3	0	0x0003e4c0	True
3558	0x0002eb1c	0x0002dc3c	3	0	0x0003dc3c	True
3559	0x0002eb20	0x0002dfa4	3	0	0x0003dfa4	True
3560	0x0002eb24	0x0002e0c8	3	0	0x0003e0c8	True
3561	0x0002eb28	0x0002cf54	3	0	0x0003cf54	True
3562	0x0002eb2c	0x0002cf08	3	0	0x0003cf08	True
3563	0x0002eb30	0x0002dc3c	3	0	0x0003dc3c	True
3564	0x0002eb34	0x0002ddc0	3	0	0x0003ddc0	True
3565	0x0002eb38	0x0002ddc0	3	0	0x0003ddc0	True
3566	0x0002eb3c	0x0002ea34	3	0	0x0003ea34	True
3567	0x0002eb40	0x0002ce88	3	0	0x0003ce88	True
3568	0x0002eb44	0x0002ea34	3	0	0x0003ea34	True
3569	0x0002eb48	0x0002dc3c	3	0	0x0003dc3c	True
3570	0x0002eb4c	0x0002d7b0	3	0	0x0003d7b0	True
3571	0x0002eb50	0x0002e6a0	3	0	0x0003e6a0	True
3572	0x0002eb54	0x0002ea34	3	0	0x0003ea34	True
3573	0x0002eb58	0x0002cb10	3	0	0x0003cb10	True
3574	0x0002eb5c	0x0002e794	3	0	0x0003e794	True
3575	0x0002eb60	0x0002ea34	3	0	0x0003ea34	True
3576	0x0002eb64	0x0002ea34	3	0	0x0003ea34	True
3577	0x0002eb68	0x0002de44	3	0	0x0003de44	True
3578	0x0002eb6c	0x0002ea34	3	0	0x0003ea34	True
3579	0x0002eb70	0x0002ea34	3	0	0x0003ea34	True
3580	0x0002eb74	0x0002ea34	3	0	0x0003ea34	True
3581	0x0002eb78	0x0002ea34	3	0	0x0003ea34	True
3582	0x0002eb7c	0x0002ea34	3	0	0x0003ea34	True
3583	0x0002eb80	0x0002ea34	3	0	0x0003ea34	True
3584	0x0002eb84	0x0002ea34	3	0	0x0003ea34	True
3585	0x0002eb88	0x0002d218	3	0	0x0003d218	True
3586	0x0002eb8c	0x0002ea34	3	0	0x0003ea34	True
3587	0x0002eb90	0x0002e76c	3	0	0x0003e76c	True
3588	0x0002eb94	0x0002d700	3	0	0x0003d700	True
3589	0x0002eb98	0x0002e794	3	0	0x0003e794	True
3590	0x0002eb9c	0x0002e99c	3	0	0x0003e99c	True
3591	0x0002eba0	0x0002ea34	3	0	0x0003ea34	True
3592	0x0002eba4	0x0002d460	3	0	0x0003d460	True
3593	0x0002eba8	0x0002ea34	3	0	0x0003ea34	True
3594	0x0002ebac	0x0002dc3c	3	0	0x0003dc3c	True
3595	0x0002ebb0	0x0002e63c	3	0	0x0003e63c	True
3596	0x0002ebb4	0x0002e960	3	0	0x0003e960	True
3597	0x0002ebb8	0x0002ea34	3	0	0x0003ea34	True
3598	0x0002ebbc	0x0002ea34	3	0	0x0003ea34	True
3599	0x0002ebc0	0x0002ea34	3	0	0x0003ea34	True
3600	0x0002ebc4	0x0002d73c	3	0	0x0003d73c	True
3601	0x0002ebc8	0x0002ea34	3	0	0x0003ea34	True
3602	0x0002ebcc	0x0002e1b8	3	0	0x0003e1b8	True
3603	0x0002ebd0	0x0002d428	3	0	0x0003d428	True
3604	0x0002ebd4	0x0002daf0	3	0	0x0003daf0	True
3605	0x0002ebd8	0x0002cd24	3	0	0x0003cd24	True
3606	0x0002ebdc	0x0002d7d0	3	0	0x0003d7d0	True
3607	0x0002ebe0	0x0002d788	3	0	0x0003d788	True
3608	0x0002ebe4	0x0002d788	3	0	0x0003d788	True
3609	0x0002ebe8	0x0002d7d0	3	0	0x0003d7d0	True
3610	0x0002ebec	0x0002ea34	3	0	0x0003ea34	True
3611	0x0002ebf0	0x0002d9a4	3	0	0x0003d9a4	True
3612	0x0002ebf4	0x0002da08	3	0	0x0003da08	True
3613	0x0002ebf8	0x0002d944	3	0	0x0003d944	True
3614	0x0002ebfc	0x0002ea34	3	0	0x0003ea34	True
3615	0x0002ec00	0x0002d384	3	0	0x0003d384	True
3616	0x0002ec04	0x0002d6dc	3	0	0x0003d6dc	True
3617	0x0002ec08	0x0002d6cd	3	0	0x0003d6cd	True
3618	0x0002ec0c	0x0002ea34	3	0	0x0003ea34	True
3619	0x0002ec10	0x0002e868	3	0	0x0003e868	True
3620	0x0002ec14	0x0002e91c	3	0	0x0003e91c	True
3621	0x0002ec18	0x0002d79b	3	0	0x0003d79b	True
3622	0x0002ec1c	0x0002ea34	3	0	0x0003ea34	True
3623	0x0002ec20	0x0002dbb8	3	0	0x0003dbb8	True
3624	0x0002ec24	0x0002dc10	3	0	0x0003dc10	True
3625	0x0002ec28	0x0002dbfc	3	0	0x0003dbfc	True
3626	0x0002ec2c	0x0002ea34	3	0	0x0003ea34	True
3627	0x0002ec30	0x0002ea34	3	0	0x0003ea34	True
3628	0x0002ec34	0x0002e854	3	0	0x0003e854	True
3629	0x0002ec38	0x0002d2a0	3	0	0x0003d2a0	True
3630	0x0002ec3c	0x0002d6c4	3	0	0x0003d6c4	True
3631	0x0002ec40	0x0002ea34	3	0	0x0003ea34	True
3632	0x0002ec44	0x0002ea34	3	0	0x0003ea34	True
3633	0x0002ec48	0x0002e820	3	0	0x0003e820	True
3634	0x0002ec4c	0x0002ea34	3	0	0x0003ea34	True
3635	0x0002ec50	0x0002ea34	3	0	0x0003ea34	True
3636	0x0002ec54	0x0002d3e4	3	0	0x0003d3e4	True
3637	0x0002ec58	0x0002d404	3	0	0x0003d404	True
3638	0x0002ec5c	0x0002e15c	3	0	0x0003e15c	True
3639	0x0002ec60	0x0002ea34	3	0	0x0003ea34	True
3640	0x0002ec64	0x0002ea34	3	0	0x0003ea34	True
3641	0x0002ec68	0x0002ea34	3	0	0x0003ea34	True
3642	0x0002ec6c	0x0002ea34	3	0	0x0003ea34	True
3643	0x0002ec70	0x0002ea34	3	0	0x0003ea34	True
3644	0x0002ec74	0x0002ea34	3	0	0x0003ea34	True
3645	0x0002ec78	0x0002ea34	3	0	0x0003ea34	True
3646	0x0002ec7c	0x0002ea34	3	0	0x0003ea34	True
3647	0x0002ec80	0x0002ea34	3	0	0x0003ea34	True
3648	0x0002ec84	0x0002ea34	3	0	0x0003ea34	True
3649	0x0002ec88	0x0002ea34	3	0	0x0003ea34	True
3650	0x0002ec8c	0x0002ea34	3	0	0x0003ea34	True
3651	0x0002ec90	0x0002ea34	3	0	0x0003ea34	True
3652	0x0002ec94	0x0002ea34	3	0	0x0003ea34	True
3653	0x0002ec98	0x0002ea34	3	0	0x0003ea34	True
3654	0x0002ec9c	0x0002e30c	3	0	0x0003e30c	True
3655	0x0002eca0	0x0002ea34	3	0	0x0003ea34	True
3656	0x0002eca4	0x0002ea34	3	0	0x0003ea34	True
3657	0x0002eca8	0x0002ea34	3	0	0x0003ea34	True
3658	0x0002ecac	0x0002ea34	3	0	0x0003ea34	True
3659	0x0002ecb0	0x0002cb28	3	0	0x0003cb28	True
3660	0x0002ecb4	0x0002cb68	3	0	0x0003cb68	True
3661	0x0002ecb8	0x0002e36c	3	0	0x0003e36c	True
3662	0x0002ecbc	0x0002ea34	3	0	0x0003ea34	True
3663	0x0002ecc0	0x0002ea34	3	0	0x0003ea34	True
3664	0x0002ecc4	0x0002ea34	3	0	0x0003ea34	True
3665	0x0002ecc8	0x0002ca40	3	0	0x0003ca40	True
3666	0x0002eccc	0x0002ca78	3	0	0x0003ca78	True
3667	0x0002ecd0	0x0002ca24	3	0	0x0003ca24	True
3668	0x0002ecd4	0x0002ca9c	3	0	0x0003ca9c	True
3669	0x0002ecd8	0x0002ea34	3	0	0x0003ea34	True
3670	0x0002ecdc	0x0002ea34	3	0	0x0003ea34	True
3671	0x0002ece0	0x0002ea34	3	0	0x0003ea34	True
3672	0x0002ece4	0x0002ea34	3	0	0x0003ea34	True
3673	0x0002ece8	0x0002ea34	3	0	0x0003ea34	True
3674	0x0002ecec	0x0002ea34	3	0	0x0003ea34	True
3675	0x0002ecf0	0x0002ea34	3	0	0x0003ea34	True
3676	0x0002ecf4	0x0002c944	3	0	0x0003c944	True
3677	0x0002ecf8	0x0002c960	3	0	0x0003c960	True
3678	0x0002ecfc	0x0002c970	3	0	0x0003c970	True
3679	0x0002ed00	0x0002c980	3	0	0x0003c980	True
3680	0x0002ed04	0x0002c990	3	0	0x0003c990	True
3681	0x0002ed08	0x0002cddc	3	0	0x0003cddc	True
3682	0x0002ed0c	0x0002e944	3	0	0x0003e944	True
3683	0x0002ed32	0x0008177c	3	0	0x0009177c	True
3684	0x0002ed86	0x00081794	3	0	0x00091794	True
3685	0x0002ede5	0x0008177c	3	0	0x0009177c	True
3686	0x0002ee28	0x0008177c	3	0	0x0009177c	True
3687	0x0002ee65	0x0008177c	3	0	0x0009177c	True
3688	0x0002ef4b	0x0008177c	3	0	0x0009177c	True
3689	0x0002ef73	0x0008177c	3	0	0x0009177c	True
3690	0x0002efdd	0x00080b9c	3	0	0x00090b9c	True
3691	0x0002efed	0x00080bb8	3	0	0x00090bb8	True
3692	0x0002eff6	0x00081404	3	0	0x00091404	True
3693	0x0002effe	0x000800d8	3	0	0x000900d8	True
3694	0x0002f00e	0x00080140	3	0	0x00090140	True
3695	0x0002f022	0x00081418	3	0	0x00091418	True
3696	0x0002f02b	0x00081404	3	0	0x00091404	True
3697	0x0002f042	0x00080bb4	3	0	0x00090bb4	True
3698	0x0002f04a	0x000800d8	3	0	0x000900d8	True
3699	0x0002f07b	0x00070d9d	3	0	0x00080d9d	True
3700	0x0002f0be	0x00090044	3	0	0x000a0044	True
3701	0x0002f0f9	0x00081780	3	0	0x00091780	True
3702	0x0002f10f	0x00081780	3	0	0x00091780	True
3703	0x0002f119	0x00081a24	3	0	0x00091a24	True
3704	0x0002f1a3	0x0008177c	3	0	0x0009177c	True
3705	0x0002f1d8	0x00070d9c	3	0	0x00080d9c	True
3706	0x0002f381	0x000800d8	3	0	0x000900d8	True
3707	0x0002f3bb	0x0008177c	3	0	0x0009177c	True
3708	0x0002f404	0x0008177c	3	0	0x0009177c	True
3709	0x0002f56e	0x0008177c	3	0	0x0009177c	True
3710	0x0002f5c9	0x0008177c	3	0	0x0009177c	True
3711	0x0002f61d	0x0008177c	3	0	0x0009177c	True
3712	0x0002f64f	0x0008177c	3	0	0x0009177c	True
3713	0x0002f72b	0x0008177c	3	0	0x0009177c	True
3714	0x0002f77e	0x0008177c	3	0	0x0009177c	True
3715	0x0002f7a7	0x0008177c	3	0	0x0009177c	True
3716	0x0002f7d5	0x0008177c	3	0	0x0009177c	True
3717	0x0002f834	0x0008177c	3	0	0x0009177c	True
3718	0x0002f879	0x0008177c	3	0	0x0009177c	True
3719	0x0002f91e	0x0008177c	3	0	0x0009177c	True
3720	0x0002f93e	0x0008177c	3	0	0x0009177c	True
3721	0x0002f96e	0x0008177c	3	0	0x0009177c	True
3722	0x0002f9a1	0x0008177c	3	0	0x0009177c	True
3723	0x0002f9e0	0x0008177c	3	0	0x0009177c	True
3724	0x0002fa52	0x0008177c	3	0	0x0009177c	True
3725	0x0002fa92	0x0008177c	3	0	0x0009177c	True
3726	0x0002facd	0x0008177c	3	0	0x0009177c	True
3727	0x0002fad2	0x0008183c	3	0	0x0009183c	True
3728	0x0002faf9	0x0008177c	3	0	0x0009177c	True
3729	0x0002fb22	0x0008177c	3	0	0x0009177c	True
3730	0x0002fb86	0x0008177c	3	0	0x0009177c	True
3731	0x0002fbb5	0x0008177c	3	0	0x0009177c	True
3732	0x0002fbde	0x0008177c	3	0	0x0009177c	True
3733	0x0002fc19	0x0008177c	3	0	0x0009177c	True
3734	0x0002fc42	0x0008177c	3	0	0x0009177c	True
3735	0x0002fc8c	0x0008177c	3	0	0x0009177c	True
3736	0x0002fc91	0x00081821	3	0	0x00091821	True
3737	0x0002fcc1	0x0008177c	3	0	0x0009177c	True
3738	0x0002fcf1	0x0008177c	3	0	0x0009177c	True
3739	0x0002fd0a	0x0008177c	3	0	0x0009177c	True
3740	0x0002fdd6	0x0008177c	3	0	0x0009177c	True
3741	0x0002fe03	0x0008177c	3	0	0x0009177c	True
3742	0x0002fe3e	0x0008177c	3	0	0x0009177c	True
3743	0x0002fe62	0x0008177c	3	0	0x0009177c	True
3744	0x0002fea2	0x0008177c	3	0	0x0009177c	True
3745	0x0002ffea	0x00080ba8	3	0	0x00090ba8	True
3746	0x00030002	0x00080170	3	0	0x00090170	True
3747	0x00030033	0x0008177c	3	0	0x0009177c	True
3748	0x00030082	0x00081860	3	0	0x00091860	True
3749	0x0003009c	0x00081860	3	0	0x00091860	True
3750	0x000300a5	0x00081860	3	0	0x00091860	True
3751	0x000300ac	0x00081858	3	0	0x00091858	True
3752	0x000300b1	0x00081860	3	0	0x00091860	True
3753	0x000300bb	0x00081868	3	0	0x00091868	True
3754	0x000300c3	0x00081870	3	0	0x00091870	True
3755	0x000300c8	0x00081864	3	0	0x00091864	True
3756	0x000301c9	0x00090044	3	0	0x000a0044	True
3757	0x000301f9	0x00090045	3	0	0x000a0045	True
3758	0x00030224	0x00081408	3	0	0x00091408	True
3759	0x0003022c	0x00081875	3	0	0x00091875	True
3760	0x0003023a	0x00081880	3	0	0x00091880	True
3761	0x00030246	0x00080170	3	0	0x00090170	True
3762	0x0003025a	0x0008188a	3	0	0x0009188a	True
3763	0x0003025f	0x0008187c	3	0	0x0009187c	True
3764	0x00030264	0x00081884	3	0	0x00091884	True
3765	0x0008177c	0x00081730	3	0	0x00091730	True
3766	0x000302a9	0x00089570	3	0	0x00099570	True
3767	0x000302db	0x00081a20	3	0	0x00091a20	True
3768	0x000302e7	0x00081a1c	3	0	0x00091a1c	True
3769	0x000302fb	0x000818b4	3	0	0x000918b4	True
3770	0x00030320	0x000818c3	3	0	0x000918c3	True
3771	0x00030351	0x0008014c	3	0	0x0009014c	True
3772	0x00030356	0x00080154	3	0	0x00090154	True
3773	0x00030367	0x0008014c	3	0	0x0009014c	True
3774	0x0003036c	0x000818d2	3	0	0x000918d2	True
3775	0x0003039a	0x00071150	3	0	0x00081150	True
3776	0x000303a0	0x00081a34	3	0	0x00091a34	True
3777	0x000303a8	0x00081a34	3	0	0x00091a34	True
3778	0x000303b0	0x000818e0	3	0	0x000918e0	True
3779	0x000303d2	0x00081a34	3	0	0x00091a34	True
3780	0x000303fb	0x00081a34	3	0	0x00091a34	True
3781	0x00030404	0x00081a34	3	0	0x00091a34	True
3782	0x00030415	0x00081a34	3	0	0x00091a34	True
3783	0x0003041a	0x000818ed	3	0	0x000918ed	True
3784	0x0003042d	0x000800ec	3	0	0x000900ec	True
3785	0x0003043c	0x000800fc	3	0	0x000900fc	True
3786	0x00030442	0x000800d4	3	0	0x000900d4	True
3787	0x0003044e	0x000818fa	3	0	0x000918fa	True
3788	0x00030455	0x00081902	3	0	0x00091902	True
3789	0x0003045a	0x000800d4	3	0	0x000900d4	True
3790	0x00030462	0x000800ec	3	0	0x000900ec	True
3791	0x0003046a	0x0008190a	3	0	0x0009190a	True
3792	0x00030471	0x0008190f	3	0	0x0009190f	True
3793	0x00030477	0x00081914	3	0	0x00091914	True
3794	0x00030489	0x00080144	3	0	0x00090144	True
3795	0x00030491	0x00081921	3	0	0x00091921	True
3796	0x000304a3	0x00071148	3	0	0x00081148	True
3797	0x000304ac	0x00071148	3	0	0x00081148	True
3798	0x000304b2	0x0008192e	3	0	0x0009192e	True
3799	0x000304bf	0x00081a24	3	0	0x00091a24	True
3800	0x000304c6	0x0008193d	3	0	0x0009193d	True
3801	0x000304d2	0x00081a24	3	0	0x00091a24	True
3802	0x000304dd	0x00080104	3	0	0x00090104	True
3803	0x000304e4	0x0008194d	3	0	0x0009194d	True
3804	0x000304f9	0x00080110	3	0	0x00090110	True
3805	0x00030501	0x00080104	3	0	0x00090104	True
3806	0x00030506	0x0008195c	3	0	0x0009195c	True
3807	0x00030519	0x00080bb8	3	0	0x00090bb8	True
3808	0x00030524	0x00081969	3	0	0x00091969	True
3809	0x0003052d	0x0008196c	3	0	0x0009196c	True
3810	0x00030533	0x00081970	3	0	0x00091970	True
3811	0x0003053e	0x00080b9c	3	0	0x00090b9c	True
3812	0x0003054b	0x00081984	3	0	0x00091984	True
3813	0x00030557	0x00080b9c	3	0	0x00090b9c	True
3814	0x0003055e	0x00081999	3	0	0x00091999	True
3815	0x0003056a	0x00081a28	3	0	0x00091a28	True
3816	0x00030577	0x000819b0	3	0	0x000919b0	True
3817	0x00030589	0x00081a30	3	0	0x00091a30	True
3818	0x00030591	0x000819bf	3	0	0x000919bf	True
3819	0x000305a3	0x00081a2c	3	0	0x00091a2c	True
3820	0x000305ac	0x00081a2c	3	0	0x00091a2c	True
3821	0x000305b2	0x000819d5	3	0	0x000919d5	True
3822	0x000305c5	0x0008016c	3	0	0x0009016c	True
3823	0x000305cd	0x000819e5	3	0	0x000919e5	True
3824	0x000305e1	0x00080168	3	0	0x00090168	True
3825	0x000305e9	0x000819f6	3	0	0x000919f6	True
3826	0x00030676	0x00071154	3	0	0x00081154	True
3827	0x0003067a	0x00081a06	3	0	0x00091a06	True
3828	0x000306da	0x0008027c	3	0	0x0009027c	True
3829	0x0003070f	0x0008027c	3	0	0x0009027c	True
3830	0x0003072f	0x00081a1c	3	0	0x00091a1c	True
3831	0x00030760	0x00030764	3	0	0x00040764	True
3832	0x00030764	0x00030580	3	0	0x00040580	True
3833	0x00030768	0x0003059c	3	0	0x0004059c	True
3834	0x0003076c	0x000305bc	3	0	0x000405bc	True
3835	0x00030770	0x000305d8	3	0	0x000405d8	True
3836	0x00030774	0x000305f4	3	0	0x000405f4	True
3837	0x00030778	0x0003060c	3	0	0x0004060c	True
3838	0x0003077c	0x00030728	3	0	0x00040728	True
3839	0x00030780	0x00030660	3	0	0x00040660	True
3840	0x00030784	0x00030728	3	0	0x00040728	True
3841	0x00030788	0x00030728	3	0	0x00040728	True
3842	0x0003078c	0x00030674	3	0	0x00040674	True
3843	0x000307cc	0x000307d0	3	0	0x000407d0	True
3844	0x000307d0	0x00030568	3	0	0x00040568	True
3845	0x000307d4	0x00030554	3	0	0x00040554	True
3846	0x000307d8	0x00030480	3	0	0x00040480	True
3847	0x000307dc	0x00030424	3	0	0x00040424	True
3848	0x000307e0	0x000304f0	3	0	0x000404f0	True
3849	0x000307e4	0x00030728	3	0	0x00040728	True
3850	0x000307e8	0x00030728	3	0	0x00040728	True
3851	0x000307ec	0x00030728	3	0	0x00040728	True
3852	0x000307f0	0x00030728	3	0	0x00040728	True
3853	0x000307f4	0x00030728	3	0	0x00040728	True
3854	0x000307f8	0x00030728	3	0	0x00040728	True
3855	0x000307fc	0x000304d0	3	0	0x000404d0	True
3856	0x00030800	0x00030728	3	0	0x00040728	True
3857	0x00030804	0x00030728	3	0	0x00040728	True
3858	0x00030808	0x00030374	3	0	0x00040374	True
3859	0x0003080c	0x000302c8	3	0	0x000402c8	True
3860	0x00030810	0x000303bc	3	0	0x000403bc	True
3861	0x00030843	0x000801a8	3	0	0x000901a8	True
3862	0x00030859	0x000801a4	3	0	0x000901a4	True
3863	0x00030862	0x000801a8	3	0	0x000901a8	True
3864	0x0003086b	0x000801a8	3	0	0x000901a8	True
3865	0x0003089d	0x00081a38	3	0	0x00091a38	True
3866	0x000308ac	0x00081a38	3	0	0x00091a38	True
3867	0x000308e4	0x00081a38	3	0	0x00091a38	True
3868	0x00081a1c	0x000818a0	3	0	0x000918a0	True
3869	0x00030937	0x00080144	3	0	0x00090144	True
3870	0x0003093c	0x00080148	3	0	0x00090148	True
3871	0x00030950	0x0007115c	3	0	0x0008115c	True
3872	0x0003095a	0x00080160	3	0	0x00090160	True
3873	0x000309ae	0x0007115c	3	0	0x0008115c	True
3874	0x000309c5	0x0007115c	3	0	0x0008115c	True
3875	0x000309ff	0x00030a04	3	0	0x00040a04	True
3876	0x00030a04	0x000309ac	3	0	0x000409ac	True
3877	0x00030a08	0x000309ac	3	0	0x000409ac	True
3878	0x00030a0c	0x000309b3	3	0	0x000409b3	True
3879	0x00030a10	0x000309b3	3	0	0x000409b3	True
3880	0x00030a14	0x000309b3	3	0	0x000409b3	True
3881	0x00030a18	0x000309b3	3	0	0x000409b3	True
3882	0x00030a1c	0x000309ac	3	0	0x000409ac	True
3883	0x00030a20	0x000309b3	3	0	0x000409b3	True
3884	0x00030a24	0x000309b3	3	0	0x000409b3	True
3885	0x00030a28	0x000309b3	3	0	0x000409b3	True
3886	0x00030a2c	0x000309ac	3	0	0x000409ac	True
3887	0x00030a30	0x000309ac	3	0	0x000409ac	True
3888	0x00030a34	0x000309ac	3	0	0x000409ac	True
3889	0x00030a38	0x000309ac	3	0	0x000409ac	True
3890	0x00030a3c	0x000309ac	3	0	0x000409ac	True
3891	0x00030a40	0x000309b3	3	0	0x000409b3	True
3892	0x00030a44	0x000309b3	3	0	0x000409b3	True
3893	0x00030a48	0x000309b3	3	0	0x000409b3	True
3894	0x00030a4c	0x000309b3	3	0	0x000409b3	True
3895	0x00030a50	0x000309b3	3	0	0x000409b3	True
3896	0x00030a54	0x00030a58	3	0	0x00040a58	True
3897	0x00030a5a	0x00080160	3	0	0x00090160	True
3898	0x00030a64	0x00080148	3	0	0x00090148	True
3899	0x00030a96	0x00090044	3	0	0x000a0044	True
3900	0x00030b83	0x00090045	3	0	0x000a0045	True
3901	0x00030b8c	0x0007115c	3	0	0x0008115c	True
3902	0x00030bdd	0x00081a58	3	0	0x00091a58	True
3903	0x00030be3	0x00081a58	3	0	0x00091a58	True
3904	0x00030bec	0x00070174	3	0	0x00080174	True
3905	0x00030bf7	0x00070170	3	0	0x00080170	True
3906	0x00030c0d	0x000800d8	3	0	0x000900d8	True
3907	0x00030c1a	0x00081a58	3	0	0x00091a58	True
3908	0x00030c25	0x000800d8	3	0	0x000900d8	True
3909	0x00030c52	0x00084310	3	0	0x00094310	True
3910	0x00030c89	0x000800d8	3	0	0x000900d8	True
3911	0x00030c9b	0x00070174	3	0	0x00080174	True
3912	0x00030ca9	0x00081a54	3	0	0x00091a54	True
3913	0x00030cc4	0x00070174	3	0	0x00080174	True
3914	0x00030cd9	0x00081a5c	3	0	0x00091a5c	True
3915	0x00030d4d	0x00081a60	3	0	0x00091a60	True
3916	0x00030d62	0x00080170	3	0	0x00090170	True
3917	0x00030de7	0x00081a68	3	0	0x00091a68	True
3918	0x00030e05	0x00081a6c	3	0	0x00091a6c	True
3919	0x00030e55	0x00081a71	3	0	0x00091a71	True
3920	0x00030e75	0x00081a7b	3	0	0x00091a7b	True
3921	0x00030e8f	0x00081a7f	3	0	0x00091a7f	True
3922	0x000310be	0x00081a84	3	0	0x00091a84	True
3923	0x0003118f	0x00081a8d	3	0	0x00091a8d	True
3924	0x000312ce	0x00081a95	3	0	0x00091a95	True
3925	0x000312e4	0x000411c0	3	0	0x000511c0	True
3926	0x0003132f	0x000813fc	3	0	0x000913fc	True
3927	0x0003136a	0x000813fc	3	0	0x000913fc	True
3928	0x0003137c	0x00080170	3	0	0x00090170	True
3929	0x000313a3	0x00081ab5	3	0	0x00091ab5	True
3930	0x00031403	0x00081ab9	3	0	0x00091ab9	True
3931	0x0003148d	0x00081abd	3	0	0x00091abd	True
3932	0x000314e8	0x00080170	3	0	0x00090170	True
3933	0x000314f6	0x00081ac1	3	0	0x00091ac1	True
3934	0x0003152b	0x00031530	3	0	0x00041530	True
3935	0x00031530	0x00031324	3	0	0x00041324	True
3936	0x00031534	0x000313b4	3	0	0x000413b4	True
3937	0x00031538	0x000313b4	3	0	0x000413b4	True
3938	0x0003153c	0x000313b4	3	0	0x000413b4	True
3939	0x00031540	0x00031324	3	0	0x00041324	True
3940	0x00031544	0x00031324	3	0	0x00041324	True
3941	0x00031548	0x00031324	3	0	0x00041324	True
3942	0x0003154c	0x00031324	3	0	0x00041324	True
3943	0x000315c8	0x00081ac5	3	0	0x00091ac5	True
3944	0x0003167f	0x00081ac9	3	0	0x00091ac9	True
3945	0x00031745	0x00081ad3	3	0	0x00091ad3	True
3946	0x000317c5	0x00081a54	3	0	0x00091a54	True
3947	0x000318df	0x00081a54	3	0	0x00091a54	True
3948	0x00031a1e	0x00031a24	3	0	0x00041a24	True
3949	0x00031a24	0x00031694	3	0	0x00041694	True
3950	0x00031a28	0x000316ab	3	0	0x000416ab	True
3951	0x00031a2c	0x00031b57	3	0	0x00041b57	True
3952	0x00031a30	0x00031b57	3	0	0x00041b57	True
3953	0x00031a34	0x00031b57	3	0	0x00041b57	True
3954	0x00031a38	0x00031b57	3	0	0x00041b57	True
3955	0x00031a3c	0x00031b57	3	0	0x00041b57	True
3956	0x00031a40	0x00031b57	3	0	0x00041b57	True
3957	0x00031a44	0x00031b57	3	0	0x00041b57	True
3958	0x00031a48	0x00031b57	3	0	0x00041b57	True
3959	0x00031a4c	0x00031b57	3	0	0x00041b57	True
3960	0x00031a50	0x00031b57	3	0	0x00041b57	True
3961	0x00031a54	0x00031b57	3	0	0x00041b57	True
3962	0x00031a58	0x00031b57	3	0	0x00041b57	True
3963	0x00031a5c	0x00031b57	3	0	0x00041b57	True
3964	0x00031a60	0x00031b57	3	0	0x00041b57	True
3965	0x00031a64	0x00031b57	3	0	0x00041b57	True
3966	0x00031a68	0x00031b57	3	0	0x00041b57	True
3967	0x00031a6c	0x00031b57	3	0	0x00041b57	True
3968	0x00031a70	0x00031b57	3	0	0x00041b57	True
3969	0x00031a74	0x00031b57	3	0	0x00041b57	True
3970	0x00031a78	0x00031b57	3	0	0x00041b57	True
3971	0x00031a7c	0x00031b57	3	0	0x00041b57	True
3972	0x00031a80	0x00031b57	3	0	0x00041b57	True
3973	0x00031a84	0x00031830	3	0	0x00041830	True
3974	0x00031a88	0x00031858	3	0	0x00041858	True
3975	0x00031a8c	0x00031858	3	0	0x00041858	True
3976	0x00031a90	0x00031b57	3	0	0x00041b57	True
3977	0x00031a94	0x00031b57	3	0	0x00041b57	True
3978	0x00031a98	0x000316d4	3	0	0x000416d4	True
3979	0x00031a9c	0x000316d4	3	0	0x000416d4	True
3980	0x00031aa0	0x000316d4	3	0	0x000416d4	True
3981	0x00031aa4	0x000316d4	3	0	0x000416d4	True
3982	0x00031aa8	0x000316d4	3	0	0x000416d4	True
3983	0x00031aac	0x000316d4	3	0	0x000416d4	True
3984	0x00031ab0	0x00031b57	3	0	0x00041b57	True
3985	0x00031ab4	0x00031b57	3	0	0x00041b57	True
3986	0x00031ab8	0x00031634	3	0	0x00041634	True
3987	0x00031abc	0x0003168b	3	0	0x0004168b	True
3988	0x00031ac0	0x00031b57	3	0	0x00041b57	True
3989	0x00031ac4	0x00031b57	3	0	0x00041b57	True
3990	0x00031ac8	0x00031b57	3	0	0x00041b57	True
3991	0x00031acc	0x00031b57	3	0	0x00041b57	True
3992	0x00031ad0	0x00031b57	3	0	0x00041b57	True
3993	0x00031ad4	0x00031b57	3	0	0x00041b57	True
3994	0x00031ad8	0x00031b57	3	0	0x00041b57	True
3995	0x00031adc	0x00031550	3	0	0x00041550	True
3996	0x00031ae0	0x00031b57	3	0	0x00041b57	True
3997	0x00031ae4	0x0003101c	3	0	0x0004101c	True
3998	0x00031ae8	0x00031b57	3	0	0x00041b57	True
3999	0x00031aec	0x00031b57	3	0	0x00041b57	True
4000	0x00031af0	0x00031b57	3	0	0x00041b57	True
4001	0x00031af4	0x00031b57	3	0	0x00041b57	True
4002	0x00031af8	0x00031b57	3	0	0x00041b57	True
4003	0x00031afc	0x00031808	3	0	0x00041808	True
4004	0x00031b66	0x00071158	3	0	0x00081158	True
4005	0x00031b7d	0x00071158	3	0	0x00081158	True
4006	0x00031bee	0x00081a54	3	0	0x00091a54	True
4007	0x00031c35	0x00090044	3	0	0x000a0044	True
4008	0x00031c9d	0x00090045	3	0	0x000a0045	True
4009	0x00031d31	0x000800d8	3	0	0x000900d8	True
4010	0x00031d59	0x000800d8	3	0	0x000900d8	True
4011	0x00031d88	0x000813fc	3	0	0x000913fc	True
4012	0x00031d90	0x000800d8	3	0	0x000900d8	True
4013	0x00031ddd	0x000800d8	3	0	0x000900d8	True
4014	0x00031df0	0x00070d94	3	0	0x00080d94	True
4015	0x00031e01	0x000800d8	3	0	0x000900d8	True
4016	0x00031e6e	0x00090044	3	0	0x000a0044	True
4017	0x00031ee4	0x00081ad9	3	0	0x00091ad9	True
4018	0x00031f10	0x00081adb	3	0	0x00091adb	True
4019	0x0003200f	0x00081add	3	0	0x00091add	True
4020	0x00032030	0x00081ae4	3	0	0x00091ae4	True
4021	0x0003206b	0x00081a54	3	0	0x00091a54	True
4022	0x00032197	0x00081ae6	3	0	0x00091ae6	True
4023	0x000321a5	0x00081aed	3	0	0x00091aed	True
4024	0x000321d4	0x00081af0	3	0	0x00091af0	True
4025	0x000321f2	0x00081afc	3	0	0x00091afc	True
4026	0x00032200	0x00081b03	3	0	0x00091b03	True
4027	0x00032227	0x00081b06	3	0	0x00091b06	True
4028	0x00032276	0x00081b08	3	0	0x00091b08	True
4029	0x00032294	0x00081b13	3	0	0x00091b13	True
4030	0x000322a2	0x00081b1a	3	0	0x00091b1a	True
4031	0x000322bd	0x00081b1d	3	0	0x00091b1d	True
4032	0x000322f7	0x00081b21	3	0	0x00091b21	True
4033	0x0003233c	0x00081b23	3	0	0x00091b23	True
4034	0x0003234a	0x00081b28	3	0	0x00091b28	True
4035	0x00032373	0x00081b2a	3	0	0x00091b2a	True
4036	0x00032381	0x00081b33	3	0	0x00091b33	True
4037	0x000323a1	0x00081b35	3	0	0x00091b35	True
4038	0x000323af	0x00081b3b	3	0	0x00091b3b	True
4039	0x000323ca	0x00081b3d	3	0	0x00091b3d	True
4040	0x0003244b	0x00081b41	3	0	0x00091b41	True
4041	0x00032562	0x00081b4c	3	0	0x00091b4c	True
4042	0x000325c4	0x00081b51	3	0	0x00091b51	True
4043	0x000326a5	0x00081b55	3	0	0x00091b55	True
4044	0x000327f5	0x00090044	3	0	0x000a0044	True
4045	0x0003280e	0x00090044	3	0	0x000a0044	True
4046	0x00032826	0x00090044	3	0	0x000a0044	True
4047	0x0003284d	0x00081b59	3	0	0x00091b59	True
4048	0x000328d8	0x00081b5c	3	0	0x00091b5c	True
4049	0x00032916	0x00081b62	3	0	0x00091b62	True
4050	0x00032979	0x00090045	3	0	0x000a0045	True
4051	0x00032993	0x00081b64	3	0	0x00091b64	True
4052	0x000329b5	0x00081b69	3	0	0x00091b69	True
4053	0x000329c3	0x00081a54	3	0	0x00091a54	True
4054	0x000329e5	0x00081a54	3	0	0x00091a54	True
4055	0x00032a17	0x00081b6d	3	0	0x00091b6d	True
4056	0x00032a34	0x00081b71	3	0	0x00091b71	True
4057	0x00032a74	0x00081b73	3	0	0x00091b73	True
4058	0x00032a8c	0x00081b77	3	0	0x00091b77	True
4059	0x00032aeb	0x00081b7a	3	0	0x00091b7a	True
4060	0x00032b18	0x00081b7f	3	0	0x00091b7f	True
4061	0x00032b83	0x00081b84	3	0	0x00091b84	True
4062	0x00032be3	0x00081b89	3	0	0x00091b89	True
4063	0x00032c94	0x00081b92	3	0	0x00091b92	True
4064	0x00032d18	0x00081b97	3	0	0x00091b97	True
4065	0x00032d26	0x00081b9d	3	0	0x00091b9d	True
4066	0x00032d8c	0x00081a28	3	0	0x00091a28	True
4067	0x00032e77	0x00081b9f	3	0	0x00091b9f	True
4068	0x00032e88	0x00081bae	3	0	0x00091bae	True
4069	0x00032ea0	0x00081bb0	3	0	0x00091bb0	True
4070	0x00032eae	0x00081bb5	3	0	0x00091bb5	True
4071	0x00032ee1	0x00081bb7	3	0	0x00091bb7	True
4072	0x00032f20	0x00081bb9	3	0	0x00091bb9	True
4073	0x00032f43	0x00081bc2	3	0	0x00091bc2	True
4074	0x00032f53	0x00081bc5	3	0	0x00091bc5	True
4075	0x00032f6b	0x00081bc8	3	0	0x00091bc8	True
4076	0x00032f79	0x00081bce	3	0	0x00091bce	True
4077	0x00032f9e	0x00081bd0	3	0	0x00091bd0	True
4078	0x00032fac	0x00081bd5	3	0	0x00091bd5	True
4079	0x00033002	0x00081a54	3	0	0x00091a54	True
4080	0x00033040	0x00081a54	3	0	0x00091a54	True
4081	0x000330e3	0x00081bd7	3	0	0x00091bd7	True
4082	0x00033115	0x00081bdb	3	0	0x00091bdb	True
4083	0x00033143	0x00081bdf	3	0	0x00091bdf	True
4084	0x0003316a	0x00081be9	3	0	0x00091be9	True
4085	0x00033264	0x000800d8	3	0	0x000900d8	True
4086	0x00033288	0x00070174	3	0	0x00080174	True
4087	0x0003329e	0x00070174	3	0	0x00080174	True
4088	0x000332b0	0x00081bf5	3	0	0x00091bf5	True
4089	0x000332ca	0x00070174	3	0	0x00080174	True
4090	0x000332d2	0x000800d8	3	0	0x000900d8	True
4091	0x000332e5	0x000813fc	3	0	0x000913fc	True
4092	0x00033308	0x00081bf0	3	0	0x00091bf0	True
4093	0x0003331e	0x00070170	3	0	0x00080170	True
4094	0x0003332a	0x00070170	3	0	0x00080170	True
4095	0x0003334e	0x00070170	3	0	0x00080170	True
4096	0x00033356	0x00070170	3	0	0x00080170	True
4097	0x00033374	0x000800fc	3	0	0x000900fc	True
4098	0x00033386	0x00070174	3	0	0x00080174	True
4099	0x000333a1	0x00081bf9	3	0	0x00091bf9	True
4100	0x000333c9	0x00081c01	3	0	0x00091c01	True
4101	0x000333e3	0x000800d8	3	0	0x000900d8	True
4102	0x0003342c	0x00070174	3	0	0x00080174	True
4103	0x00033441	0x00070174	3	0	0x00080174	True
4104	0x0003344f	0x00081a54	3	0	0x00091a54	True
4105	0x0003348c	0x00081a54	3	0	0x00091a54	True
4106	0x000334a5	0x00080c0c	3	0	0x00090c0c	True
4107	0x00033569	0x00081c05	3	0	0x00091c05	True
4108	0x0003359d	0x00081c0c	3	0	0x00091c0c	True
4109	0x000335c8	0x00081a54	3	0	0x00091a54	True
4110	0x00033652	0x00081a54	3	0	0x00091a54	True
4111	0x00033681	0x00071158	3	0	0x00081158	True
4112	0x00033694	0x00071158	3	0	0x00081158	True
4113	0x000336a6	0x00071158	3	0	0x00081158	True
4114	0x000336b6	0x00071158	3	0	0x00081158	True
4115	0x000336d9	0x00081a54	3	0	0x00091a54	True
4116	0x000336e9	0x00071158	3	0	0x00081158	True
4117	0x000336f6	0x00071158	3	0	0x00081158	True
4118	0x00033702	0x00071158	3	0	0x00081158	True
4119	0x0003370d	0x00071158	3	0	0x00081158	True
4120	0x0003371e	0x00071158	3	0	0x00081158	True
4121	0x00033757	0x00090044	3	0	0x000a0044	True
4122	0x00033783	0x00090045	3	0	0x000a0045	True
4123	0x000337a2	0x000800dc	3	0	0x000900dc	True
4124	0x00033925	0x00084310	3	0	0x00094310	True
4125	0x0003399f	0x00081c0e	3	0	0x00091c0e	True
4126	0x000339c3	0x00081c14	3	0	0x00091c14	True
4127	0x00081a54	0x00081a40	3	0	0x00091a40	True
4128	0x000339f5	0x00070180	3	0	0x00080180	True
4129	0x000339fd	0x00070184	3	0	0x00080184	True
4130	0x00033a02	0x000800b4	3	0	0x000900b4	True
4131	0x00033a07	0x00089b94	3	0	0x00099b94	True
4132	0x00033a2c	0x00081c31	3	0	0x00091c31	True
4133	0x00033a5a	0x00081cf0	3	0	0x00091cf0	True
4134	0x00033a99	0x00080bcc	3	0	0x00090bcc	True
4135	0x00033ac5	0x00071140	3	0	0x00081140	True
4136	0x00033b22	0x00033b28	3	0	0x00043b28	True
4137	0x00033b28	0x00033a80	3	0	0x00043a80	True
4138	0x00033b2c	0x00033a48	3	0	0x00043a48	True
4139	0x00033b30	0x00033a54	3	0	0x00043a54	True
4140	0x00033b34	0x00033a68	3	0	0x00043a68	True
4141	0x00033b38	0x00033a98	3	0	0x00043a98	True
4142	0x00033b3c	0x00033a8c	3	0	0x00043a8c	True
4143	0x00033b40	0x00033aac	3	0	0x00043aac	True
4144	0x00033b44	0x00033ac4	3	0	0x00043ac4	True
4145	0x00033b48	0x00033ab8	3	0	0x00043ab8	True
4146	0x00033b66	0x00081fc4	3	0	0x00091fc4	True
4147	0x00033b6b	0x00081c33	3	0	0x00091c33	True
4148	0x00033b85	0x00081fc8	3	0	0x00091fc8	True
4149	0x00033bbc	0x00081c39	3	0	0x00091c39	True
4150	0x00033bf4	0x00086a5e	3	0	0x00096a5e	True
4151	0x00033c03	0x00070184	3	0	0x00080184	True
4152	0x00033c0a	0x00070180	3	0	0x00080180	True
4153	0x00033c19	0x00081cec	3	0	0x00091cec	True
4154	0x00033c41	0x00080bcc	3	0	0x00090bcc	True
4155	0x00033c50	0x00081c3b	3	0	0x00091c3b	True
4156	0x00033cb7	0x00081c41	3	0	0x00091c41	True
4157	0x00033cef	0x00081c45	3	0	0x00091c45	True
4158	0x00033d3a	0x00080bcc	3	0	0x00090bcc	True
4159	0x00033d56	0x00081c4b	3	0	0x00091c4b	True
4160	0x00033d84	0x00081c56	3	0	0x00091c56	True
4161	0x00033da1	0x00081c5a	3	0	0x00091c5a	True
4162	0x00033de9	0x00081cec	3	0	0x00091cec	True
4163	0x00033dff	0x00086a58	3	0	0x00096a58	True
4164	0x00033e04	0x00081c5e	3	0	0x00091c5e	True
4165	0x00033e33	0x00081c64	3	0	0x00091c64	True
4166	0x00033e54	0x00080bcc	3	0	0x00090bcc	True
4167	0x00033e65	0x00071140	3	0	0x00081140	True
4168	0x00033e93	0x0008956c	3	0	0x0009956c	True
4169	0x00033e98	0x00081c70	3	0	0x00091c70	True
4170	0x00033ec5	0x00081c74	3	0	0x00091c74	True
4171	0x00033ed4	0x00071140	3	0	0x00081140	True
4172	0x00033ee9	0x00071140	3	0	0x00081140	True
4173	0x00033efc	0x00081c76	3	0	0x00091c76	True
4174	0x00033f17	0x00071140	3	0	0x00081140	True
4175	0x00033f34	0x00081c8f	3	0	0x00091c8f	True
4176	0x00033f59	0x00071140	3	0	0x00081140	True
4177	0x00033f8b	0x00071140	3	0	0x00081140	True
4178	0x00033fa2	0x00071140	3	0	0x00081140	True
4179	0x00033fb3	0x00081cec	3	0	0x00091cec	True
4180	0x00033fc0	0x00071140	3	0	0x00081140	True
4181	0x00033fda	0x00071140	3	0	0x00081140	True
4182	0x00033ff1	0x00071140	3	0	0x00081140	True
4183	0x0003402c	0x00081c93	3	0	0x00091c93	True
4184	0x0003403d	0x00071140	3	0	0x00081140	True
4185	0x00034048	0x00081caa	3	0	0x00091caa	True
4186	0x00034062	0x00081cb2	3	0	0x00091cb2	True
4187	0x00034069	0x00081cb9	3	0	0x00091cb9	True
4188	0x0003406f	0x00081cbd	3	0	0x00091cbd	True
4189	0x00034079	0x00071140	3	0	0x00081140	True
4190	0x00034099	0x00081cc7	3	0	0x00091cc7	True
4191	0x000340a5	0x00071140	3	0	0x00081140	True
4192	0x000340c5	0x00081cd6	3	0	0x00091cd6	True
4193	0x000340d7	0x00081cec	3	0	0x00091cec	True
4194	0x000340f4	0x000340f8	3	0	0x000440f8	True
4195	0x000340f8	0x00033cc0	3	0	0x00043cc0	True
4196	0x000340fc	0x000340d0	3	0	0x000440d0	True
4197	0x00034100	0x00034078	3	0	0x00044078	True
4198	0x00034104	0x000340d0	3	0	0x000440d0	True
4199	0x00034108	0x000340d0	3	0	0x000440d0	True
4200	0x0003410c	0x000340d0	3	0	0x000440d0	True
4201	0x00034110	0x000340d0	3	0	0x000440d0	True
4202	0x00034114	0x000340d0	3	0	0x000440d0	True
4203	0x00034118	0x00033c64	3	0	0x00043c64	True
4204	0x0003411c	0x00033d08	3	0	0x00043d08	True
4205	0x00034120	0x000340d0	3	0	0x000440d0	True
4206	0x00034124	0x00033d60	3	0	0x00043d60	True
4207	0x00034128	0x00033dc4	3	0	0x00043dc4	True
4208	0x0003412c	0x00033e10	3	0	0x00043e10	True
4209	0x00034130	0x000340d0	3	0	0x000440d0	True
4210	0x00034134	0x000340d0	3	0	0x000440d0	True
4211	0x00034138	0x00033f58	3	0	0x00043f58	True
4212	0x0003413c	0x00033cc0	3	0	0x00043cc0	True
4213	0x00034140	0x000340d0	3	0	0x000440d0	True
4214	0x00034144	0x000340d0	3	0	0x000440d0	True
4215	0x00034148	0x000340d0	3	0	0x000440d0	True
4216	0x0003414c	0x000340d0	3	0	0x000440d0	True
4217	0x00034150	0x000340d0	3	0	0x000440d0	True
4218	0x00034154	0x000340d0	3	0	0x000440d0	True
4219	0x00034158	0x000340d0	3	0	0x000440d0	True
4220	0x0003415c	0x000340d0	3	0	0x000440d0	True
4221	0x00034160	0x000340d0	3	0	0x000440d0	True
4222	0x00034164	0x000340d0	3	0	0x000440d0	True
4223	0x00034168	0x000340d0	3	0	0x000440d0	True
4224	0x0003416c	0x000340d0	3	0	0x000440d0	True
4225	0x00034170	0x000340a4	3	0	0x000440a4	True
4226	0x00034174	0x000340d0	3	0	0x000440d0	True
4227	0x00034178	0x000340d0	3	0	0x000440d0	True
4228	0x0003417c	0x000340d0	3	0	0x000440d0	True
4229	0x00034180	0x000340d0	3	0	0x000440d0	True
4230	0x00034184	0x00033d90	3	0	0x00043d90	True
4231	0x00034188	0x000340d0	3	0	0x000440d0	True
4232	0x0003418c	0x000340d0	3	0	0x000440d0	True
4233	0x00034190	0x000340d0	3	0	0x000440d0	True
4234	0x00034194	0x000340d0	3	0	0x000440d0	True
4235	0x00034198	0x00033cc0	3	0	0x00043cc0	True
4236	0x0003419c	0x000340d0	3	0	0x000440d0	True
4237	0x000341a0	0x000340d0	3	0	0x000440d0	True
4238	0x000341a4	0x00033b9c	3	0	0x00043b9c	True
4239	0x000341a8	0x000340d0	3	0	0x000440d0	True
4240	0x000341ac	0x000340d0	3	0	0x000440d0	True
4241	0x000341b0	0x000340d0	3	0	0x000440d0	True
4242	0x000341b4	0x000340d0	3	0	0x000440d0	True
4243	0x000341b8	0x00033e64	3	0	0x00043e64	True
4244	0x000341bc	0x000340d0	3	0	0x000440d0	True
4245	0x000341c0	0x000340d0	3	0	0x000440d0	True
4246	0x000341c4	0x000340d0	3	0	0x000440d0	True
4247	0x000341c8	0x000340d0	3	0	0x000440d0	True
4248	0x000341cc	0x000340d0	3	0	0x000440d0	True
4249	0x000341d0	0x00033c74	3	0	0x00043c74	True
4250	0x000341d4	0x00033c74	3	0	0x00043c74	True
4251	0x000341ee	0x00070184	3	0	0x00080184	True
4252	0x000341f6	0x00070180	3	0	0x00080180	True
4253	0x00034212	0x00070180	3	0	0x00080180	True
4254	0x0003421a	0x00070184	3	0	0x00080184	True
4255	0x00034225	0x00070184	3	0	0x00080184	True
4256	0x0003422d	0x00070180	3	0	0x00080180	True
4257	0x00034236	0x0008014c	3	0	0x0009014c	True
4258	0x00034249	0x00070180	3	0	0x00080180	True
4259	0x00034251	0x00070184	3	0	0x00080184	True
4260	0x00034266	0x00081ce7	3	0	0x00091ce7	True
4261	0x00034283	0x00081cec	3	0	0x00091cec	True
4262	0x000342a4	0x00087ab0	3	0	0x00097ab0	True
4263	0x000342ee	0x00081cec	3	0	0x00091cec	True
4264	0x0003430a	0x00071140	3	0	0x00081140	True
4265	0x00034312	0x00071140	3	0	0x00081140	True
4266	0x00034325	0x00081cfc	3	0	0x00091cfc	True
4267	0x0003434f	0x00087aac	3	0	0x00097aac	True
4268	0x00034354	0x00081d01	3	0	0x00091d01	True
4269	0x00034394	0x00081d05	3	0	0x00091d05	True
4270	0x000343c6	0x00081cec	3	0	0x00091cec	True
4271	0x000343f5	0x00081d09	3	0	0x00091d09	True
4272	0x00034409	0x00081d16	3	0	0x00091d16	True
4273	0x00034466	0x00081cec	3	0	0x00091cec	True
4274	0x000344a0	0x00081d1b	3	0	0x00091d1b	True
4275	0x000344bf	0x00081d1d	3	0	0x00091d1d	True
4276	0x000344e7	0x00081d28	3	0	0x00091d28	True
4277	0x0003452e	0x0003f8d0	3	0	0x0004f8d0	True
4278	0x00034558	0x0003455c	3	0	0x0004455c	True
4279	0x0003455c	0x000343e3	3	0	0x000443e3	True
4280	0x00034560	0x000342e7	3	0	0x000442e7	True
4281	0x00034564	0x000342e7	3	0	0x000442e7	True
4282	0x00034568	0x0003435c	3	0	0x0004435c	True
4283	0x0003456c	0x00034438	3	0	0x00044438	True
4284	0x00034570	0x000342e7	3	0	0x000442e7	True
4285	0x00034574	0x000342e7	3	0	0x000442e7	True
4286	0x00034578	0x000343a8	3	0	0x000443a8	True
4287	0x0003457c	0x000344d4	3	0	0x000444d4	True
4288	0x00034580	0x000344d4	3	0	0x000444d4	True
4289	0x000345a1	0x00080164	3	0	0x00090164	True
4290	0x00034612	0x000800bc	3	0	0x000900bc	True
4291	0x0003462b	0x00080ea8	3	0	0x00090ea8	True
4292	0x00034633	0x000800c4	3	0	0x000900c4	True
4293	0x00034638	0x00089b94	3	0	0x00099b94	True
4294	0x00034656	0x0003465c	3	0	0x0004465c	True
4295	0x0003465c	0x00034600	3	0	0x00044600	True
4296	0x00034660	0x00034611	3	0	0x00044611	True
4297	0x00034664	0x00034640	3	0	0x00044640	True
4298	0x00034668	0x00034600	3	0	0x00044600	True
4299	0x0003466c	0x00034611	3	0	0x00044611	True
4300	0x00034670	0x00034611	3	0	0x00044611	True
4301	0x00034674	0x00034618	3	0	0x00044618	True
4302	0x00034678	0x00034618	3	0	0x00044618	True
4303	0x0003467c	0x00034611	3	0	0x00044611	True
4304	0x00034680	0x00034611	3	0	0x00044611	True
4305	0x00034684	0x00034618	3	0	0x00044618	True
4306	0x00034702	0x00034708	3	0	0x00044708	True
4307	0x00034708	0x00034694	3	0	0x00044694	True
4308	0x0003470c	0x0003516c	3	0	0x0004516c	True
4309	0x00034710	0x000346a8	3	0	0x000446a8	True
4310	0x00034714	0x000346b4	3	0	0x000446b4	True
4311	0x00034718	0x0003516c	3	0	0x0004516c	True
4312	0x0003471c	0x0003516c	3	0	0x0004516c	True
4313	0x00034720	0x000346c4	3	0	0x000446c4	True
4314	0x00034724	0x000346cc	3	0	0x000446cc	True
4315	0x00034728	0x000346dc	3	0	0x000446dc	True
4316	0x0003472c	0x0003516c	3	0	0x0004516c	True
4317	0x00034730	0x000346d4	3	0	0x000446d4	True
4318	0x00034734	0x000346bc	3	0	0x000446bc	True
4319	0x00034744	0x00089880	3	0	0x00099880	True
4320	0x0003476f	0x00081d2c	3	0	0x00091d2c	True
4321	0x00034791	0x00080140	3	0	0x00090140	True
4322	0x000347d1	0x00081d37	3	0	0x00091d37	True
4323	0x00034812	0x00081d44	3	0	0x00091d44	True
4324	0x00034870	0x0008e730	3	0	0x0009e730	True
4325	0x00034881	0x00081d52	3	0	0x00091d52	True
4326	0x000348a8	0x0008e780	3	0	0x0009e780	True
4327	0x000348b9	0x00081d62	3	0	0x00091d62	True
4328	0x000348df	0x00081d72	3	0	0x00091d72	True
4329	0x00034942	0x00081d7e	3	0	0x00091d7e	True
4330	0x0003498c	0x00081d89	3	0	0x00091d89	True
4331	0x000349a3	0x00080bcc	3	0	0x00090bcc	True
4332	0x000349d9	0x00081d96	3	0	0x00091d96	True
4333	0x00034a1c	0x00081da1	3	0	0x00091da1	True
4334	0x00034a54	0x00081dac	3	0	0x00091dac	True
4335	0x00034a7d	0x00081db7	3	0	0x00091db7	True
4336	0x00034a9f	0x00081dc6	3	0	0x00091dc6	True
4337	0x00034ac7	0x00081dca	3	0	0x00091dca	True
4338	0x00034af2	0x00081dd7	3	0	0x00091dd7	True
4339	0x00034b26	0x00081de2	3	0	0x00091de2	True
4340	0x00034b4b	0x00081dee	3	0	0x00091dee	True
4341	0x00034b6c	0x00081720	3	0	0x00091720	True
4342	0x00034b8b	0x00081dfa	3	0	0x00091dfa	True
4343	0x00034bb1	0x00081e06	3	0	0x00091e06	True
4344	0x00034c3b	0x00081e11	3	0	0x00091e11	True
4345	0x00034c45	0x00081e12	3	0	0x00091e12	True
4346	0x00034c62	0x00081e1d	3	0	0x00091e1d	True
4347	0x00034c69	0x00081e2f	3	0	0x00091e2f	True
4348	0x00034c93	0x0008e5e8	3	0	0x0009e5e8	True
4349	0x00034ca1	0x00081e30	3	0	0x00091e30	True
4350	0x00034ccd	0x00081e3b	3	0	0x00091e3b	True
4351	0x00034cd9	0x000800d8	3	0	0x000900d8	True
4352	0x00034ce4	0x000800fc	3	0	0x000900fc	True
4353	0x00034cec	0x00070db0	3	0	0x00080db0	True
4354	0x00034cf8	0x000800fc	3	0	0x000900fc	True
4355	0x00034d00	0x00070dac	3	0	0x00080dac	True
4356	0x00034d0b	0x00070db0	3	0	0x00080db0	True
4357	0x00034d31	0x00081e48	3	0	0x00091e48	True
4358	0x00034d6b	0x00081e54	3	0	0x00091e54	True
4359	0x00034d8e	0x0008987c	3	0	0x0009987c	True
4360	0x00034d93	0x00081e60	3	0	0x00091e60	True
4361	0x00034dc9	0x00081e65	3	0	0x00091e65	True
4362	0x00034dfe	0x00081e70	3	0	0x00091e70	True
4363	0x00034e09	0x00080c04	3	0	0x00090c04	True
4364	0x00034e19	0x00080c04	3	0	0x00090c04	True
4365	0x00034e1e	0x00081e7b	3	0	0x00091e7b	True
4366	0x00034e29	0x00080c08	3	0	0x00090c08	True
4367	0x00034e39	0x00080c08	3	0	0x00090c08	True
4368	0x00034e3e	0x00081e87	3	0	0x00091e87	True
4369	0x00034e49	0x00080c00	3	0	0x00090c00	True
4370	0x00034e59	0x00080c00	3	0	0x00090c00	True
4371	0x00034e5e	0x00081e93	3	0	0x00091e93	True
4372	0x00034e69	0x000803cc	3	0	0x000903cc	True
4373	0x00034e72	0x00080b9c	3	0	0x00090b9c	True
4374	0x00034e92	0x00081e9f	3	0	0x00091e9f	True
4375	0x00034e9d	0x00085bdc	3	0	0x00095bdc	True
4376	0x00034eae	0x00085bdc	3	0	0x00095bdc	True
4377	0x00034eb4	0x00081eaa	3	0	0x00091eaa	True
4378	0x00034ec1	0x000800ec	3	0	0x000900ec	True
4379	0x00034ed1	0x000800ec	3	0	0x000900ec	True
4380	0x00034ed9	0x00081eb5	3	0	0x00091eb5	True
4381	0x00034ee1	0x00081eba	3	0	0x00091eba	True
4382	0x00034ee7	0x00081ebf	3	0	0x00091ebf	True
4383	0x00034ef2	0x00071150	3	0	0x00081150	True
4384	0x00034f02	0x00071150	3	0	0x00081150	True
4385	0x00034f07	0x00081eca	3	0	0x00091eca	True
4386	0x00034f29	0x00080bc4	3	0	0x00090bc4	True
4387	0x00034f39	0x00080bc4	3	0	0x00090bc4	True
4388	0x00034f3e	0x00081ed5	3	0	0x00091ed5	True
4389	0x00034f77	0x00081ee1	3	0	0x00091ee1	True
4390	0x00034f90	0x00034f94	3	0	0x00044f94	True
4391	0x00034f94	0x00034a88	3	0	0x00044a88	True
4392	0x00034f98	0x00035134	3	0	0x00045134	True
4393	0x00034f9c	0x00035134	3	0	0x00045134	True
4394	0x00034fa0	0x00035134	3	0	0x00045134	True
4395	0x00034fa4	0x00035134	3	0	0x00045134	True
4396	0x00034fa8	0x00035134	3	0	0x00045134	True
4397	0x00034fac	0x00035134	3	0	0x00045134	True
4398	0x00034fb0	0x00035134	3	0	0x00045134	True
4399	0x00034fb4	0x00034a60	3	0	0x00044a60	True
4400	0x00034fb8	0x00035134	3	0	0x00045134	True
4401	0x00034fbc	0x00035134	3	0	0x00045134	True
4402	0x00034fc0	0x00035134	3	0	0x00045134	True
4403	0x00034fc4	0x00035134	3	0	0x00045134	True
4404	0x00034fc8	0x00035134	3	0	0x00045134	True
4405	0x00034fcc	0x00035134	3	0	0x00045134	True
4406	0x00034fd0	0x00035134	3	0	0x00045134	True
4407	0x00034fd4	0x00035134	3	0	0x00045134	True
4408	0x00034fd8	0x00035134	3	0	0x00045134	True
4409	0x00034fdc	0x00035134	3	0	0x00045134	True
4410	0x00034fe0	0x00035134	3	0	0x00045134	True
4411	0x00034fe4	0x00035134	3	0	0x00045134	True
4412	0x00034fe8	0x00035134	3	0	0x00045134	True
4413	0x00034fec	0x00035134	3	0	0x00045134	True
4414	0x00034ff0	0x00035134	3	0	0x00045134	True
4415	0x00034ff4	0x00035134	3	0	0x00045134	True
4416	0x00034ff8	0x00035134	3	0	0x00045134	True
4417	0x00034ffc	0x00035134	3	0	0x00045134	True
4418	0x00035000	0x00035134	3	0	0x00045134	True
4419	0x00035004	0x00035134	3	0	0x00045134	True
4420	0x00035008	0x00035134	3	0	0x00045134	True
4421	0x0003500c	0x00035134	3	0	0x00045134	True
4422	0x00035010	0x00035134	3	0	0x00045134	True
4423	0x00035014	0x00035134	3	0	0x00045134	True
4424	0x00035018	0x00035134	3	0	0x00045134	True
4425	0x0003501c	0x00035134	3	0	0x00045134	True
4426	0x00035020	0x00035134	3	0	0x00045134	True
4427	0x00035024	0x00035134	3	0	0x00045134	True
4428	0x00035028	0x00035134	3	0	0x00045134	True
4429	0x0003502c	0x00035134	3	0	0x00045134	True
4430	0x00035030	0x00035134	3	0	0x00045134	True
4431	0x00035034	0x00035134	3	0	0x00045134	True
4432	0x00035038	0x00035134	3	0	0x00045134	True
4433	0x0003503c	0x00035134	3	0	0x00045134	True
4434	0x00035040	0x00035134	3	0	0x00045134	True
4435	0x00035044	0x00035134	3	0	0x00045134	True
4436	0x00035048	0x00035134	3	0	0x00045134	True
4437	0x0003504c	0x00035134	3	0	0x00045134	True
4438	0x00035050	0x00035134	3	0	0x00045134	True
4439	0x00035054	0x00035134	3	0	0x00045134	True
4440	0x00035058	0x00035134	3	0	0x00045134	True
4441	0x0003505c	0x00034750	3	0	0x00044750	True
4442	0x00035060	0x00034e08	3	0	0x00044e08	True
4443	0x00035064	0x00034e28	3	0	0x00044e28	True
4444	0x00035068	0x00034e48	3	0	0x00044e48	True
4445	0x0003506c	0x000348e8	3	0	0x000448e8	True
4446	0x00035070	0x00034e68	3	0	0x00044e68	True
4447	0x00035074	0x00035134	3	0	0x00045134	True
4448	0x00035078	0x00034f1c	3	0	0x00044f1c	True
4449	0x0003507c	0x00035134	3	0	0x00045134	True
4450	0x00035080	0x00035134	3	0	0x00045134	True
4451	0x00035084	0x00034e9c	3	0	0x00044e9c	True
4452	0x00035088	0x00034ec0	3	0	0x00044ec0	True
4453	0x0003508c	0x00034ef0	3	0	0x00044ef0	True
4454	0x00035090	0x00034bbc	3	0	0x00044bbc	True
4455	0x00035094	0x00035134	3	0	0x00045134	True
4456	0x00035098	0x00035134	3	0	0x00045134	True
4457	0x0003509c	0x00035134	3	0	0x00045134	True
4458	0x000350a0	0x00035134	3	0	0x00045134	True
4459	0x000350a4	0x00034f10	3	0	0x00044f10	True
4460	0x000350a8	0x00034f28	3	0	0x00044f28	True
4461	0x000350ac	0x00035134	3	0	0x00045134	True
4462	0x000350b0	0x00035134	3	0	0x00045134	True
4463	0x000350b4	0x00035134	3	0	0x00045134	True
4464	0x000350b8	0x00035134	3	0	0x00045134	True
4465	0x000350bc	0x00035134	3	0	0x00045134	True
4466	0x000350c0	0x00034f58	3	0	0x00044f58	True
4467	0x000350c4	0x00035134	3	0	0x00045134	True
4468	0x000350c8	0x00035134	3	0	0x00045134	True
4469	0x000350cc	0x00035134	3	0	0x00045134	True
4470	0x000350d0	0x00035134	3	0	0x00045134	True
4471	0x000350d4	0x00035134	3	0	0x00045134	True
4472	0x000350d8	0x00035134	3	0	0x00045134	True
4473	0x000350dc	0x00034778	3	0	0x00044778	True
4474	0x000350e0	0x00034828	3	0	0x00044828	True
4475	0x000350e4	0x00034888	3	0	0x00044888	True
4476	0x000350e8	0x000348c4	3	0	0x000448c4	True
4477	0x000350ec	0x0003494c	3	0	0x0004494c	True
4478	0x000350f0	0x000349bc	3	0	0x000449bc	True
4479	0x000350f4	0x000349e4	3	0	0x000449e4	True
4480	0x000350f8	0x00034afc	3	0	0x00044afc	True
4481	0x000350fc	0x00034ad0	3	0	0x00044ad0	True
4482	0x00035100	0x00034a28	3	0	0x00044a28	True
4483	0x00035104	0x00034aa8	3	0	0x00044aa8	True
4484	0x00035108	0x00034b30	3	0	0x00044b30	True
4485	0x0003510c	0x00034b54	3	0	0x00044b54	True
4486	0x00035110	0x00034b94	3	0	0x00044b94	True
4487	0x00035114	0x0003494c	3	0	0x0004494c	True
4488	0x00035118	0x00034c74	3	0	0x00044c74	True
4489	0x0003511c	0x00034cac	3	0	0x00044cac	True
4490	0x00035120	0x00034cd8	3	0	0x00044cd8	True
4491	0x00035124	0x00034d3c	3	0	0x00044d3c	True
4492	0x00035128	0x00034d74	3	0	0x00044d74	True
4493	0x0003512c	0x00034d9c	3	0	0x00044d9c	True
4494	0x00035130	0x00034dd4	3	0	0x00044dd4	True
4495	0x00035191	0x00081eee	3	0	0x00091eee	True
4496	0x000351a4	0x00081cf0	3	0	0x00091cf0	True
4497	0x000351ac	0x000800c4	3	0	0x000900c4	True
4498	0x000351b1	0x00089b94	3	0	0x00099b94	True
4499	0x000351c0	0x00081cf0	3	0	0x00091cf0	True
4500	0x0003522f	0x00081cec	3	0	0x00091cec	True
4501	0x00035247	0x00081cf8	3	0	0x00091cf8	True
4502	0x00035253	0x00081cf0	3	0	0x00091cf0	True
4503	0x0003525b	0x00081cf8	3	0	0x00091cf8	True
4504	0x00035263	0x00081ef2	3	0	0x00091ef2	True
4505	0x0003526a	0x00081ef0	3	0	0x00091ef0	True
4506	0x00035278	0x00081a24	3	0	0x00091a24	True
4507	0x00035281	0x0008014c	3	0	0x0009014c	True
4508	0x00081cec	0x00081c20	3	0	0x00091c20	True
4509	0x00081fc0	0x00081f00	3	0	0x00091f00	True
4510	0x00081fc4	0x00081f0f	3	0	0x00091f0f	True
4511	0x00081fc8	0x00081f17	3	0	0x00091f17	True
4512	0x00081fd0	0x00081f1b	3	0	0x00091f1b	True
4513	0x00081fd4	0x00081f23	3	0	0x00091f23	True
4514	0x00081fdc	0x00081f25	3	0	0x00091f25	True
4515	0x00081fe0	0x00081f2d	3	0	0x00091f2d	True
4516	0x00081fe8	0x00081f2f	3	0	0x00091f2f	True
4517	0x00081fec	0x00081f36	3	0	0x00091f36	True
4518	0x00081ff4	0x00081f37	3	0	0x00091f37	True
4519	0x00081ff8	0x00081f41	3	0	0x00091f41	True
4520	0x00082000	0x00081f44	3	0	0x00091f44	True
4521	0x00082004	0x00081f4b	3	0	0x00091f4b	True
4522	0x0008200c	0x00081f4d	3	0	0x00091f4d	True
4523	0x00082010	0x00081f54	3	0	0x00091f54	True
4524	0x00082018	0x00081f56	3	0	0x00091f56	True
4525	0x0008201c	0x00081f5f	3	0	0x00091f5f	True
4526	0x00082024	0x00081f60	3	0	0x00091f60	True
4527	0x00082028	0x00081f69	3	0	0x00091f69	True
4528	0x00082030	0x00081f6a	3	0	0x00091f6a	True
4529	0x00082034	0x00081f73	3	0	0x00091f73	True
4530	0x0008203c	0x00081f75	3	0	0x00091f75	True
4531	0x00082040	0x00081f80	3	0	0x00091f80	True
4532	0x00082048	0x00081f82	3	0	0x00091f82	True
4533	0x0008204c	0x00081f8f	3	0	0x00091f8f	True
4534	0x00082054	0x00081f91	3	0	0x00091f91	True
4535	0x00082058	0x00081f9c	3	0	0x00091f9c	True
4536	0x00082060	0x00081f9e	3	0	0x00091f9e	True
4537	0x00082064	0x00081fa5	3	0	0x00091fa5	True
4538	0x0008206c	0x00081fa7	3	0	0x00091fa7	True
4539	0x00082070	0x00081faf	3	0	0x00091faf	True
4540	0x00082078	0x00081fb1	3	0	0x00091fb1	True
4541	0x0008207c	0x00081fbb	3	0	0x00091fbb	True
4542	0x000352b4	0x00071154	3	0	0x00081154	True
4543	0x000352cc	0x000820ac	3	0	0x000920ac	True
4544	0x0003532f	0x000820a4	3	0	0x000920a4	True
4545	0x000354e2	0x00071154	3	0	0x00081154	True
4546	0x00035547	0x000820a8	3	0	0x000920a8	True
4547	0x00035573	0x000820a8	3	0	0x000920a8	True
4548	0x000355a3	0x0008d661	3	0	0x0009d661	True
4549	0x000355b2	0x0008d661	3	0	0x0009d661	True
4550	0x00035683	0x00070864	3	0	0x00080864	True
4551	0x0003568d	0x00070190	3	0	0x00080190	True
4552	0x000356ac	0x00070864	3	0	0x00080864	True
4553	0x000356b0	0x00070190	3	0	0x00080190	True
4554	0x000356fe	0x00070860	3	0	0x00080860	True
4555	0x000820a8	0x00082090	3	0	0x00092090	True
4556	0x00035797	0x000820b0	3	0	0x000920b0	True
4557	0x000357ae	0x000820b0	3	0	0x000920b0	True
4558	0x000357d1	0x000820b0	3	0	0x000920b0	True
4559	0x000357e8	0x000820b0	3	0	0x000920b0	True
4560	0x0003580e	0x000820b0	3	0	0x000920b0	True
4561	0x00035825	0x000820b0	3	0	0x000920b0	True
4562	0x00035836	0x000820b0	3	0	0x000920b0	True
4563	0x00035847	0x000820b0	3	0	0x000920b0	True
4564	0x0003585b	0x000820b0	3	0	0x000920b0	True
4565	0x0003586f	0x000820b0	3	0	0x000920b0	True
4566	0x00035895	0x000820b0	3	0	0x000920b0	True
4567	0x000358a9	0x000820b0	3	0	0x000920b0	True
4568	0x000358ba	0x000820b0	3	0	0x000920b0	True
4569	0x000358d4	0x000820b0	3	0	0x000920b0	True
4570	0x000358e6	0x000820b0	3	0	0x000920b0	True
4571	0x000358fa	0x000820b0	3	0	0x000920b0	True
4572	0x00035908	0x000820b0	3	0	0x000920b0	True
4573	0x0003591c	0x000820b0	3	0	0x000920b0	True
4574	0x0003592d	0x000820b0	3	0	0x000920b0	True
4575	0x00035941	0x000820b0	3	0	0x000920b0	True
4576	0x0003594f	0x000820b0	3	0	0x000920b0	True
4577	0x00035966	0x000820b0	3	0	0x000920b0	True
4578	0x00035b48	0x000820c0	3	0	0x000920c0	True
4579	0x00035b6d	0x000820ca	3	0	0x000920ca	True
4580	0x00035c71	0x000820d4	3	0	0x000920d4	True
4581	0x00035c9e	0x000820de	3	0	0x000920de	True
4582	0x00035ca9	0x000820ec	3	0	0x000920ec	True
4583	0x00035cdc	0x000820f0	3	0	0x000920f0	True
4584	0x00035ce3	0x000820e8	3	0	0x000920e8	True
4585	0x00035cea	0x000820f1	3	0	0x000920f1	True
4586	0x00035cfd	0x000820d4	3	0	0x000920d4	True
4587	0x00035d2a	0x000820f0	3	0	0x000920f0	True
4588	0x00035d32	0x000820f1	3	0	0x000920f1	True
4589	0x00035d92	0x000820f0	3	0	0x000920f0	True
4590	0x00035d9a	0x000820f1	3	0	0x000920f1	True
4591	0x00035e4d	0x000820f0	3	0	0x000920f0	True
4592	0x00035e54	0x000820f1	3	0	0x000920f1	True
4593	0x00035e84	0x000820f2	3	0	0x000920f2	True
4594	0x00035e8b	0x000820f2	3	0	0x000920f2	True
4595	0x00035e95	0x000820f4	3	0	0x000920f4	True
4596	0x00035e9c	0x000820f4	3	0	0x000920f4	True
4597	0x00035ea5	0x000820f2	3	0	0x000920f2	True
4598	0x00035ebc	0x000820ca	3	0	0x000920ca	True
4599	0x00035ec7	0x00080114	3	0	0x00090114	True
4600	0x00035ed7	0x000820ec	3	0	0x000920ec	True
4601	0x00035edd	0x000820ec	3	0	0x000920ec	True
4602	0x00035ee5	0x000820c0	3	0	0x000920c0	True
4603	0x00035ef0	0x00080114	3	0	0x00090114	True
4604	0x00035f00	0x000820ec	3	0	0x000920ec	True
4605	0x00035f06	0x000820ec	3	0	0x000920ec	True
4606	0x00035f10	0x000820ec	3	0	0x000920ec	True
4607	0x00035f1f	0x000820f0	3	0	0x000920f0	True
4608	0x00035f26	0x000820f1	3	0	0x000920f1	True
4609	0x00035f2f	0x000820ec	3	0	0x000920ec	True
4610	0x00035f3d	0x000820f0	3	0	0x000920f0	True
4611	0x00035f4b	0x000820f1	3	0	0x000920f1	True
4612	0x00035f73	0x00071124	3	0	0x00081124	True
4613	0x00035f85	0x00082114	3	0	0x00092114	True
4614	0x00035fb0	0x00082114	3	0	0x00092114	True
4615	0x00035fc2	0x00070284	3	0	0x00080284	True
4616	0x00035fea	0x00082114	3	0	0x00092114	True
4617	0x0003601f	0x00082114	3	0	0x00092114	True
4618	0x00036031	0x00070284	3	0	0x00080284	True
4619	0x0003603b	0x00070284	3	0	0x00080284	True
4620	0x00036067	0x00082114	3	0	0x00092114	True
4621	0x0003607a	0x00070284	3	0	0x00080284	True
4622	0x000360a7	0x00082114	3	0	0x00092114	True
4623	0x000360c2	0x00082118	3	0	0x00092118	True
4624	0x000360ca	0x00082118	3	0	0x00092118	True
4625	0x000360d4	0x00082118	3	0	0x00092118	True
4626	0x00036109	0x0008211c	3	0	0x0009211c	True
4627	0x0003610f	0x0008211c	3	0	0x0009211c	True
4628	0x00036120	0x00082114	3	0	0x00092114	True
4629	0x0003615c	0x00082118	3	0	0x00092118	True
4630	0x00036163	0x00082118	3	0	0x00092118	True
4631	0x0003627f	0x00082114	3	0	0x00092114	True
4632	0x0003640b	0x00082114	3	0	0x00092114	True
4633	0x000364b7	0x00082114	3	0	0x00092114	True
4634	0x00036599	0x0008f0f0	3	0	0x0009f0f0	True
4635	0x000365bf	0x0008f408	3	0	0x0009f408	True
4636	0x00036606	0x000814cc	3	0	0x000914cc	True
4637	0x00036611	0x0008f114	3	0	0x0009f114	True
4638	0x0003661d	0x0008f114	3	0	0x0009f114	True
4639	0x00036624	0x0008f138	3	0	0x0009f138	True
4640	0x00036630	0x0008f138	3	0	0x0009f138	True
4641	0x0003665e	0x00082118	3	0	0x00092118	True
4642	0x00036668	0x0008211c	3	0	0x0009211c	True
4643	0x00036751	0x0008f0f0	3	0	0x0009f0f0	True
4644	0x0003675f	0x0008f408	3	0	0x0009f408	True
4645	0x000367d0	0x0008f0f0	3	0	0x0009f0f0	True
4646	0x000367df	0x0008f408	3	0	0x0009f408	True
4647	0x00036837	0x00082114	3	0	0x00092114	True
4648	0x000368e7	0x00082154	3	0	0x00092154	True
4649	0x0003690f	0x00082174	3	0	0x00092174	True
4650	0x0003691a	0x00070260	3	0	0x00080260	True
4651	0x00036922	0x00070268	3	0	0x00080268	True
4652	0x00036938	0x0008f0f0	3	0	0x0009f0f0	True
4653	0x00036947	0x0008f408	3	0	0x0009f408	True
4654	0x00036963	0x00082114	3	0	0x00092114	True
4655	0x000369a8	0x00082114	3	0	0x00092114	True
4656	0x000369f3	0x00070d9c	3	0	0x00080d9c	True
4657	0x00036a0f	0x00082114	3	0	0x00092114	True
4658	0x00036aa0	0x00087ab0	3	0	0x00097ab0	True
4659	0x00036b69	0x00082114	3	0	0x00092114	True
4660	0x00036b88	0x00082114	3	0	0x00092114	True
4661	0x00036ca0	0x00082114	3	0	0x00092114	True
4662	0x00036cf3	0x00082114	3	0	0x00092114	True
4663	0x00036e29	0x000711c0	3	0	0x000811c0	True
4664	0x00036e62	0x000711c0	3	0	0x000811c0	True
4665	0x00036e72	0x00090044	3	0	0x000a0044	True
4666	0x00036e7f	0x00036df0	3	0	0x00046df0	True
4667	0x00036ea1	0x000711c0	3	0	0x000811c0	True
4668	0x00036ec3	0x000711c0	3	0	0x000811c0	True
4669	0x00036f23	0x00082114	3	0	0x00092114	True
4670	0x00036f6d	0x00082114	3	0	0x00092114	True
4671	0x00036fe0	0x0008f0f0	3	0	0x0009f0f0	True
4672	0x00036ffb	0x0008f408	3	0	0x0009f408	True
4673	0x00037008	0x00082114	3	0	0x00092114	True
4674	0x0003708f	0x00090044	3	0	0x000a0044	True
4675	0x000370cc	0x00090044	3	0	0x000a0044	True
4676	0x000370e4	0x000711c0	3	0	0x000811c0	True
4677	0x00037176	0x00090044	3	0	0x000a0044	True
4678	0x0003717f	0x000711c0	3	0	0x000811c0	True
4679	0x000371b8	0x00082184	3	0	0x00092184	True
4680	0x000371c0	0x00082188	3	0	0x00092188	True
4681	0x000371d7	0x00070304	3	0	0x00080304	True
4682	0x00037219	0x00082184	3	0	0x00092184	True
4683	0x00037224	0x00082188	3	0	0x00092188	True
4684	0x0003722b	0x00070304	3	0	0x00080304	True
4685	0x0003723e	0x00082114	3	0	0x00092114	True
4686	0x0003724d	0x00082184	3	0	0x00092184	True
4687	0x00037252	0x00082188	3	0	0x00092188	True
4688	0x00037257	0x00070304	3	0	0x00080304	True
4689	0x00037263	0x00082184	3	0	0x00092184	True
4690	0x00037268	0x00082188	3	0	0x00092188	True
4691	0x0003726d	0x00070304	3	0	0x00080304	True
4692	0x0003729f	0x00082114	3	0	0x00092114	True
4693	0x000372ed	0x00082114	3	0	0x00092114	True
4694	0x00037366	0x00070260	3	0	0x00080260	True
4695	0x0003739a	0x00082114	3	0	0x00092114	True
4696	0x000373d2	0x00082114	3	0	0x00092114	True
4697	0x000373e6	0x00080b9c	3	0	0x00090b9c	True
4698	0x0003740d	0x00071124	3	0	0x00081124	True
4699	0x000374dc	0x000711c0	3	0	0x000811c0	True
4700	0x000374f8	0x000711cc	3	0	0x000811cc	True
4701	0x00037502	0x000711c0	3	0	0x000811c0	True
4702	0x00037536	0x00082114	3	0	0x00092114	True
4703	0x0003759e	0x00082114	3	0	0x00092114	True
4704	0x000375c5	0x00082114	3	0	0x00092114	True
4705	0x000375fb	0x00071140	3	0	0x00081140	True
4706	0x000376ad	0x000711cc	3	0	0x000811cc	True
4707	0x00037773	0x00082114	3	0	0x00092114	True
4708	0x00037796	0x00082114	3	0	0x00092114	True
4709	0x000377ac	0x00071140	3	0	0x00081140	True
4710	0x0003781f	0x00082114	3	0	0x00092114	True
4711	0x00037846	0x00082114	3	0	0x00092114	True
4712	0x0003787c	0x0008f0f0	3	0	0x0009f0f0	True
4713	0x000378b4	0x0008f408	3	0	0x0009f408	True
4714	0x000378f5	0x00082114	3	0	0x00092114	True
4715	0x00037943	0x00082114	3	0	0x00092114	True
4716	0x0003796a	0x0008218c	3	0	0x0009218c	True
4717	0x0003796f	0x000576f2	3	0	0x000676f2	True
4718	0x0003799c	0x0008f0f0	3	0	0x0009f0f0	True
4719	0x000379bc	0x00082195	3	0	0x00092195	True
4720	0x000379c1	0x000576f2	3	0	0x000676f2	True
4721	0x00037a30	0x0008f408	3	0	0x0009f408	True
4722	0x00037adc	0x0008f0f0	3	0	0x0009f0f0	True
4723	0x00037af7	0x0008f408	3	0	0x0009f408	True
4724	0x00037b84	0x0008f0f0	3	0	0x0009f0f0	True
4725	0x00037bc5	0x00071114	3	0	0x00081114	True
4726	0x00037bf3	0x0008f210	3	0	0x0009f210	True
4727	0x00037c29	0x00071110	3	0	0x00081110	True
4728	0x00037c7f	0x0008f0f0	3	0	0x0009f0f0	True
4729	0x00037c8f	0x0008f210	3	0	0x0009f210	True
4730	0x00037ce5	0x000821a0	3	0	0x000921a0	True
4731	0x00037cf9	0x00082114	3	0	0x00092114	True
4732	0x00037d0d	0x00070d9c	3	0	0x00080d9c	True
4733	0x00037d81	0x000821a0	3	0	0x000921a0	True
4734	0x00037e29	0x00082114	3	0	0x00092114	True
4735	0x00037e3e	0x000821a8	3	0	0x000921a8	True
4736	0x00037e68	0x00082114	3	0	0x00092114	True
4737	0x00037ea3	0x00082114	3	0	0x00092114	True
4738	0x00037ebf	0x000821a0	3	0	0x000921a0	True
4739	0x00037ee2	0x00082230	3	0	0x00092230	True
4740	0x00037eeb	0x0008f0f0	3	0	0x0009f0f0	True
4741	0x00037fa7	0x0008f210	3	0	0x0009f210	True
4742	0x00037fdd	0x00082114	3	0	0x00092114	True
4743	0x00038199	0x00082230	3	0	0x00092230	True
4744	0x000381a7	0x0008223c	3	0	0x0009223c	True
4745	0x000381c7	0x00082114	3	0	0x00092114	True
4746	0x0003824b	0x00082114	3	0	0x00092114	True
4747	0x00038303	0x00082114	3	0	0x00092114	True
4748	0x000383a5	0x00082114	3	0	0x00092114	True
4749	0x000383d5	0x00087ab0	3	0	0x00097ab0	True
4750	0x00038490	0x00082114	3	0	0x00092114	True
4751	0x000384e6	0x00082114	3	0	0x00092114	True
4752	0x000386cf	0x00082114	3	0	0x00092114	True
4753	0x00038839	0x0008f0f0	3	0	0x0009f0f0	True
4754	0x00038847	0x0008f210	3	0	0x0009f210	True
4755	0x000388c3	0x00082114	3	0	0x00092114	True
4756	0x00038a3f	0x00082114	3	0	0x00092114	True
4757	0x00038ad5	0x00082114	3	0	0x00092114	True
4758	0x00038b3b	0x00082114	3	0	0x00092114	True
4759	0x00038c4c	0x00082114	3	0	0x00092114	True
4760	0x00038c71	0x0008f0f0	3	0	0x0009f0f0	True
4761	0x00038c9c	0x0008f408	3	0	0x0009f408	True
4762	0x00038d9c	0x0008f0f0	3	0	0x0009f0f0	True
4763	0x00038e22	0x00082114	3	0	0x00092114	True
4764	0x00038e3f	0x0008f408	3	0	0x0009f408	True
4765	0x00038ec9	0x0008f0f0	3	0	0x0009f0f0	True
4766	0x00038f2b	0x0008f408	3	0	0x0009f408	True
4767	0x00039032	0x00082114	3	0	0x00092114	True
4768	0x000390a3	0x0008f0f0	3	0	0x0009f0f0	True
4769	0x0003913b	0x0008f210	3	0	0x0009f210	True
4770	0x0003921f	0x0008f0f0	3	0	0x0009f0f0	True
4771	0x0003929f	0x0008f210	3	0	0x0009f210	True
4772	0x000392dd	0x00090044	3	0	0x000a0044	True
4773	0x00039301	0x00090045	3	0	0x000a0045	True
4774	0x00039345	0x00082114	3	0	0x00092114	True
4775	0x000393d8	0x00090044	3	0	0x000a0044	True
4776	0x000393e8	0x000393b8	3	0	0x000493b8	True
4777	0x00039413	0x00082114	3	0	0x00092114	True
4778	0x0003948f	0x00082114	3	0	0x00092114	True
4779	0x00039566	0x00082114	3	0	0x00092114	True
4780	0x00039621	0x00071140	3	0	0x00081140	True
4781	0x0003967e	0x00071110	3	0	0x00081110	True
4782	0x000396ea	0x00071114	3	0	0x00081114	True
4783	0x0003972d	0x00071140	3	0	0x00081140	True
4784	0x0003975c	0x00090044	3	0	0x000a0044	True
4785	0x0003976c	0x000393b8	3	0	0x000493b8	True
4786	0x000397b9	0x00090044	3	0	0x000a0044	True
4787	0x00039803	0x00090045	3	0	0x000a0045	True
4788	0x0003984e	0x00082114	3	0	0x00092114	True
4789	0x000398f9	0x00082114	3	0	0x00092114	True
4790	0x0003993a	0x00071140	3	0	0x00081140	True
4791	0x000399bb	0x00082114	3	0	0x00092114	True
4792	0x000399ca	0x0008f0f0	3	0	0x0009f0f0	True
4793	0x00039a7b	0x0008f408	3	0	0x0009f408	True
4794	0x00039aeb	0x00071114	3	0	0x00081114	True
4795	0x00039af3	0x00071110	3	0	0x00081110	True
4796	0x00039b0e	0x000711cc	3	0	0x000811cc	True
4797	0x00039b88	0x00082114	3	0	0x00092114	True
4798	0x00039ca7	0x00082114	3	0	0x00092114	True
4799	0x00039d4b	0x00082114	3	0	0x00092114	True
4800	0x00039e75	0x00086208	3	0	0x00096208	True
4801	0x00039ec8	0x00082114	3	0	0x00092114	True
4802	0x00039f99	0x00082114	3	0	0x00092114	True
4803	0x00039fd1	0x00082114	3	0	0x00092114	True
4804	0x0003a049	0x0008f0f0	3	0	0x0009f0f0	True
4805	0x0003a11b	0x0008f408	3	0	0x0009f408	True
4806	0x0003a1c1	0x00090044	3	0	0x000a0044	True
4807	0x0003a1f8	0x000711cc	3	0	0x000811cc	True
4808	0x0003a2f6	0x0008223c	3	0	0x0009223c	True
4809	0x0003a30f	0x00082114	3	0	0x00092114	True
4810	0x0003a34f	0x00070260	3	0	0x00080260	True
4811	0x0003a467	0x00082114	3	0	0x00092114	True
4812	0x0003a47a	0x0008f210	3	0	0x0009f210	True
4813	0x0003a53f	0x00082114	3	0	0x00092114	True
4814	0x0003a569	0x00082114	3	0	0x00092114	True
4815	0x0003a603	0x00071140	3	0	0x00081140	True
4816	0x0003a623	0x00071140	3	0	0x00081140	True
4817	0x0003a6ba	0x00082114	3	0	0x00092114	True
4818	0x0003a6e8	0x0008f0f0	3	0	0x0009f0f0	True
4819	0x0003a71f	0x00082114	3	0	0x00092114	True
4820	0x0003a826	0x00090044	3	0	0x000a0044	True
4821	0x0003a837	0x00082114	3	0	0x00092114	True
4822	0x0003a940	0x00082114	3	0	0x00092114	True
4823	0x0003aa2b	0x00070260	3	0	0x00080260	True
4824	0x0003aa48	0x0008228b	3	0	0x0009228b	True
4825	0x0003aa52	0x00082288	3	0	0x00092288	True
4826	0x0003aa58	0x00070260	3	0	0x00080260	True
4827	0x0003aa7d	0x00070268	3	0	0x00080268	True
4828	0x0003ab08	0x00090044	3	0	0x000a0044	True
4829	0x0003ab19	0x00082114	3	0	0x00092114	True
4830	0x0003ab71	0x00070260	3	0	0x00080260	True
4831	0x0003aba1	0x0008226e	3	0	0x0009226e	True
4832	0x0003abcb	0x00070260	3	0	0x00080260	True
4833	0x0003abe0	0x00070260	3	0	0x00080260	True
4834	0x0003abe5	0x0008226c	3	0	0x0009226c	True
4835	0x0003ac00	0x00070260	3	0	0x00080260	True
4836	0x0003ac15	0x00070260	3	0	0x00080260	True
4837	0x0003ac1a	0x0008226c	3	0	0x0009226c	True
4838	0x0003ae15	0x00070d9c	3	0	0x00080d9c	True
4839	0x0003aebf	0x00082114	3	0	0x00092114	True
4840	0x0003aec4	0x00082241	3	0	0x00092241	True
4841	0x0003af93	0x00082290	3	0	0x00092290	True
4842	0x0003b091	0x00090044	3	0	0x000a0044	True
4843	0x0003b0a2	0x00082114	3	0	0x00092114	True
4844	0x0003b114	0x000711c8	3	0	0x000811c8	True
4845	0x0003b11d	0x0008f0fc	3	0	0x0009f0fc	True
4846	0x0003b13b	0x0008226e	3	0	0x0009226e	True
4847	0x0003b148	0x00082278	3	0	0x00092278	True
4848	0x0003b166	0x0008227a	3	0	0x0009227a	True
4849	0x0003b19d	0x0008227a	3	0	0x0009227a	True
4850	0x0003b1c4	0x0008227a	3	0	0x0009227a	True
4851	0x0003b1c9	0x0008226c	3	0	0x0009226c	True
4852	0x0003b1e9	0x0008228b	3	0	0x0009228b	True
4853	0x0003b1f3	0x00082288	3	0	0x00092288	True
4854	0x0003b205	0x0008227a	3	0	0x0009227a	True
4855	0x0003b219	0x0008227a	3	0	0x0009227a	True
4856	0x0003b21e	0x0008226c	3	0	0x0009226c	True
4857	0x0003b239	0x00082280	3	0	0x00092280	True
4858	0x0003b259	0x00082114	3	0	0x00092114	True
4859	0x0003b2e4	0x00082114	3	0	0x00092114	True
4860	0x0003b48b	0x00080ba8	3	0	0x00090ba8	True
4861	0x0003b5e2	0x00082114	3	0	0x00092114	True
4862	0x0003b5e7	0x0008229d	3	0	0x0009229d	True
4863	0x0003b618	0x00082114	3	0	0x00092114	True
4864	0x0003b61d	0x000822b9	3	0	0x000922b9	True
4865	0x0003b656	0x00082114	3	0	0x00092114	True
4866	0x0003b65b	0x000822da	3	0	0x000922da	True
4867	0x0003b68a	0x00090044	3	0	0x000a0044	True
4868	0x0003b6b1	0x00090045	3	0	0x000a0045	True
4869	0x0003b6e3	0x00090044	3	0	0x000a0044	True
4870	0x0003b6f8	0x0003b66c	3	0	0x0004b66c	True
4871	0x0003b712	0x00090044	3	0	0x000a0044	True
4872	0x0003b71f	0x000392c0	3	0	0x000492c0	True
4873	0x0003b75e	0x000822ea	3	0	0x000922ea	True
4874	0x0003b791	0x000822ee	3	0	0x000922ee	True
4875	0x0003b7ac	0x00071110	3	0	0x00081110	True
4876	0x0003b84a	0x0008f0f0	3	0	0x0009f0f0	True
4877	0x0003b857	0x0008f408	3	0	0x0009f408	True
4878	0x0003b8b2	0x00090044	3	0	0x000a0044	True
4879	0x0003b8c0	0x00082114	3	0	0x00092114	True
4880	0x0003b926	0x00082114	3	0	0x00092114	True
4881	0x0003b987	0x00082114	3	0	0x00092114	True
4882	0x0003bb68	0x00071160	3	0	0x00081160	True
4883	0x0003bb73	0x0007116c	3	0	0x0008116c	True
4884	0x0003bb84	0x00071164	3	0	0x00081164	True
4885	0x0003bb9b	0x00071168	3	0	0x00081168	True
4886	0x0003bbb0	0x000822f8	3	0	0x000922f8	True
4887	0x0003bbbc	0x00071160	3	0	0x00081160	True
4888	0x0003bbc5	0x00071168	3	0	0x00081168	True
4889	0x0003bbce	0x00071164	3	0	0x00081164	True
4890	0x0003bbd7	0x0007116c	3	0	0x0008116c	True
4891	0x0003bbdc	0x000822f8	3	0	0x000922f8	True
4892	0x0003bbeb	0x000822f8	3	0	0x000922f8	True
4893	0x0003bc0c	0x00071160	3	0	0x00081160	True
4894	0x0003bc17	0x0007116c	3	0	0x0008116c	True
4895	0x0003bc28	0x00071164	3	0	0x00081164	True
4896	0x0003bc3f	0x00071168	3	0	0x00081168	True
4897	0x0003bc4d	0x00071160	3	0	0x00081160	True
4898	0x0003bc5c	0x00071168	3	0	0x00081168	True
4899	0x0003bc62	0x00071164	3	0	0x00081164	True
4900	0x0003bc68	0x0007116c	3	0	0x0008116c	True
4901	0x0003bc91	0x00071160	3	0	0x00081160	True
4902	0x0003bca0	0x00071168	3	0	0x00081168	True
4903	0x0003bca6	0x00071164	3	0	0x00081164	True
4904	0x0003bcb5	0x000822f8	3	0	0x000922f8	True
4905	0x0003bcc0	0x0008f0f0	3	0	0x0009f0f0	True
4906	0x0003bccf	0x0008f408	3	0	0x0009f408	True
4907	0x0003bd17	0x000822fe	3	0	0x000922fe	True
4908	0x0003bd1f	0x00082300	3	0	0x00092300	True
4909	0x0003bd27	0x00082302	3	0	0x00092302	True
4910	0x0003bd2e	0x000822fc	3	0	0x000922fc	True
4911	0x0003bd67	0x00084310	3	0	0x00094310	True
4912	0x0003bd70	0x00084310	3	0	0x00094310	True
4913	0x0003bda6	0x0003bdac	3	0	0x0004bdac	True
4914	0x0003bdac	0x0003bd88	3	0	0x0004bd88	True
4915	0x0003bdb0	0x0003bd88	3	0	0x0004bd88	True
4916	0x0003bdb4	0x0003bd90	3	0	0x0004bd90	True
4917	0x0003bdb8	0x0003bd90	3	0	0x0004bd90	True
4918	0x0003bdbc	0x0003bd90	3	0	0x0004bd90	True
4919	0x0003bdc0	0x0003bd90	3	0	0x0004bd90	True
4920	0x0003bdc4	0x0003bd90	3	0	0x0004bd90	True
4921	0x0003bdc8	0x0003bd90	3	0	0x0004bd90	True
4922	0x0003bdcc	0x0003bd90	3	0	0x0004bd90	True
4923	0x0003bdd0	0x0003bd90	3	0	0x0004bd90	True
4924	0x0003bdd4	0x0003bd90	3	0	0x0004bd90	True
4925	0x0003bdd8	0x0003bd90	3	0	0x0004bd90	True
4926	0x0003bddc	0x0003bd90	3	0	0x0004bd90	True
4927	0x0003bde0	0x0003bd90	3	0	0x0004bd90	True
4928	0x0003bde4	0x0003bd88	3	0	0x0004bd88	True
4929	0x0003bde8	0x0003bd88	3	0	0x0004bd88	True
4930	0x0003bdec	0x0003bd90	3	0	0x0004bd90	True
4931	0x0003bdf0	0x0003bd88	3	0	0x0004bd88	True
4932	0x0003bdf4	0x0003bd90	3	0	0x0004bd90	True
4933	0x0003bdf8	0x0003bd90	3	0	0x0004bd90	True
4934	0x0003bdfc	0x0003bd88	3	0	0x0004bd88	True
4935	0x0003be00	0x0003bd88	3	0	0x0004bd88	True
4936	0x0003be2e	0x000711c8	3	0	0x000811c8	True
4937	0x0003be36	0x000711c0	3	0	0x000811c0	True
4938	0x0003be3f	0x0007111c	3	0	0x0008111c	True
4939	0x0003be46	0x0007111c	3	0	0x0008111c	True
4940	0x0003be56	0x00071140	3	0	0x00081140	True
4941	0x0003be96	0x00080198	3	0	0x00090198	True
4942	0x0003beb1	0x00070d9c	3	0	0x00080d9c	True
4943	0x0003beb8	0x0008f0f0	3	0	0x0009f0f0	True
4944	0x0003bef2	0x00071120	3	0	0x00081120	True
4945	0x0003befe	0x00071120	3	0	0x00081120	True
4946	0x0003bf1a	0x00071120	3	0	0x00081120	True
4947	0x0003bfb2	0x0008f408	3	0	0x0009f408	True
4948	0x0003bfe7	0x0008f0f0	3	0	0x0009f0f0	True
4949	0x0003c01b	0x0008f408	3	0	0x0009f408	True
4950	0x0003c049	0x0008f0f0	3	0	0x0009f0f0	True
4951	0x0003c069	0x000711c8	3	0	0x000811c8	True
4952	0x0003c09d	0x0008f408	3	0	0x0009f408	True
4953	0x0003c0a6	0x0008f0f0	3	0	0x0009f0f0	True
4954	0x0003c0d6	0x0008f408	3	0	0x0009f408	True
4955	0x0003c0e4	0x000711cc	3	0	0x000811cc	True
4956	0x0003c0ff	0x00082114	3	0	0x00092114	True
4957	0x0003c1c7	0x00082114	3	0	0x00092114	True
4958	0x0003c238	0x00082114	3	0	0x00092114	True
4959	0x0003c293	0x00090044	3	0	0x000a0044	True
4960	0x0003c2ab	0x00082304	3	0	0x00092304	True
4961	0x0003c2b7	0x00082306	3	0	0x00092306	True
4962	0x0003c2c3	0x00082304	3	0	0x00092304	True
4963	0x0003c2d3	0x00082307	3	0	0x00092307	True
4964	0x0003c2de	0x00082304	3	0	0x00092304	True
4965	0x0003c317	0x0008230c	3	0	0x0009230c	True
4966	0x0003c328	0x0008230e	3	0	0x0009230e	True
4967	0x0003c33b	0x0008230c	3	0	0x0009230c	True
4968	0x0003c34b	0x0008230f	3	0	0x0009230f	True
4969	0x0003c356	0x0008230c	3	0	0x0009230c	True
4970	0x0003c41b	0x0008232c	3	0	0x0009232c	True
4971	0x0003c427	0x00082320	3	0	0x00092320	True
4972	0x0003c453	0x00082316	3	0	0x00092316	True
4973	0x0003c45f	0x00082318	3	0	0x00092318	True
4974	0x0003c46d	0x0008231c	3	0	0x0009231c	True
4975	0x0003c474	0x00082314	3	0	0x00092314	True
4976	0x0003c483	0x00082322	3	0	0x00092322	True
4977	0x0003c48a	0x00082320	3	0	0x00092320	True
4978	0x0003c49e	0x00082306	3	0	0x00092306	True
4979	0x0003c4b3	0x00070d9c	3	0	0x00080d9c	True
4980	0x0003c4fb	0x0008233a	3	0	0x0009233a	True
4981	0x0003c502	0x00082338	3	0	0x00092338	True
4982	0x0003c51f	0x0008230c	3	0	0x0009230c	True
4983	0x0003c530	0x0008230e	3	0	0x0009230e	True
4984	0x0003c543	0x0008230c	3	0	0x0009230c	True
4985	0x0003c553	0x0008230f	3	0	0x0009230f	True
4986	0x0003c55e	0x0008230c	3	0	0x0009230c	True
4987	0x0003c582	0x00082114	3	0	0x00092114	True
4988	0x0003c595	0x00082306	3	0	0x00092306	True
4989	0x0003c5af	0x00070d9c	3	0	0x00080d9c	True
4990	0x0003c5e8	0x00082114	3	0	0x00092114	True
4991	0x0003c5f7	0x00082307	3	0	0x00092307	True
4992	0x0003c60c	0x00070d9c	3	0	0x00080d9c	True
4993	0x0003c645	0x00082114	3	0	0x00092114	True
4994	0x0003c671	0x00082307	3	0	0x00092307	True
4995	0x0003c682	0x00082307	3	0	0x00092307	True
4996	0x0003c69c	0x00082304	3	0	0x00092304	True
4997	0x0003c6bf	0x00082306	3	0	0x00092306	True
4998	0x0003c6cf	0x00082304	3	0	0x00092304	True
4999	0x0003c6f8	0x00082307	3	0	0x00092307	True
5000	0x0003c730	0x00082114	3	0	0x00092114	True
5001	0x0003c748	0x0008230e	3	0	0x0009230e	True
5002	0x0003c74e	0x00082304	3	0	0x00092304	True
5003	0x0003c754	0x00082307	3	0	0x00092307	True
5004	0x0003c759	0x00082306	3	0	0x00092306	True
5005	0x0003c763	0x0008230c	3	0	0x0009230c	True
5006	0x0003c76c	0x00082304	3	0	0x00092304	True
5007	0x0003c78d	0x0008f0f0	3	0	0x0009f0f0	True
5008	0x0003c7aa	0x0008f408	3	0	0x0009f408	True
5009	0x0003c7b2	0x000711c4	3	0	0x000811c4	True
5010	0x0003c7d2	0x000711c4	3	0	0x000811c4	True
5011	0x0003c7f9	0x000711c4	3	0	0x000811c4	True
5012	0x0003c833	0x000711c4	3	0	0x000811c4	True
5013	0x0003c8ba	0x000711c4	3	0	0x000811c4	True
5014	0x0003c8ce	0x000711c4	3	0	0x000811c4	True
5015	0x0003c8ef	0x0008f0f0	3	0	0x0009f0f0	True
5016	0x0003c901	0x000711c4	3	0	0x000811c4	True
5017	0x0003c91e	0x0008f408	3	0	0x0009f408	True
5018	0x0003c926	0x000711c4	3	0	0x000811c4	True
5019	0x0003c939	0x0008f0f0	3	0	0x0009f0f0	True
5020	0x0003c993	0x0008f408	3	0	0x0009f408	True
5021	0x0003c9d1	0x0008f0f0	3	0	0x0009f0f0	True
5022	0x0003ca02	0x0008f408	3	0	0x0009f408	True
5023	0x0003ca15	0x0008f0f0	3	0	0x0009f0f0	True
5024	0x0003ca3d	0x00082114	3	0	0x00092114	True
5025	0x0003ca53	0x0008f408	3	0	0x0009f408	True
5026	0x0003cb06	0x0008233f	3	0	0x0009233f	True
5027	0x0003cb44	0x0008234b	3	0	0x0009234b	True
5028	0x0003cb83	0x00082355	3	0	0x00092355	True
5029	0x0003cbca	0x0008235c	3	0	0x0009235c	True
5030	0x0003cc09	0x00082366	3	0	0x00092366	True
5031	0x0003cc20	0x0008236c	3	0	0x0009236c	True
5032	0x0003cc36	0x0008236f	3	0	0x0009236f	True
5033	0x0003cc5b	0x00082385	3	0	0x00092385	True
5034	0x0003cc65	0x00082379	3	0	0x00092379	True
5035	0x0003cc71	0x00082389	3	0	0x00092389	True
5036	0x0003cc86	0x0008238c	3	0	0x0009238c	True
5037	0x0003cc9b	0x0008238f	3	0	0x0009238f	True
5038	0x0003ccb0	0x00082392	3	0	0x00092392	True
5039	0x0003ccc5	0x00082395	3	0	0x00092395	True
5040	0x0003ccda	0x00082398	3	0	0x00092398	True
5041	0x0003cce6	0x0008239b	3	0	0x0009239b	True
5042	0x0003ccfb	0x0008239e	3	0	0x0009239e	True
5043	0x0003cd14	0x000823a0	3	0	0x000923a0	True
5044	0x0003cd25	0x0008237d	3	0	0x0009237d	True
5045	0x0003cd31	0x00082381	3	0	0x00092381	True
5046	0x0003cd51	0x000823a2	3	0	0x000923a2	True
5047	0x0003cd5e	0x000823a9	3	0	0x000923a9	True
5048	0x0003cd75	0x0008f0f0	3	0	0x0009f0f0	True
5049	0x0003cdae	0x000823ab	3	0	0x000923ab	True
5050	0x0003cdbb	0x000823ce	3	0	0x000923ce	True
5051	0x0003cdd1	0x000823d0	3	0	0x000923d0	True
5052	0x0003cdde	0x000823d3	3	0	0x000923d3	True
5053	0x0003cdeb	0x000823d6	3	0	0x000923d6	True
5054	0x0003ce0d	0x000823d8	3	0	0x000923d8	True
5055	0x0003ce2f	0x0008f408	3	0	0x0009f408	True
5056	0x0003ce98	0x00070284	3	0	0x00080284	True
5057	0x0003cea5	0x000823da	3	0	0x000923da	True
5058	0x0003ced0	0x00071160	3	0	0x00081160	True
5059	0x0003ced6	0x000823e1	3	0	0x000923e1	True
5060	0x0003cee6	0x00071168	3	0	0x00081168	True
5061	0x0003cef4	0x000823ee	3	0	0x000923ee	True
5062	0x0003cf02	0x00071164	3	0	0x00081164	True
5063	0x0003cf10	0x000823f3	3	0	0x000923f3	True
5064	0x0003cf39	0x000823f5	3	0	0x000923f5	True
5065	0x0003cf56	0x000823fc	3	0	0x000923fc	True
5066	0x0003cf7c	0x00087aac	3	0	0x00097aac	True
5067	0x0003cfa2	0x00082401	3	0	0x00092401	True
5068	0x0003cfb7	0x00082404	3	0	0x00092404	True
5069	0x0003cfd4	0x00082409	3	0	0x00092409	True
5070	0x0003cfdd	0x0008240d	3	0	0x0009240d	True
5071	0x0003cff0	0x00082413	3	0	0x00092413	True
5072	0x0003cffd	0x0008241a	3	0	0x0009241a	True
5073	0x0003d02f	0x0008241c	3	0	0x0009241c	True
5074	0x0003d043	0x00082114	3	0	0x00092114	True
5075	0x0003d060	0x0003d064	3	0	0x0004d064	True
5076	0x0003d064	0x0003cffc	3	0	0x0004cffc	True
5077	0x0003d068	0x0003d03c	3	0	0x0004d03c	True
5078	0x0003d06c	0x0003cfc0	3	0	0x0004cfc0	True
5079	0x0003d070	0x0003d03c	3	0	0x0004d03c	True
5080	0x0003d074	0x0003d03c	3	0	0x0004d03c	True
5081	0x0003d078	0x0003cfe4	3	0	0x0004cfe4	True
5082	0x0003d07c	0x0003d03c	3	0	0x0004d03c	True
5083	0x0003d080	0x0003cffc	3	0	0x0004cffc	True
5084	0x0003d084	0x0003d03c	3	0	0x0004d03c	True
5085	0x0003d088	0x0003d03c	3	0	0x0004d03c	True
5086	0x0003d08c	0x0003d03c	3	0	0x0004d03c	True
5087	0x0003d090	0x0003cf9c	3	0	0x0004cf9c	True
5088	0x0003d094	0x0003d03c	3	0	0x0004d03c	True
5089	0x0003d098	0x0003cfc0	3	0	0x0004cfc0	True
5090	0x0003d09c	0x0003d03c	3	0	0x0004d03c	True
5091	0x0003d0a0	0x0003d03c	3	0	0x0004d03c	True
5092	0x0003d0a4	0x0003cffc	3	0	0x0004cffc	True
5093	0x0003d0a8	0x0003d020	3	0	0x0004d020	True
5094	0x0003d0ac	0x0003d03c	3	0	0x0004d03c	True
5095	0x0003d0b0	0x0003d03c	3	0	0x0004d03c	True
5096	0x0003d0b4	0x0003cfc0	3	0	0x0004cfc0	True
5097	0x0003d0b8	0x0003d03c	3	0	0x0004d03c	True
5098	0x0003d0bc	0x0003cfac	3	0	0x0004cfac	True
5099	0x0003d0de	0x00082422	3	0	0x00092422	True
5100	0x00082114	0x00082100	3	0	0x00092100	True
5101	0x00082154	0x00082120	3	0	0x00092120	True
5102	0x00082158	0x00082125	3	0	0x00092125	True
5103	0x0008215c	0x0008212a	3	0	0x0009212a	True
5104	0x00082160	0x0008212f	3	0	0x0009212f	True
5105	0x00082168	0x00082134	3	0	0x00092134	True
5106	0x0008216c	0x00082139	3	0	0x00092139	True
5107	0x00082170	0x0008213e	3	0	0x0009213e	True
5108	0x00082174	0x00082143	3	0	0x00092143	True
5109	0x00082178	0x00082147	3	0	0x00092147	True
5110	0x0008217c	0x0008214b	3	0	0x0009214b	True
5111	0x00082180	0x0008214f	3	0	0x0009214f	True
5112	0x0003d116	0x000831cc	3	0	0x000931cc	True
5113	0x0003d11f	0x000831ce	3	0	0x000931ce	True
5114	0x0003d12f	0x0008267c	3	0	0x0009267c	True
5115	0x0003d1a7	0x0008267c	3	0	0x0009267c	True
5116	0x0003d1ac	0x000831f0	3	0	0x000931f0	True
5117	0x0003d217	0x0008267c	3	0	0x0009267c	True
5118	0x0003d231	0x00071140	3	0	0x00081140	True
5119	0x0003d240	0x00090044	3	0	0x000a0044	True
5120	0x0003d279	0x00071140	3	0	0x00081140	True
5121	0x0003d29d	0x00071140	3	0	0x00081140	True
5122	0x0003d2aa	0x00081a24	3	0	0x00091a24	True
5123	0x0003d2b2	0x00083201	3	0	0x00093201	True
5124	0x0003d2fd	0x000813f8	3	0	0x000913f8	True
5125	0x0003d307	0x00082998	3	0	0x00092998	True
5126	0x0003d322	0x00082c34	3	0	0x00092c34	True
5127	0x0003d32b	0x00082c10	3	0	0x00092c10	True
5128	0x0003d334	0x00082bec	3	0	0x00092bec	True
5129	0x0003d33d	0x00082d6c	3	0	0x00092d6c	True
5130	0x0003d346	0x00082c70	3	0	0x00092c70	True
5131	0x0003d34f	0x000830ac	3	0	0x000930ac	True
5132	0x0003d391	0x00082d6c	3	0	0x00092d6c	True
5133	0x0003d39c	0x00071140	3	0	0x00081140	True
5134	0x0003d3d6	0x0008320e	3	0	0x0009320e	True
5135	0x0003d3de	0x000800fc	3	0	0x000900fc	True
5136	0x0003d3ec	0x00083208	3	0	0x00093208	True
5137	0x0003d42c	0x00071140	3	0	0x00081140	True
5138	0x0003d477	0x0008320b	3	0	0x0009320b	True
5139	0x0003d49c	0x0008267c	3	0	0x0009267c	True
5140	0x0003d4dd	0x00083204	3	0	0x00093204	True
5141	0x0003d52e	0x0008267c	3	0	0x0009267c	True
5142	0x0003d56f	0x0008267c	3	0	0x0009267c	True
5143	0x0003d5cf	0x0008267c	3	0	0x0009267c	True
5144	0x0008267c	0x00082430	3	0	0x00092430	True
5145	0x00082684	0x00082441	3	0	0x00092441	True
5146	0x0008268c	0x00082445	3	0	0x00092445	True
5147	0x00082694	0x00082449	3	0	0x00092449	True
5148	0x0008269c	0x0008244d	3	0	0x0009244d	True
5149	0x000826a4	0x00082451	3	0	0x00092451	True
5150	0x000826ac	0x00082454	3	0	0x00092454	True
5151	0x000826b4	0x00082458	3	0	0x00092458	True
5152	0x000826bc	0x0008245c	3	0	0x0009245c	True
5153	0x000826c4	0x00082460	3	0	0x00092460	True
5154	0x000826cc	0x00082464	3	0	0x00092464	True
5155	0x000826d4	0x00082468	3	0	0x00092468	True
5156	0x000826dc	0x0008246c	3	0	0x0009246c	True
5157	0x000826e4	0x0008246f	3	0	0x0009246f	True
5158	0x000826ec	0x00082473	3	0	0x00092473	True
5159	0x000826f4	0x00082477	3	0	0x00092477	True
5160	0x000826fc	0x0008247b	3	0	0x0009247b	True
5161	0x00082704	0x0008247f	3	0	0x0009247f	True
5162	0x0008270c	0x00082483	3	0	0x00092483	True
5163	0x00082714	0x00082487	3	0	0x00092487	True
5164	0x0008271c	0x0008248b	3	0	0x0009248b	True
5165	0x00082724	0x0008248f	3	0	0x0009248f	True
5166	0x0008272c	0x00082493	3	0	0x00092493	True
5167	0x00082734	0x00082497	3	0	0x00092497	True
5168	0x0008273c	0x00082499	3	0	0x00092499	True
5169	0x00082744	0x0008249d	3	0	0x0009249d	True
5170	0x0008274c	0x000824a1	3	0	0x000924a1	True
5171	0x00082754	0x000824a5	3	0	0x000924a5	True
5172	0x0008275c	0x000824a9	3	0	0x000924a9	True
5173	0x00082764	0x000824ac	3	0	0x000924ac	True
5174	0x0008276c	0x000824b0	3	0	0x000924b0	True
5175	0x00082774	0x000824b4	3	0	0x000924b4	True
5176	0x0008277c	0x000824b8	3	0	0x000924b8	True
5177	0x00082784	0x000824bc	3	0	0x000924bc	True
5178	0x0008278c	0x000824bf	3	0	0x000924bf	True
5179	0x00082794	0x000824c3	3	0	0x000924c3	True
5180	0x0008279c	0x000824c7	3	0	0x000924c7	True
5181	0x000827a4	0x000824cb	3	0	0x000924cb	True
5182	0x000827ac	0x000824cf	3	0	0x000924cf	True
5183	0x000827b4	0x000824d3	3	0	0x000924d3	True
5184	0x000827bc	0x000824d7	3	0	0x000924d7	True
5185	0x000827c4	0x000824db	3	0	0x000924db	True
5186	0x000827cc	0x000824df	3	0	0x000924df	True
5187	0x000827d4	0x000824e3	3	0	0x000924e3	True
5188	0x000827dc	0x000824e5	3	0	0x000924e5	True
5189	0x000827e4	0x000824e9	3	0	0x000924e9	True
5190	0x000827ec	0x000824ed	3	0	0x000924ed	True
5191	0x000827f4	0x000824f1	3	0	0x000924f1	True
5192	0x000827fc	0x000824f5	3	0	0x000924f5	True
5193	0x00082804	0x000824f9	3	0	0x000924f9	True
5194	0x0008280c	0x000824fd	3	0	0x000924fd	True
5195	0x00082814	0x000824ff	3	0	0x000924ff	True
5196	0x0008281c	0x00082504	3	0	0x00092504	True
5197	0x00082824	0x00082509	3	0	0x00092509	True
5198	0x0008282c	0x0008250e	3	0	0x0009250e	True
5199	0x00082834	0x00082513	3	0	0x00092513	True
5200	0x0008283c	0x00082518	3	0	0x00092518	True
5201	0x00082844	0x0008251d	3	0	0x0009251d	True
5202	0x0008284c	0x00082521	3	0	0x00092521	True
5203	0x00082854	0x00082525	3	0	0x00092525	True
5204	0x0008285c	0x00082529	3	0	0x00092529	True
5205	0x00082864	0x0008252d	3	0	0x0009252d	True
5206	0x0008286c	0x00082531	3	0	0x00092531	True
5207	0x00082874	0x00082535	3	0	0x00092535	True
5208	0x0008287c	0x00082539	3	0	0x00092539	True
5209	0x00082884	0x0008253b	3	0	0x0009253b	True
5210	0x0008288c	0x0008253f	3	0	0x0009253f	True
5211	0x00082894	0x00082543	3	0	0x00092543	True
5212	0x0008289c	0x00082547	3	0	0x00092547	True
5213	0x000828a4	0x0008254b	3	0	0x0009254b	True
5214	0x000828ac	0x0008254f	3	0	0x0009254f	True
5215	0x000828b4	0x00082553	3	0	0x00092553	True
5216	0x000828bc	0x00082557	3	0	0x00092557	True
5217	0x000828c4	0x00082559	3	0	0x00092559	True
5218	0x000828cc	0x0008255d	3	0	0x0009255d	True
5219	0x000828d4	0x00082561	3	0	0x00092561	True
5220	0x000828dc	0x00082565	3	0	0x00092565	True
5221	0x000828e4	0x00082567	3	0	0x00092567	True
5222	0x000828ec	0x00082569	3	0	0x00092569	True
5223	0x000828f4	0x0008256c	3	0	0x0009256c	True
5224	0x000828fc	0x0008256e	3	0	0x0009256e	True
5225	0x00082904	0x00082570	3	0	0x00092570	True
5226	0x0008290c	0x00082573	3	0	0x00092573	True
5227	0x00082914	0x00082576	3	0	0x00092576	True
5228	0x0008291c	0x00082579	3	0	0x00092579	True
5229	0x00082924	0x0008257c	3	0	0x0009257c	True
5230	0x0008292c	0x0008257e	3	0	0x0009257e	True
5231	0x00082934	0x00082580	3	0	0x00092580	True
5232	0x0008293c	0x00082582	3	0	0x00092582	True
5233	0x00082944	0x00082585	3	0	0x00092585	True
5234	0x0008294c	0x00082588	3	0	0x00092588	True
5235	0x00082954	0x0008258a	3	0	0x0009258a	True
5236	0x0008295c	0x0008258c	3	0	0x0009258c	True
5237	0x00082964	0x0008258e	3	0	0x0009258e	True
5238	0x0008296c	0x00082590	3	0	0x00092590	True
5239	0x00082974	0x00082592	3	0	0x00092592	True
5240	0x0008297c	0x00082594	3	0	0x00092594	True
5241	0x00082984	0x00082596	3	0	0x00092596	True
5242	0x0008298c	0x00082598	3	0	0x00092598	True
5243	0x00082994	0x0008259a	3	0	0x0009259a	True
5244	0x0008299c	0x0008259c	3	0	0x0009259c	True
5245	0x000829a8	0x000825a1	3	0	0x000925a1	True
5246	0x000829b4	0x000825a6	3	0	0x000925a6	True
5247	0x000829c0	0x000825ab	3	0	0x000925ab	True
5248	0x000829cc	0x000825b1	3	0	0x000925b1	True
5249	0x000829d8	0x000825b7	3	0	0x000925b7	True
5250	0x000829e4	0x000825bc	3	0	0x000925bc	True
5251	0x000829f0	0x000825c1	3	0	0x000925c1	True
5252	0x000829fc	0x000825c7	3	0	0x000925c7	True
5253	0x00082a08	0x000825cd	3	0	0x000925cd	True
5254	0x00082a14	0x000825d2	3	0	0x000925d2	True
5255	0x00082a20	0x000825d8	3	0	0x000925d8	True
5256	0x00082a2c	0x000825dd	3	0	0x000925dd	True
5257	0x00082a38	0x000825e3	3	0	0x000925e3	True
5258	0x00082a44	0x000825e8	3	0	0x000925e8	True
5259	0x00082a50	0x000825ee	3	0	0x000925ee	True
5260	0x00082a5c	0x000825f4	3	0	0x000925f4	True
5261	0x00082a68	0x000825fa	3	0	0x000925fa	True
5262	0x00082a74	0x00082600	3	0	0x00092600	True
5263	0x00082a80	0x00082607	3	0	0x00092607	True
5264	0x00082a8c	0x0008260d	3	0	0x0009260d	True
5265	0x00082a98	0x00082614	3	0	0x00092614	True
5266	0x00082aa4	0x00082619	3	0	0x00092619	True
5267	0x00082ab0	0x0008261f	3	0	0x0009261f	True
5268	0x00082abc	0x00082624	3	0	0x00092624	True
5269	0x00082ac8	0x0008262a	3	0	0x0009262a	True
5270	0x00082ad4	0x00082630	3	0	0x00092630	True
5271	0x00082ae0	0x00082637	3	0	0x00092637	True
5272	0x00082aec	0x0008263c	3	0	0x0009263c	True
5273	0x00082af8	0x00082642	3	0	0x00092642	True
5274	0x00082b04	0x00082647	3	0	0x00092647	True
5275	0x00082b10	0x0008264d	3	0	0x0009264d	True
5276	0x00082b1c	0x00082653	3	0	0x00092653	True
5277	0x00082bf0	0x00082b44	3	0	0x00092b44	True
5278	0x00082bfc	0x00082b44	3	0	0x00092b44	True
5279	0x00082c14	0x00082b3c	3	0	0x00092b3c	True
5280	0x00082c20	0x00082b3c	3	0	0x00092b3c	True
5281	0x00082c38	0x00082b34	3	0	0x00092b34	True
5282	0x00082c44	0x00082b34	3	0	0x00092b34	True
5283	0x00082c50	0x00082b34	3	0	0x00092b34	True
5284	0x00082c5c	0x00082b34	3	0	0x00092b34	True
5285	0x00082c74	0x00082b54	3	0	0x00092b54	True
5286	0x00082c80	0x00082b54	3	0	0x00092b54	True
5287	0x00082c8c	0x00082b54	3	0	0x00092b54	True
5288	0x00082c98	0x00082b54	3	0	0x00092b54	True
5289	0x00082ca4	0x00082b4c	3	0	0x00092b4c	True
5290	0x00082cb0	0x00082b6c	3	0	0x00092b6c	True
5291	0x00082cbc	0x00082b6c	3	0	0x00092b6c	True
5292	0x00082cc8	0x00082b6c	3	0	0x00092b6c	True
5293	0x00082cd4	0x00082b6c	3	0	0x00092b6c	True
5294	0x00082ce0	0x00082b7c	3	0	0x00092b7c	True
5295	0x00082cec	0x00082bb4	3	0	0x00092bb4	True
5296	0x00082cf8	0x00082bb4	3	0	0x00092bb4	True
5297	0x00082d04	0x00082bb4	3	0	0x00092bb4	True
5298	0x00082d10	0x00082bb4	3	0	0x00092bb4	True
5299	0x00082d1c	0x00082bac	3	0	0x00092bac	True
5300	0x00082d28	0x00082b94	3	0	0x00092b94	True
5301	0x00082d34	0x00082b94	3	0	0x00092b94	True
5302	0x00082d40	0x00082b94	3	0	0x00092b94	True
5303	0x00082d4c	0x00082b94	3	0	0x00092b94	True
5304	0x00082d58	0x00082ba4	3	0	0x00092ba4	True
5305	0x00082d70	0x00082b54	3	0	0x00092b54	True
5306	0x00082d7c	0x00082b54	3	0	0x00092b54	True
5307	0x00082d88	0x00082b54	3	0	0x00092b54	True
5308	0x00082d94	0x00082b54	3	0	0x00092b54	True
5309	0x00082da0	0x00082b54	3	0	0x00092b54	True
5310	0x00082dac	0x00082b54	3	0	0x00092b54	True
5311	0x00082db8	0x00082b54	3	0	0x00092b54	True
5312	0x00082dc4	0x00082b4c	3	0	0x00092b4c	True
5313	0x00082dd0	0x00082b6c	3	0	0x00092b6c	True
5314	0x00082ddc	0x00082b6c	3	0	0x00092b6c	True
5315	0x00082de8	0x00082b6c	3	0	0x00092b6c	True
5316	0x00082df4	0x00082b64	3	0	0x00092b64	True
5317	0x00082e00	0x00082b64	3	0	0x00092b64	True
5318	0x00082e0c	0x00082b64	3	0	0x00092b64	True
5319	0x00082e18	0x00082b64	3	0	0x00092b64	True
5320	0x00082e24	0x00082b5c	3	0	0x00092b5c	True
5321	0x00082e30	0x00082bb4	3	0	0x00092bb4	True
5322	0x00082e3c	0x00082bb4	3	0	0x00092bb4	True
5323	0x00082e48	0x00082bb4	3	0	0x00092bb4	True
5324	0x00082e54	0x00082bb4	3	0	0x00092bb4	True
5325	0x00082e60	0x00082bb4	3	0	0x00092bb4	True
5326	0x00082e6c	0x00082bb4	3	0	0x00092bb4	True
5327	0x00082e78	0x00082bb4	3	0	0x00092bb4	True
5328	0x00082e84	0x00082bac	3	0	0x00092bac	True
5329	0x00082e90	0x00082b94	3	0	0x00092b94	True
5330	0x00082e9c	0x00082b94	3	0	0x00092b94	True
5331	0x00082ea8	0x00082b94	3	0	0x00092b94	True
5332	0x00082eb4	0x00082b8c	3	0	0x00092b8c	True
5333	0x00082ec0	0x00082b8c	3	0	0x00092b8c	True
5334	0x00082ecc	0x00082b8c	3	0	0x00092b8c	True
5335	0x00082ed8	0x00082b8c	3	0	0x00092b8c	True
5336	0x00082ee4	0x00082b84	3	0	0x00092b84	True
5337	0x00082ef0	0x00082b54	3	0	0x00092b54	True
5338	0x00082efc	0x00082b64	3	0	0x00092b64	True
5339	0x00082f08	0x00082bbc	3	0	0x00092bbc	True
5340	0x00082f14	0x00082bbc	3	0	0x00092bbc	True
5341	0x00082f20	0x00082bbc	3	0	0x00092bbc	True
5342	0x00082f2c	0x00082bbc	3	0	0x00092bbc	True
5343	0x00082f38	0x00082bbc	3	0	0x00092bbc	True
5344	0x00082f44	0x00082bbc	3	0	0x00092bbc	True
5345	0x00082f50	0x00082bbc	3	0	0x00092bbc	True
5346	0x00082f5c	0x00082bbc	3	0	0x00092bbc	True
5347	0x00082f68	0x00082b30	3	0	0x00092b30	True
5348	0x00082f74	0x00082b30	3	0	0x00092b30	True
5349	0x00082f80	0x00082b30	3	0	0x00092b30	True
5350	0x00082f8c	0x00082b30	3	0	0x00092b30	True
5351	0x00082f98	0x00082b30	3	0	0x00092b30	True
5352	0x00082fa4	0x00082b30	3	0	0x00092b30	True
5353	0x00082fb0	0x00082b30	3	0	0x00092b30	True
5354	0x00082fbc	0x00082b30	3	0	0x00092b30	True
5355	0x00082fc8	0x00082b30	3	0	0x00092b30	True
5356	0x00082fd4	0x00082b30	3	0	0x00092b30	True
5357	0x00082fe0	0x00082b30	3	0	0x00092b30	True
5358	0x00082fec	0x00082b30	3	0	0x00092b30	True
5359	0x00082ff8	0x00082b30	3	0	0x00092b30	True
5360	0x00083004	0x00082b30	3	0	0x00092b30	True
5361	0x00083010	0x00082b30	3	0	0x00092b30	True
5362	0x0008301c	0x00082b30	3	0	0x00092b30	True
5363	0x00083028	0x00082be4	3	0	0x00092be4	True
5364	0x00083034	0x00082bdc	3	0	0x00092bdc	True
5365	0x00083040	0x0008265a	3	0	0x0009265a	True
5366	0x0008304c	0x00082bc4	3	0	0x00092bc4	True
5367	0x00083058	0x00082bc4	3	0	0x00092bc4	True
5368	0x00083064	0x00082bd0	3	0	0x00092bd0	True
5369	0x00083070	0x00082bd0	3	0	0x00092bd0	True
5370	0x00083088	0x00082660	3	0	0x00092660	True
5371	0x00083090	0x00082666	3	0	0x00092666	True
5372	0x00083098	0x0008266c	3	0	0x0009266c	True
5373	0x000830a0	0x00082672	3	0	0x00092672	True
5374	0x000830a8	0x00082678	3	0	0x00092678	True
5375	0x000830b0	0x00082b54	3	0	0x00092b54	True
5376	0x000830bc	0x00082b54	3	0	0x00092b54	True
5377	0x000830c8	0x00082b54	3	0	0x00092b54	True
5378	0x000830d4	0x00082b54	3	0	0x00092b54	True
5379	0x000830e0	0x00082b74	3	0	0x00092b74	True
5380	0x000830ec	0x00082b74	3	0	0x00092b74	True
5381	0x000830f8	0x00082b74	3	0	0x00092b74	True
5382	0x00083104	0x00082b74	3	0	0x00092b74	True
5383	0x00083110	0x00082bb4	3	0	0x00092bb4	True
5384	0x0008311c	0x00082bb4	3	0	0x00092bb4	True
5385	0x00083128	0x00082bb4	3	0	0x00092bb4	True
5386	0x00083134	0x00082bb4	3	0	0x00092bb4	True
5387	0x00083140	0x00082b9c	3	0	0x00092b9c	True
5388	0x0008314c	0x00082b9c	3	0	0x00092b9c	True
5389	0x00083158	0x00082b9c	3	0	0x00092b9c	True
5390	0x00083164	0x00082b9c	3	0	0x00092b9c	True
5391	0x00083170	0x00082be4	3	0	0x00092be4	True
5392	0x0008317c	0x00082bbc	3	0	0x00092bbc	True
5393	0x00083188	0x00082bbc	3	0	0x00092bbc	True
5394	0x00083194	0x00082bbc	3	0	0x00092bbc	True
5395	0x000831a0	0x00082bbc	3	0	0x00092bbc	True
5396	0x000831ac	0x00082bbc	3	0	0x00092bbc	True
5397	0x000831b8	0x00082bbc	3	0	0x00092bbc	True
5398	0x0003d5e8	0x00080160	3	0	0x00090160	True
5399	0x0003d5f2	0x00080104	3	0	0x00090104	True
5400	0x0003d5fc	0x000711f0	3	0	0x000811f0	True
5401	0x0003d601	0x000711ec	3	0	0x000811ec	True
5402	0x0003d606	0x00070d90	3	0	0x00080d90	True
5403	0x0003d60b	0x000711e0	3	0	0x000811e0	True
5404	0x0003d610	0x000711e8	3	0	0x000811e8	True
5405	0x0003d615	0x000711e4	3	0	0x000811e4	True
5406	0x0003d61b	0x0003f410	3	0	0x0004f410	True
5407	0x0003d62b	0x00083228	3	0	0x00093228	True
5408	0x0003d630	0x000711fc	3	0	0x000811fc	True
5409	0x0003d653	0x00080104	3	0	0x00090104	True
5410	0x0003d67f	0x00071288	3	0	0x00081288	True
5411	0x0003d684	0x0007138c	3	0	0x0008138c	True
5412	0x0003d689	0x000711d0	3	0	0x000811d0	True
5413	0x0003d68e	0x00071394	3	0	0x00081394	True
5414	0x0003d693	0x00071390	3	0	0x00081390	True
5415	0x0003d698	0x000711d8	3	0	0x000811d8	True
5416	0x0003d69d	0x000711d4	3	0	0x000811d4	True
5417	0x0003d6a2	0x000711dc	3	0	0x000811dc	True
5418	0x0003d6a8	0x000711f8	3	0	0x000811f8	True
5419	0x0003d6b2	0x000711f4	3	0	0x000811f4	True
5420	0x0003d6c3	0x00071200	3	0	0x00081200	True
5421	0x0003d6d7	0x00071280	3	0	0x00081280	True
5422	0x0003d6dc	0x00071284	3	0	0x00081284	True
5423	0x0003d6e8	0x00080644	3	0	0x00090644	True
5424	0x0003d6ed	0x0008324c	3	0	0x0009324c	True
5425	0x0003d70a	0x000711d8	3	0	0x000811d8	True
5426	0x0003d723	0x00090045	3	0	0x000a0045	True
5427	0x0003d72c	0x00090044	3	0	0x000a0044	True
5428	0x0003d758	0x00090045	3	0	0x000a0045	True
5429	0x0003d7bf	0x0008014c	3	0	0x0009014c	True
5430	0x0003d7d5	0x00080104	3	0	0x00090104	True
5431	0x0003d822	0x00071288	3	0	0x00081288	True
5432	0x0003d83d	0x00071288	3	0	0x00081288	True
5433	0x0003d86d	0x00071288	3	0	0x00081288	True
5434	0x0003d8b5	0x00071288	3	0	0x00081288	True
5435	0x0003d8c6	0x00080104	3	0	0x00090104	True
5436	0x0003d8ea	0x000711d8	3	0	0x000811d8	True
5437	0x0003d8f8	0x0007138c	3	0	0x0008138c	True
5438	0x0003d93b	0x00071200	3	0	0x00081200	True
5439	0x0003d960	0x00090044	3	0	0x000a0044	True
5440	0x0003d984	0x00090045	3	0	0x000a0045	True
5441	0x0003d9a2	0x00090045	3	0	0x000a0045	True
5442	0x0003d9c7	0x00090044	3	0	0x000a0044	True
5443	0x0003da0c	0x00090045	3	0	0x000a0045	True
5444	0x0003da3f	0x00090044	3	0	0x000a0044	True
5445	0x0003da55	0x00090045	3	0	0x000a0045	True
5446	0x0003da69	0x00090044	3	0	0x000a0044	True
5447	0x0003daf2	0x00083253	3	0	0x00093253	True
5448	0x0003db1f	0x00090044	3	0	0x000a0044	True
5449	0x0003db51	0x00090044	3	0	0x000a0044	True
5450	0x0003db62	0x00083224	3	0	0x00093224	True
5451	0x0003dba6	0x00090045	3	0	0x000a0045	True
5452	0x0003dbee	0x00090045	3	0	0x000a0045	True
5453	0x0003dc06	0x00071288	3	0	0x00081288	True
5454	0x0003dc13	0x00071288	3	0	0x00081288	True
5455	0x0003dc51	0x00090045	3	0	0x000a0045	True
5456	0x0003dc82	0x000711d8	3	0	0x000811d8	True
5457	0x0003dc8f	0x000711d8	3	0	0x000811d8	True
5458	0x0003dcc4	0x00090045	3	0	0x000a0045	True
5459	0x0003dd88	0x00090044	3	0	0x000a0044	True
5460	0x0003dd99	0x00083224	3	0	0x00093224	True
5461	0x0003ddbf	0x00083257	3	0	0x00093257	True
5462	0x0003de56	0x0008325b	3	0	0x0009325b	True
5463	0x0003decf	0x00090044	3	0	0x000a0044	True
5464	0x0003df36	0x00090045	3	0	0x000a0045	True
5465	0x0003df50	0x00090045	3	0	0x000a0045	True
5466	0x0003df8a	0x00090045	3	0	0x000a0045	True
5467	0x0003dfa8	0x00080104	3	0	0x00090104	True
5468	0x0003dfc8	0x00071390	3	0	0x00081390	True
5469	0x0003dfe9	0x00070da0	3	0	0x00080da0	True
5470	0x0003e024	0x00080118	3	0	0x00090118	True
5471	0x0003e070	0x000800dc	3	0	0x000900dc	True
5472	0x0003e0b8	0x000711d8	3	0	0x000811d8	True
5473	0x0003e17c	0x00071284	3	0	0x00081284	True
5474	0x0003e183	0x00071284	3	0	0x00081284	True
5475	0x0003e193	0x00071284	3	0	0x00081284	True
5476	0x0003e1c1	0x000711f4	3	0	0x000811f4	True
5477	0x0003e1c7	0x000711f4	3	0	0x000811f4	True
5478	0x0003e1dd	0x00070da0	3	0	0x00080da0	True
5479	0x0003e21f	0x00071284	3	0	0x00081284	True
5480	0x0003e24c	0x00080104	3	0	0x00090104	True
5481	0x0003e266	0x00071390	3	0	0x00081390	True
5482	0x0003e273	0x00071390	3	0	0x00081390	True
5483	0x0003e289	0x000711d4	3	0	0x000811d4	True
5484	0x0003e296	0x000711d4	3	0	0x000811d4	True
5485	0x0003e2b3	0x00071284	3	0	0x00081284	True
5486	0x0003e2e2	0x000711d8	3	0	0x000811d8	True
5487	0x0003e364	0x0007138c	3	0	0x0008138c	True
5488	0x0003e371	0x0007138c	3	0	0x0008138c	True
5489	0x0003e395	0x00071200	3	0	0x00081200	True
5490	0x0003e3ae	0x00071200	3	0	0x00081200	True
5491	0x0003e3f2	0x0007138c	3	0	0x0008138c	True
5492	0x0003e439	0x00071200	3	0	0x00081200	True
5493	0x0003e452	0x00071200	3	0	0x00081200	True
5494	0x0003e462	0x0007138c	3	0	0x0008138c	True
5495	0x0003e476	0x00071280	3	0	0x00081280	True
5496	0x0003e4b4	0x00071280	3	0	0x00081280	True
5497	0x0003e4cf	0x000711d8	3	0	0x000811d8	True
5498	0x0003e4dc	0x000711d8	3	0	0x000811d8	True
5499	0x0003e4e2	0x00080104	3	0	0x00090104	True
5500	0x0003e4ee	0x000711dc	3	0	0x000811dc	True
5501	0x0003e4fb	0x000711dc	3	0	0x000811dc	True
5502	0x0003e50f	0x00090044	3	0	0x000a0044	True
5503	0x0003e538	0x00090044	3	0	0x000a0044	True
5504	0x0003e59b	0x00080104	3	0	0x00090104	True
5505	0x0003e5b2	0x00071394	3	0	0x00081394	True
5506	0x0003e5bf	0x00071394	3	0	0x00081394	True
5507	0x0003e5e9	0x00090044	3	0	0x000a0044	True
5508	0x0003e62a	0x00071280	3	0	0x00081280	True
5509	0x0003e631	0x00071280	3	0	0x00081280	True
5510	0x0003e65a	0x00090045	3	0	0x000a0045	True
5511	0x0003e68d	0x00071200	3	0	0x00081200	True
5512	0x0003e6d5	0x00090044	3	0	0x000a0044	True
5513	0x0003e6fe	0x00090045	3	0	0x000a0045	True
5514	0x0003e752	0x00090045	3	0	0x000a0045	True
5515	0x0003e790	0x00080104	3	0	0x00090104	True
5516	0x0003e7ea	0x00071394	3	0	0x00081394	True
5517	0x0003e7f7	0x00071394	3	0	0x00081394	True
5518	0x0003e80a	0x000711dc	3	0	0x000811dc	True
5519	0x0003e824	0x000711d4	3	0	0x000811d4	True
5520	0x0003e831	0x000711d4	3	0	0x000811d4	True
5521	0x0003e857	0x000711f8	3	0	0x000811f8	True
5522	0x0003e861	0x000711f8	3	0	0x000811f8	True
5523	0x0003e887	0x00071200	3	0	0x00081200	True
5524	0x0003e890	0x00071200	3	0	0x00081200	True
5525	0x0003e8b9	0x00071280	3	0	0x00081280	True
5526	0x0003e914	0x00080114	3	0	0x00090114	True
5527	0x0003e946	0x00090044	3	0	0x000a0044	True
5528	0x0003e98b	0x00071280	3	0	0x00081280	True
5529	0x0003ea15	0x00090045	3	0	0x000a0045	True
5530	0x0003ea5a	0x00080118	3	0	0x00090118	True
5531	0x0003ea82	0x0008322c	3	0	0x0009322c	True
5532	0x0003eaa9	0x0008323c	3	0	0x0009323c	True
5533	0x0003eb5d	0x000800dc	3	0	0x000900dc	True
5534	0x0003eb90	0x00070de4	3	0	0x00080de4	True
5535	0x0003ebd7	0x00080118	3	0	0x00090118	True
5536	0x0003ebe0	0x00080120	3	0	0x00090120	True
5537	0x0003ec41	0x000800fc	3	0	0x000900fc	True
5538	0x0003ed0e	0x00090045	3	0	0x000a0045	True
5539	0x0003ee33	0x00090044	3	0	0x000a0044	True
5540	0x0003ee6c	0x00090045	3	0	0x000a0045	True
5541	0x0003eec7	0x00071200	3	0	0x00081200	True
5542	0x0003ef0e	0x0008325f	3	0	0x0009325f	True
5543	0x0003ef2c	0x00071394	3	0	0x00081394	True
5544	0x0003ef3d	0x000711d0	3	0	0x000811d0	True
5545	0x0003ef4e	0x00071390	3	0	0x00081390	True
5546	0x0003ef5f	0x000711d4	3	0	0x000811d4	True
5547	0x0003ef70	0x000711d8	3	0	0x000811d8	True
5548	0x0003ef81	0x000711dc	3	0	0x000811dc	True
5549	0x0003ef92	0x0007138c	3	0	0x0008138c	True
5550	0x0003efa3	0x0007089c	3	0	0x0008089c	True
5551	0x0003efe7	0x00071200	3	0	0x00081200	True
5552	0x0003f025	0x000711d0	3	0	0x000811d0	True
5553	0x0003f032	0x000711d0	3	0	0x000811d0	True
5554	0x0003f047	0x00071200	3	0	0x00081200	True
5555	0x0003f055	0x000711d0	3	0	0x000811d0	True
5556	0x0003f05e	0x00071394	3	0	0x00081394	True
5557	0x0003f067	0x00071390	3	0	0x00081390	True
5558	0x0003f070	0x000711d8	3	0	0x000811d8	True
5559	0x0003f079	0x000711d4	3	0	0x000811d4	True
5560	0x0003f082	0x000711dc	3	0	0x000811dc	True
5561	0x0003f0a0	0x00090044	3	0	0x000a0044	True
5562	0x0003f0de	0x00090045	3	0	0x000a0045	True
5563	0x0003f0fb	0x0007128c	3	0	0x0008128c	True
5564	0x0003f13b	0x00090044	3	0	0x000a0044	True
5565	0x0003f162	0x00090045	3	0	0x000a0045	True
5566	0x0003f1bb	0x00083228	3	0	0x00093228	True
5567	0x0003f1c5	0x00083228	3	0	0x00093228	True
5568	0x0003f1e5	0x0007128c	3	0	0x0008128c	True
5569	0x0003f1ee	0x0007128c	3	0	0x0008128c	True
5570	0x0003f1f4	0x00070894	3	0	0x00080894	True
5571	0x0003f22e	0x000711e4	3	0	0x000811e4	True
5572	0x0003f23b	0x000711e4	3	0	0x000811e4	True
5573	0x0003f249	0x000711e8	3	0	0x000811e8	True
5574	0x0003f256	0x000711e8	3	0	0x000811e8	True
5575	0x0003f264	0x000711e0	3	0	0x000811e0	True
5576	0x0003f271	0x000711e0	3	0	0x000811e0	True
5577	0x0003f27f	0x00070d90	3	0	0x00080d90	True
5578	0x0003f28c	0x00070d90	3	0	0x00080d90	True
5579	0x0003f2a4	0x00070d90	3	0	0x00080d90	True
5580	0x0003f2b1	0x00070d90	3	0	0x00080d90	True
5581	0x0003f2bf	0x000711e8	3	0	0x000811e8	True
5582	0x0003f2cc	0x000711e8	3	0	0x000811e8	True
5583	0x0003f2da	0x000711f0	3	0	0x000811f0	True
5584	0x0003f2e7	0x000711f0	3	0	0x000811f0	True
5585	0x0003f30c	0x000711ec	3	0	0x000811ec	True
5586	0x0003f319	0x000711ec	3	0	0x000811ec	True
5587	0x0003f33a	0x00070df8	3	0	0x00080df8	True
5588	0x0003f37f	0x00070df8	3	0	0x00080df8	True
5589	0x0003f390	0x00090045	3	0	0x000a0045	True
5590	0x0003f3d4	0x00070df8	3	0	0x00080df8	True
5591	0x0003f3f3	0x0007128c	3	0	0x0008128c	True
5592	0x0003f406	0x00083228	3	0	0x00093228	True
5593	0x0003f43d	0x00090044	3	0	0x000a0044	True
5594	0x0003f4a1	0x00090044	3	0	0x000a0044	True
5595	0x0003f4c9	0x00090045	3	0	0x000a0045	True
5596	0x0003f512	0x00090045	3	0	0x000a0045	True
5597	0x0003f531	0x00070da0	3	0	0x00080da0	True
5598	0x0003f568	0x00080118	3	0	0x00090118	True
5599	0x0003f571	0x00080120	3	0	0x00090120	True
5600	0x0003f57a	0x000711e4	3	0	0x000811e4	True
5601	0x0003f582	0x000711e8	3	0	0x000811e8	True
5602	0x0003f596	0x000711ec	3	0	0x000811ec	True
5603	0x0003f5c5	0x00070da0	3	0	0x00080da0	True
5604	0x0003f614	0x00080118	3	0	0x00090118	True
5605	0x0003f636	0x000711ec	3	0	0x000811ec	True
5606	0x0003f65b	0x000711f0	3	0	0x000811f0	True
5607	0x0003f6c6	0x0007128c	3	0	0x0008128c	True
5608	0x0003f6f0	0x0007128c	3	0	0x0008128c	True
5609	0x0003f74c	0x00071390	3	0	0x00081390	True
5610	0x0003f773	0x00071390	3	0	0x00081390	True
5611	0x0003f81a	0x00090044	3	0	0x000a0044	True
5612	0x0003f841	0x00090045	3	0	0x000a0045	True
5613	0x0003f888	0x00090044	3	0	0x000a0044	True
5614	0x0003f8af	0x00090045	3	0	0x000a0045	True
5615	0x00083224	0x00083210	3	0	0x00093210	True
5616	0x0003f8f6	0x00083283	3	0	0x00093283	True
5617	0x0003f922	0x0008328a	3	0	0x0009328a	True
5618	0x0003f936	0x0008328f	3	0	0x0009328f	True
5619	0x0003f95e	0x00083295	3	0	0x00093295	True
5620	0x0003f972	0x00083299	3	0	0x00093299	True
5621	0x0003f99a	0x000832a1	3	0	0x000932a1	True
5622	0x0003f9bf	0x000832a7	3	0	0x000932a7	True
5623	0x0003f9da	0x000828e0	3	0	0x000928e0	True
5624	0x0003f9f1	0x00082928	3	0	0x00092928	True
5625	0x0003fa05	0x000832ac	3	0	0x000932ac	True
5626	0x0003fa1f	0x00082950	3	0	0x00092950	True
5627	0x0003fa5d	0x00071140	3	0	0x00081140	True
5628	0x0003fa73	0x00081a24	3	0	0x00091a24	True
5629	0x0003fa80	0x000832b0	3	0	0x000932b0	True
5630	0x0003fa8c	0x00071140	3	0	0x00081140	True
5631	0x0003fa9f	0x000832bb	3	0	0x000932bb	True
5632	0x0003faae	0x00080144	3	0	0x00090144	True
5633	0x0003fab9	0x00071140	3	0	0x00081140	True
5634	0x0003fad1	0x00090044	3	0	0x000a0044	True
5635	0x0003fadd	0x00071140	3	0	0x00081140	True
5636	0x0003fafb	0x00090045	3	0	0x000a0045	True
5637	0x0003fb12	0x00081a24	3	0	0x00091a24	True
5638	0x0003fb1f	0x000832bb	3	0	0x000932bb	True
5639	0x0003fb30	0x000832b4	3	0	0x000932b4	True
5640	0x0003fb36	0x000832bd	3	0	0x000932bd	True
5641	0x0003fb3d	0x000832b8	3	0	0x000932b8	True
5642	0x0003fb4a	0x00071140	3	0	0x00081140	True
5643	0x0003fb52	0x00080ba8	3	0	0x00090ba8	True
5644	0x0003fb7b	0x000832c0	3	0	0x000932c0	True
5645	0x0003fb98	0x0003fb9c	3	0	0x0004fb9c	True
5646	0x0003fb9c	0x0003fadc	3	0	0x0004fadc	True
5647	0x0003fba0	0x0003fab8	3	0	0x0004fab8	True
5648	0x0003fba4	0x0003fbc8	3	0	0x0004fbc8	True
5649	0x0003fba8	0x0003fbc8	3	0	0x0004fbc8	True
5650	0x0003fbac	0x0003fb50	3	0	0x0004fb50	True
5651	0x0003fbb0	0x0003fb50	3	0	0x0004fb50	True
5652	0x0003fbb4	0x0003fbc8	3	0	0x0004fbc8	True
5653	0x0003fbb8	0x0003fb50	3	0	0x0004fb50	True
5654	0x0003fbbc	0x0003fbc8	3	0	0x0004fbc8	True
5655	0x0003fbc0	0x0003fb50	3	0	0x0004fb50	True
5656	0x0003fbc4	0x0003fb50	3	0	0x0004fb50	True
5657	0x0003fbd9	0x000832b4	3	0	0x000932b4	True
5658	0x0003fbf0	0x000832b4	3	0	0x000932b4	True
5659	0x0003fbf6	0x000832dd	3	0	0x000932dd	True
5660	0x0003fbfd	0x000832ec	3	0	0x000932ec	True
5661	0x0003fc0b	0x000832e3	3	0	0x000932e3	True
5662	0x0003fc10	0x00080140	3	0	0x00090140	True
5663	0x0003fc21	0x000832e1	3	0	0x000932e1	True
5664	0x0003fc30	0x000832d9	3	0	0x000932d9	True
5665	0x0003fc36	0x000832e7	3	0	0x000932e7	True
5666	0x0003fc3b	0x000832d4	3	0	0x000932d4	True
5667	0x0003fc76	0x000832b0	3	0	0x000932b0	True
5668	0x0003fc8b	0x000832b0	3	0	0x000932b0	True
5669	0x0003fcb3	0x00086a5c	3	0	0x00096a5c	True
5670	0x0003fcbc	0x000803cc	3	0	0x000903cc	True
5671	0x0003fcc3	0x000816d4	3	0	0x000916d4	True
5672	0x0003fd0f	0x000832ac	3	0	0x000932ac	True
5673	0x0003fd2e	0x000832f4	3	0	0x000932f4	True
5674	0x0003fd75	0x00086a5e	3	0	0x00096a5e	True
5675	0x0003fd96	0x000832f4	3	0	0x000932f4	True
5676	0x0003fdbc	0x00087ab0	3	0	0x00097ab0	True
5677	0x0003fe3a	0x00080ba8	3	0	0x00090ba8	True
5678	0x0003fe5f	0x000832ac	3	0	0x000932ac	True
5679	0x0003fe79	0x0003fe80	3	0	0x0004fe80	True
5680	0x0003fe80	0x0003feb8	3	0	0x0004feb8	True
5681	0x0003fe84	0x0003fe58	3	0	0x0004fe58	True
5682	0x0003fe88	0x0003fe58	3	0	0x0004fe58	True
5683	0x0003fe8c	0x0003fe58	3	0	0x0004fe58	True
5684	0x0003fe90	0x0003fe58	3	0	0x0004fe58	True
5685	0x0003fe94	0x0003fe58	3	0	0x0004fe58	True
5686	0x0003fe98	0x0003fe58	3	0	0x0004fe58	True
5687	0x0003fe9c	0x0003fe58	3	0	0x0004fe58	True
5688	0x0003fea0	0x0003feb8	3	0	0x0004feb8	True
5689	0x0003fea4	0x0003feb8	3	0	0x0004feb8	True
5690	0x0003fea8	0x0003fe38	3	0	0x0004fe38	True
5691	0x0003feac	0x0003fe4c	3	0	0x0004fe4c	True
5692	0x0003feb0	0x0003feb8	3	0	0x0004feb8	True
5693	0x0003feb4	0x0003feb8	3	0	0x0004feb8	True
5694	0x0003fee2	0x000832f4	3	0	0x000932f4	True
5695	0x0003ff00	0x00086a5c	3	0	0x00096a5c	True
5696	0x0003ff24	0x000832ac	3	0	0x000932ac	True
5697	0x0003ffd9	0x00087ab0	3	0	0x00097ab0	True
5698	0x00040064	0x00081410	3	0	0x00091410	True
5699	0x0004008b	0x00071140	3	0	0x00081140	True
5700	0x000400cb	0x000832ac	3	0	0x000932ac	True
5701	0x00040101	0x000832f8	3	0	0x000932f8	True
5702	0x0004010a	0x000832fa	3	0	0x000932fa	True
5703	0x00040117	0x000832ac	3	0	0x000932ac	True
5704	0x00040153	0x000832ac	3	0	0x000932ac	True
5705	0x00040193	0x000832ac	3	0	0x000932ac	True
5706	0x0004024e	0x000832ac	3	0	0x000932ac	True
5707	0x0004027d	0x000832ac	3	0	0x000932ac	True
5708	0x000402e3	0x00080b98	3	0	0x00090b98	True
5709	0x000402eb	0x00071140	3	0	0x00081140	True
5710	0x0004037f	0x00071140	3	0	0x00081140	True
5711	0x00040429	0x000832ac	3	0	0x000932ac	True
5712	0x00040453	0x000832ac	3	0	0x000932ac	True
5713	0x00040458	0x00083310	3	0	0x00093310	True
5714	0x00040476	0x0004047c	3	0	0x0005047c	True
5715	0x0004047c	0x000401e4	3	0	0x000501e4	True
5716	0x00040480	0x000403a4	3	0	0x000503a4	True
5717	0x00040484	0x000402b0	3	0	0x000502b0	True
5718	0x00040488	0x000402a4	3	0	0x000502a4	True
5719	0x0004048c	0x000402b0	3	0	0x000502b0	True
5720	0x00040490	0x000402a4	3	0	0x000502a4	True
5721	0x00040494	0x000402b0	3	0	0x000502b0	True
5722	0x00040498	0x000403e4	3	0	0x000503e4	True
5723	0x0004049c	0x0004041c	3	0	0x0005041c	True
5724	0x000404a0	0x0004044c	3	0	0x0005044c	True
5725	0x000404a4	0x0004044c	3	0	0x0005044c	True
5726	0x000404a8	0x0004044c	3	0	0x0005044c	True
5727	0x000404ac	0x0004044c	3	0	0x0005044c	True
5728	0x000404b0	0x0004044c	3	0	0x0005044c	True
5729	0x000404b4	0x0004041c	3	0	0x0005041c	True
5730	0x000404b8	0x0004044c	3	0	0x0005044c	True
5731	0x000404bc	0x0004041c	3	0	0x0005041c	True
5732	0x000404c0	0x0004044c	3	0	0x0005044c	True
5733	0x000404c4	0x000402a4	3	0	0x000502a4	True
5734	0x0004052b	0x0008010c	3	0	0x0009010c	True
5735	0x0004054a	0x0008010c	3	0	0x0009010c	True
5736	0x000405b0	0x00071140	3	0	0x00081140	True
5737	0x000406e5	0x00083338	3	0	0x00093338	True
5738	0x000406f2	0x00070310	3	0	0x00080310	True
5739	0x000406fe	0x0008012c	3	0	0x0009012c	True
5740	0x00040718	0x0007114c	3	0	0x0008114c	True
5741	0x0004073a	0x0007114c	3	0	0x0008114c	True
5742	0x00040750	0x0007114c	3	0	0x0008114c	True
5743	0x0004075b	0x00083338	3	0	0x00093338	True
5744	0x0004076d	0x00070310	3	0	0x00080310	True
5745	0x00040778	0x00070310	3	0	0x00080310	True
5746	0x00040789	0x00083324	3	0	0x00093324	True
5747	0x0004078e	0x00070310	3	0	0x00080310	True
5748	0x00040793	0x00083326	3	0	0x00093326	True
5749	0x0004079b	0x00070310	3	0	0x00080310	True
5750	0x000407a0	0x00083320	3	0	0x00093320	True
5751	0x000407b6	0x00070310	3	0	0x00080310	True
5752	0x000407cc	0x00070310	3	0	0x00080310	True
5753	0x000407d7	0x00083338	3	0	0x00093338	True
5754	0x000407de	0x00083338	3	0	0x00093338	True
5755	0x00040805	0x00081784	3	0	0x00091784	True
5756	0x0004080d	0x00081784	3	0	0x00091784	True
5757	0x00040812	0x00083342	3	0	0x00093342	True
5758	0x00040817	0x0008333c	3	0	0x0009333c	True
5759	0x00040834	0x00070310	3	0	0x00080310	True
5760	0x0004087b	0x0008332c	3	0	0x0009332c	True
5761	0x000408ee	0x0008332c	3	0	0x0009332c	True
5762	0x00040923	0x000832ac	3	0	0x000932ac	True
5763	0x00040936	0x000813f0	3	0	0x000913f0	True
5764	0x0004093f	0x00080ba8	3	0	0x00090ba8	True
5765	0x00040948	0x00070310	3	0	0x00080310	True
5766	0x00040952	0x0007114c	3	0	0x0008114c	True
5767	0x0004095f	0x00070310	3	0	0x00080310	True
5768	0x000409c6	0x00070310	3	0	0x00080310	True
5769	0x000409d6	0x000813f0	3	0	0x000913f0	True
5770	0x000409e4	0x00070310	3	0	0x00080310	True
5771	0x00040a06	0x00070310	3	0	0x00080310	True
5772	0x00040a29	0x00070310	3	0	0x00080310	True
5773	0x00040a48	0x0007114c	3	0	0x0008114c	True
5774	0x00040a5f	0x0007114c	3	0	0x0008114c	True
5775	0x00040aa2	0x00080ba8	3	0	0x00090ba8	True
5776	0x00040aab	0x0008010c	3	0	0x0009010c	True
5777	0x00040ac5	0x0007114c	3	0	0x0008114c	True
5778	0x00040ae3	0x0008334e	3	0	0x0009334e	True
5779	0x00040aeb	0x0008334c	3	0	0x0009334c	True
5780	0x00040af0	0x00083348	3	0	0x00093348	True
5781	0x00040b07	0x00071140	3	0	0x00081140	True
5782	0x00040b2a	0x0008336e	3	0	0x0009336e	True
5783	0x00040b30	0x0008336c	3	0	0x0009336c	True
5784	0x00040b36	0x00083368	3	0	0x00093368	True
5785	0x00040b89	0x00071140	3	0	0x00081140	True
5786	0x00040b9a	0x000832ac	3	0	0x000932ac	True
5787	0x00040ba7	0x00083360	3	0	0x00093360	True
5788	0x00040bba	0x00071140	3	0	0x00081140	True
5789	0x00040bdb	0x00071140	3	0	0x00081140	True
5790	0x00040be4	0x00083383	3	0	0x00093383	True
5791	0x00040bfe	0x0008337a	3	0	0x0009337a	True
5792	0x00040c03	0x00071140	3	0	0x00081140	True
5793	0x00040c2d	0x00071140	3	0	0x00081140	True
5794	0x00040c51	0x00083374	3	0	0x00093374	True
5795	0x00040c64	0x00071140	3	0	0x00081140	True
5796	0x00040c90	0x00071140	3	0	0x00081140	True
5797	0x00040cb9	0x00071140	3	0	0x00081140	True
5798	0x00040cdc	0x00083354	3	0	0x00093354	True
5799	0x00040cf1	0x0007114c	3	0	0x0008114c	True
5800	0x00040cfa	0x0007114c	3	0	0x0008114c	True
5801	0x00040d1d	0x00070d9c	3	0	0x00080d9c	True
5802	0x00040dc0	0x0008335c	3	0	0x0009335c	True
5803	0x00040dd9	0x00083360	3	0	0x00093360	True
5804	0x00040e01	0x00083358	3	0	0x00093358	True
5805	0x00040e1a	0x00083354	3	0	0x00093354	True
5806	0x00040e46	0x000832ac	3	0	0x000932ac	True
5807	0x00040eb0	0x00083326	3	0	0x00093326	True
5808	0x00040eb8	0x00083324	3	0	0x00093324	True
5809	0x00040ebd	0x00083320	3	0	0x00093320	True
5810	0x00040ed2	0x00083324	3	0	0x00093324	True
5811	0x00040eda	0x00083326	3	0	0x00093326	True
5812	0x00040edf	0x00083320	3	0	0x00093320	True
5813	0x00040efc	0x00070d9c	3	0	0x00080d9c	True
5814	0x00040f08	0x00083326	3	0	0x00093326	True
5815	0x00040f10	0x00083324	3	0	0x00093324	True
5816	0x00040f15	0x00083320	3	0	0x00093320	True
5817	0x00040f3e	0x00070d9c	3	0	0x00080d9c	True
5818	0x00040f70	0x0008338a	3	0	0x0009338a	True
5819	0x00040f77	0x00083388	3	0	0x00093388	True
5820	0x00041047	0x0008338d	3	0	0x0009338d	True
5821	0x0004104f	0x00083390	3	0	0x00093390	True
5822	0x00041056	0x0008338c	3	0	0x0009338c	True
5823	0x0004105c	0x0008338d	3	0	0x0009338d	True
5824	0x0004106b	0x0008338c	3	0	0x0009338c	True
5825	0x000410c3	0x000832ac	3	0	0x000932ac	True
5826	0x000410e3	0x00090044	3	0	0x000a0044	True
5827	0x0004110b	0x000832ac	3	0	0x000932ac	True
5828	0x0004113d	0x00083393	3	0	0x00093393	True
5829	0x00041153	0x00083397	3	0	0x00093397	True
5830	0x000411a3	0x000832ac	3	0	0x000932ac	True
5831	0x000832ac	0x00083270	3	0	0x00093270	True
5832	0x000832ec	0x000832c5	3	0	0x000932c5	True
5833	0x000832f0	0x000832cc	3	0	0x000932cc	True
5834	0x000411d8	0x000833b8	3	0	0x000933b8	True
5835	0x00041252	0x00090044	3	0	0x000a0044	True
5836	0x00041264	0x000411ec	3	0	0x000511ec	True
5837	0x00041291	0x000833bc	3	0	0x000933bc	True
5838	0x000412b8	0x000833c0	3	0	0x000933c0	True
5839	0x000412cf	0x00090040	3	0	0x000a0040	True
5840	0x000412d8	0x000833ce	3	0	0x000933ce	True
5841	0x000412f0	0x000833d7	3	0	0x000933d7	True
5842	0x00041311	0x0008956c	3	0	0x0009956c	True
5843	0x00041316	0x000833e3	3	0	0x000933e3	True
5844	0x0004134f	0x000833e8	3	0	0x000933e8	True
5845	0x00041371	0x00083409	3	0	0x00093409	True
5846	0x0004138a	0x00083418	3	0	0x00093418	True
5847	0x00041399	0x00083428	3	0	0x00093428	True
5848	0x000413bd	0x0008342a	3	0	0x0009342a	True
5849	0x000413f9	0x00083443	3	0	0x00093443	True
5850	0x0004144f	0x00083459	3	0	0x00093459	True
5851	0x00041469	0x0008344b	3	0	0x0009344b	True
5852	0x00041496	0x00083453	3	0	0x00093453	True
5853	0x000414c5	0x00083463	3	0	0x00093463	True
5854	0x000414db	0x0008346a	3	0	0x0009346a	True
5855	0x000414f7	0x00083476	3	0	0x00093476	True
5856	0x0004152e	0x0008e678	3	0	0x0009e678	True
5857	0x0004153c	0x0008347f	3	0	0x0009347f	True
5858	0x00041566	0x0008e678	3	0	0x0009e678	True
5859	0x00041574	0x00083488	3	0	0x00093488	True
5860	0x0004159f	0x00083492	3	0	0x00093492	True
5861	0x000415a9	0x00083497	3	0	0x00093497	True
5862	0x000415af	0x0008349b	3	0	0x0009349b	True
5863	0x000415be	0x0008e678	3	0	0x0009e678	True
5864	0x000415d3	0x000834a1	3	0	0x000934a1	True
5865	0x000415e5	0x000834a7	3	0	0x000934a7	True
5866	0x000415fe	0x00090045	3	0	0x000a0045	True
5867	0x00041607	0x00090044	3	0	0x000a0044	True
5868	0x00041635	0x000834b4	3	0	0x000934b4	True
5869	0x0004164a	0x000834c2	3	0	0x000934c2	True
5870	0x00041665	0x00090045	3	0	0x000a0045	True
5871	0x00041676	0x000800dc	3	0	0x000900dc	True
5872	0x00041680	0x000834c9	3	0	0x000934c9	True
5873	0x000416a1	0x000834d6	3	0	0x000934d6	True
5874	0x000416bd	0x000834df	3	0	0x000934df	True
5875	0x000416c3	0x000834e0	3	0	0x000934e0	True
5876	0x00041712	0x000834e8	3	0	0x000934e8	True
5877	0x00041728	0x000834ee	3	0	0x000934ee	True
5878	0x0004173b	0x000834f4	3	0	0x000934f4	True
5879	0x00041759	0x000834fd	3	0	0x000934fd	True
5880	0x00041769	0x00083505	3	0	0x00093505	True
5881	0x000417ad	0x00083510	3	0	0x00093510	True
5882	0x000417e1	0x0008351b	3	0	0x0009351b	True
5883	0x000417fa	0x0008352d	3	0	0x0009352d	True
5884	0x00041807	0x0008353c	3	0	0x0009353c	True
5885	0x00041814	0x00083599	3	0	0x00093599	True
5886	0x0004182a	0x0008359b	3	0	0x0009359b	True
5887	0x00041840	0x0008359e	3	0	0x0009359e	True
5888	0x00041856	0x000835a1	3	0	0x000935a1	True
5889	0x0004186c	0x000835a4	3	0	0x000935a4	True
5890	0x0004188f	0x000835a7	3	0	0x000935a7	True
5891	0x0004189f	0x00083549	3	0	0x00093549	True
5892	0x000418b2	0x00083555	3	0	0x00093555	True
5893	0x000418c5	0x0008356a	3	0	0x0009356a	True
5894	0x000418eb	0x00083573	3	0	0x00093573	True
5895	0x00041937	0x000835b0	3	0	0x000935b0	True
5896	0x0004194d	0x000835b3	3	0	0x000935b3	True
5897	0x00041963	0x000835b6	3	0	0x000935b6	True
5898	0x00041979	0x000835b9	3	0	0x000935b9	True
5899	0x00041987	0x00080160	3	0	0x00090160	True
5900	0x00041998	0x000835bc	3	0	0x000935bc	True
5901	0x000419b5	0x000835bf	3	0	0x000935bf	True
5902	0x000419ca	0x000835c2	3	0	0x000935c2	True
5903	0x000419de	0x000835c5	3	0	0x000935c5	True
5904	0x000419f2	0x000835c8	3	0	0x000935c8	True
5905	0x00041a08	0x000835cb	3	0	0x000935cb	True
5906	0x00041a23	0x000835ce	3	0	0x000935ce	True
5907	0x00041a2d	0x000835d1	3	0	0x000935d1	True
5908	0x00041a49	0x000835d4	3	0	0x000935d4	True
5909	0x00041a51	0x000835d7	3	0	0x000935d7	True
5910	0x00041a68	0x000835da	3	0	0x000935da	True
5911	0x00041a7e	0x000835dd	3	0	0x000935dd	True
5912	0x00041a8c	0x00080160	3	0	0x00090160	True
5913	0x00041a9d	0x000835e0	3	0	0x000935e0	True
5914	0x00041ab3	0x000835e3	3	0	0x000935e3	True
5915	0x00041ac9	0x000835e6	3	0	0x000935e6	True
5916	0x00041ad6	0x000835e9	3	0	0x000935e9	True
5917	0x00041ae4	0x00080164	3	0	0x00090164	True
5918	0x00041af8	0x00090048	3	0	0x000a0048	True
5919	0x00041afd	0x000835eb	3	0	0x000935eb	True
5920	0x00041b0a	0x000835f1	3	0	0x000935f1	True
5921	0x00041b1d	0x000833b8	3	0	0x000933b8	True
5922	0x00041b26	0x000835f3	3	0	0x000935f3	True
5923	0x00041b34	0x000833b8	3	0	0x000933b8	True
5924	0x00041b55	0x000835f5	3	0	0x000935f5	True
5925	0x00041b85	0x000833b8	3	0	0x000933b8	True
5926	0x00041b91	0x00083606	3	0	0x00093606	True
5927	0x00041baf	0x000833b8	3	0	0x000933b8	True
5928	0x00041bdc	0x00083608	3	0	0x00093608	True
5929	0x00041bf2	0x00083634	3	0	0x00093634	True
5930	0x00041c14	0x00083640	3	0	0x00093640	True
5931	0x00041c38	0x0008363b	3	0	0x0009363b	True
5932	0x00041c4a	0x00083644	3	0	0x00093644	True
5933	0x00041c6c	0x00083650	3	0	0x00093650	True
5934	0x00041c90	0x0008364b	3	0	0x0009364b	True
5935	0x00041cfe	0x000833b8	3	0	0x000933b8	True
5936	0x00041d2e	0x00083654	3	0	0x00093654	True
5937	0x00041d36	0x00071398	3	0	0x00081398	True
5938	0x00041d3c	0x0008365c	3	0	0x0009365c	True
5939	0x00041d50	0x0008365c	3	0	0x0009365c	True
5940	0x00041d6b	0x00083658	3	0	0x00093658	True
5941	0x00041d73	0x00083654	3	0	0x00093654	True
5942	0x00041d7b	0x00071398	3	0	0x00081398	True
5943	0x00041da8	0x0007139c	3	0	0x0008139c	True
5944	0x00041dad	0x0008dd20	3	0	0x0009dd20	True
5945	0x00041dc3	0x00083660	3	0	0x00093660	True
5946	0x00041dc9	0x0008366c	3	0	0x0009366c	True
5947	0x00041ddc	0x00083664	3	0	0x00093664	True
5948	0x00041de1	0x00083664	3	0	0x00093664	True
5949	0x00041de7	0x00083668	3	0	0x00093668	True
5950	0x00041def	0x00083664	3	0	0x00093664	True
5951	0x00041e09	0x00083660	3	0	0x00093660	True
5952	0x00041e12	0x00083660	3	0	0x00093660	True
5953	0x00041e22	0x00083668	3	0	0x00093668	True
5954	0x00041e2c	0x0008366c	3	0	0x0009366c	True
5955	0x00041e3a	0x00083668	3	0	0x00093668	True
5956	0x00041e44	0x0008366c	3	0	0x0009366c	True
5957	0x00041e52	0x00083668	3	0	0x00093668	True
5958	0x00041e62	0x00083658	3	0	0x00093658	True
5959	0x000833b4	0x000833a0	3	0	0x000933a0	True
5960	0x00083654	0x0008dd20	3	0	0x0009dd20	True
5961	0x00084260	0x00083670	3	0	0x00093670	True
5962	0x00084300	0x00083684	3	0	0x00093684	True
5963	0x00084308	0x000842f7	3	0	0x000942f7	True
5964	0x0008430c	0x000842f7	3	0	0x000942f7	True
5965	0x0008431c	0x0008368f	3	0	0x0009368f	True
5966	0x00084324	0x000842f7	3	0	0x000942f7	True
5967	0x00084328	0x000842f7	3	0	0x000942f7	True
5968	0x00084334	0x00083698	3	0	0x00093698	True
5969	0x00084338	0x00083699	3	0	0x00093699	True
5970	0x00084340	0x000842ec	3	0	0x000942ec	True
5971	0x00084344	0x000842f7	3	0	0x000942f7	True
5972	0x00084350	0x000836a3	3	0	0x000936a3	True
5973	0x00084354	0x000836a4	3	0	0x000936a4	True
5974	0x0008435c	0x000842f0	3	0	0x000942f0	True
5975	0x00084360	0x000836ad	3	0	0x000936ad	True
5976	0x0008436c	0x000842f8	3	0	0x000942f8	True
5977	0x00084370	0x000836b2	3	0	0x000936b2	True
5978	0x00084378	0x000842ec	3	0	0x000942ec	True
5979	0x0008437c	0x000842f7	3	0	0x000942f7	True
5980	0x0008438c	0x000836ba	3	0	0x000936ba	True
5981	0x00084394	0x000842f0	3	0	0x000942f0	True
5982	0x00084398	0x000836c4	3	0	0x000936c4	True
5983	0x000843a4	0x000842f8	3	0	0x000942f8	True
5984	0x000843a8	0x000836ca	3	0	0x000936ca	True
5985	0x000843b0	0x000842ec	3	0	0x000942ec	True
5986	0x000843b4	0x000842f7	3	0	0x000942f7	True
5987	0x000843c4	0x000836d3	3	0	0x000936d3	True
5988	0x000843cc	0x000836dd	3	0	0x000936dd	True
5989	0x000843d0	0x000842f7	3	0	0x000942f7	True
5990	0x000843e0	0x000836e0	3	0	0x000936e0	True
5991	0x000843e8	0x000842ec	3	0	0x000942ec	True
5992	0x000843ec	0x000842f7	3	0	0x000942f7	True
5993	0x000843fc	0x000836ea	3	0	0x000936ea	True
5994	0x00084404	0x000842ec	3	0	0x000942ec	True
5995	0x00084408	0x000842f7	3	0	0x000942f7	True
5996	0x00084418	0x000836f4	3	0	0x000936f4	True
5997	0x00084420	0x000842ec	3	0	0x000942ec	True
5998	0x00084424	0x000842f7	3	0	0x000942f7	True
5999	0x00084434	0x000836fe	3	0	0x000936fe	True
6000	0x0008443c	0x000842ec	3	0	0x000942ec	True
6001	0x00084440	0x000842f7	3	0	0x000942f7	True
6002	0x00084450	0x00083708	3	0	0x00093708	True
6003	0x00084458	0x000842ec	3	0	0x000942ec	True
6004	0x0008445c	0x000842f7	3	0	0x000942f7	True
6005	0x0008446c	0x00083712	3	0	0x00093712	True
6006	0x00084474	0x0008371b	3	0	0x0009371b	True
6007	0x00084478	0x000842f7	3	0	0x000942f7	True
6008	0x00084488	0x0008371d	3	0	0x0009371d	True
6009	0x00084490	0x00083726	3	0	0x00093726	True
6010	0x00084494	0x000842f7	3	0	0x000942f7	True
6011	0x000844a4	0x00083728	3	0	0x00093728	True
6012	0x000844ac	0x00083731	3	0	0x00093731	True
6013	0x000844b0	0x000842f7	3	0	0x000942f7	True
6014	0x000844c0	0x00083733	3	0	0x00093733	True
6015	0x000844c8	0x0008373b	3	0	0x0009373b	True
6016	0x000844cc	0x000842f7	3	0	0x000942f7	True
6017	0x000844dc	0x0008373d	3	0	0x0009373d	True
6018	0x000844e4	0x00083745	3	0	0x00093745	True
6019	0x000844e8	0x000842f7	3	0	0x000942f7	True
6020	0x000844f8	0x00083747	3	0	0x00093747	True
6021	0x00084500	0x000842f0	3	0	0x000942f0	True
6022	0x00084504	0x0008374f	3	0	0x0009374f	True
6023	0x00084510	0x000842f8	3	0	0x000942f8	True
6024	0x00084514	0x00083754	3	0	0x00093754	True
6025	0x0008451c	0x000842ec	3	0	0x000942ec	True
6026	0x00084520	0x000842f7	3	0	0x000942f7	True
6027	0x00084530	0x0008375d	3	0	0x0009375d	True
6028	0x00084538	0x00083765	3	0	0x00093765	True
6029	0x0008453c	0x000842f7	3	0	0x000942f7	True
6030	0x0008454c	0x00083767	3	0	0x00093767	True
6031	0x00084554	0x000842ec	3	0	0x000942ec	True
6032	0x00084558	0x000842f7	3	0	0x000942f7	True
6033	0x00084568	0x0008376f	3	0	0x0009376f	True
6034	0x00084570	0x000842ec	3	0	0x000942ec	True
6035	0x00084574	0x000842f7	3	0	0x000942f7	True
6036	0x00084584	0x00083777	3	0	0x00093777	True
6037	0x0008458c	0x000842f0	3	0	0x000942f0	True
6038	0x00084590	0x0008377f	3	0	0x0009377f	True
6039	0x0008459c	0x000842f8	3	0	0x000942f8	True
6040	0x000845a0	0x00083784	3	0	0x00093784	True
6041	0x000845a8	0x000842ec	3	0	0x000942ec	True
6042	0x000845ac	0x000842f7	3	0	0x000942f7	True
6043	0x000845bc	0x0008378c	3	0	0x0009378c	True
6044	0x000845c4	0x00083796	3	0	0x00093796	True
6045	0x000845c8	0x0008426c	3	0	0x0009426c	True
6046	0x000845d8	0x000837a4	3	0	0x000937a4	True
6047	0x000845e0	0x000842ec	3	0	0x000942ec	True
6048	0x000845e4	0x000842f7	3	0	0x000942f7	True
6049	0x000845f4	0x000837ae	3	0	0x000937ae	True
6050	0x000845fc	0x000842ec	3	0	0x000942ec	True
6051	0x00084600	0x000842f7	3	0	0x000942f7	True
6052	0x00084610	0x000837b8	3	0	0x000937b8	True
6053	0x00084618	0x000842f0	3	0	0x000942f0	True
6054	0x0008461c	0x000837c1	3	0	0x000937c1	True
6055	0x00084628	0x000842f8	3	0	0x000942f8	True
6056	0x0008462c	0x000837c6	3	0	0x000937c6	True
6057	0x00084634	0x000842ec	3	0	0x000942ec	True
6058	0x00084638	0x000842f7	3	0	0x000942f7	True
6059	0x00084648	0x000837cf	3	0	0x000937cf	True
6060	0x00084650	0x000837d8	3	0	0x000937d8	True
6061	0x00084654	0x00084264	3	0	0x00094264	True
6062	0x00084664	0x000837e1	3	0	0x000937e1	True
6063	0x0008466c	0x000842ec	3	0	0x000942ec	True
6064	0x00084670	0x000842f7	3	0	0x000942f7	True
6065	0x00084680	0x000837ea	3	0	0x000937ea	True
6066	0x00084688	0x000842ec	3	0	0x000942ec	True
6067	0x0008468c	0x000842f7	3	0	0x000942f7	True
6068	0x0008469c	0x000837f3	3	0	0x000937f3	True
6069	0x000846a4	0x000842f0	3	0	0x000942f0	True
6070	0x000846a8	0x000837fb	3	0	0x000937fb	True
6071	0x000846b4	0x000842f8	3	0	0x000942f8	True
6072	0x000846b8	0x000837ff	3	0	0x000937ff	True
6073	0x000846c0	0x000842ec	3	0	0x000942ec	True
6074	0x000846c4	0x000842f7	3	0	0x000942f7	True
6075	0x000846d4	0x00083807	3	0	0x00093807	True
6076	0x000846dc	0x0008380f	3	0	0x0009380f	True
6077	0x000846e0	0x000842f7	3	0	0x000942f7	True
6078	0x000846f0	0x00083811	3	0	0x00093811	True
6079	0x000846f8	0x000842ec	3	0	0x000942ec	True
6080	0x000846fc	0x000842f7	3	0	0x000942f7	True
6081	0x0008470c	0x00083819	3	0	0x00093819	True
6082	0x00084714	0x000842ec	3	0	0x000942ec	True
6083	0x00084718	0x000842f7	3	0	0x000942f7	True
6084	0x00084728	0x00083821	3	0	0x00093821	True
6085	0x00084730	0x0008382a	3	0	0x0009382a	True
6086	0x00084734	0x000842f7	3	0	0x000942f7	True
6087	0x00084744	0x0008382c	3	0	0x0009382c	True
6088	0x0008474c	0x000842ec	3	0	0x000942ec	True
6089	0x00084750	0x000842f7	3	0	0x000942f7	True
6090	0x00084760	0x00083835	3	0	0x00093835	True
6091	0x00084768	0x000842ec	3	0	0x000942ec	True
6092	0x0008476c	0x000842f7	3	0	0x000942f7	True
6093	0x0008477c	0x0008383e	3	0	0x0009383e	True
6094	0x00084784	0x00083847	3	0	0x00093847	True
6095	0x00084788	0x000842f7	3	0	0x000942f7	True
6096	0x00084798	0x00083849	3	0	0x00093849	True
6097	0x000847a0	0x000842ec	3	0	0x000942ec	True
6098	0x000847a4	0x000842f7	3	0	0x000942f7	True
6099	0x000847b4	0x00083852	3	0	0x00093852	True
6100	0x000847bc	0x000842ec	3	0	0x000942ec	True
6101	0x000847c0	0x000842f7	3	0	0x000942f7	True
6102	0x000847d0	0x0008385b	3	0	0x0009385b	True
6103	0x000847d8	0x00083863	3	0	0x00093863	True
6104	0x000847dc	0x000842f7	3	0	0x000942f7	True
6105	0x000847ec	0x00083865	3	0	0x00093865	True
6106	0x000847f4	0x000842ec	3	0	0x000942ec	True
6107	0x000847f8	0x000842f7	3	0	0x000942f7	True
6108	0x00084808	0x0008386d	3	0	0x0009386d	True
6109	0x00084810	0x000842ec	3	0	0x000942ec	True
6110	0x00084814	0x000842f7	3	0	0x000942f7	True
6111	0x00084824	0x00083875	3	0	0x00093875	True
6112	0x0008482c	0x0008387e	3	0	0x0009387e	True
6113	0x00084830	0x00084278	3	0	0x00094278	True
6114	0x00084840	0x0008388e	3	0	0x0009388e	True
6115	0x00084848	0x000842ec	3	0	0x000942ec	True
6116	0x0008484c	0x000842f7	3	0	0x000942f7	True
6117	0x0008485c	0x00083897	3	0	0x00093897	True
6118	0x00084864	0x000842ec	3	0	0x000942ec	True
6119	0x00084868	0x000842f7	3	0	0x000942f7	True
6120	0x00084878	0x000838a0	3	0	0x000938a0	True
6121	0x00084880	0x000842ec	3	0	0x000942ec	True
6122	0x00084884	0x000842f7	3	0	0x000942f7	True
6123	0x00084894	0x000838aa	3	0	0x000938aa	True
6124	0x0008489c	0x000842ec	3	0	0x000942ec	True
6125	0x000848a0	0x000842f7	3	0	0x000942f7	True
6126	0x000848b0	0x000838b4	3	0	0x000938b4	True
6127	0x000848b8	0x000842ec	3	0	0x000942ec	True
6128	0x000848bc	0x000842f7	3	0	0x000942f7	True
6129	0x000848cc	0x000838be	3	0	0x000938be	True
6130	0x000848d4	0x000838c7	3	0	0x000938c7	True
6131	0x000848d8	0x00084288	3	0	0x00094288	True
6132	0x000848e8	0x000838d7	3	0	0x000938d7	True
6133	0x000848f0	0x000842ec	3	0	0x000942ec	True
6134	0x000848f4	0x000842f7	3	0	0x000942f7	True
6135	0x00084904	0x000838e0	3	0	0x000938e0	True
6136	0x0008490c	0x000842ec	3	0	0x000942ec	True
6137	0x00084910	0x000842f7	3	0	0x000942f7	True
6138	0x00084920	0x000838e9	3	0	0x000938e9	True
6139	0x00084928	0x000838f2	3	0	0x000938f2	True
6140	0x0008492c	0x00084298	3	0	0x00094298	True
6141	0x0008493c	0x00083902	3	0	0x00093902	True
6142	0x00084944	0x000842ec	3	0	0x000942ec	True
6143	0x00084948	0x000842f7	3	0	0x000942f7	True
6144	0x00084958	0x0008390b	3	0	0x0009390b	True
6145	0x00084960	0x000842ec	3	0	0x000942ec	True
6146	0x00084964	0x000842f7	3	0	0x000942f7	True
6147	0x00084974	0x00083914	3	0	0x00093914	True
6148	0x0008497c	0x0008391e	3	0	0x0009391e	True
6149	0x00084980	0x000842b8	3	0	0x000942b8	True
6150	0x00084990	0x00083925	3	0	0x00093925	True
6151	0x00084998	0x000842ec	3	0	0x000942ec	True
6152	0x0008499c	0x000842f7	3	0	0x000942f7	True
6153	0x000849ac	0x0008392f	3	0	0x0009392f	True
6154	0x000849b4	0x00083939	3	0	0x00093939	True
6155	0x000849b8	0x0008393e	3	0	0x0009393e	True
6156	0x000849c4	0x000842f8	3	0	0x000942f8	True
6157	0x000849c8	0x00083945	3	0	0x00093945	True
6158	0x000849d0	0x0008394f	3	0	0x0009394f	True
6159	0x000849d4	0x000842a8	3	0	0x000942a8	True
6160	0x000849e4	0x00083956	3	0	0x00093956	True
6161	0x000849ec	0x000842ec	3	0	0x000942ec	True
6162	0x000849f0	0x000842f7	3	0	0x000942f7	True
6163	0x00084a00	0x00083960	3	0	0x00093960	True
6164	0x00084a08	0x0008396a	3	0	0x0009396a	True
6165	0x00084a0c	0x0008396f	3	0	0x0009396f	True
6166	0x00084a18	0x000842f8	3	0	0x000942f8	True
6167	0x00084a1c	0x00083976	3	0	0x00093976	True
6168	0x00084a24	0x00083980	3	0	0x00093980	True
6169	0x00084a28	0x000842b0	3	0	0x000942b0	True
6170	0x00084a38	0x00083987	3	0	0x00093987	True
6171	0x00084a40	0x000842ec	3	0	0x000942ec	True
6172	0x00084a44	0x000842f7	3	0	0x000942f7	True
6173	0x00084a54	0x00083991	3	0	0x00093991	True
6174	0x00084a5c	0x0008399b	3	0	0x0009399b	True
6175	0x00084a60	0x000839a0	3	0	0x000939a0	True
6176	0x00084a6c	0x000842f8	3	0	0x000942f8	True
6177	0x00084a70	0x000839a7	3	0	0x000939a7	True
6178	0x00084a78	0x000839b1	3	0	0x000939b1	True
6179	0x00084a7c	0x000842c0	3	0	0x000942c0	True
6180	0x00084a8c	0x000839bf	3	0	0x000939bf	True
6181	0x00084a94	0x000842ec	3	0	0x000942ec	True
6182	0x00084a98	0x000842f7	3	0	0x000942f7	True
6183	0x00084aa8	0x000839c9	3	0	0x000939c9	True
6184	0x00084ab0	0x000839d3	3	0	0x000939d3	True
6185	0x00084ab4	0x000839d8	3	0	0x000939d8	True
6186	0x00084ac0	0x000842f8	3	0	0x000942f8	True
6187	0x00084ac4	0x000839df	3	0	0x000939df	True
6188	0x00084acc	0x000842f0	3	0	0x000942f0	True
6189	0x00084ad0	0x000839e8	3	0	0x000939e8	True
6190	0x00084adc	0x000842f8	3	0	0x000942f8	True
6191	0x00084ae0	0x000839ee	3	0	0x000939ee	True
6192	0x00084ae8	0x000839f6	3	0	0x000939f6	True
6193	0x00084aec	0x000842f7	3	0	0x000942f7	True
6194	0x00084afc	0x000839f9	3	0	0x000939f9	True
6195	0x00084b04	0x00083a02	3	0	0x00093a02	True
6196	0x00084b08	0x000842f7	3	0	0x000942f7	True
6197	0x00084b18	0x00083a05	3	0	0x00093a05	True
6198	0x00084b20	0x000842ec	3	0	0x000942ec	True
6199	0x00084b24	0x000842f7	3	0	0x000942f7	True
6200	0x00084b34	0x00083a0e	3	0	0x00093a0e	True
6201	0x00084b3c	0x00083a17	3	0	0x00093a17	True
6202	0x00084b40	0x000842f7	3	0	0x000942f7	True
6203	0x00084b50	0x00083a1a	3	0	0x00093a1a	True
6204	0x00084b58	0x00083a22	3	0	0x00093a22	True
6205	0x00084b5c	0x000842f7	3	0	0x000942f7	True
6206	0x00084b6c	0x00083a25	3	0	0x00093a25	True
6207	0x00084b74	0x00083a2d	3	0	0x00093a2d	True
6208	0x00084b78	0x000842f7	3	0	0x000942f7	True
6209	0x00084b88	0x00083a30	3	0	0x00093a30	True
6210	0x00084b90	0x00083a39	3	0	0x00093a39	True
6211	0x00084b94	0x000842f7	3	0	0x000942f7	True
6212	0x00084ba4	0x00083a3c	3	0	0x00093a3c	True
6213	0x00084bac	0x000842ec	3	0	0x000942ec	True
6214	0x00084bb0	0x000842f7	3	0	0x000942f7	True
6215	0x00084bc0	0x00083a45	3	0	0x00093a45	True
6216	0x00084bc8	0x00083a4e	3	0	0x00093a4e	True
6217	0x00084bcc	0x000842f7	3	0	0x000942f7	True
6218	0x00084bdc	0x00083a51	3	0	0x00093a51	True
6219	0x00084be4	0x00083a59	3	0	0x00093a59	True
6220	0x00084be8	0x000842f7	3	0	0x000942f7	True
6221	0x00084bf8	0x00083a5c	3	0	0x00093a5c	True
6222	0x00084c00	0x000842f0	3	0	0x000942f0	True
6223	0x00084c04	0x00083a64	3	0	0x00093a64	True
6224	0x00084c10	0x000842f8	3	0	0x000942f8	True
6225	0x00084c14	0x00083a69	3	0	0x00093a69	True
6226	0x00084c1c	0x000842f0	3	0	0x000942f0	True
6227	0x00084c20	0x00083a71	3	0	0x00093a71	True
6228	0x00084c2c	0x000842f8	3	0	0x000942f8	True
6229	0x00084c30	0x00083a76	3	0	0x00093a76	True
6230	0x00084c38	0x000842f0	3	0	0x000942f0	True
6231	0x00084c3c	0x00083a7e	3	0	0x00093a7e	True
6232	0x00084c48	0x000842f8	3	0	0x000942f8	True
6233	0x00084c4c	0x00083a83	3	0	0x00093a83	True
6234	0x00084c54	0x00083a8d	3	0	0x00093a8d	True
6235	0x00084c58	0x00083a90	3	0	0x00093a90	True
6236	0x00084c64	0x000842f8	3	0	0x000942f8	True
6237	0x00084c68	0x00083a99	3	0	0x00093a99	True
6238	0x00084c70	0x000842ec	3	0	0x000942ec	True
6239	0x00084c74	0x000842f7	3	0	0x000942f7	True
6240	0x00084c84	0x00083aa3	3	0	0x00093aa3	True
6241	0x00084c8c	0x000842ec	3	0	0x000942ec	True
6242	0x00084c90	0x000842f7	3	0	0x000942f7	True
6243	0x00084ca0	0x00083aad	3	0	0x00093aad	True
6244	0x00084ca8	0x00083ab7	3	0	0x00093ab7	True
6245	0x00084cac	0x00083abb	3	0	0x00093abb	True
6246	0x00084cb8	0x000842f8	3	0	0x000942f8	True
6247	0x00084cbc	0x00083ac1	3	0	0x00093ac1	True
6248	0x00084cc4	0x000842ec	3	0	0x000942ec	True
6249	0x00084cc8	0x000842f7	3	0	0x000942f7	True
6250	0x00084cd8	0x00083aca	3	0	0x00093aca	True
6251	0x00084ce0	0x00083ad4	3	0	0x00093ad4	True
6252	0x00084ce4	0x00083ad8	3	0	0x00093ad8	True
6253	0x00084cf0	0x000842f8	3	0	0x000942f8	True
6254	0x00084cf4	0x00083ade	3	0	0x00093ade	True
6255	0x00084cfc	0x000842ec	3	0	0x000942ec	True
6256	0x00084d00	0x000842f7	3	0	0x000942f7	True
6257	0x00084d10	0x00083ae8	3	0	0x00093ae8	True
6258	0x00084d18	0x000842f0	3	0	0x000942f0	True
6259	0x00084d1c	0x00083af1	3	0	0x00093af1	True
6260	0x00084d28	0x000842f8	3	0	0x000942f8	True
6261	0x00084d2c	0x00083af6	3	0	0x00093af6	True
6262	0x00084d34	0x000842ec	3	0	0x000942ec	True
6263	0x00084d38	0x000842f7	3	0	0x000942f7	True
6264	0x00084d48	0x00083aff	3	0	0x00093aff	True
6265	0x00084d50	0x000842f0	3	0	0x000942f0	True
6266	0x00084d54	0x00083b08	3	0	0x00093b08	True
6267	0x00084d60	0x000842f8	3	0	0x000942f8	True
6268	0x00084d64	0x00083b0e	3	0	0x00093b0e	True
6269	0x00084d6c	0x000842ec	3	0	0x000942ec	True
6270	0x00084d70	0x000842f7	3	0	0x000942f7	True
6271	0x00084d80	0x00083b18	3	0	0x00093b18	True
6272	0x00084d88	0x000842f0	3	0	0x000942f0	True
6273	0x00084d8c	0x00083b20	3	0	0x00093b20	True
6274	0x00084d98	0x000842f8	3	0	0x000942f8	True
6275	0x00084d9c	0x00083b24	3	0	0x00093b24	True
6276	0x00084da4	0x000842ec	3	0	0x000942ec	True
6277	0x00084da8	0x000842f7	3	0	0x000942f7	True
6278	0x00084db8	0x00083b2c	3	0	0x00093b2c	True
6279	0x00084dc0	0x000842f0	3	0	0x000942f0	True
6280	0x00084dc4	0x00083b34	3	0	0x00093b34	True
6281	0x00084dd0	0x000842f8	3	0	0x000942f8	True
6282	0x00084dd4	0x00083b39	3	0	0x00093b39	True
6283	0x00084ddc	0x000842ec	3	0	0x000942ec	True
6284	0x00084de0	0x000842f7	3	0	0x000942f7	True
6285	0x00084df0	0x00083b42	3	0	0x00093b42	True
6286	0x00084df8	0x000842f0	3	0	0x000942f0	True
6287	0x00084dfc	0x00083b4a	3	0	0x00093b4a	True
6288	0x00084e08	0x000842f8	3	0	0x000942f8	True
6289	0x00084e0c	0x00083b4e	3	0	0x00093b4e	True
6290	0x00084e14	0x000842ec	3	0	0x000942ec	True
6291	0x00084e18	0x000842f7	3	0	0x000942f7	True
6292	0x00084e28	0x00083b56	3	0	0x00093b56	True
6293	0x00084e30	0x000842f0	3	0	0x000942f0	True
6294	0x00084e34	0x00083b5e	3	0	0x00093b5e	True
6295	0x00084e40	0x000842f8	3	0	0x000942f8	True
6296	0x00084e44	0x00083b63	3	0	0x00093b63	True
6297	0x00084e4c	0x000842ec	3	0	0x000942ec	True
6298	0x00084e50	0x000842f7	3	0	0x000942f7	True
6299	0x00084e60	0x00083b6c	3	0	0x00093b6c	True
6300	0x00084e68	0x000842f0	3	0	0x000942f0	True
6301	0x00084e6c	0x00083b76	3	0	0x00093b76	True
6302	0x00084e78	0x000842f8	3	0	0x000942f8	True
6303	0x00084e7c	0x00083b7d	3	0	0x00093b7d	True
6304	0x00084e84	0x000842ec	3	0	0x000942ec	True
6305	0x00084e88	0x000842f7	3	0	0x000942f7	True
6306	0x00084e98	0x00083b87	3	0	0x00093b87	True
6307	0x00084ea0	0x000842f0	3	0	0x000942f0	True
6308	0x00084ea4	0x00083b8f	3	0	0x00093b8f	True
6309	0x00084eb0	0x000842f8	3	0	0x000942f8	True
6310	0x00084eb4	0x00083b93	3	0	0x00093b93	True
6311	0x00084ebc	0x000842ec	3	0	0x000942ec	True
6312	0x00084ec0	0x000842f7	3	0	0x000942f7	True
6313	0x00084ed0	0x00083b9b	3	0	0x00093b9b	True
6314	0x00084ed8	0x000842f0	3	0	0x000942f0	True
6315	0x00084edc	0x00083ba3	3	0	0x00093ba3	True
6316	0x00084ee8	0x000842f8	3	0	0x000942f8	True
6317	0x00084eec	0x00083ba8	3	0	0x00093ba8	True
6318	0x00084ef4	0x000842ec	3	0	0x000942ec	True
6319	0x00084ef8	0x000842f7	3	0	0x000942f7	True
6320	0x00084f08	0x00083bb1	3	0	0x00093bb1	True
6321	0x00084f10	0x000842f0	3	0	0x000942f0	True
6322	0x00084f14	0x00083bb9	3	0	0x00093bb9	True
6323	0x00084f20	0x000842f8	3	0	0x000942f8	True
6324	0x00084f24	0x00083bbd	3	0	0x00093bbd	True
6325	0x00084f2c	0x000842ec	3	0	0x000942ec	True
6326	0x00084f30	0x000842f7	3	0	0x000942f7	True
6327	0x00084f40	0x00083bc5	3	0	0x00093bc5	True
6328	0x00084f48	0x000842f0	3	0	0x000942f0	True
6329	0x00084f4c	0x00083bcd	3	0	0x00093bcd	True
6330	0x00084f58	0x000842f8	3	0	0x000942f8	True
6331	0x00084f5c	0x00083bd2	3	0	0x00093bd2	True
6332	0x00084f64	0x000842ec	3	0	0x000942ec	True
6333	0x00084f68	0x000842f7	3	0	0x000942f7	True
6334	0x00084f78	0x00083bdb	3	0	0x00093bdb	True
6335	0x00084f80	0x000842f0	3	0	0x000942f0	True
6336	0x00084f84	0x00083be3	3	0	0x00093be3	True
6337	0x00084f90	0x000842f8	3	0	0x000942f8	True
6338	0x00084f94	0x00083be7	3	0	0x00093be7	True
6339	0x00084f9c	0x000842ec	3	0	0x000942ec	True
6340	0x00084fa0	0x000842f7	3	0	0x000942f7	True
6341	0x00084fb0	0x00083bef	3	0	0x00093bef	True
6342	0x00084fb8	0x000842f0	3	0	0x000942f0	True
6343	0x00084fbc	0x00083bf9	3	0	0x00093bf9	True
6344	0x00084fc8	0x000842f8	3	0	0x000942f8	True
6345	0x00084fcc	0x00083bff	3	0	0x00093bff	True
6346	0x00084fd4	0x000842ec	3	0	0x000942ec	True
6347	0x00084fd8	0x000842f7	3	0	0x000942f7	True
6348	0x00084fe8	0x00083c09	3	0	0x00093c09	True
6349	0x00084ff0	0x000842f0	3	0	0x000942f0	True
6350	0x00084ff4	0x00083c11	3	0	0x00093c11	True
6351	0x00085000	0x000842f8	3	0	0x000942f8	True
6352	0x00085004	0x00083c15	3	0	0x00093c15	True
6353	0x0008500c	0x000842ec	3	0	0x000942ec	True
6354	0x00085010	0x000842f7	3	0	0x000942f7	True
6355	0x00085020	0x00083c1d	3	0	0x00093c1d	True
6356	0x00085028	0x000842f0	3	0	0x000942f0	True
6357	0x0008502c	0x00083c26	3	0	0x00093c26	True
6358	0x00085038	0x000842f8	3	0	0x000942f8	True
6359	0x0008503c	0x00083c2b	3	0	0x00093c2b	True
6360	0x00085044	0x000842ec	3	0	0x000942ec	True
6361	0x00085048	0x000842f7	3	0	0x000942f7	True
6362	0x00085058	0x00083c34	3	0	0x00093c34	True
6363	0x00085060	0x000842f0	3	0	0x000942f0	True
6364	0x00085064	0x00083c3e	3	0	0x00093c3e	True
6365	0x00085070	0x000842f8	3	0	0x000942f8	True
6366	0x00085074	0x00083c44	3	0	0x00093c44	True
6367	0x0008507c	0x000842ec	3	0	0x000942ec	True
6368	0x00085080	0x000842f7	3	0	0x000942f7	True
6369	0x00085090	0x00083c4e	3	0	0x00093c4e	True
6370	0x00085098	0x000842f0	3	0	0x000942f0	True
6371	0x0008509c	0x00083c58	3	0	0x00093c58	True
6372	0x000850a8	0x000842f8	3	0	0x000942f8	True
6373	0x000850ac	0x00083c5f	3	0	0x00093c5f	True
6374	0x000850b4	0x000842ec	3	0	0x000942ec	True
6375	0x000850b8	0x000842f7	3	0	0x000942f7	True
6376	0x000850c8	0x00083c69	3	0	0x00093c69	True
6377	0x000850d0	0x000842f0	3	0	0x000942f0	True
6378	0x000850d4	0x00083c72	3	0	0x00093c72	True
6379	0x000850e0	0x000842f8	3	0	0x000942f8	True
6380	0x000850e4	0x00083c77	3	0	0x00093c77	True
6381	0x000850ec	0x000842ec	3	0	0x000942ec	True
6382	0x000850f0	0x000842f7	3	0	0x000942f7	True
6383	0x00085100	0x00083c80	3	0	0x00093c80	True
6384	0x00085108	0x000842f0	3	0	0x000942f0	True
6385	0x0008510c	0x00083c89	3	0	0x00093c89	True
6386	0x00085118	0x000842f8	3	0	0x000942f8	True
6387	0x0008511c	0x00083c8e	3	0	0x00093c8e	True
6388	0x00085124	0x000842ec	3	0	0x000942ec	True
6389	0x00085128	0x000842f7	3	0	0x000942f7	True
6390	0x00085138	0x00083c97	3	0	0x00093c97	True
6391	0x00085140	0x000842f0	3	0	0x000942f0	True
6392	0x00085144	0x00083ca0	3	0	0x00093ca0	True
6393	0x00085150	0x000842f8	3	0	0x000942f8	True
6394	0x00085154	0x00083ca5	3	0	0x00093ca5	True
6395	0x0008515c	0x000842ec	3	0	0x000942ec	True
6396	0x00085160	0x000842f7	3	0	0x000942f7	True
6397	0x00085170	0x00083cae	3	0	0x00093cae	True
6398	0x00085178	0x000842f0	3	0	0x000942f0	True
6399	0x0008517c	0x00083cb8	3	0	0x00093cb8	True
6400	0x00085188	0x000842f8	3	0	0x000942f8	True
6401	0x0008518c	0x00083cbe	3	0	0x00093cbe	True
6402	0x00085194	0x000842ec	3	0	0x000942ec	True
6403	0x00085198	0x000842f7	3	0	0x000942f7	True
6404	0x000851a8	0x00083cc8	3	0	0x00093cc8	True
6405	0x000851b0	0x000842f0	3	0	0x000942f0	True
6406	0x000851b4	0x00083cd1	3	0	0x00093cd1	True
6407	0x000851c0	0x000842f8	3	0	0x000942f8	True
6408	0x000851c4	0x00083cd6	3	0	0x00093cd6	True
6409	0x000851cc	0x000842ec	3	0	0x000942ec	True
6410	0x000851d0	0x000842f7	3	0	0x000942f7	True
6411	0x000851e0	0x00083cdf	3	0	0x00093cdf	True
6412	0x000851e8	0x000842f0	3	0	0x000942f0	True
6413	0x000851ec	0x00083ce8	3	0	0x00093ce8	True
6414	0x000851f8	0x000842f8	3	0	0x000942f8	True
6415	0x000851fc	0x00083ced	3	0	0x00093ced	True
6416	0x00085204	0x000842ec	3	0	0x000942ec	True
6417	0x00085208	0x000842f7	3	0	0x000942f7	True
6418	0x00085218	0x00083cf6	3	0	0x00093cf6	True
6419	0x00085220	0x000842f0	3	0	0x000942f0	True
6420	0x00085224	0x00083cff	3	0	0x00093cff	True
6421	0x00085230	0x000842f8	3	0	0x000942f8	True
6422	0x00085234	0x00083d04	3	0	0x00093d04	True
6423	0x0008523c	0x000842ec	3	0	0x000942ec	True
6424	0x00085240	0x000842f7	3	0	0x000942f7	True
6425	0x00085250	0x00083d0d	3	0	0x00093d0d	True
6426	0x00085258	0x00083d14	3	0	0x00093d14	True
6427	0x0008525c	0x000842e4	3	0	0x000942e4	True
6428	0x00085268	0x000842f8	3	0	0x000942f8	True
6429	0x0008526c	0x00083d18	3	0	0x00093d18	True
6430	0x00085274	0x00083d1f	3	0	0x00093d1f	True
6431	0x00085278	0x000842e4	3	0	0x000942e4	True
6432	0x00085284	0x000842f8	3	0	0x000942f8	True
6433	0x00085288	0x00083d23	3	0	0x00093d23	True
6434	0x00085290	0x00083d2a	3	0	0x00093d2a	True
6435	0x00085294	0x000842e4	3	0	0x000942e4	True
6436	0x000852a0	0x000842f8	3	0	0x000942f8	True
6437	0x000852a4	0x00083d2e	3	0	0x00093d2e	True
6438	0x000852ac	0x00083d35	3	0	0x00093d35	True
6439	0x000852b0	0x000842e4	3	0	0x000942e4	True
6440	0x000852bc	0x000842f8	3	0	0x000942f8	True
6441	0x000852c0	0x00083d39	3	0	0x00093d39	True
6442	0x000852c8	0x00083d40	3	0	0x00093d40	True
6443	0x000852cc	0x000842e4	3	0	0x000942e4	True
6444	0x000852d8	0x000842f8	3	0	0x000942f8	True
6445	0x000852dc	0x00083d44	3	0	0x00093d44	True
6446	0x000852e4	0x00083d4b	3	0	0x00093d4b	True
6447	0x000852e8	0x000842e4	3	0	0x000942e4	True
6448	0x000852f4	0x000842f8	3	0	0x000942f8	True
6449	0x000852f8	0x00083d4f	3	0	0x00093d4f	True
6450	0x00085300	0x000842f0	3	0	0x000942f0	True
6451	0x00085304	0x00083d56	3	0	0x00093d56	True
6452	0x00085310	0x000842f8	3	0	0x000942f8	True
6453	0x00085314	0x00083d5c	3	0	0x00093d5c	True
6454	0x0008531c	0x00083d66	3	0	0x00093d66	True
6455	0x00085320	0x00083d6b	3	0	0x00093d6b	True
6456	0x0008532c	0x000842f8	3	0	0x000942f8	True
6457	0x00085330	0x00083d74	3	0	0x00093d74	True
6458	0x00085338	0x00083d7f	3	0	0x00093d7f	True
6459	0x0008533c	0x00083d84	3	0	0x00093d84	True
6460	0x00085348	0x000842f8	3	0	0x000942f8	True
6461	0x0008534c	0x00083d8c	3	0	0x00093d8c	True
6462	0x00085354	0x000842f7	3	0	0x000942f7	True
6463	0x00085358	0x000842f7	3	0	0x000942f7	True
6464	0x00085368	0x00083d96	3	0	0x00093d96	True
6465	0x00085370	0x00083da0	3	0	0x00093da0	True
6466	0x00085374	0x000842f7	3	0	0x000942f7	True
6467	0x00085380	0x00083da5	3	0	0x00093da5	True
6468	0x00085384	0x00083dac	3	0	0x00093dac	True
6469	0x0008538c	0x00083db7	3	0	0x00093db7	True
6470	0x00085390	0x000842f7	3	0	0x000942f7	True
6471	0x0008539c	0x00083dba	3	0	0x00093dba	True
6472	0x000853a0	0x00083dc1	3	0	0x00093dc1	True
6473	0x000853a8	0x00083dcb	3	0	0x00093dcb	True
6474	0x000853ac	0x000842cc	3	0	0x000942cc	True
6475	0x000853bc	0x00083dd5	3	0	0x00093dd5	True
6476	0x000853c4	0x00083de0	3	0	0x00093de0	True
6477	0x000853c8	0x000842d4	3	0	0x000942d4	True
6478	0x000853d8	0x00083df5	3	0	0x00093df5	True
6479	0x000853e0	0x00083e00	3	0	0x00093e00	True
6480	0x000853e4	0x00083e03	3	0	0x00093e03	True
6481	0x000853f0	0x000842f8	3	0	0x000942f8	True
6482	0x000853f4	0x00083e0d	3	0	0x00093e0d	True
6483	0x000853fc	0x00083e19	3	0	0x00093e19	True
6484	0x00085400	0x00083e1c	3	0	0x00093e1c	True
6485	0x0008540c	0x000842f8	3	0	0x000942f8	True
6486	0x00085410	0x00083e26	3	0	0x00093e26	True
6487	0x00085418	0x00083e30	3	0	0x00093e30	True
6488	0x0008541c	0x000842f7	3	0	0x000942f7	True
6489	0x0008542c	0x00083e36	3	0	0x00093e36	True
6490	0x00085434	0x00083e3e	3	0	0x00093e3e	True
6491	0x00085438	0x000842f7	3	0	0x000942f7	True
6492	0x00085448	0x00083e40	3	0	0x00093e40	True
6493	0x00085450	0x00083e49	3	0	0x00093e49	True
6494	0x00085454	0x000842f7	3	0	0x000942f7	True
6495	0x00085460	0x00083e4c	3	0	0x00093e4c	True
6496	0x00085464	0x00083e4d	3	0	0x00093e4d	True
6497	0x0008546c	0x000842f4	3	0	0x000942f4	True
6498	0x00085470	0x000842f7	3	0	0x000942f7	True
6499	0x00085480	0x00083e55	3	0	0x00093e55	True
6500	0x00085488	0x000842f4	3	0	0x000942f4	True
6501	0x0008548c	0x000842f7	3	0	0x000942f7	True
6502	0x0008549c	0x00083e5d	3	0	0x00093e5d	True
6503	0x000854a4	0x000842f4	3	0	0x000942f4	True
6504	0x000854a8	0x000842f7	3	0	0x000942f7	True
6505	0x000854b8	0x00083e66	3	0	0x00093e66	True
6506	0x000854c0	0x000842f4	3	0	0x000942f4	True
6507	0x000854c4	0x000842f7	3	0	0x000942f7	True
6508	0x000854d4	0x00083e6f	3	0	0x00093e6f	True
6509	0x000854dc	0x00083e79	3	0	0x00093e79	True
6510	0x000854e0	0x000842f7	3	0	0x000942f7	True
6511	0x000854ec	0x00083e7c	3	0	0x00093e7c	True
6512	0x000854f0	0x00083e82	3	0	0x00093e82	True
6513	0x000854f8	0x00083e8c	3	0	0x00093e8c	True
6514	0x000854fc	0x000842f7	3	0	0x000942f7	True
6515	0x00085508	0x00083e90	3	0	0x00093e90	True
6516	0x0008550c	0x00083e98	3	0	0x00093e98	True
6517	0x00085514	0x00083ea2	3	0	0x00093ea2	True
6518	0x00085518	0x000842f7	3	0	0x000942f7	True
6519	0x00085524	0x00083ea4	3	0	0x00093ea4	True
6520	0x00085528	0x00083eaa	3	0	0x00093eaa	True
6521	0x00085530	0x00083eb4	3	0	0x00093eb4	True
6522	0x00085534	0x000842f7	3	0	0x000942f7	True
6523	0x00085540	0x00083eb8	3	0	0x00093eb8	True
6524	0x00085544	0x00083ec0	3	0	0x00093ec0	True
6525	0x0008554c	0x00083eca	3	0	0x00093eca	True
6526	0x00085550	0x000842f7	3	0	0x000942f7	True
6527	0x0008555c	0x00083ecc	3	0	0x00093ecc	True
6528	0x00085560	0x00083ed1	3	0	0x00093ed1	True
6529	0x00085568	0x00083ed8	3	0	0x00093ed8	True
6530	0x0008556c	0x000842f7	3	0	0x000942f7	True
6531	0x00085578	0x00083eda	3	0	0x00093eda	True
6532	0x0008557c	0x00083edd	3	0	0x00093edd	True
6533	0x00085584	0x00083ee5	3	0	0x00093ee5	True
6534	0x00085588	0x000842f7	3	0	0x000942f7	True
6535	0x00085594	0x00083ee8	3	0	0x00093ee8	True
6536	0x00085598	0x00083eeb	3	0	0x00093eeb	True
6537	0x000855a0	0x00083ef5	3	0	0x00093ef5	True
6538	0x000855a4	0x000842f7	3	0	0x000942f7	True
6539	0x000855b0	0x00083efa	3	0	0x00093efa	True
6540	0x000855b4	0x00083eff	3	0	0x00093eff	True
6541	0x000855bc	0x00083f0a	3	0	0x00093f0a	True
6542	0x000855c0	0x000842f7	3	0	0x000942f7	True
6543	0x000855cc	0x00083f0f	3	0	0x00093f0f	True
6544	0x000855d0	0x00083f14	3	0	0x00093f14	True
6545	0x000855d8	0x00083f1e	3	0	0x00093f1e	True
6546	0x000855dc	0x000842f7	3	0	0x000942f7	True
6547	0x000855e8	0x00083f28	3	0	0x00093f28	True
6548	0x000855ec	0x00083f2a	3	0	0x00093f2a	True
6549	0x000855f4	0x00083f34	3	0	0x00093f34	True
6550	0x000855f8	0x000842f7	3	0	0x000942f7	True
6551	0x00085604	0x00083f39	3	0	0x00093f39	True
6552	0x00085608	0x00083f40	3	0	0x00093f40	True
6553	0x00085610	0x000842f4	3	0	0x000942f4	True
6554	0x00085614	0x000842f7	3	0	0x000942f7	True
6555	0x00085624	0x00083f47	3	0	0x00093f47	True
6556	0x0008562c	0x000842f7	3	0	0x000942f7	True
6557	0x00085630	0x000842f7	3	0	0x000942f7	True
6558	0x0008563c	0x00083f4f	3	0	0x00093f4f	True
6559	0x00085640	0x00083f51	3	0	0x00093f51	True
6560	0x00085648	0x00083f5a	3	0	0x00093f5a	True
6561	0x0008564c	0x000842f7	3	0	0x000942f7	True
6562	0x00085658	0x00083f5c	3	0	0x00093f5c	True
6563	0x0008565c	0x00083f5e	3	0	0x00093f5e	True
6564	0x00085664	0x000842f7	3	0	0x000942f7	True
6565	0x00085668	0x000842f7	3	0	0x000942f7	True
6566	0x00085674	0x00083f68	3	0	0x00093f68	True
6567	0x00085678	0x00083f69	3	0	0x00093f69	True
6568	0x00085680	0x000842f7	3	0	0x000942f7	True
6569	0x00085684	0x000842f7	3	0	0x000942f7	True
6570	0x00085690	0x00083f74	3	0	0x00093f74	True
6571	0x00085694	0x00083f75	3	0	0x00093f75	True
6572	0x0008569c	0x00083f7f	3	0	0x00093f7f	True
6573	0x000856a0	0x000842f7	3	0	0x000942f7	True
6574	0x000856ac	0x00083f83	3	0	0x00093f83	True
6575	0x000856b0	0x00083f85	3	0	0x00093f85	True
6576	0x000856b8	0x000842f0	3	0	0x000942f0	True
6577	0x000856bc	0x00083f91	3	0	0x00093f91	True
6578	0x000856c8	0x000842f8	3	0	0x000942f8	True
6579	0x000856cc	0x00083f99	3	0	0x00093f99	True
6580	0x000856d4	0x000842ec	3	0	0x000942ec	True
6581	0x000856d8	0x000842f7	3	0	0x000942f7	True
6582	0x000856e8	0x00083fa5	3	0	0x00093fa5	True
6583	0x000856f0	0x00083fb0	3	0	0x00093fb0	True
6584	0x000856f4	0x00083fb3	3	0	0x00093fb3	True
6585	0x00085700	0x000842f8	3	0	0x000942f8	True
6586	0x00085704	0x00083fbd	3	0	0x00093fbd	True
6587	0x0008570c	0x000842ec	3	0	0x000942ec	True
6588	0x00085710	0x000842f7	3	0	0x000942f7	True
6589	0x00085720	0x00083fc8	3	0	0x00093fc8	True
6590	0x00085728	0x000842ec	3	0	0x000942ec	True
6591	0x0008572c	0x000842f7	3	0	0x000942f7	True
6592	0x0008573c	0x00083fd3	3	0	0x00093fd3	True
6593	0x00085744	0x00083fdf	3	0	0x00093fdf	True
6594	0x00085748	0x00083fe2	3	0	0x00093fe2	True
6595	0x00085754	0x000842f8	3	0	0x000942f8	True
6596	0x00085758	0x00083fed	3	0	0x00093fed	True
6597	0x00085760	0x000842ec	3	0	0x000942ec	True
6598	0x00085764	0x000842f7	3	0	0x000942f7	True
6599	0x00085774	0x00083ff9	3	0	0x00093ff9	True
6600	0x0008577c	0x000842ec	3	0	0x000942ec	True
6601	0x00085780	0x000842f7	3	0	0x000942f7	True
6602	0x00085790	0x00084005	3	0	0x00094005	True
6603	0x00085798	0x0008400e	3	0	0x0009400e	True
6604	0x0008579c	0x00084011	3	0	0x00094011	True
6605	0x000857a8	0x000842f8	3	0	0x000942f8	True
6606	0x000857ac	0x00084019	3	0	0x00094019	True
6607	0x000857b4	0x000842ec	3	0	0x000942ec	True
6608	0x000857b8	0x000842f7	3	0	0x000942f7	True
6609	0x000857c8	0x00084022	3	0	0x00094022	True
6610	0x000857d0	0x000842ec	3	0	0x000942ec	True
6611	0x000857d4	0x000842f7	3	0	0x000942f7	True
6612	0x000857e4	0x0008402b	3	0	0x0009402b	True
6613	0x000857ec	0x00084036	3	0	0x00094036	True
6614	0x000857f0	0x00084039	3	0	0x00094039	True
6615	0x000857fc	0x000842f8	3	0	0x000942f8	True
6616	0x00085800	0x00084043	3	0	0x00094043	True
6617	0x00085808	0x000842ec	3	0	0x000942ec	True
6618	0x0008580c	0x000842f7	3	0	0x000942f7	True
6619	0x0008581c	0x0008404e	3	0	0x0009404e	True
6620	0x00085824	0x000842ec	3	0	0x000942ec	True
6621	0x00085828	0x000842f7	3	0	0x000942f7	True
6622	0x00085838	0x00084059	3	0	0x00094059	True
6623	0x00085840	0x000842f7	3	0	0x000942f7	True
6624	0x00085844	0x000842f7	3	0	0x000942f7	True
6625	0x00085850	0x00084063	3	0	0x00094063	True
6626	0x00085854	0x00084064	3	0	0x00094064	True
6627	0x0008585c	0x000842f0	3	0	0x000942f0	True
6628	0x00085860	0x0008406c	3	0	0x0009406c	True
6629	0x0008586c	0x000842f8	3	0	0x000942f8	True
6630	0x00085870	0x00084071	3	0	0x00094071	True
6631	0x00085878	0x000842f0	3	0	0x000942f0	True
6632	0x0008587c	0x0008407a	3	0	0x0009407a	True
6633	0x00085888	0x000842f8	3	0	0x000942f8	True
6634	0x0008588c	0x00084080	3	0	0x00094080	True
6635	0x00085894	0x000842f0	3	0	0x000942f0	True
6636	0x00085898	0x00084089	3	0	0x00094089	True
6637	0x000858a4	0x000842f8	3	0	0x000942f8	True
6638	0x000858a8	0x0008408f	3	0	0x0009408f	True
6639	0x000858b0	0x000842f0	3	0	0x000942f0	True
6640	0x000858b4	0x00084098	3	0	0x00094098	True
6641	0x000858c0	0x000842f8	3	0	0x000942f8	True
6642	0x000858c4	0x0008409e	3	0	0x0009409e	True
6643	0x000858cc	0x000842f0	3	0	0x000942f0	True
6644	0x000858d0	0x000840a7	3	0	0x000940a7	True
6645	0x000858dc	0x000842f8	3	0	0x000942f8	True
6646	0x000858e0	0x000840ad	3	0	0x000940ad	True
6647	0x000858e8	0x000842f0	3	0	0x000942f0	True
6648	0x000858ec	0x000840b7	3	0	0x000940b7	True
6649	0x000858f8	0x000842f8	3	0	0x000942f8	True
6650	0x000858fc	0x000840be	3	0	0x000940be	True
6651	0x00085904	0x000842f0	3	0	0x000942f0	True
6652	0x00085908	0x000840c7	3	0	0x000940c7	True
6653	0x00085914	0x000842f8	3	0	0x000942f8	True
6654	0x00085918	0x000840cd	3	0	0x000940cd	True
6655	0x00085920	0x000842f0	3	0	0x000942f0	True
6656	0x00085924	0x000840d5	3	0	0x000940d5	True
6657	0x00085930	0x000842f8	3	0	0x000942f8	True
6658	0x00085934	0x000840da	3	0	0x000940da	True
6659	0x0008593c	0x000842f0	3	0	0x000942f0	True
6660	0x00085940	0x000840e3	3	0	0x000940e3	True
6661	0x0008594c	0x000842f8	3	0	0x000942f8	True
6662	0x00085950	0x000840e9	3	0	0x000940e9	True
6663	0x00085958	0x000842f0	3	0	0x000942f0	True
6664	0x0008595c	0x000840f1	3	0	0x000940f1	True
6665	0x00085968	0x000842f8	3	0	0x000942f8	True
6666	0x0008596c	0x000840f6	3	0	0x000940f6	True
6667	0x00085974	0x000842f0	3	0	0x000942f0	True
6668	0x00085978	0x00084100	3	0	0x00094100	True
6669	0x00085984	0x000842f8	3	0	0x000942f8	True
6670	0x00085988	0x00084107	3	0	0x00094107	True
6671	0x00085990	0x000842f0	3	0	0x000942f0	True
6672	0x00085994	0x00084110	3	0	0x00094110	True
6673	0x000859a0	0x000842f8	3	0	0x000942f8	True
6674	0x000859a4	0x00084116	3	0	0x00094116	True
6675	0x000859ac	0x000842f0	3	0	0x000942f0	True
6676	0x000859b0	0x0008411e	3	0	0x0009411e	True
6677	0x000859bc	0x000842f8	3	0	0x000942f8	True
6678	0x000859c0	0x00084123	3	0	0x00094123	True
6679	0x000859c8	0x000842f0	3	0	0x000942f0	True
6680	0x000859cc	0x0008412d	3	0	0x0009412d	True
6681	0x000859d8	0x000842f8	3	0	0x000942f8	True
6682	0x000859dc	0x00084134	3	0	0x00094134	True
6683	0x000859e4	0x000842f4	3	0	0x000942f4	True
6684	0x000859e8	0x000842f7	3	0	0x000942f7	True
6685	0x000859f8	0x0008413c	3	0	0x0009413c	True
6686	0x00085a00	0x000842f0	3	0	0x000942f0	True
6687	0x00085a04	0x00084144	3	0	0x00094144	True
6688	0x00085a10	0x000842f8	3	0	0x000942f8	True
6689	0x00085a14	0x00084149	3	0	0x00094149	True
6690	0x00085a1c	0x000842f0	3	0	0x000942f0	True
6691	0x00085a20	0x00084152	3	0	0x00094152	True
6692	0x00085a2c	0x000842f8	3	0	0x000942f8	True
6693	0x00085a30	0x00084158	3	0	0x00094158	True
6694	0x00085a38	0x000842f0	3	0	0x000942f0	True
6695	0x00085a3c	0x00084161	3	0	0x00094161	True
6696	0x00085a48	0x000842f8	3	0	0x000942f8	True
6697	0x00085a4c	0x00084167	3	0	0x00094167	True
6698	0x00085a54	0x000842f0	3	0	0x000942f0	True
6699	0x00085a58	0x0008416f	3	0	0x0009416f	True
6700	0x00085a64	0x000842f8	3	0	0x000942f8	True
6701	0x00085a68	0x00084174	3	0	0x00094174	True
6702	0x00085a70	0x000842f0	3	0	0x000942f0	True
6703	0x00085a74	0x0008417d	3	0	0x0009417d	True
6704	0x00085a80	0x000842f8	3	0	0x000942f8	True
6705	0x00085a84	0x00084183	3	0	0x00094183	True
6706	0x00085a8c	0x000842f7	3	0	0x000942f7	True
6707	0x00085a90	0x0008419b	3	0	0x0009419b	True
6708	0x00085a9c	0x000842f8	3	0	0x000942f8	True
6709	0x00085aa0	0x000841b0	3	0	0x000941b0	True
6710	0x00085aa8	0x000842f7	3	0	0x000942f7	True
6711	0x00085aac	0x000841ba	3	0	0x000941ba	True
6712	0x00085ab8	0x000842f8	3	0	0x000942f8	True
6713	0x00085abc	0x000841c1	3	0	0x000941c1	True
6714	0x00085ac4	0x000842f7	3	0	0x000942f7	True
6715	0x00085ac8	0x000841d3	3	0	0x000941d3	True
6716	0x00085ad4	0x000842f8	3	0	0x000942f8	True
6717	0x00085ad8	0x000841e2	3	0	0x000941e2	True
6718	0x00085ae0	0x000842f7	3	0	0x000942f7	True
6719	0x00085ae4	0x000841f4	3	0	0x000941f4	True
6720	0x00085af0	0x000842f8	3	0	0x000942f8	True
6721	0x00085af4	0x00084203	3	0	0x00094203	True
6722	0x00085afc	0x000842f7	3	0	0x000942f7	True
6723	0x00085b00	0x0008420d	3	0	0x0009420d	True
6724	0x00085b0c	0x000842f8	3	0	0x000942f8	True
6725	0x00085b10	0x00084214	3	0	0x00094214	True
6726	0x00085b18	0x000842f7	3	0	0x000942f7	True
6727	0x00085b1c	0x0008421e	3	0	0x0009421e	True
6728	0x00085b28	0x000842f8	3	0	0x000942f8	True
6729	0x00085b2c	0x00084225	3	0	0x00094225	True
6730	0x00085b34	0x000842f7	3	0	0x000942f7	True
6731	0x00085b38	0x00084231	3	0	0x00094231	True
6732	0x00085b44	0x000842f8	3	0	0x000942f8	True
6733	0x00085b48	0x0008423a	3	0	0x0009423a	True
6734	0x00085b50	0x000842f7	3	0	0x000942f7	True
6735	0x00085b54	0x000842f7	3	0	0x000942f7	True
6736	0x00085b64	0x00084244	3	0	0x00094244	True
6737	0x00085b6c	0x000842f7	3	0	0x000942f7	True
6738	0x00085b70	0x000842f7	3	0	0x000942f7	True
6739	0x00085b80	0x0008424d	3	0	0x0009424d	True
6740	0x00085b88	0x000842f7	3	0	0x000942f7	True
6741	0x00085b8c	0x000842f7	3	0	0x000942f7	True
6742	0x00085b9c	0x0008425d	3	0	0x0009425d	True
6743	0x00085ba4	0x000842f7	3	0	0x000942f7	True
6744	0x00085ba8	0x000842f7	3	0	0x000942f7	True
6745	0x00041ec2	0x00080140	3	0	0x00090140	True
6746	0x00041ed1	0x00080168	3	0	0x00090168	True
6747	0x00041eee	0x0008016c	3	0	0x0009016c	True
6748	0x00041f27	0x000800c8	3	0	0x000900c8	True
6749	0x00041f2c	0x00089794	3	0	0x00099794	True
6750	0x00041f54	0x000908bc	3	0	0x000a08bc	True
6751	0x00041f59	0x00085bde	3	0	0x00095bde	True
6752	0x00041f7f	0x000908c0	3	0	0x000a08c0	True
6753	0x00041fbc	0x00085be9	3	0	0x00095be9	True
6754	0x0004202f	0x00085bf7	3	0	0x00095bf7	True
6755	0x000420d0	0x00085bd8	3	0	0x00095bd8	True
6756	0x000420f4	0x00085c05	3	0	0x00095c05	True
6757	0x00042124	0x000813fc	3	0	0x000913fc	True
6758	0x000421fe	0x00085c14	3	0	0x00095c14	True
6759	0x0004221b	0x00085c23	3	0	0x00095c23	True
6760	0x00042296	0x00085bd8	3	0	0x00095bd8	True
6761	0x000422c4	0x00085c31	3	0	0x00095c31	True
6762	0x000422e2	0x00085c3f	3	0	0x00095c3f	True
6763	0x00042335	0x000908c4	3	0	0x000a08c4	True
6764	0x000424e6	0x000424ec	3	0	0x000524ec	True
6765	0x000424ec	0x00042438	3	0	0x00052438	True
6766	0x000424f0	0x00042438	3	0	0x00052438	True
6767	0x000424f4	0x00042c50	3	0	0x00052c50	True
6768	0x000424f8	0x00042438	3	0	0x00052438	True
6769	0x000424fc	0x00042448	3	0	0x00052448	True
6770	0x00042500	0x00042c50	3	0	0x00052c50	True
6771	0x00042504	0x00042c50	3	0	0x00052c50	True
6772	0x00042508	0x00042c50	3	0	0x00052c50	True
6773	0x0004250c	0x00042c50	3	0	0x00052c50	True
6774	0x00042510	0x00042438	3	0	0x00052438	True
6775	0x000425a0	0x000908c4	3	0	0x000a08c4	True
6776	0x000425cf	0x00080ea8	3	0	0x00090ea8	True
6777	0x00042617	0x0007179c	3	0	0x0008179c	True
6778	0x0004265e	0x000908c4	3	0	0x000a08c4	True
6779	0x000426a3	0x00085bd8	3	0	0x00095bd8	True
6780	0x000426dc	0x0007179c	3	0	0x0008179c	True
6781	0x00042704	0x00042708	3	0	0x00052708	True
6782	0x00042708	0x00042690	3	0	0x00052690	True
6783	0x0004270c	0x000425ea	3	0	0x000525ea	True
6784	0x00042710	0x000425ea	3	0	0x000525ea	True
6785	0x00042714	0x000425ea	3	0	0x000525ea	True
6786	0x00042718	0x00042568	3	0	0x00052568	True
6787	0x0004271c	0x00042568	3	0	0x00052568	True
6788	0x00042720	0x00042630	3	0	0x00052630	True
6789	0x00042724	0x000425ea	3	0	0x000525ea	True
6790	0x00042728	0x00042568	3	0	0x00052568	True
6791	0x00042736	0x00085c4d	3	0	0x00095c4d	True
6792	0x000427b6	0x00085c59	3	0	0x00095c59	True
6793	0x000427bd	0x00085c6c	3	0	0x00095c6c	True
6794	0x000427de	0x00085c6d	3	0	0x00095c6d	True
6795	0x000427fd	0x00080ea8	3	0	0x00090ea8	True
6796	0x00042809	0x00085c7b	3	0	0x00095c7b	True
6797	0x00042868	0x00085c89	3	0	0x00095c89	True
6798	0x0004289a	0x00085c97	3	0	0x00095c97	True
6799	0x000428c8	0x00085ca3	3	0	0x00095ca3	True
6800	0x000428fe	0x00085cb1	3	0	0x00095cb1	True
6801	0x00042944	0x00085cbf	3	0	0x00095cbf	True
6802	0x0004297b	0x00085ccb	3	0	0x00095ccb	True
6803	0x000429af	0x00085cd9	3	0	0x00095cd9	True
6804	0x00042a6a	0x00085ce7	3	0	0x00095ce7	True
6805	0x00042aed	0x00085cf4	3	0	0x00095cf4	True
6806	0x00042b0d	0x00085d06	3	0	0x00095d06	True
6807	0x00042b2b	0x00085d14	3	0	0x00095d14	True
6808	0x00042b74	0x00085d22	3	0	0x00095d22	True
6809	0x00042b81	0x00085d28	3	0	0x00095d28	True
6810	0x00042bc3	0x00085bd8	3	0	0x00095bd8	True
6811	0x00042bde	0x00042be4	3	0	0x00052be4	True
6812	0x00042be4	0x00041f90	3	0	0x00051f90	True
6813	0x00042be8	0x00041fc8	3	0	0x00051fc8	True
6814	0x00042bec	0x000421cc	3	0	0x000521cc	True
6815	0x00042bf0	0x000421dc	3	0	0x000521dc	True
6816	0x00042bf4	0x00042208	3	0	0x00052208	True
6817	0x00042bf8	0x00042254	3	0	0x00052254	True
6818	0x00042bfc	0x000422d0	3	0	0x000522d0	True
6819	0x00042c00	0x000422ec	3	0	0x000522ec	True
6820	0x00042c04	0x00042514	3	0	0x00052514	True
6821	0x00042c08	0x000427c8	3	0	0x000527c8	True
6822	0x00042c0c	0x000427e8	3	0	0x000527e8	True
6823	0x00042c10	0x00042814	3	0	0x00052814	True
6824	0x00042c14	0x00042874	3	0	0x00052874	True
6825	0x00042c18	0x000428d4	3	0	0x000528d4	True
6826	0x00042c1c	0x00042908	3	0	0x00052908	True
6827	0x00042c20	0x00042950	3	0	0x00052950	True
6828	0x00042c24	0x00042984	3	0	0x00052984	True
6829	0x00042c28	0x00042a0c	3	0	0x00052a0c	True
6830	0x00042c2c	0x00042a58	3	0	0x00052a58	True
6831	0x00042c30	0x00042a74	3	0	0x00052a74	True
6832	0x00042c34	0x00042af8	3	0	0x00052af8	True
6833	0x00042c38	0x00042b18	3	0	0x00052b18	True
6834	0x00042c3c	0x00042b34	3	0	0x00052b34	True
6835	0x00042c40	0x00042bbc	3	0	0x00052bbc	True
6836	0x00042c44	0x00042bbc	3	0	0x00052bbc	True
6837	0x00042c48	0x00042bbc	3	0	0x00052bbc	True
6838	0x00042c4c	0x00042b8c	3	0	0x00052b8c	True
6839	0x00042cde	0x00080164	3	0	0x00090164	True
6840	0x00042d0d	0x00070edc	3	0	0x00080edc	True
6841	0x00042d24	0x00070fdc	3	0	0x00080fdc	True
6842	0x00042d35	0x00070fdc	3	0	0x00080fdc	True
6843	0x00042d4c	0x000710dc	3	0	0x000810dc	True
6844	0x00042d7a	0x00070fdc	3	0	0x00080fdc	True
6845	0x00042d88	0x00070edc	3	0	0x00080edc	True
6846	0x00042da2	0x000800c0	3	0	0x000900c0	True
6847	0x00042daf	0x00070edc	3	0	0x00080edc	True
6848	0x00042dbc	0x00070fdc	3	0	0x00080fdc	True
6849	0x00042dcf	0x000717a0	3	0	0x000817a0	True
6850	0x00042de9	0x00089914	3	0	0x00099914	True
6851	0x00042dee	0x00080e5c	3	0	0x00090e5c	True
6852	0x00042df3	0x00081720	3	0	0x00091720	True
6853	0x00042e60	0x00070edc	3	0	0x00080edc	True
6854	0x00042ecc	0x00070d94	3	0	0x00080d94	True
6855	0x00042eda	0x00085bd8	3	0	0x00095bd8	True
6856	0x00042ee7	0x00070d94	3	0	0x00080d94	True
6857	0x00042f08	0x00085bd8	3	0	0x00095bd8	True
6858	0x00042f56	0x00070edc	3	0	0x00080edc	True
6859	0x00042f80	0x00070fdc	3	0	0x00080fdc	True
6860	0x00042fb1	0x00085d38	3	0	0x00095d38	True
6861	0x00042fd2	0x000908bc	3	0	0x000a08bc	True
6862	0x00042fd7	0x00085d40	3	0	0x00095d40	True
6863	0x0004300d	0x00085d60	3	0	0x00095d60	True
6864	0x0004302e	0x00085d50	3	0	0x00095d50	True
6865	0x00043035	0x00085d58	3	0	0x00095d58	True
6866	0x00043044	0x00085d59	3	0	0x00095d59	True
6867	0x0004304d	0x00085d5f	3	0	0x00095d5f	True
6868	0x00043065	0x0008e780	3	0	0x0009e780	True
6869	0x00043081	0x0008e730	3	0	0x0009e730	True
6870	0x0004309d	0x0008e5e8	3	0	0x0009e5e8	True
6871	0x000430ae	0x00085d61	3	0	0x00095d61	True
6872	0x000430d1	0x00085da6	3	0	0x00095da6	True
6873	0x000430f7	0x00085d96	3	0	0x00095d96	True
6874	0x00043101	0x00085d9e	3	0	0x00095d9e	True
6875	0x00043110	0x00085d9f	3	0	0x00095d9f	True
6876	0x00043119	0x00085da5	3	0	0x00095da5	True
6877	0x00043131	0x0008e780	3	0	0x0009e780	True
6878	0x0004314d	0x0008e730	3	0	0x0009e730	True
6879	0x00043169	0x0008e5e8	3	0	0x0009e5e8	True
6880	0x0004317a	0x00085da7	3	0	0x00095da7	True
6881	0x000431be	0x0008e5e8	3	0	0x0009e5e8	True
6882	0x000431d8	0x0008e7c0	3	0	0x0009e7c0	True
6883	0x000431ed	0x00085de3	3	0	0x00095de3	True
6884	0x00043213	0x00085e1e	3	0	0x00095e1e	True
6885	0x0004322e	0x00085e46	3	0	0x00095e46	True
6886	0x00043241	0x00085e5b	3	0	0x00095e5b	True
6887	0x00043253	0x00085bd8	3	0	0x00095bd8	True
6888	0x0004326e	0x00043274	3	0	0x00053274	True
6889	0x00043274	0x00042ff0	3	0	0x00052ff0	True
6890	0x00043278	0x0004324c	3	0	0x0005324c	True
6891	0x0004327c	0x000431f8	3	0	0x000531f8	True
6892	0x00043280	0x0004318c	3	0	0x0005318c	True
6893	0x00043284	0x00043224	3	0	0x00053224	True
6894	0x00043288	0x0004324c	3	0	0x0005324c	True
6895	0x0004328c	0x00042ff0	3	0	0x00052ff0	True
6896	0x00043290	0x00042ff0	3	0	0x00052ff0	True
6897	0x00043294	0x00043240	3	0	0x00053240	True
6898	0x000432a9	0x00085e5d	3	0	0x00095e5d	True
6899	0x000432bf	0x00070edc	3	0	0x00080edc	True
6900	0x000432f1	0x00085e66	3	0	0x00095e66	True
6901	0x00043307	0x00070fdc	3	0	0x00080fdc	True
6902	0x0004335c	0x00085bdc	3	0	0x00095bdc	True
6903	0x0004336b	0x00085bd8	3	0	0x00095bd8	True
6904	0x0004337d	0x00085bdc	3	0	0x00095bdc	True
6905	0x00043384	0x00085bdc	3	0	0x00095bdc	True
6906	0x000433af	0x00085bd8	3	0	0x00095bd8	True
6907	0x00043428	0x00085bdc	3	0	0x00095bdc	True
6908	0x00043437	0x00085bd8	3	0	0x00095bd8	True
6909	0x00043449	0x00085bdc	3	0	0x00095bdc	True
6910	0x00043450	0x00085bdc	3	0	0x00095bdc	True
6911	0x0004349c	0x0007179c	3	0	0x0008179c	True
6912	0x000434ad	0x00085e74	3	0	0x00095e74	True
6913	0x000434c6	0x00089794	3	0	0x00099794	True
6914	0x000434fb	0x00085e80	3	0	0x00095e80	True
6915	0x0004350a	0x00085fd4	3	0	0x00095fd4	True
6916	0x00043536	0x00085bd8	3	0	0x00095bd8	True
6917	0x00043554	0x00085e88	3	0	0x00095e88	True
6918	0x00043593	0x00085bd8	3	0	0x00095bd8	True
6919	0x000435af	0x00085bd8	3	0	0x00095bd8	True
6920	0x000435f8	0x00085fd4	3	0	0x00095fd4	True
6921	0x00043674	0x00085bd8	3	0	0x00095bd8	True
6922	0x0004372d	0x00085bd8	3	0	0x00095bd8	True
6923	0x0004376b	0x00085bd8	3	0	0x00095bd8	True
6924	0x00043788	0x0004378c	3	0	0x0005378c	True
6925	0x0004378c	0x00043614	3	0	0x00053614	True
6926	0x00043790	0x00043764	3	0	0x00053764	True
6927	0x00043794	0x00043764	3	0	0x00053764	True
6928	0x00043798	0x00043764	3	0	0x00053764	True
6929	0x0004379c	0x00043764	3	0	0x00053764	True
6930	0x000437a0	0x00043638	3	0	0x00053638	True
6931	0x000437a4	0x00043764	3	0	0x00053764	True
6932	0x000437a8	0x00043764	3	0	0x00053764	True
6933	0x000437ac	0x00043614	3	0	0x00053614	True
6934	0x000437b0	0x00043764	3	0	0x00053764	True
6935	0x000437b4	0x00043764	3	0	0x00053764	True
6936	0x000437b8	0x00043620	3	0	0x00053620	True
6937	0x000437bc	0x00043764	3	0	0x00053764	True
6938	0x000437c0	0x00043638	3	0	0x00053638	True
6939	0x000437c4	0x00043764	3	0	0x00053764	True
6940	0x000437c8	0x00043644	3	0	0x00053644	True
6941	0x000437cc	0x00043764	3	0	0x00053764	True
6942	0x000437d0	0x00043638	3	0	0x00053638	True
6943	0x000437d4	0x00043654	3	0	0x00053654	True
6944	0x000437d8	0x000437f4	3	0	0x000537f4	True
6945	0x000437dc	0x00043764	3	0	0x00053764	True
6946	0x000437e0	0x000436bc	3	0	0x000536bc	True
6947	0x000437e4	0x00043764	3	0	0x00053764	True
6948	0x000437e8	0x00043764	3	0	0x00053764	True
6949	0x000437ec	0x00043764	3	0	0x00053764	True
6950	0x000437f0	0x00043754	3	0	0x00053754	True
6951	0x0004384a	0x00070320	3	0	0x00080320	True
6952	0x0004389e	0x00085bd8	3	0	0x00095bd8	True
6953	0x000438c4	0x00085e96	3	0	0x00095e96	True
6954	0x000438ee	0x00070320	3	0	0x00080320	True
6955	0x00043908	0x00085e9b	3	0	0x00095e9b	True
6956	0x00043939	0x00070320	3	0	0x00080320	True
6957	0x00043944	0x00085bdc	3	0	0x00095bdc	True
6958	0x00043953	0x00085bd8	3	0	0x00095bd8	True
6959	0x00043965	0x00085bdc	3	0	0x00095bdc	True
6960	0x0004396c	0x00085bdc	3	0	0x00095bdc	True
6961	0x000439c4	0x00085ea8	3	0	0x00095ea8	True
6962	0x000439d7	0x00085eb1	3	0	0x00095eb1	True
6963	0x000439fc	0x00080bcc	3	0	0x00090bcc	True
6964	0x00043a4f	0x000800b4	3	0	0x000900b4	True
6965	0x00043a55	0x00089b94	3	0	0x00099b94	True
6966	0x00043a77	0x00081fc4	3	0	0x00091fc4	True
6967	0x00043a7c	0x00085ebb	3	0	0x00095ebb	True
6968	0x00043acb	0x00085ec1	3	0	0x00095ec1	True
6969	0x00043af8	0x00085ec9	3	0	0x00095ec9	True
6970	0x00043b15	0x00085ecd	3	0	0x00095ecd	True
6971	0x00043b3a	0x00085ed4	3	0	0x00095ed4	True
6972	0x00043b67	0x00085eda	3	0	0x00095eda	True
6973	0x00043ba4	0x00085ede	3	0	0x00095ede	True
6974	0x00043bba	0x00070d94	3	0	0x00080d94	True
6975	0x00043bc2	0x00070d94	3	0	0x00080d94	True
6976	0x00043bd2	0x00085bd8	3	0	0x00095bd8	True
6977	0x00043bdf	0x00070d94	3	0	0x00080d94	True
6978	0x00043c00	0x00085bd8	3	0	0x00095bd8	True
6979	0x00043c33	0x00085eef	3	0	0x00095eef	True
6980	0x00043c68	0x00085efc	3	0	0x00095efc	True
6981	0x00043ca6	0x00085f0a	3	0	0x00095f0a	True
6982	0x00085bd8	0x00085bc0	3	0	0x00095bc0	True
6983	0x00085fcc	0x00085f10	3	0	0x00095f10	True
6984	0x00085fd0	0x00085f21	3	0	0x00095f21	True
6985	0x00085fd4	0x00085f28	3	0	0x00095f28	True
6986	0x00085fdc	0x00085f2d	3	0	0x00095f2d	True
6987	0x00085fe0	0x00085f36	3	0	0x00095f36	True
6988	0x00085fe8	0x00085f3b	3	0	0x00095f3b	True
6989	0x00085fec	0x00085f46	3	0	0x00095f46	True
6990	0x00085ff4	0x00085f4b	3	0	0x00095f4b	True
6991	0x00085ff8	0x00085f57	3	0	0x00095f57	True
6992	0x00086000	0x00085f5a	3	0	0x00095f5a	True
6993	0x00086004	0x00085f62	3	0	0x00095f62	True
6994	0x0008600c	0x00085f65	3	0	0x00095f65	True
6995	0x00086010	0x00085f6e	3	0	0x00095f6e	True
6996	0x00086018	0x00085f71	3	0	0x00095f71	True
6997	0x0008601c	0x00085f7d	3	0	0x00095f7d	True
6998	0x00086024	0x00085f7f	3	0	0x00095f7f	True
6999	0x00086028	0x00085f89	3	0	0x00095f89	True
7000	0x00086030	0x00085f8b	3	0	0x00095f8b	True
7001	0x00086034	0x00085f92	3	0	0x00095f92	True
7002	0x0008603c	0x00085f95	3	0	0x00095f95	True
7003	0x00086040	0x00085fa0	3	0	0x00095fa0	True
7004	0x00086048	0x00085fa2	3	0	0x00095fa2	True
7005	0x0008604c	0x00085fae	3	0	0x00095fae	True
7006	0x00086054	0x00085fb2	3	0	0x00095fb2	True
7007	0x00086058	0x00085fbd	3	0	0x00095fbd	True
7008	0x00086060	0x00085fc0	3	0	0x00095fc0	True
7009	0x00086064	0x00085fc9	3	0	0x00095fc9	True
7010	0x00043cd1	0x0008616c	3	0	0x0009616c	True
7011	0x00043cec	0x00086084	3	0	0x00096084	True
7012	0x00043d06	0x0008608c	3	0	0x0009608c	True
7013	0x00043d1c	0x00086084	3	0	0x00096084	True
7014	0x00043e09	0x0008617c	3	0	0x0009617c	True
7015	0x00043e24	0x00086084	3	0	0x00096084	True
7016	0x00043e3e	0x0008608c	3	0	0x0009608c	True
7017	0x00043ea9	0x00086088	3	0	0x00096088	True
7018	0x00043eaf	0x00070888	3	0	0x00080888	True
7019	0x00043eb7	0x00086088	3	0	0x00096088	True
7020	0x00043ebd	0x00070888	3	0	0x00080888	True
7021	0x00043ee4	0x0008618d	3	0	0x0009618d	True
7022	0x00043efb	0x00044020	3	0	0x00054020	True
7023	0x00043f16	0x00086084	3	0	0x00096084	True
7024	0x00043f30	0x0008608c	3	0	0x0009608c	True
7025	0x00043f75	0x00086088	3	0	0x00096088	True
7026	0x00043fa3	0x00086084	3	0	0x00096084	True
7027	0x00044027	0x0008619a	3	0	0x0009619a	True
7028	0x00044049	0x000860a0	3	0	0x000960a0	True
7029	0x00044051	0x000861a2	3	0	0x000961a2	True
7030	0x00044067	0x000861a9	3	0	0x000961a9	True
7031	0x00044092	0x000861c5	3	0	0x000961c5	True
7032	0x000440a1	0x000861cd	3	0	0x000961cd	True
7033	0x000440c5	0x0008609c	3	0	0x0009609c	True
7034	0x000440cb	0x00086090	3	0	0x00096090	True
7035	0x000440d3	0x000861ab	3	0	0x000961ab	True
7036	0x000440e3	0x0008608c	3	0	0x0009608c	True
7037	0x00044102	0x000860a0	3	0	0x000960a0	True
7038	0x00044160	0x000861cf	3	0	0x000961cf	True
7039	0x000441a4	0x000861d7	3	0	0x000961d7	True
7040	0x000441ea	0x0008608c	3	0	0x0009608c	True
7041	0x00044213	0x000861e0	3	0	0x000961e0	True
7042	0x00086084	0x00086070	3	0	0x00096070	True
7043	0x00044238	0x00086208	3	0	0x00096208	True
7044	0x000442a8	0x00045418	3	0	0x00055418	True
7045	0x000442c5	0x0008620c	3	0	0x0009620c	True
7046	0x000442e8	0x0008621b	3	0	0x0009621b	True
7047	0x00044350	0x00045418	3	0	0x00055418	True
7048	0x00044363	0x00086232	3	0	0x00096232	True
7049	0x000443a3	0x00086204	3	0	0x00096204	True
7050	0x000443d8	0x00086204	3	0	0x00096204	True
7051	0x00044473	0x0008623c	3	0	0x0009623c	True
7052	0x000444aa	0x0008625c	3	0	0x0009625c	True
7053	0x000444c3	0x00086260	3	0	0x00096260	True
7054	0x000444ed	0x000711cc	3	0	0x000811cc	True
7055	0x00044523	0x00086273	3	0	0x00096273	True
7056	0x00044548	0x00071124	3	0	0x00081124	True
7057	0x00044578	0x00086204	3	0	0x00096204	True
7058	0x000445a5	0x00071124	3	0	0x00081124	True
7059	0x00044679	0x00086208	3	0	0x00096208	True
7060	0x00044682	0x00086208	3	0	0x00096208	True
7061	0x000446ee	0x00086204	3	0	0x00096204	True
7062	0x000446fb	0x00086208	3	0	0x00096208	True
7063	0x00044704	0x00086208	3	0	0x00096208	True
7064	0x00044747	0x00086204	3	0	0x00096204	True
7065	0x000447d5	0x00086204	3	0	0x00096204	True
7066	0x000447e2	0x00086208	3	0	0x00096208	True
7067	0x000447eb	0x00086208	3	0	0x00096208	True
7068	0x00044828	0x00086208	3	0	0x00096208	True
7069	0x00044857	0x000862b2	3	0	0x000962b2	True
7070	0x00044874	0x00071140	3	0	0x00081140	True
7071	0x000448cf	0x00092248	3	0	0x000a2248	True
7072	0x000448dd	0x000862e7	3	0	0x000962e7	True
7073	0x0004495d	0x00090044	3	0	0x000a0044	True
7074	0x000449e9	0x00086204	3	0	0x00096204	True
7075	0x00044a41	0x00090044	3	0	0x000a0044	True
7076	0x00044a4e	0x0002c1e8	3	0	0x0003c1e8	True
7077	0x00044b8c	0x00086208	3	0	0x00096208	True
7078	0x00044b9d	0x00090044	3	0	0x000a0044	True
7079	0x00044bae	0x0002c1e8	3	0	0x0003c1e8	True
7080	0x00044bf3	0x00086204	3	0	0x00096204	True
7081	0x00044c53	0x00086204	3	0	0x00096204	True
7082	0x00044c74	0x00044c78	3	0	0x00054c78	True
7083	0x00044c78	0x00044cb0	3	0	0x00054cb0	True
7084	0x00044c7c	0x00044bc0	3	0	0x00054bc0	True
7085	0x00044c80	0x00044a34	3	0	0x00054a34	True
7086	0x00044c84	0x00044aec	3	0	0x00054aec	True
7087	0x00044c88	0x00044b5c	3	0	0x00054b5c	True
7088	0x00044c8c	0x00044bc0	3	0	0x00054bc0	True
7089	0x00044c90	0x00044b70	3	0	0x00054b70	True
7090	0x00044c94	0x00044950	3	0	0x00054950	True
7091	0x00044c98	0x00044cc7	3	0	0x00054cc7	True
7092	0x00044c9c	0x00044b7c	3	0	0x00054b7c	True
7093	0x00044ca0	0x00044aec	3	0	0x00054aec	True
7094	0x00044ca4	0x00044a08	3	0	0x00054a08	True
7095	0x00044ca8	0x00044c3c	3	0	0x00054c3c	True
7096	0x00044cac	0x000449d0	3	0	0x000549d0	True
7097	0x00044cb9	0x0003ca0c	3	0	0x0004ca0c	True
7098	0x00044cdc	0x00086208	3	0	0x00096208	True
7099	0x00044cf8	0x00086208	3	0	0x00096208	True
7100	0x00044d02	0x000711cc	3	0	0x000811cc	True
7101	0x00044d2a	0x00071124	3	0	0x00081124	True
7102	0x00044d73	0x00090044	3	0	0x000a0044	True
7103	0x00044d80	0x0002c1e8	3	0	0x0003c1e8	True
7104	0x00044dc4	0x00071114	3	0	0x00081114	True
7105	0x00044dd9	0x000711cc	3	0	0x000811cc	True
7106	0x00044e65	0x00086208	3	0	0x00096208	True
7107	0x00044e9b	0x00090044	3	0	0x000a0044	True
7108	0x00044ea8	0x000392c0	3	0	0x000492c0	True
7109	0x00044f85	0x00086208	3	0	0x00096208	True
7110	0x00045009	0x00090044	3	0	0x000a0044	True
7111	0x0004505f	0x000862ff	3	0	0x000962ff	True
7112	0x000450be	0x00090045	3	0	0x000a0045	True
7113	0x000450e3	0x00090044	3	0	0x000a0044	True
7114	0x00045115	0x00090044	3	0	0x000a0044	True
7115	0x00045140	0x00090045	3	0	0x000a0045	True
7116	0x000451a8	0x00090045	3	0	0x000a0045	True
7117	0x000451ca	0x00090044	3	0	0x000a0044	True
7118	0x0004520a	0x00090044	3	0	0x000a0044	True
7119	0x00045235	0x00090045	3	0	0x000a0045	True
7120	0x000452a4	0x00086204	3	0	0x00096204	True
7121	0x000453ce	0x00071110	3	0	0x00081110	True
7122	0x00045421	0x00086309	3	0	0x00096309	True
7123	0x00045448	0x0008630d	3	0	0x0009630d	True
7124	0x0004545b	0x0008631a	3	0	0x0009631a	True
7125	0x00045478	0x00092248	3	0	0x000a2248	True
7126	0x00045486	0x00086329	3	0	0x00096329	True
7127	0x0004549b	0x0008633c	3	0	0x0009633c	True
7128	0x000454b0	0x0008634a	3	0	0x0009634a	True
7129	0x000454e4	0x00086355	3	0	0x00096355	True
7130	0x00045513	0x00086365	3	0	0x00096365	True
7131	0x00045530	0x00086380	3	0	0x00096380	True
7132	0x00045535	0x00086379	3	0	0x00096379	True
7133	0x0004554d	0x0008d661	3	0	0x0009d661	True
7134	0x00045569	0x0008d661	3	0	0x0009d661	True
7135	0x0004558a	0x00086384	3	0	0x00096384	True
7136	0x0004558f	0x0008637c	3	0	0x0009637c	True
7137	0x000455a2	0x00086384	3	0	0x00096384	True
7138	0x000455bb	0x00086380	3	0	0x00096380	True
7139	0x000455c3	0x00086384	3	0	0x00096384	True
7140	0x000455c9	0x00086384	3	0	0x00096384	True
7141	0x000455da	0x00086384	3	0	0x00096384	True
7142	0x000455e3	0x00086384	3	0	0x00096384	True
7143	0x00086204	0x000861f0	3	0	0x000961f0	True
7144	0x00086a58	0x00086390	3	0	0x00096390	True
7145	0x00086a68	0x00086398	3	0	0x00096398	True
7146	0x00086a74	0x0008639c	3	0	0x0009639c	True
7147	0x00086a78	0x000863a4	3	0	0x000963a4	True
7148	0x00086a84	0x000863a9	3	0	0x000963a9	True
7149	0x00086a88	0x000863ab	3	0	0x000963ab	True
7150	0x00086a94	0x000863b1	3	0	0x000963b1	True
7151	0x00086a98	0x000863b3	3	0	0x000963b3	True
7152	0x00086aa4	0x000863b9	3	0	0x000963b9	True
7153	0x00086aa8	0x000863bb	3	0	0x000963bb	True
7154	0x00086ab4	0x000863bf	3	0	0x000963bf	True
7155	0x00086ab8	0x000863c1	3	0	0x000963c1	True
7156	0x00086ac4	0x000863c6	3	0	0x000963c6	True
7157	0x00086ac8	0x000863c9	3	0	0x000963c9	True
7158	0x00086ad4	0x000863cd	3	0	0x000963cd	True
7159	0x00086ad8	0x000863d0	3	0	0x000963d0	True
7160	0x00086ae4	0x000863d4	3	0	0x000963d4	True
7161	0x00086ae8	0x000863d9	3	0	0x000963d9	True
7162	0x00086af4	0x000863de	3	0	0x000963de	True
7163	0x00086af8	0x000863e1	3	0	0x000963e1	True
7164	0x00086b04	0x000863e4	3	0	0x000963e4	True
7165	0x00086b08	0x000863e9	3	0	0x000963e9	True
7166	0x00086b14	0x000863ed	3	0	0x000963ed	True
7167	0x00086b18	0x000863f2	3	0	0x000963f2	True
7168	0x00086b24	0x000863f6	3	0	0x000963f6	True
7169	0x00086b28	0x000863fb	3	0	0x000963fb	True
7170	0x00086b34	0x00086400	3	0	0x00096400	True
7171	0x00086b38	0x00086406	3	0	0x00096406	True
7172	0x00086b44	0x0008640b	3	0	0x0009640b	True
7173	0x00086b48	0x00086410	3	0	0x00096410	True
7174	0x00086b54	0x00086414	3	0	0x00096414	True
7175	0x00086b58	0x00086417	3	0	0x00096417	True
7176	0x00086b64	0x0008641b	3	0	0x0009641b	True
7177	0x00086b68	0x00086421	3	0	0x00096421	True
7178	0x00086b74	0x00086425	3	0	0x00096425	True
7179	0x00086b78	0x00086427	3	0	0x00096427	True
7180	0x00086b84	0x0008642b	3	0	0x0009642b	True
7181	0x00086b88	0x0008642d	3	0	0x0009642d	True
7182	0x00086b94	0x00086431	3	0	0x00096431	True
7183	0x00086b98	0x00086433	3	0	0x00096433	True
7184	0x00086ba4	0x00086437	3	0	0x00096437	True
7185	0x00086ba8	0x00086439	3	0	0x00096439	True
7186	0x00086bb4	0x0008643d	3	0	0x0009643d	True
7187	0x00086bb8	0x0008643f	3	0	0x0009643f	True
7188	0x00086bc4	0x00086444	3	0	0x00096444	True
7189	0x00086bc8	0x00086446	3	0	0x00096446	True
7190	0x00086bd4	0x0008644b	3	0	0x0009644b	True
7191	0x00086bd8	0x0008644d	3	0	0x0009644d	True
7192	0x00086be4	0x00086454	3	0	0x00096454	True
7193	0x00086be8	0x00086456	3	0	0x00096456	True
7194	0x00086bf4	0x0008645c	3	0	0x0009645c	True
7195	0x00086bf8	0x0008645e	3	0	0x0009645e	True
7196	0x00086c04	0x00086463	3	0	0x00096463	True
7197	0x00086c08	0x00086465	3	0	0x00096465	True
7198	0x00086c14	0x0008646a	3	0	0x0009646a	True
7199	0x00086c18	0x0008646c	3	0	0x0009646c	True
7200	0x00086c24	0x00086471	3	0	0x00096471	True
7201	0x00086c28	0x00086473	3	0	0x00096473	True
7202	0x00086c34	0x00086478	3	0	0x00096478	True
7203	0x00086c38	0x0008647a	3	0	0x0009647a	True
7204	0x00086c44	0x0008647e	3	0	0x0009647e	True
7205	0x00086c48	0x00086481	3	0	0x00096481	True
7206	0x00086c54	0x00086485	3	0	0x00096485	True
7207	0x00086c58	0x00086487	3	0	0x00096487	True
7208	0x00086c64	0x0008648c	3	0	0x0009648c	True
7209	0x00086c68	0x0008648e	3	0	0x0009648e	True
7210	0x00086c74	0x00086492	3	0	0x00096492	True
7211	0x00086c78	0x00086495	3	0	0x00096495	True
7212	0x00086c84	0x00086499	3	0	0x00096499	True
7213	0x00086c88	0x0008649b	3	0	0x0009649b	True
7214	0x00086c94	0x0008649f	3	0	0x0009649f	True
7215	0x00086c98	0x000864a1	3	0	0x000964a1	True
7216	0x00086ca4	0x000864a5	3	0	0x000964a5	True
7217	0x00086ca8	0x000864a7	3	0	0x000964a7	True
7218	0x00086cb4	0x000864ab	3	0	0x000964ab	True
7219	0x00086cb8	0x000864af	3	0	0x000964af	True
7220	0x00086cc4	0x000864b3	3	0	0x000964b3	True
7221	0x00086cc8	0x000864b7	3	0	0x000964b7	True
7222	0x00086cd4	0x000864bb	3	0	0x000964bb	True
7223	0x00086cd8	0x000864bf	3	0	0x000964bf	True
7224	0x00086ce4	0x000864c3	3	0	0x000964c3	True
7225	0x00086ce8	0x000864c7	3	0	0x000964c7	True
7226	0x00086cf4	0x000864cb	3	0	0x000964cb	True
7227	0x00086cf8	0x000864cf	3	0	0x000964cf	True
7228	0x00086d04	0x000864d3	3	0	0x000964d3	True
7229	0x00086d08	0x000864d7	3	0	0x000964d7	True
7230	0x00086d14	0x000864db	3	0	0x000964db	True
7231	0x00086d18	0x000864df	3	0	0x000964df	True
7232	0x00086d24	0x000864e3	3	0	0x000964e3	True
7233	0x00086d28	0x000864e7	3	0	0x000964e7	True
7234	0x00086d34	0x000864eb	3	0	0x000964eb	True
7235	0x00086d38	0x000864ef	3	0	0x000964ef	True
7236	0x00086d44	0x000864f3	3	0	0x000964f3	True
7237	0x00086d48	0x000864f7	3	0	0x000964f7	True
7238	0x00086d54	0x000864fb	3	0	0x000964fb	True
7239	0x00086d58	0x000864ff	3	0	0x000964ff	True
7240	0x00086d64	0x00086502	3	0	0x00096502	True
7241	0x00086d68	0x00086506	3	0	0x00096506	True
7242	0x00086d74	0x0008650a	3	0	0x0009650a	True
7243	0x00086d78	0x0008650e	3	0	0x0009650e	True
7244	0x00086d84	0x00086512	3	0	0x00096512	True
7245	0x00086d88	0x00086516	3	0	0x00096516	True
7246	0x00086d94	0x0008651b	3	0	0x0009651b	True
7247	0x00086d98	0x0008651f	3	0	0x0009651f	True
7248	0x00086da4	0x00086523	3	0	0x00096523	True
7249	0x00086da8	0x00086527	3	0	0x00096527	True
7250	0x00086db4	0x0008652c	3	0	0x0009652c	True
7251	0x00086db8	0x0008652e	3	0	0x0009652e	True
7252	0x00086dc4	0x00086532	3	0	0x00096532	True
7253	0x00086dc8	0x00086534	3	0	0x00096534	True
7254	0x00086dd4	0x00086539	3	0	0x00096539	True
7255	0x00086dd8	0x0008653b	3	0	0x0009653b	True
7256	0x00086de4	0x00086540	3	0	0x00096540	True
7257	0x00086de8	0x00086542	3	0	0x00096542	True
7258	0x00086df4	0x00086547	3	0	0x00096547	True
7259	0x00086df8	0x00086549	3	0	0x00096549	True
7260	0x00086e04	0x0008654e	3	0	0x0009654e	True
7261	0x00086e08	0x00086550	3	0	0x00096550	True
7262	0x00086e14	0x00086555	3	0	0x00096555	True
7263	0x00086e18	0x00086557	3	0	0x00096557	True
7264	0x00086e24	0x0008655c	3	0	0x0009655c	True
7265	0x00086e28	0x0008655e	3	0	0x0009655e	True
7266	0x00086e34	0x00086563	3	0	0x00096563	True
7267	0x00086e38	0x00086565	3	0	0x00096565	True
7268	0x00086e44	0x0008656a	3	0	0x0009656a	True
7269	0x00086e48	0x0008656c	3	0	0x0009656c	True
7270	0x00086e54	0x00086570	3	0	0x00096570	True
7271	0x00086e58	0x00086572	3	0	0x00096572	True
7272	0x00086e64	0x00086577	3	0	0x00096577	True
7273	0x00086e68	0x00086579	3	0	0x00096579	True
7274	0x00086e74	0x0008657e	3	0	0x0009657e	True
7275	0x00086e78	0x00086580	3	0	0x00096580	True
7276	0x00086e84	0x00086584	3	0	0x00096584	True
7277	0x00086e88	0x00086586	3	0	0x00096586	True
7278	0x00086e94	0x0008658b	3	0	0x0009658b	True
7279	0x00086e98	0x0008658d	3	0	0x0009658d	True
7280	0x00086ea4	0x00086592	3	0	0x00096592	True
7281	0x00086ea8	0x00086594	3	0	0x00096594	True
7282	0x00086eb4	0x00086599	3	0	0x00096599	True
7283	0x00086eb8	0x0008659d	3	0	0x0009659d	True
7284	0x00086ec4	0x000865a2	3	0	0x000965a2	True
7285	0x00086ec8	0x000865a6	3	0	0x000965a6	True
7286	0x00086ed4	0x000865ab	3	0	0x000965ab	True
7287	0x00086ed8	0x000865af	3	0	0x000965af	True
7288	0x00086ee4	0x000865b5	3	0	0x000965b5	True
7289	0x00086ee8	0x000865b9	3	0	0x000965b9	True
7290	0x00086ef4	0x000865be	3	0	0x000965be	True
7291	0x00086ef8	0x000865c2	3	0	0x000965c2	True
7292	0x00086f04	0x000865c8	3	0	0x000965c8	True
7293	0x00086f08	0x000865cc	3	0	0x000965cc	True
7294	0x00086f14	0x000865d2	3	0	0x000965d2	True
7295	0x00086f18	0x000865d6	3	0	0x000965d6	True
7296	0x00086f24	0x000865dc	3	0	0x000965dc	True
7297	0x00086f28	0x000865e0	3	0	0x000965e0	True
7298	0x00086f34	0x000865e6	3	0	0x000965e6	True
7299	0x00086f38	0x000865ea	3	0	0x000965ea	True
7300	0x00086f44	0x000865f1	3	0	0x000965f1	True
7301	0x00086f48	0x000865f5	3	0	0x000965f5	True
7302	0x00086f54	0x000865fb	3	0	0x000965fb	True
7303	0x00086f58	0x000865ff	3	0	0x000965ff	True
7304	0x00086f64	0x00086606	3	0	0x00096606	True
7305	0x00086f68	0x0008660a	3	0	0x0009660a	True
7306	0x00086f74	0x00086610	3	0	0x00096610	True
7307	0x00086f78	0x00086612	3	0	0x00096612	True
7308	0x00086f84	0x00086618	3	0	0x00096618	True
7309	0x00086f88	0x0008661a	3	0	0x0009661a	True
7310	0x00086f94	0x00086621	3	0	0x00096621	True
7311	0x00086f98	0x00086623	3	0	0x00096623	True
7312	0x00086fa4	0x00086629	3	0	0x00096629	True
7313	0x00086fa8	0x0008662b	3	0	0x0009662b	True
7314	0x00086fb4	0x00086632	3	0	0x00096632	True
7315	0x00086fb8	0x00086634	3	0	0x00096634	True
7316	0x00086fc4	0x00086639	3	0	0x00096639	True
7317	0x00086fc8	0x0008663b	3	0	0x0009663b	True
7318	0x00086fd4	0x00086641	3	0	0x00096641	True
7319	0x00086fd8	0x00086643	3	0	0x00096643	True
7320	0x00086fe4	0x00086649	3	0	0x00096649	True
7321	0x00086fe8	0x0008664b	3	0	0x0009664b	True
7322	0x00086ff4	0x00086652	3	0	0x00096652	True
7323	0x00086ff8	0x00086654	3	0	0x00096654	True
7324	0x00087004	0x00086659	3	0	0x00096659	True
7325	0x00087008	0x0008665b	3	0	0x0009665b	True
7326	0x00087014	0x00086661	3	0	0x00096661	True
7327	0x00087018	0x00086663	3	0	0x00096663	True
7328	0x00087024	0x00086668	3	0	0x00096668	True
7329	0x00087028	0x0008666c	3	0	0x0009666c	True
7330	0x00087034	0x00086672	3	0	0x00096672	True
7331	0x00087038	0x00086676	3	0	0x00096676	True
7332	0x00087044	0x0008667d	3	0	0x0009667d	True
7333	0x00087048	0x0008667f	3	0	0x0009667f	True
7334	0x00087054	0x00086684	3	0	0x00096684	True
7335	0x00087058	0x00086686	3	0	0x00096686	True
7336	0x00087064	0x0008668a	3	0	0x0009668a	True
7337	0x00087068	0x0008668c	3	0	0x0009668c	True
7338	0x00087074	0x00086692	3	0	0x00096692	True
7339	0x00087078	0x00086694	3	0	0x00096694	True
7340	0x00087084	0x00086698	3	0	0x00096698	True
7341	0x00087088	0x0008669a	3	0	0x0009669a	True
7342	0x00087094	0x0008669f	3	0	0x0009669f	True
7343	0x00087098	0x000866a1	3	0	0x000966a1	True
7344	0x000870a4	0x000866a6	3	0	0x000966a6	True
7345	0x000870a8	0x000866a8	3	0	0x000966a8	True
7346	0x000870b4	0x000866ae	3	0	0x000966ae	True
7347	0x000870b8	0x000866b0	3	0	0x000966b0	True
7348	0x000870c4	0x000866b7	3	0	0x000966b7	True
7349	0x000870c8	0x000866b9	3	0	0x000966b9	True
7350	0x000870d4	0x000866c0	3	0	0x000966c0	True
7351	0x000870d8	0x000866c2	3	0	0x000966c2	True
7352	0x000870e4	0x000866c8	3	0	0x000966c8	True
7353	0x000870e8	0x000866ca	3	0	0x000966ca	True
7354	0x000870f4	0x000866d0	3	0	0x000966d0	True
7355	0x000870f8	0x000866d2	3	0	0x000966d2	True
7356	0x00087104	0x000866d8	3	0	0x000966d8	True
7357	0x00087108	0x000866da	3	0	0x000966da	True
7358	0x00087114	0x000866e1	3	0	0x000966e1	True
7359	0x00087118	0x000866e3	3	0	0x000966e3	True
7360	0x00087124	0x000866e9	3	0	0x000966e9	True
7361	0x00087128	0x000866eb	3	0	0x000966eb	True
7362	0x00087134	0x000866f2	3	0	0x000966f2	True
7363	0x00087138	0x000866f4	3	0	0x000966f4	True
7364	0x00087144	0x000866fb	3	0	0x000966fb	True
7365	0x00087148	0x000866fd	3	0	0x000966fd	True
7366	0x00087154	0x00086704	3	0	0x00096704	True
7367	0x00087158	0x00086706	3	0	0x00096706	True
7368	0x00087164	0x0008670e	3	0	0x0009670e	True
7369	0x00087168	0x00086710	3	0	0x00096710	True
7370	0x00087174	0x00086717	3	0	0x00096717	True
7371	0x00087178	0x00086719	3	0	0x00096719	True
7372	0x00087184	0x00086720	3	0	0x00096720	True
7373	0x00087188	0x00086722	3	0	0x00096722	True
7374	0x00087194	0x00086729	3	0	0x00096729	True
7375	0x00087198	0x0008672b	3	0	0x0009672b	True
7376	0x000871a4	0x00086731	3	0	0x00096731	True
7377	0x000871a8	0x00086733	3	0	0x00096733	True
7378	0x000871b4	0x00086739	3	0	0x00096739	True
7379	0x000871b8	0x0008673b	3	0	0x0009673b	True
7380	0x000871c4	0x00086740	3	0	0x00096740	True
7381	0x000871c8	0x00086742	3	0	0x00096742	True
7382	0x000871d4	0x00086747	3	0	0x00096747	True
7383	0x000871d8	0x00086749	3	0	0x00096749	True
7384	0x000871e4	0x0008674f	3	0	0x0009674f	True
7385	0x000871e8	0x00086751	3	0	0x00096751	True
7386	0x000871f4	0x00086759	3	0	0x00096759	True
7387	0x000871f8	0x0008675b	3	0	0x0009675b	True
7388	0x00087204	0x00086761	3	0	0x00096761	True
7389	0x00087208	0x00086763	3	0	0x00096763	True
7390	0x00087214	0x00086768	3	0	0x00096768	True
7391	0x00087218	0x0008676a	3	0	0x0009676a	True
7392	0x00087224	0x00086772	3	0	0x00096772	True
7393	0x00087228	0x00086774	3	0	0x00096774	True
7394	0x00087234	0x0008677a	3	0	0x0009677a	True
7395	0x00087238	0x0008677c	3	0	0x0009677c	True
7396	0x00087244	0x00086781	3	0	0x00096781	True
7397	0x00087248	0x00086783	3	0	0x00096783	True
7398	0x00087254	0x00086788	3	0	0x00096788	True
7399	0x00087258	0x0008678a	3	0	0x0009678a	True
7400	0x00087264	0x00086790	3	0	0x00096790	True
7401	0x00087268	0x00086792	3	0	0x00096792	True
7402	0x00087274	0x00086799	3	0	0x00096799	True
7403	0x00087278	0x0008679b	3	0	0x0009679b	True
7404	0x00087284	0x000867a2	3	0	0x000967a2	True
7405	0x00087288	0x000867a4	3	0	0x000967a4	True
7406	0x00087294	0x000867ab	3	0	0x000967ab	True
7407	0x00087298	0x000867ad	3	0	0x000967ad	True
7408	0x000872a4	0x000867b4	3	0	0x000967b4	True
7409	0x000872a8	0x000867b6	3	0	0x000967b6	True
7410	0x000872b4	0x000867bb	3	0	0x000967bb	True
7411	0x000872b8	0x000867bd	3	0	0x000967bd	True
7412	0x000872c4	0x000867c4	3	0	0x000967c4	True
7413	0x000872c8	0x000867c6	3	0	0x000967c6	True
7414	0x000872d4	0x000867cc	3	0	0x000967cc	True
7415	0x000872d8	0x000867ce	3	0	0x000967ce	True
7416	0x000872e4	0x000867d4	3	0	0x000967d4	True
7417	0x000872e8	0x000867d6	3	0	0x000967d6	True
7418	0x000872f4	0x000867de	3	0	0x000967de	True
7419	0x000872f8	0x000867e0	3	0	0x000967e0	True
7420	0x00087304	0x000867e7	3	0	0x000967e7	True
7421	0x00087308	0x000867e9	3	0	0x000967e9	True
7422	0x00087314	0x000867f0	3	0	0x000967f0	True
7423	0x00087318	0x000867f2	3	0	0x000967f2	True
7424	0x00087324	0x000867f8	3	0	0x000967f8	True
7425	0x00087328	0x000867fa	3	0	0x000967fa	True
7426	0x00087334	0x000867ff	3	0	0x000967ff	True
7427	0x00087338	0x00086801	3	0	0x00096801	True
7428	0x00087344	0x00086807	3	0	0x00096807	True
7429	0x00087348	0x00086809	3	0	0x00096809	True
7430	0x00087354	0x0008680e	3	0	0x0009680e	True
7431	0x00087358	0x00086810	3	0	0x00096810	True
7432	0x00087364	0x00086818	3	0	0x00096818	True
7433	0x00087368	0x0008681a	3	0	0x0009681a	True
7434	0x00087374	0x00086820	3	0	0x00096820	True
7435	0x00087378	0x00086822	3	0	0x00096822	True
7436	0x00087384	0x0008682a	3	0	0x0009682a	True
7437	0x00087388	0x0008682c	3	0	0x0009682c	True
7438	0x00087394	0x00086832	3	0	0x00096832	True
7439	0x00087398	0x00086834	3	0	0x00096834	True
7440	0x000873a4	0x00086839	3	0	0x00096839	True
7441	0x000873a8	0x0008683b	3	0	0x0009683b	True
7442	0x000873b4	0x0008683f	3	0	0x0009683f	True
7443	0x000873b8	0x00086841	3	0	0x00096841	True
7444	0x000873c4	0x00086845	3	0	0x00096845	True
7445	0x000873c8	0x00086847	3	0	0x00096847	True
7446	0x000873d4	0x0008684b	3	0	0x0009684b	True
7447	0x000873d8	0x0008684d	3	0	0x0009684d	True
7448	0x000873e4	0x00086851	3	0	0x00096851	True
7449	0x000873e8	0x00086853	3	0	0x00096853	True
7450	0x000873f4	0x00086857	3	0	0x00096857	True
7451	0x000873f8	0x00086859	3	0	0x00096859	True
7452	0x00087404	0x0008685d	3	0	0x0009685d	True
7453	0x00087408	0x0008685f	3	0	0x0009685f	True
7454	0x00087414	0x00086863	3	0	0x00096863	True
7455	0x00087418	0x00086865	3	0	0x00096865	True
7456	0x00087424	0x00086869	3	0	0x00096869	True
7457	0x00087428	0x0008686b	3	0	0x0009686b	True
7458	0x00087434	0x00086870	3	0	0x00096870	True
7459	0x00087438	0x00086872	3	0	0x00096872	True
7460	0x00087444	0x00086876	3	0	0x00096876	True
7461	0x00087448	0x00086878	3	0	0x00096878	True
7462	0x00087454	0x0008687c	3	0	0x0009687c	True
7463	0x00087458	0x0008687e	3	0	0x0009687e	True
7464	0x00087464	0x00086882	3	0	0x00096882	True
7465	0x00087468	0x00086884	3	0	0x00096884	True
7466	0x00087474	0x00086888	3	0	0x00096888	True
7467	0x00087478	0x0008688a	3	0	0x0009688a	True
7468	0x00087484	0x0008688e	3	0	0x0009688e	True
7469	0x00087488	0x00086890	3	0	0x00096890	True
7470	0x00087494	0x00086896	3	0	0x00096896	True
7471	0x00087498	0x00086898	3	0	0x00096898	True
7472	0x000874a4	0x0008689d	3	0	0x0009689d	True
7473	0x000874a8	0x0008689f	3	0	0x0009689f	True
7474	0x000874b4	0x000868a4	3	0	0x000968a4	True
7475	0x000874b8	0x000868a6	3	0	0x000968a6	True
7476	0x000874c4	0x000868ab	3	0	0x000968ab	True
7477	0x000874c8	0x000868ad	3	0	0x000968ad	True
7478	0x000874d4	0x000868b3	3	0	0x000968b3	True
7479	0x000874d8	0x000868b5	3	0	0x000968b5	True
7480	0x000874e4	0x000868ba	3	0	0x000968ba	True
7481	0x000874e8	0x000868bc	3	0	0x000968bc	True
7482	0x000874f4	0x000868c0	3	0	0x000968c0	True
7483	0x000874f8	0x000868c2	3	0	0x000968c2	True
7484	0x00087504	0x000868c7	3	0	0x000968c7	True
7485	0x00087508	0x000868c9	3	0	0x000968c9	True
7486	0x00087514	0x000868ce	3	0	0x000968ce	True
7487	0x00087518	0x000868d0	3	0	0x000968d0	True
7488	0x00087524	0x000868d6	3	0	0x000968d6	True
7489	0x00087528	0x000868d8	3	0	0x000968d8	True
7490	0x00087534	0x000868de	3	0	0x000968de	True
7491	0x00087538	0x000868e0	3	0	0x000968e0	True
7492	0x00087544	0x000868e5	3	0	0x000968e5	True
7493	0x00087548	0x000868e7	3	0	0x000968e7	True
7494	0x00087554	0x000868eb	3	0	0x000968eb	True
7495	0x00087558	0x000868ed	3	0	0x000968ed	True
7496	0x00087564	0x000868f1	3	0	0x000968f1	True
7497	0x00087568	0x000868f3	3	0	0x000968f3	True
7498	0x00087574	0x000868f7	3	0	0x000968f7	True
7499	0x00087578	0x000868f9	3	0	0x000968f9	True
7500	0x00087584	0x000868fd	3	0	0x000968fd	True
7501	0x00087588	0x000868ff	3	0	0x000968ff	True
7502	0x00087594	0x00086904	3	0	0x00096904	True
7503	0x00087598	0x00086906	3	0	0x00096906	True
7504	0x000875a4	0x0008690b	3	0	0x0009690b	True
7505	0x000875a8	0x0008690c	3	0	0x0009690c	True
7506	0x000875b4	0x00086910	3	0	0x00096910	True
7507	0x000875b8	0x00086912	3	0	0x00096912	True
7508	0x000875c4	0x00086917	3	0	0x00096917	True
7509	0x000875c8	0x00086919	3	0	0x00096919	True
7510	0x000875d4	0x0008691f	3	0	0x0009691f	True
7511	0x000875d8	0x00086921	3	0	0x00096921	True
7512	0x000875e4	0x00086926	3	0	0x00096926	True
7513	0x000875e8	0x00086928	3	0	0x00096928	True
7514	0x000875f4	0x0008692d	3	0	0x0009692d	True
7515	0x000875f8	0x00086931	3	0	0x00096931	True
7516	0x00087604	0x00086937	3	0	0x00096937	True
7517	0x00087608	0x0008693c	3	0	0x0009693c	True
7518	0x00087614	0x00086941	3	0	0x00096941	True
7519	0x00087618	0x00086942	3	0	0x00096942	True
7520	0x00087624	0x00086948	3	0	0x00096948	True
7521	0x00087628	0x0008694d	3	0	0x0009694d	True
7522	0x00087634	0x00086951	3	0	0x00096951	True
7523	0x00087638	0x00086953	3	0	0x00096953	True
7524	0x00087644	0x00086957	3	0	0x00096957	True
7525	0x00087648	0x00086959	3	0	0x00096959	True
7526	0x00087654	0x0008695d	3	0	0x0009695d	True
7527	0x00087658	0x0008695f	3	0	0x0009695f	True
7528	0x00087664	0x00086963	3	0	0x00096963	True
7529	0x00087668	0x00086965	3	0	0x00096965	True
7530	0x00087674	0x0008696b	3	0	0x0009696b	True
7531	0x00087678	0x0008696d	3	0	0x0009696d	True
7532	0x00087684	0x00086973	3	0	0x00096973	True
7533	0x00087688	0x00086975	3	0	0x00096975	True
7534	0x00087694	0x0008697c	3	0	0x0009697c	True
7535	0x00087698	0x0008697e	3	0	0x0009697e	True
7536	0x000876a4	0x00086984	3	0	0x00096984	True
7537	0x000876a8	0x00086986	3	0	0x00096986	True
7538	0x000876b4	0x0008698d	3	0	0x0009698d	True
7539	0x000876b8	0x0008698f	3	0	0x0009698f	True
7540	0x000876c4	0x00086997	3	0	0x00096997	True
7541	0x000876c8	0x00086998	3	0	0x00096998	True
7542	0x000876d4	0x000869a0	3	0	0x000969a0	True
7543	0x000876d8	0x000869a1	3	0	0x000969a1	True
7544	0x000876e4	0x000869a5	3	0	0x000969a5	True
7545	0x000876e8	0x000869a7	3	0	0x000969a7	True
7546	0x000876f4	0x000869ab	3	0	0x000969ab	True
7547	0x000876f8	0x000869ad	3	0	0x000969ad	True
7548	0x00087704	0x000869b2	3	0	0x000969b2	True
7549	0x00087708	0x000869b4	3	0	0x000969b4	True
7550	0x00087714	0x000869b9	3	0	0x000969b9	True
7551	0x00087718	0x000869bb	3	0	0x000969bb	True
7552	0x00087724	0x000869be	3	0	0x000969be	True
7553	0x00087728	0x000869c0	3	0	0x000969c0	True
7554	0x00087734	0x000869c4	3	0	0x000969c4	True
7555	0x00087738	0x000869c6	3	0	0x000969c6	True
7556	0x00087744	0x000869ca	3	0	0x000969ca	True
7557	0x00087748	0x000869cc	3	0	0x000969cc	True
7558	0x00087754	0x000869d0	3	0	0x000969d0	True
7559	0x00087758	0x000869d2	3	0	0x000969d2	True
7560	0x00087764	0x000869d8	3	0	0x000969d8	True
7561	0x00087768	0x000869da	3	0	0x000969da	True
7562	0x00087774	0x000869e0	3	0	0x000969e0	True
7563	0x00087778	0x000869e4	3	0	0x000969e4	True
7564	0x00087784	0x000869eb	3	0	0x000969eb	True
7565	0x00087788	0x000869ef	3	0	0x000969ef	True
7566	0x00087794	0x000869f7	3	0	0x000969f7	True
7567	0x00087798	0x000869f9	3	0	0x000969f9	True
7568	0x000877a4	0x00086a00	3	0	0x00096a00	True
7569	0x000877a8	0x00086a03	3	0	0x00096a03	True
7570	0x000877b4	0x00086a0b	3	0	0x00096a0b	True
7571	0x000877b8	0x00086a0e	3	0	0x00096a0e	True
7572	0x000877c4	0x00086a13	3	0	0x00096a13	True
7573	0x000877c8	0x00086a16	3	0	0x00096a16	True
7574	0x000877d4	0x00086a1b	3	0	0x00096a1b	True
7575	0x000877d8	0x00086a1e	3	0	0x00096a1e	True
7576	0x000877e4	0x00086a24	3	0	0x00096a24	True
7577	0x000877e8	0x00086a26	3	0	0x00096a26	True
7578	0x000877f4	0x00086a2b	3	0	0x00096a2b	True
7579	0x000877f8	0x00086a2d	3	0	0x00096a2d	True
7580	0x00087804	0x00086a35	3	0	0x00096a35	True
7581	0x00087808	0x00086a37	3	0	0x00096a37	True
7582	0x00087814	0x00086a3c	3	0	0x00096a3c	True
7583	0x00087818	0x00086a3e	3	0	0x00096a3e	True
7584	0x00087824	0x00086a45	3	0	0x00096a45	True
7585	0x00087828	0x00086a47	3	0	0x00096a47	True
7586	0x00087834	0x00086a4e	3	0	0x00096a4e	True
7587	0x00087838	0x00086a50	3	0	0x00096a50	True
7588	0x00087844	0x00086a57	3	0	0x00096a57	True
7589	0x000455fd	0x00087a93	3	0	0x00097a93	True
7590	0x00045611	0x00087c40	3	0	0x00097c40	True
7591	0x00045635	0x00087dbc	3	0	0x00097dbc	True
7592	0x0004563c	0x00087c60	3	0	0x00097c60	True
7593	0x00045641	0x00087a9a	3	0	0x00097a9a	True
7594	0x00045646	0x00070520	3	0	0x00080520	True
7595	0x00045653	0x00070520	3	0	0x00080520	True
7596	0x00045669	0x00087c60	3	0	0x00097c60	True
7597	0x0004567d	0x00087c18	3	0	0x00097c18	True
7598	0x00045697	0x00087ce8	3	0	0x00097ce8	True
7599	0x000456ad	0x00087be0	3	0	0x00097be0	True
7600	0x000456bb	0x00087ba8	3	0	0x00097ba8	True
7601	0x00087aa8	0x00087850	3	0	0x00097850	True
7602	0x00087aac	0x0008785e	3	0	0x0009785e	True
7603	0x00087ab0	0x00087867	3	0	0x00097867	True
7604	0x00087ab8	0x00087868	3	0	0x00097868	True
7605	0x00087abc	0x00087871	3	0	0x00097871	True
7606	0x00087ac4	0x00087874	3	0	0x00097874	True
7607	0x00087ac8	0x0008787e	3	0	0x0009787e	True
7608	0x00087ad0	0x00087881	3	0	0x00097881	True
7609	0x00087ad4	0x00087889	3	0	0x00097889	True
7610	0x00087adc	0x0008788e	3	0	0x0009788e	True
7611	0x00087ae0	0x00087893	3	0	0x00097893	True
7612	0x00087ae8	0x00087898	3	0	0x00097898	True
7613	0x00087aec	0x000878a1	3	0	0x000978a1	True
7614	0x00087af4	0x000878a7	3	0	0x000978a7	True
7615	0x00087af8	0x000878af	3	0	0x000978af	True
7616	0x00087b00	0x000878b6	3	0	0x000978b6	True
7617	0x00087b04	0x000878c0	3	0	0x000978c0	True
7618	0x00087b0c	0x000878c8	3	0	0x000978c8	True
7619	0x00087b10	0x000878d3	3	0	0x000978d3	True
7620	0x00087b18	0x000878d7	3	0	0x000978d7	True
7621	0x00087b1c	0x000878e2	3	0	0x000978e2	True
7622	0x00087b24	0x000878e6	3	0	0x000978e6	True
7623	0x00087b28	0x000878ee	3	0	0x000978ee	True
7624	0x00087b30	0x000878f1	3	0	0x000978f1	True
7625	0x00087b34	0x000878fc	3	0	0x000978fc	True
7626	0x00087b3c	0x000878ff	3	0	0x000978ff	True
7627	0x00087b40	0x00087906	3	0	0x00097906	True
7628	0x00087b48	0x00087909	3	0	0x00097909	True
7629	0x00087b4c	0x00087915	3	0	0x00097915	True
7630	0x00087b54	0x00087918	3	0	0x00097918	True
7631	0x00087b58	0x00087922	3	0	0x00097922	True
7632	0x00087b60	0x00087925	3	0	0x00097925	True
7633	0x00087b64	0x00087931	3	0	0x00097931	True
7634	0x00087b6c	0x00087934	3	0	0x00097934	True
7635	0x00087b70	0x0008793c	3	0	0x0009793c	True
7636	0x00087b78	0x00087940	3	0	0x00097940	True
7637	0x00087b7c	0x00087948	3	0	0x00097948	True
7638	0x00087b84	0x0008794c	3	0	0x0009794c	True
7639	0x00087b88	0x00087958	3	0	0x00097958	True
7640	0x00087b90	0x0008795c	3	0	0x0009795c	True
7641	0x00087b94	0x00087967	3	0	0x00097967	True
7642	0x00087b9c	0x0008796c	3	0	0x0009796c	True
7643	0x00087ba0	0x00087978	3	0	0x00097978	True
7644	0x00087ba8	0x0008797b	3	0	0x0009797b	True
7645	0x00087bac	0x0008797f	3	0	0x0009797f	True
7646	0x00087bb0	0x00087983	3	0	0x00097983	True
7647	0x00087bb4	0x00087987	3	0	0x00097987	True
7648	0x00087bb8	0x0008798b	3	0	0x0009798b	True
7649	0x00087bbc	0x0008798f	3	0	0x0009798f	True
7650	0x00087bc0	0x00087993	3	0	0x00097993	True
7651	0x00087bc4	0x00087997	3	0	0x00097997	True
7652	0x00087bc8	0x0008799b	3	0	0x0009799b	True
7653	0x00087bcc	0x0008799e	3	0	0x0009799e	True
7654	0x00087bd0	0x000879a1	3	0	0x000979a1	True
7655	0x00087bd4	0x000879a4	3	0	0x000979a4	True
7656	0x00087bd8	0x000879a7	3	0	0x000979a7	True
7657	0x00087bdc	0x000879aa	3	0	0x000979aa	True
7658	0x00087be0	0x000879ad	3	0	0x000979ad	True
7659	0x00087be4	0x000879b0	3	0	0x000979b0	True
7660	0x00087be8	0x000879b3	3	0	0x000979b3	True
7661	0x00087bec	0x000879b6	3	0	0x000979b6	True
7662	0x00087bf0	0x000879b9	3	0	0x000979b9	True
7663	0x00087bf4	0x000879bc	3	0	0x000979bc	True
7664	0x00087bf8	0x000879bf	3	0	0x000979bf	True
7665	0x00087bfc	0x000879c2	3	0	0x000979c2	True
7666	0x00087c00	0x000879c5	3	0	0x000979c5	True
7667	0x00087c04	0x000879c8	3	0	0x000979c8	True
7668	0x00087c08	0x000879cb	3	0	0x000979cb	True
7669	0x00087c0c	0x000879ce	3	0	0x000979ce	True
7670	0x00087c10	0x000879d1	3	0	0x000979d1	True
7671	0x00087c14	0x000879d4	3	0	0x000979d4	True
7672	0x00087c18	0x000879d7	3	0	0x000979d7	True
7673	0x00087c1c	0x000879da	3	0	0x000979da	True
7674	0x00087c20	0x000879dd	3	0	0x000979dd	True
7675	0x00087c24	0x000879e0	3	0	0x000979e0	True
7676	0x00087c28	0x000879e3	3	0	0x000979e3	True
7677	0x00087c2c	0x000879e6	3	0	0x000979e6	True
7678	0x00087c30	0x000879e9	3	0	0x000979e9	True
7679	0x00087c34	0x000879ec	3	0	0x000979ec	True
7680	0x00087c40	0x000879ef	3	0	0x000979ef	True
7681	0x00087c44	0x00087c38	3	0	0x00097c38	True
7682	0x00087c48	0x000879f3	3	0	0x000979f3	True
7683	0x00087c4c	0x000879f7	3	0	0x000979f7	True
7684	0x00087c50	0x00087c38	3	0	0x00097c38	True
7685	0x00087c54	0x00087c38	3	0	0x00097c38	True
7686	0x00087c58	0x00087c38	3	0	0x00097c38	True
7687	0x00087c5c	0x00087c38	3	0	0x00097c38	True
7688	0x00087c60	0x000879fb	3	0	0x000979fb	True
7689	0x00087c64	0x000879ff	3	0	0x000979ff	True
7690	0x00087c68	0x00087a03	3	0	0x00097a03	True
7691	0x00087c6c	0x00087a07	3	0	0x00097a07	True
7692	0x00087c70	0x00087c38	3	0	0x00097c38	True
7693	0x00087c74	0x00087c38	3	0	0x00097c38	True
7694	0x00087c78	0x00087a0b	3	0	0x00097a0b	True
7695	0x00087c7c	0x00087a0f	3	0	0x00097a0f	True
7696	0x00087c80	0x00087c38	3	0	0x00097c38	True
7697	0x00087c84	0x00087c38	3	0	0x00097c38	True
7698	0x00087c88	0x00087c38	3	0	0x00097c38	True
7699	0x00087c8c	0x00087c38	3	0	0x00097c38	True
7700	0x00087c90	0x00087c38	3	0	0x00097c38	True
7701	0x00087c94	0x00087c38	3	0	0x00097c38	True
7702	0x00087c98	0x00087a13	3	0	0x00097a13	True
7703	0x00087c9c	0x00087a17	3	0	0x00097a17	True
7704	0x00087ca0	0x00087a1b	3	0	0x00097a1b	True
7705	0x00087ca4	0x00087a1d	3	0	0x00097a1d	True
7706	0x00087ca8	0x00087a20	3	0	0x00097a20	True
7707	0x00087cac	0x00087a22	3	0	0x00097a22	True
7708	0x00087cb0	0x00087a25	3	0	0x00097a25	True
7709	0x00087cb4	0x00087a27	3	0	0x00097a27	True
7710	0x00087cb8	0x00087a2a	3	0	0x00097a2a	True
7711	0x00087cbc	0x00087a2d	3	0	0x00097a2d	True
7712	0x00087cc0	0x00087a2f	3	0	0x00097a2f	True
7713	0x00087cc4	0x00087a31	3	0	0x00097a31	True
7714	0x00087cc8	0x00087a34	3	0	0x00097a34	True
7715	0x00087ccc	0x00087a36	3	0	0x00097a36	True
7716	0x00087cd0	0x00087a39	3	0	0x00097a39	True
7717	0x00087cd4	0x00087a3b	3	0	0x00097a3b	True
7718	0x00087cd8	0x00087a3e	3	0	0x00097a3e	True
7719	0x00087cdc	0x00087a41	3	0	0x00097a41	True
7720	0x00087d00	0x00087a43	3	0	0x00097a43	True
7721	0x00087d04	0x00087a49	3	0	0x00097a49	True
7722	0x00087d08	0x00087a4f	3	0	0x00097a4f	True
7723	0x00087d0c	0x00087a55	3	0	0x00097a55	True
7724	0x00087d10	0x00087a5b	3	0	0x00097a5b	True
7725	0x00087d14	0x00087a61	3	0	0x00097a61	True
7726	0x00087d18	0x00087a67	3	0	0x00097a67	True
7727	0x00087d1c	0x00087a6d	3	0	0x00097a6d	True
7728	0x00087d20	0x00087a73	3	0	0x00097a73	True
7729	0x00087d24	0x00087a77	3	0	0x00097a77	True
7730	0x00087d28	0x00087a7b	3	0	0x00097a7b	True
7731	0x00087d2c	0x00087a7f	3	0	0x00097a7f	True
7732	0x00087d30	0x00087a83	3	0	0x00097a83	True
7733	0x00087d34	0x00087a87	3	0	0x00097a87	True
7734	0x00087d38	0x00087a8b	3	0	0x00097a8b	True
7735	0x00087d3c	0x00087a8f	3	0	0x00097a8f	True
7736	0x000456e6	0x00087d51	3	0	0x00097d51	True
7737	0x0004570b	0x00087d55	3	0	0x00097d55	True
7738	0x00045717	0x00087d5b	3	0	0x00097d5b	True
7739	0x00045742	0x000717ac	3	0	0x000817ac	True
7740	0x00045763	0x0008dd20	3	0	0x0009dd20	True
7741	0x000457b6	0x000717ac	3	0	0x000817ac	True
7742	0x000457cd	0x0008d661	3	0	0x0009d661	True
7743	0x000457e9	0x000717ac	3	0	0x000817ac	True
7744	0x000457f5	0x0008d661	3	0	0x0009d661	True
7745	0x00045814	0x0008d661	3	0	0x0009d661	True
7746	0x00045825	0x00087d64	3	0	0x00097d64	True
7747	0x00045847	0x000717ac	3	0	0x000817ac	True
7748	0x00045858	0x000717ac	3	0	0x000817ac	True
7749	0x00045879	0x000717ac	3	0	0x000817ac	True
7750	0x0004588a	0x00087d67	3	0	0x00097d67	True
7751	0x000458da	0x00080158	3	0	0x00090158	True
7752	0x000458e0	0x00087d84	3	0	0x00097d84	True
7753	0x000458e6	0x00087d84	3	0	0x00097d84	True
7754	0x00045904	0x0008014c	3	0	0x0009014c	True
7755	0x0004590c	0x0008014c	3	0	0x0009014c	True
7756	0x00045915	0x00080150	3	0	0x00090150	True
7757	0x00045921	0x00087d88	3	0	0x00097d88	True
7758	0x0004593c	0x0008014c	3	0	0x0009014c	True
7759	0x00045944	0x0008014c	3	0	0x0009014c	True
7760	0x0004594d	0x00080150	3	0	0x00090150	True
7761	0x0004595c	0x00087dc0	3	0	0x00097dc0	True
7762	0x00045978	0x0008014c	3	0	0x0009014c	True
7763	0x00045980	0x0008014c	3	0	0x0009014c	True
7764	0x00045989	0x00080150	3	0	0x00090150	True
7765	0x00045995	0x00087dfd	3	0	0x00097dfd	True
7766	0x00087d60	0x00087d40	3	0	0x00097d40	True
7767	0x000459b9	0x00087f28	3	0	0x00097f28	True
7768	0x000459c3	0x00087f14	3	0	0x00097f14	True
7769	0x000459c7	0x00071810	3	0	0x00081810	True
7770	0x000459cd	0x00071814	3	0	0x00081814	True
7771	0x000459d3	0x00087f20	3	0	0x00097f20	True
7772	0x000459d8	0x00071810	3	0	0x00081810	True
7773	0x000459dd	0x00076ba8	3	0	0x00086ba8	True
7774	0x000459e3	0x00087f1c	3	0	0x00097f1c	True
7775	0x000459f3	0x00073d90	3	0	0x00083d90	True
7776	0x000459fe	0x000760b8	3	0	0x000860b8	True
7777	0x00045a0a	0x00076ba8	3	0	0x00086ba8	True
7778	0x00045a16	0x00089ba0	3	0	0x00099ba0	True
7779	0x00045a29	0x00089ba0	3	0	0x00099ba0	True
7780	0x00045a2f	0x00087e42	3	0	0x00097e42	True
7781	0x00045a48	0x00087f20	3	0	0x00097f20	True
7782	0x00045a4f	0x0008af36	3	0	0x0009af36	True
7783	0x00045a58	0x000760a4	3	0	0x000860a4	True
7784	0x00045a6e	0x00087f14	3	0	0x00097f14	True
7785	0x00045a76	0x00087f14	3	0	0x00097f14	True
7786	0x00045a7c	0x00087f24	3	0	0x00097f24	True
7787	0x00045a8f	0x0008af34	3	0	0x0009af34	True
7788	0x00045a98	0x00089ba0	3	0	0x00099ba0	True
7789	0x00045ab9	0x00087f1c	3	0	0x00097f1c	True
7790	0x00045ac7	0x0008af34	3	0	0x0009af34	True
7791	0x00045acc	0x00087f1c	3	0	0x00097f1c	True
7792	0x00045add	0x00087f1c	3	0	0x00097f1c	True
7793	0x00045aed	0x00087f1c	3	0	0x00097f1c	True
7794	0x00045b01	0x0008af34	3	0	0x0009af34	True
7795	0x00045b0f	0x00087f1c	3	0	0x00097f1c	True
7796	0x00045b1e	0x00087f1c	3	0	0x00097f1c	True
7797	0x00045b26	0x0008af34	3	0	0x0009af34	True
7798	0x00045b2f	0x00087f1c	3	0	0x00097f1c	True
7799	0x00045b38	0x00087f1c	3	0	0x00097f1c	True
7800	0x00045b67	0x00087e68	3	0	0x00097e68	True
7801	0x00045b79	0x00087f28	3	0	0x00097f28	True
7802	0x00045b9b	0x0008af34	3	0	0x0009af34	True
7803	0x00045ba3	0x0008af34	3	0	0x0009af34	True
7804	0x00045baa	0x00088b04	3	0	0x00098b04	True
7805	0x00045bb0	0x00089ba0	3	0	0x00099ba0	True
7806	0x00045bb8	0x00087e6c	3	0	0x00097e6c	True
7807	0x00045bc1	0x00087e73	3	0	0x00097e73	True
7808	0x00045bca	0x00087e7d	3	0	0x00097e7d	True
7809	0x00045be5	0x00087e86	3	0	0x00097e86	True
7810	0x00045bf5	0x00087f1c	3	0	0x00097f1c	True
7811	0x00045bfb	0x00087f20	3	0	0x00097f20	True
7812	0x00045c0b	0x00088b04	3	0	0x00098b04	True
7813	0x00045c10	0x00087e94	3	0	0x00097e94	True
7814	0x00045c20	0x00087f28	3	0	0x00097f28	True
7815	0x00045c27	0x000760a4	3	0	0x000860a4	True
7816	0x00045c34	0x00076b88	3	0	0x00086b88	True
7817	0x00045c66	0x0008af34	3	0	0x0009af34	True
7818	0x00045c72	0x00076ba8	3	0	0x00086ba8	True
7819	0x00045c7a	0x00076ba8	3	0	0x00086ba8	True
7820	0x00045cbf	0x00087ea9	3	0	0x00097ea9	True
7821	0x00045cd1	0x00087f28	3	0	0x00097f28	True
7822	0x00045cdc	0x00087f1c	3	0	0x00097f1c	True
7823	0x00045ce7	0x0008af34	3	0	0x0009af34	True
7824	0x00045ced	0x00087ead	3	0	0x00097ead	True
7825	0x00045cfd	0x00087f28	3	0	0x00097f28	True
7826	0x00045d0e	0x00073d90	3	0	0x00083d90	True
7827	0x00045d35	0x00087f1c	3	0	0x00097f1c	True
7828	0x00045d4a	0x00087ecc	3	0	0x00097ecc	True
7829	0x00045d92	0x00087f20	3	0	0x00097f20	True
7830	0x00045d9a	0x0008af34	3	0	0x0009af34	True
7831	0x00045db4	0x00087f20	3	0	0x00097f20	True
7832	0x00045dc4	0x00088b04	3	0	0x00098b04	True
7833	0x00045dd6	0x00087f20	3	0	0x00097f20	True
7834	0x00045dde	0x0008af34	3	0	0x0009af34	True
7835	0x00045de5	0x00087f14	3	0	0x00097f14	True
7836	0x00045deb	0x00087f18	3	0	0x00097f18	True
7837	0x00045dfe	0x00076ba8	3	0	0x00086ba8	True
7838	0x00045e06	0x00087f14	3	0	0x00097f14	True
7839	0x00045e0c	0x00087f14	3	0	0x00097f14	True
7840	0x00045e17	0x00087f20	3	0	0x00097f20	True
7841	0x00045e1e	0x00076ba8	3	0	0x00086ba8	True
7842	0x00045e32	0x0008af34	3	0	0x0009af34	True
7843	0x00045e4a	0x00087ed1	3	0	0x00097ed1	True
7844	0x00045e5e	0x0008af34	3	0	0x0009af34	True
7845	0x00045e72	0x00087f24	3	0	0x00097f24	True
7846	0x00045e77	0x00087f24	3	0	0x00097f24	True
7847	0x00045e82	0x00072ad0	3	0	0x00082ad0	True
7848	0x00045e8a	0x00073d90	3	0	0x00083d90	True
7849	0x00045ea5	0x0008af34	3	0	0x0009af34	True
7850	0x00045eb1	0x00092248	3	0	0x000a2248	True
7851	0x00045ed5	0x00045edc	3	0	0x00055edc	True
7852	0x00045edc	0x00045a40	3	0	0x00055a40	True
7853	0x00045ee0	0x00045a55	3	0	0x00055a55	True
7854	0x00045ee4	0x00045b2a	3	0	0x00055b2a	True
7855	0x00045ee8	0x00045dd0	3	0	0x00055dd0	True
7856	0x00045eec	0x00045d8c	3	0	0x00055d8c	True
7857	0x00045ef0	0x00045e28	3	0	0x00055e28	True
7858	0x00045ef4	0x00045e54	3	0	0x00055e54	True
7859	0x00045ef8	0x00045c98	3	0	0x00055c98	True
7860	0x00045efc	0x00045e70	3	0	0x00055e70	True
7861	0x00045f00	0x00045ae8	3	0	0x00055ae8	True
7862	0x00045f04	0x00045ab4	3	0	0x00055ab4	True
7863	0x00045f08	0x00045ab4	3	0	0x00055ab4	True
7864	0x00045f0c	0x00045ad8	3	0	0x00055ad8	True
7865	0x00045f10	0x00045b18	3	0	0x00055b18	True
7866	0x00045f14	0x00045f1c	3	0	0x00055f1c	True
7867	0x00045f18	0x00045f1c	3	0	0x00055f1c	True
7868	0x00045f28	0x00087f28	3	0	0x00097f28	True
7869	0x00045f40	0x00087edd	3	0	0x00097edd	True
7870	0x00045f60	0x00089ba0	3	0	0x00099ba0	True
7871	0x00045f69	0x00087f1c	3	0	0x00097f1c	True
7872	0x00045f71	0x0008af34	3	0	0x0009af34	True
7873	0x00045f7a	0x00087ee1	3	0	0x00097ee1	True
7874	0x00045f9f	0x00087f14	3	0	0x00097f14	True
7875	0x00045faa	0x00087f20	3	0	0x00097f20	True
7876	0x00045fb2	0x00076ba8	3	0	0x00086ba8	True
7877	0x00045fbb	0x00087f24	3	0	0x00097f24	True
7878	0x00045fcb	0x0008af34	3	0	0x0009af34	True
7879	0x00045fda	0x00087f28	3	0	0x00097f28	True
7880	0x00045ff1	0x00087f18	3	0	0x00097f18	True
7881	0x00045ff5	0x00072ad0	3	0	0x00082ad0	True
7882	0x00045ffc	0x00087f18	3	0	0x00097f18	True
7883	0x00046009	0x00087f18	3	0	0x00097f18	True
7884	0x00046014	0x00087f18	3	0	0x00097f18	True
7885	0x0004602e	0x00087f18	3	0	0x00097f18	True
7886	0x00046032	0x00071810	3	0	0x00081810	True
7887	0x00046041	0x00071810	3	0	0x00081810	True
7888	0x00046046	0x00087f2c	3	0	0x00097f2c	True
7889	0x00046056	0x00087f14	3	0	0x00097f14	True
7890	0x0004605d	0x00087f42	3	0	0x00097f42	True
7891	0x00046065	0x00087f45	3	0	0x00097f45	True
7892	0x00046088	0x00087f48	3	0	0x00097f48	True
7893	0x0004609d	0x00087f18	3	0	0x00097f18	True
7894	0x000460d4	0x000890a4	3	0	0x000990a4	True
7895	0x000460e2	0x000890a4	3	0	0x000990a4	True
7896	0x000460eb	0x000890a6	3	0	0x000990a6	True
7897	0x000460fb	0x00087f10	3	0	0x00097f10	True
7898	0x00046110	0x00087f24	3	0	0x00097f24	True
7899	0x0004611e	0x00087f10	3	0	0x00097f10	True
7900	0x00046128	0x00087f24	3	0	0x00097f24	True
7901	0x00046133	0x00072ad0	3	0	0x00082ad0	True
7902	0x0004613c	0x00087f24	3	0	0x00097f24	True
7903	0x00087f10	0x00087e30	3	0	0x00097e30	True
7904	0x00046240	0x0008f03c	3	0	0x0009f03c	True
7905	0x0004629d	0x000462a4	3	0	0x000562a4	True
7906	0x000462a4	0x000461a8	3	0	0x000561a8	True
7907	0x000462a8	0x00046200	3	0	0x00056200	True
7908	0x000462ac	0x00046280	3	0	0x00056280	True
7909	0x000462b0	0x00046188	3	0	0x00056188	True
7910	0x000462b4	0x000461e4	3	0	0x000561e4	True
7911	0x000462b8	0x000461c8	3	0	0x000561c8	True
7912	0x000462bc	0x00046218	3	0	0x00056218	True
7913	0x000462c0	0x00046206	3	0	0x00056206	True
7914	0x000462c4	0x000461f8	3	0	0x000561f8	True
7915	0x000462c8	0x00046264	3	0	0x00056264	True
7916	0x000462cc	0x00046224	3	0	0x00056224	True
7917	0x000462d0	0x000461ec	3	0	0x000561ec	True
7918	0x000462d4	0x00046280	3	0	0x00056280	True
7919	0x000462d8	0x00046280	3	0	0x00056280	True
7920	0x000462dc	0x000461d0	3	0	0x000561d0	True
7921	0x000462e0	0x00046280	3	0	0x00056280	True
7922	0x000462e4	0x00046280	3	0	0x00056280	True
7923	0x000462e8	0x00046280	3	0	0x00056280	True
7924	0x000462ec	0x00046280	3	0	0x00056280	True
7925	0x000462f0	0x00046280	3	0	0x00056280	True
7926	0x000462f4	0x0004623c	3	0	0x0005623c	True
7927	0x0004637b	0x0008f03c	3	0	0x0009f03c	True
7928	0x000463dd	0x0008f03c	3	0	0x0009f03c	True
7929	0x000464ea	0x0008f03c	3	0	0x0009f03c	True
7930	0x000465fe	0x00046604	3	0	0x00056604	True
7931	0x00046604	0x000465b4	3	0	0x000565b4	True
7932	0x00046608	0x000465bc	3	0	0x000565bc	True
7933	0x0004660c	0x000465c4	3	0	0x000565c4	True
7934	0x00046610	0x000465dc	3	0	0x000565dc	True
7935	0x00046614	0x0004663b	3	0	0x0005663b	True
7936	0x00046618	0x0004663b	3	0	0x0005663b	True
7937	0x0004661c	0x000465cc	3	0	0x000565cc	True
7938	0x00046620	0x000465d4	3	0	0x000565d4	True
7939	0x00046624	0x000465e4	3	0	0x000565e4	True
7940	0x00046628	0x0004663b	3	0	0x0005663b	True
7941	0x0004662c	0x0004663b	3	0	0x0005663b	True
7942	0x00046630	0x000465e4	3	0	0x000565e4	True
7943	0x00046642	0x00088b00	3	0	0x00098b00	True
7944	0x00046647	0x00089230	3	0	0x00099230	True
7945	0x000467f6	0x00076ba8	3	0	0x00086ba8	True
7946	0x0004681e	0x00076ba8	3	0	0x00086ba8	True
7947	0x0004682b	0x00070530	3	0	0x00080530	True
7948	0x0004684d	0x00076ba8	3	0	0x00086ba8	True
7949	0x00046882	0x00080b9c	3	0	0x00090b9c	True
7950	0x0004688a	0x00076ba8	3	0	0x00086ba8	True
7951	0x000468a9	0x00076ba8	3	0	0x00086ba8	True
7952	0x000468d2	0x00076ba8	3	0	0x00086ba8	True
7953	0x000468e2	0x0008012c	3	0	0x0009012c	True
7954	0x000468ef	0x00080b9c	3	0	0x00090b9c	True
7955	0x00046916	0x00080b9c	3	0	0x00090b9c	True
7956	0x00046923	0x00081410	3	0	0x00091410	True
7957	0x00046939	0x000710dc	3	0	0x000810dc	True
7958	0x0004695a	0x0007053c	3	0	0x0008053c	True
7959	0x00046970	0x00070538	3	0	0x00080538	True
7960	0x000469a2	0x0007053c	3	0	0x0008053c	True
7961	0x000469ba	0x0007053c	3	0	0x0008053c	True
7962	0x000469d1	0x00070538	3	0	0x00080538	True
7963	0x000469e9	0x00070538	3	0	0x00080538	True
7964	0x00046a00	0x0007053c	3	0	0x0008053c	True
7965	0x00046a17	0x00070538	3	0	0x00080538	True
7966	0x00046a1e	0x0007053c	3	0	0x0008053c	True
7967	0x00046a31	0x00080b9c	3	0	0x00090b9c	True
7968	0x00046a3e	0x00080b9c	3	0	0x00090b9c	True
7969	0x00046a49	0x00076ba8	3	0	0x00086ba8	True
7970	0x00046a5d	0x00076ba8	3	0	0x00086ba8	True
7971	0x00046a79	0x00076ba8	3	0	0x00086ba8	True
7972	0x00046a8d	0x00076ba8	3	0	0x00086ba8	True
7973	0x00046abe	0x00076ba8	3	0	0x00086ba8	True
7974	0x00046acd	0x00076ba8	3	0	0x00086ba8	True
7975	0x00046ae1	0x00076bac	3	0	0x00086bac	True
7976	0x00046b11	0x000800d8	3	0	0x000900d8	True
7977	0x00046b32	0x00080bb8	3	0	0x00090bb8	True
7978	0x00046b3f	0x00081404	3	0	0x00091404	True
7979	0x00046b4c	0x00081418	3	0	0x00091418	True
7980	0x00046b59	0x000800d8	3	0	0x000900d8	True
7981	0x00046b6e	0x00081404	3	0	0x00091404	True
7982	0x00046b7b	0x00081418	3	0	0x00091418	True
7983	0x00046b88	0x0008012c	3	0	0x0009012c	True
7984	0x00046b95	0x00081420	3	0	0x00091420	True
7985	0x00046ba1	0x00076ba8	3	0	0x00086ba8	True
7986	0x00046bc2	0x00089574	3	0	0x00099574	True
7987	0x00046be1	0x00076ba8	3	0	0x00086ba8	True
7988	0x00046bf0	0x00076ba8	3	0	0x00086ba8	True
7989	0x00046c16	0x00076ba8	3	0	0x00086ba8	True
7990	0x00046d08	0x0008f03c	3	0	0x0009f03c	True
7991	0x00046d22	0x00076ba8	3	0	0x00086ba8	True
7992	0x00046d31	0x00076ba8	3	0	0x00086ba8	True
7993	0x00046d40	0x00090044	3	0	0x000a0044	True
7994	0x00046d51	0x00076ba8	3	0	0x00086ba8	True
7995	0x00046d75	0x00076ba8	3	0	0x00086ba8	True
7996	0x00046d83	0x00090045	3	0	0x000a0045	True
7997	0x00046d90	0x0008f03c	3	0	0x0009f03c	True
7998	0x00046db5	0x00076ba8	3	0	0x00086ba8	True
7999	0x00046dea	0x00076ba8	3	0	0x00086ba8	True
8000	0x00046dfa	0x00087f1c	3	0	0x00097f1c	True
8001	0x00046e05	0x00087f1c	3	0	0x00097f1c	True
8002	0x00046e11	0x00076ba8	3	0	0x00086ba8	True
8003	0x00046e39	0x00076ba8	3	0	0x00086ba8	True
8004	0x00046e55	0x00076ba8	3	0	0x00086ba8	True
8005	0x00046e86	0x00076ba8	3	0	0x00086ba8	True
8006	0x00046eb1	0x00076ba8	3	0	0x00086ba8	True
8007	0x00046ed1	0x00076ba8	3	0	0x00086ba8	True
8008	0x00046f6e	0x00081420	3	0	0x00091420	True
8009	0x00046f7b	0x0008012c	3	0	0x0009012c	True
8010	0x00046f89	0x00076ba8	3	0	0x00086ba8	True
8011	0x00046fa7	0x00076ba8	3	0	0x00086ba8	True
8012	0x00046fd1	0x00076ba8	3	0	0x00086ba8	True
8013	0x00046fe5	0x00076ba8	3	0	0x00086ba8	True
8014	0x00046ff9	0x00076ba8	3	0	0x00086ba8	True
8015	0x0004700d	0x00076ba8	3	0	0x00086ba8	True
8016	0x00047021	0x00076ba8	3	0	0x00086ba8	True
8017	0x00047049	0x00076ba8	3	0	0x00086ba8	True
8018	0x000472a9	0x00076ba8	3	0	0x00086ba8	True
8019	0x00047305	0x0008f03c	3	0	0x0009f03c	True
8020	0x00047323	0x00070534	3	0	0x00080534	True
8021	0x00047332	0x00070534	3	0	0x00080534	True
8022	0x0004733b	0x00070534	3	0	0x00080534	True
8023	0x00047347	0x0008f03c	3	0	0x0009f03c	True
8024	0x00047358	0x00070534	3	0	0x00080534	True
8025	0x00047362	0x00070534	3	0	0x00080534	True
8026	0x0004736f	0x0008f03c	3	0	0x0009f03c	True
8027	0x0004737d	0x00076ba8	3	0	0x00086ba8	True
8028	0x0004738b	0x00090045	3	0	0x000a0045	True
8029	0x00047439	0x0008f03c	3	0	0x0009f03c	True
8030	0x0004744d	0x00076ba8	3	0	0x00086ba8	True
8031	0x00047466	0x00076ba8	3	0	0x00086ba8	True
8032	0x00047477	0x00076ba8	3	0	0x00086ba8	True
8033	0x0004749b	0x00076ba8	3	0	0x00086ba8	True
8034	0x000474b4	0x00076ba8	3	0	0x00086ba8	True
8035	0x000474d3	0x00076ba8	3	0	0x00086ba8	True
8036	0x00047503	0x0008f03c	3	0	0x0009f03c	True
8037	0x00047536	0x00076ba8	3	0	0x00086ba8	True
8038	0x0004759b	0x00076ba8	3	0	0x00086ba8	True
8039	0x000475d9	0x00076ba8	3	0	0x00086ba8	True
8040	0x000475ed	0x00076ba8	3	0	0x00086ba8	True
8041	0x00047609	0x0008f03c	3	0	0x0009f03c	True
8042	0x00047619	0x0008f03c	3	0	0x0009f03c	True
8043	0x0004762d	0x0008f03c	3	0	0x0009f03c	True
8044	0x00047641	0x0008f03c	3	0	0x0009f03c	True
8045	0x00047655	0x0008f03c	3	0	0x0009f03c	True
8046	0x00047669	0x0008f03c	3	0	0x0009f03c	True
8047	0x00047685	0x0008f03c	3	0	0x0009f03c	True
8048	0x000476a1	0x0008f03c	3	0	0x0009f03c	True
8049	0x000476b5	0x0008f03c	3	0	0x0009f03c	True
8050	0x000476c9	0x0008f03c	3	0	0x0009f03c	True
8051	0x000476dd	0x00076ba8	3	0	0x00086ba8	True
8052	0x000476f5	0x0008f03c	3	0	0x0009f03c	True
8053	0x00047706	0x00076ba8	3	0	0x00086ba8	True
8054	0x00047715	0x00076ba8	3	0	0x00086ba8	True
8055	0x00047721	0x0008f03c	3	0	0x0009f03c	True
8056	0x0004775b	0x00076ba8	3	0	0x00086ba8	True
8057	0x00047781	0x00076ba8	3	0	0x00086ba8	True
8058	0x00047791	0x00076ba8	3	0	0x00086ba8	True
8059	0x000477b4	0x00076ba8	3	0	0x00086ba8	True
8060	0x000477c9	0x00076ba8	3	0	0x00086ba8	True
8061	0x000477eb	0x00076ba8	3	0	0x00086ba8	True
8062	0x00047815	0x00076ba8	3	0	0x00086ba8	True
8063	0x0004782d	0x00076ba8	3	0	0x00086ba8	True
8064	0x00047845	0x00076ba8	3	0	0x00086ba8	True
8065	0x0004785d	0x0008f03c	3	0	0x0009f03c	True
8066	0x00047877	0x00076ba8	3	0	0x00086ba8	True
8067	0x00047889	0x00076ba8	3	0	0x00086ba8	True
8068	0x0004789a	0x0008f03c	3	0	0x0009f03c	True
8069	0x000478dd	0x00076ba8	3	0	0x00086ba8	True
8070	0x0004791d	0x0008f03c	3	0	0x0009f03c	True
8071	0x00047935	0x00076ba8	3	0	0x00086ba8	True
8072	0x0004796f	0x00076ba8	3	0	0x00086ba8	True
8073	0x000479af	0x0008f03c	3	0	0x0009f03c	True
8074	0x000479d0	0x0008f03c	3	0	0x0009f03c	True
8075	0x00047a60	0x0008f03c	3	0	0x0009f03c	True
8076	0x00047b21	0x00076ba8	3	0	0x00086ba8	True
8077	0x00047b3f	0x00076ba8	3	0	0x00086ba8	True
8078	0x00047b62	0x00076ba8	3	0	0x00086ba8	True
8079	0x00047b7e	0x00076ba8	3	0	0x00086ba8	True
8080	0x00047c61	0x0008012c	3	0	0x0009012c	True
8081	0x00047c86	0x00076ba8	3	0	0x00086ba8	True
8082	0x00047ca1	0x00076ba8	3	0	0x00086ba8	True
8083	0x00047cb0	0x00090044	3	0	0x000a0044	True
8084	0x00047cd0	0x00076ba8	3	0	0x00086ba8	True
8085	0x00047d35	0x00076ba8	3	0	0x00086ba8	True
8086	0x00047dd8	0x000813f0	3	0	0x000913f0	True
8087	0x00047de5	0x00076ba8	3	0	0x00086ba8	True
8088	0x00047e1d	0x00076ba8	3	0	0x00086ba8	True
8089	0x00047e45	0x00076ba8	3	0	0x00086ba8	True
8090	0x00047e76	0x00076ba8	3	0	0x00086ba8	True
8091	0x00047e85	0x00076ba8	3	0	0x00086ba8	True
8092	0x00047e92	0x00076ba8	3	0	0x00086ba8	True
8093	0x00047ea1	0x00076ba8	3	0	0x00086ba8	True
8094	0x00047eaf	0x00090045	3	0	0x000a0045	True
8095	0x00047ebb	0x0008f03c	3	0	0x0009f03c	True
8096	0x00047ecb	0x00076ba8	3	0	0x00086ba8	True
8097	0x00047edd	0x00076ba8	3	0	0x00086ba8	True
8098	0x00047f05	0x0008f03c	3	0	0x0009f03c	True
8099	0x00047f19	0x00076ba8	3	0	0x00086ba8	True
8100	0x00047f21	0x00076ba8	3	0	0x00086ba8	True
8101	0x00047f39	0x00076ba8	3	0	0x00086ba8	True
8102	0x00047f4d	0x00076ba8	3	0	0x00086ba8	True
8103	0x00047f61	0x00076ba8	3	0	0x00086ba8	True
8104	0x00047fcc	0x00076ba8	3	0	0x00086ba8	True
8105	0x00047fe9	0x00076ba8	3	0	0x00086ba8	True
8106	0x00048003	0x0008f03c	3	0	0x0009f03c	True
8107	0x00048013	0x0008f03c	3	0	0x0009f03c	True
8108	0x00048033	0x00076ba8	3	0	0x00086ba8	True
8109	0x00048072	0x00076ba8	3	0	0x00086ba8	True
8110	0x00048087	0x00076ba8	3	0	0x00086ba8	True
8111	0x00048095	0x00076ba8	3	0	0x00086ba8	True
8112	0x000480a3	0x0008f03c	3	0	0x0009f03c	True
8113	0x000480b4	0x00076ba8	3	0	0x00086ba8	True
8114	0x000480cd	0x00076ba8	3	0	0x00086ba8	True
8115	0x000480df	0x00076ba8	3	0	0x00086ba8	True
8116	0x00048101	0x00076ba8	3	0	0x00086ba8	True
8117	0x00048120	0x00076ba8	3	0	0x00086ba8	True
8118	0x00048141	0x00076ba8	3	0	0x00086ba8	True
8119	0x00048160	0x0008f03c	3	0	0x0009f03c	True
8120	0x00048179	0x0008f03c	3	0	0x0009f03c	True
8121	0x000481b6	0x00076ba8	3	0	0x00086ba8	True
8122	0x000481c1	0x00076ba8	3	0	0x00086ba8	True
8123	0x000481e5	0x0008f03c	3	0	0x0009f03c	True
8124	0x000481fd	0x00076ba8	3	0	0x00086ba8	True
8125	0x0004821b	0x00076ba8	3	0	0x00086ba8	True
8126	0x00048285	0x00076ba8	3	0	0x00086ba8	True
8127	0x000482f9	0x00076ba8	3	0	0x00086ba8	True
8128	0x00048316	0x00076ba8	3	0	0x00086ba8	True
8129	0x0004832d	0x0008f03c	3	0	0x0009f03c	True
8130	0x0004833c	0x00076ba8	3	0	0x00086ba8	True
8131	0x00048346	0x0008f03c	3	0	0x0009f03c	True
8132	0x00048359	0x00076ba8	3	0	0x00086ba8	True
8133	0x00048387	0x00076ba8	3	0	0x00086ba8	True
8134	0x000483a7	0x00076ba8	3	0	0x00086ba8	True
8135	0x000483b5	0x00076ba8	3	0	0x00086ba8	True
8136	0x00048439	0x0008f03c	3	0	0x0009f03c	True
8137	0x000484f7	0x00076ba8	3	0	0x00086ba8	True
8138	0x00048529	0x00076ba8	3	0	0x00086ba8	True
8139	0x000485f6	0x00076ba8	3	0	0x00086ba8	True
8140	0x00048695	0x00076ba8	3	0	0x00086ba8	True
8141	0x000486a9	0x00076ba8	3	0	0x00086ba8	True
8142	0x000486d5	0x00076ba8	3	0	0x00086ba8	True
8143	0x000486e5	0x0008f03c	3	0	0x0009f03c	True
8144	0x000486fa	0x00076ba8	3	0	0x00086ba8	True
8145	0x0004870f	0x00076ba8	3	0	0x00086ba8	True
8146	0x0004872f	0x00076ba8	3	0	0x00086ba8	True
8147	0x00048749	0x0008f03c	3	0	0x0009f03c	True
8148	0x00048758	0x00076ba8	3	0	0x00086ba8	True
8149	0x00048792	0x0008f03c	3	0	0x0009f03c	True
8150	0x00048841	0x0008f03c	3	0	0x0009f03c	True
8151	0x000488bd	0x0008f03c	3	0	0x0009f03c	True
8152	0x000488f2	0x0008f03c	3	0	0x0009f03c	True
8153	0x00048980	0x00087f1c	3	0	0x00097f1c	True
8154	0x00048990	0x00087f1c	3	0	0x00097f1c	True
8155	0x000489a2	0x00087f1c	3	0	0x00097f1c	True
8156	0x000489ae	0x00087f1c	3	0	0x00097f1c	True
8157	0x000489c9	0x0008f03c	3	0	0x0009f03c	True
8158	0x000489dd	0x00076ba8	3	0	0x00086ba8	True
8159	0x000489f8	0x00076ba8	3	0	0x00086ba8	True
8160	0x00048a0d	0x0008f03c	3	0	0x0009f03c	True
8161	0x00048a42	0x0008f03c	3	0	0x0009f03c	True
8162	0x00048a59	0x0008f03c	3	0	0x0009f03c	True
8163	0x00048a6a	0x00087f1c	3	0	0x00097f1c	True
8164	0x00048a7a	0x00087f1c	3	0	0x00097f1c	True
8165	0x00048a8a	0x00087f1c	3	0	0x00097f1c	True
8166	0x00048a9a	0x00087f1c	3	0	0x00097f1c	True
8167	0x00048aaa	0x00087f1c	3	0	0x00097f1c	True
8168	0x00048aba	0x00087f1c	3	0	0x00097f1c	True
8169	0x00048af6	0x0008f03c	3	0	0x0009f03c	True
8170	0x00048b17	0x0008f03c	3	0	0x0009f03c	True
8171	0x00048b49	0x0008f03c	3	0	0x0009f03c	True
8172	0x00048b59	0x00076ba8	3	0	0x00086ba8	True
8173	0x00048b87	0x00076ba8	3	0	0x00086ba8	True
8174	0x00048ba1	0x0008f03c	3	0	0x0009f03c	True
8175	0x00048bb5	0x0008f03c	3	0	0x0009f03c	True
8176	0x00048bc4	0x0008f03c	3	0	0x0009f03c	True
8177	0x00048be5	0x0008f03c	3	0	0x0009f03c	True
8178	0x00048bf4	0x0008f03c	3	0	0x0009f03c	True
8179	0x00048c32	0x0008f03c	3	0	0x0009f03c	True
8180	0x00048c55	0x00076ba8	3	0	0x00086ba8	True
8181	0x00048c84	0x0008f03c	3	0	0x0009f03c	True
8182	0x00048c95	0x00076ba8	3	0	0x00086ba8	True
8183	0x00048ca4	0x0008f03c	3	0	0x0009f03c	True
8184	0x00048cd8	0x0008f03c	3	0	0x0009f03c	True
8185	0x00048d00	0x0008f03c	3	0	0x0009f03c	True
8186	0x00048d19	0x0008f03c	3	0	0x0009f03c	True
8187	0x00048d4d	0x0008f03c	3	0	0x0009f03c	True
8188	0x00048d72	0x00076ba8	3	0	0x00086ba8	True
8189	0x00048d82	0x00087f1c	3	0	0x00097f1c	True
8190	0x00048d8e	0x00076ba8	3	0	0x00086ba8	True
8191	0x00048dc9	0x00076ba8	3	0	0x00086ba8	True
8192	0x00048e5d	0x00076ba8	3	0	0x00086ba8	True
8193	0x00048e71	0x00076ba8	3	0	0x00086ba8	True
8194	0x00048e7e	0x00076ba8	3	0	0x00086ba8	True
8195	0x00048e8d	0x00080bac	3	0	0x00090bac	True
8196	0x00048ebf	0x00048ec4	3	0	0x00058ec4	True
8197	0x00048ec4	0x00047154	3	0	0x00057154	True
8198	0x00048ec8	0x000467e8	3	0	0x000567e8	True
8199	0x00048ecc	0x00048514	3	0	0x00058514	True
8200	0x00048ed0	0x000467f4	3	0	0x000567f4	True
8201	0x00048ed4	0x00046808	3	0	0x00056808	True
8202	0x00048ed8	0x00046db4	3	0	0x00056db4	True
8203	0x00048edc	0x00048694	3	0	0x00058694	True
8204	0x00048ee0	0x00046acc	3	0	0x00056acc	True
8205	0x00048ee4	0x0004681c	3	0	0x0005681c	True
8206	0x00048ee8	0x0004684c	3	0	0x0005684c	True
8207	0x00048eec	0x00046a3c	3	0	0x00056a3c	True
8208	0x00048ef0	0x00046868	3	0	0x00056868	True
8209	0x00048ef4	0x00048514	3	0	0x00058514	True
8210	0x00048ef8	0x00046874	3	0	0x00056874	True
8211	0x00048efc	0x00046880	3	0	0x00056880	True
8212	0x00048f00	0x000468a8	3	0	0x000568a8	True
8213	0x00048f04	0x00048694	3	0	0x00058694	True
8214	0x00048f08	0x000468e0	3	0	0x000568e0	True
8215	0x00048f0c	0x00046a30	3	0	0x00056a30	True
8216	0x00048f10	0x000468fc	3	0	0x000568fc	True
8217	0x00048f14	0x00046914	3	0	0x00056914	True
8218	0x00048f18	0x00046948	3	0	0x00056948	True
8219	0x00048f1c	0x00046a30	3	0	0x00056a30	True
8220	0x00048f20	0x00046a3c	3	0	0x00056a3c	True
8221	0x00048f24	0x00048514	3	0	0x00058514	True
8222	0x00048f28	0x00046a48	3	0	0x00056a48	True
8223	0x00048f2c	0x00046a5c	3	0	0x00056a5c	True
8224	0x00048f30	0x00046a78	3	0	0x00056a78	True
8225	0x00048f34	0x00046db4	3	0	0x00056db4	True
8226	0x00048f38	0x00046db4	3	0	0x00056db4	True
8227	0x00048f3c	0x00046a30	3	0	0x00056a30	True
8228	0x00048f40	0x00046a8c	3	0	0x00056a8c	True
8229	0x00048f44	0x00046a30	3	0	0x00056a30	True
8230	0x00048f48	0x00046aa8	3	0	0x00056aa8	True
8231	0x00048f4c	0x00046abc	3	0	0x00056abc	True
8232	0x00048f50	0x00046db4	3	0	0x00056db4	True
8233	0x00048f54	0x00046db4	3	0	0x00056db4	True
8234	0x00048f58	0x00046a3c	3	0	0x00056a3c	True
8235	0x00048f5c	0x00048694	3	0	0x00058694	True
8236	0x00048f60	0x00048694	3	0	0x00058694	True
8237	0x00048f64	0x00048694	3	0	0x00058694	True
8238	0x00048f68	0x00046db4	3	0	0x00056db4	True
8239	0x00048f6c	0x00046acc	3	0	0x00056acc	True
8240	0x00048f70	0x00046874	3	0	0x00056874	True
8241	0x00048f74	0x00046db4	3	0	0x00056db4	True
8242	0x00048f78	0x00046db4	3	0	0x00056db4	True
8243	0x00048f7c	0x00046ae0	3	0	0x00056ae0	True
8244	0x00048f80	0x00046aec	3	0	0x00056aec	True
8245	0x00048f84	0x00046db4	3	0	0x00056db4	True
8246	0x00048f88	0x00046b00	3	0	0x00056b00	True
8247	0x00048f8c	0x000484b8	3	0	0x000584b8	True
8248	0x00048f90	0x00046b58	3	0	0x00056b58	True
8249	0x00048f94	0x00046b10	3	0	0x00056b10	True
8250	0x00048f98	0x00046b30	3	0	0x00056b30	True
8251	0x00048f9c	0x00046b58	3	0	0x00056b58	True
8252	0x00048fa0	0x00046b10	3	0	0x00056b10	True
8253	0x00048fa4	0x00046b6c	3	0	0x00056b6c	True
8254	0x00048fa8	0x00046c04	3	0	0x00056c04	True
8255	0x00048fac	0x00046d30	3	0	0x00056d30	True
8256	0x00048fb0	0x00046ba0	3	0	0x00056ba0	True
8257	0x00048fb4	0x00046db4	3	0	0x00056db4	True
8258	0x00048fb8	0x00046bb0	3	0	0x00056bb0	True
8259	0x00048fbc	0x00046bcc	3	0	0x00056bcc	True
8260	0x00048fc0	0x00046be0	3	0	0x00056be0	True
8261	0x00048fc4	0x00046bec	3	0	0x00056bec	True
8262	0x00048fc8	0x00046acc	3	0	0x00056acc	True
8263	0x00048fcc	0x00046c04	3	0	0x00056c04	True
8264	0x00048fd0	0x00046fb8	3	0	0x00056fb8	True
8265	0x00048fd4	0x00046db4	3	0	0x00056db4	True
8266	0x00048fd8	0x00048694	3	0	0x00058694	True
8267	0x00048fdc	0x00046e54	3	0	0x00056e54	True
8268	0x00048fe0	0x00046c14	3	0	0x00056c14	True
8269	0x00048fe4	0x000484b8	3	0	0x000584b8	True
8270	0x00048fe8	0x00046c28	3	0	0x00056c28	True
8271	0x00048fec	0x00046c38	3	0	0x00056c38	True
8272	0x00048ff0	0x00046c54	3	0	0x00056c54	True
8273	0x00048ff4	0x00046c6c	3	0	0x00056c6c	True
8274	0x00048ff8	0x00046cd4	3	0	0x00056cd4	True
8275	0x00048ffc	0x00046d20	3	0	0x00056d20	True
8276	0x00049000	0x00046d20	3	0	0x00056d20	True
8277	0x00049004	0x00046d30	3	0	0x00056d30	True
8278	0x00049008	0x00046d50	3	0	0x00056d50	True
8279	0x0004900c	0x00046d74	3	0	0x00056d74	True
8280	0x00049010	0x00046da8	3	0	0x00056da8	True
8281	0x00049014	0x000484b8	3	0	0x000584b8	True
8282	0x00049018	0x00046da8	3	0	0x00056da8	True
8283	0x0004901c	0x00046da8	3	0	0x00056da8	True
8284	0x00049020	0x00046844	3	0	0x00056844	True
8285	0x00049024	0x00048e52	3	0	0x00058e52	True
8286	0x00049028	0x00046db4	3	0	0x00056db4	True
8287	0x0004902c	0x00046dc0	3	0	0x00056dc0	True
8288	0x00049030	0x00046dd4	3	0	0x00056dd4	True
8289	0x00049034	0x00046dc0	3	0	0x00056dc0	True
8290	0x00049038	0x00046dd4	3	0	0x00056dd4	True
8291	0x0004903c	0x00046de8	3	0	0x00056de8	True
8292	0x00049040	0x00046e04	3	0	0x00056e04	True
8293	0x00049044	0x00046df8	3	0	0x00056df8	True
8294	0x00049048	0x000484b8	3	0	0x000584b8	True
8295	0x0004904c	0x00046e04	3	0	0x00056e04	True
8296	0x00049050	0x00046e10	3	0	0x00056e10	True
8297	0x00049054	0x00046e24	3	0	0x00056e24	True
8298	0x00049058	0x00046e04	3	0	0x00056e04	True
8299	0x0004905c	0x00046e04	3	0	0x00056e04	True
8300	0x00049060	0x00046e04	3	0	0x00056e04	True
8301	0x00049064	0x00046e38	3	0	0x00056e38	True
8302	0x00049068	0x00046e68	3	0	0x00056e68	True
8303	0x0004906c	0x00046f9c	3	0	0x00056f9c	True
8304	0x00049070	0x00046e54	3	0	0x00056e54	True
8305	0x00049074	0x00046db4	3	0	0x00056db4	True
8306	0x00049078	0x00048694	3	0	0x00058694	True
8307	0x0004907c	0x00046e68	3	0	0x00056e68	True
8308	0x00049080	0x00046e74	3	0	0x00056e74	True
8309	0x00049084	0x00046eb0	3	0	0x00056eb0	True
8310	0x00049088	0x00046e68	3	0	0x00056e68	True
8311	0x0004908c	0x00046ed0	3	0	0x00056ed0	True
8312	0x00049090	0x00046ee4	3	0	0x00056ee4	True
8313	0x00049094	0x00046efc	3	0	0x00056efc	True
8314	0x00049098	0x00046f10	3	0	0x00056f10	True
8315	0x0004909c	0x00046f28	3	0	0x00056f28	True
8316	0x000490a0	0x00046f58	3	0	0x00056f58	True
8317	0x000490a4	0x00046f6c	3	0	0x00056f6c	True
8318	0x000490a8	0x00046f88	3	0	0x00056f88	True
8319	0x000490ac	0x000474cc	3	0	0x000574cc	True
8320	0x000490b0	0x00046f9c	3	0	0x00056f9c	True
8321	0x000490b4	0x000480d8	3	0	0x000580d8	True
8322	0x000490b8	0x00046fb8	3	0	0x00056fb8	True
8323	0x000490bc	0x00046fd0	3	0	0x00056fd0	True
8324	0x000490c0	0x00047034	3	0	0x00057034	True
8325	0x000490c4	0x00046fe4	3	0	0x00056fe4	True
8326	0x000490c8	0x00046ff8	3	0	0x00056ff8	True
8327	0x000490cc	0x0004700c	3	0	0x0005700c	True
8328	0x000490d0	0x00047020	3	0	0x00057020	True
8329	0x000490d4	0x00047034	3	0	0x00057034	True
8330	0x000490d8	0x00047048	3	0	0x00057048	True
8331	0x000490dc	0x0004705c	3	0	0x0005705c	True
8332	0x000490e0	0x00047074	3	0	0x00057074	True
8333	0x000490e4	0x0004708c	3	0	0x0005708c	True
8334	0x000490e8	0x000470a0	3	0	0x000570a0	True
8335	0x000490ec	0x000470b4	3	0	0x000570b4	True
8336	0x000490f0	0x000470d4	3	0	0x000570d4	True
8337	0x000490f4	0x000470f4	3	0	0x000570f4	True
8338	0x000490f8	0x00047104	3	0	0x00057104	True
8339	0x000490fc	0x00047114	3	0	0x00057114	True
8340	0x00049100	0x00047124	3	0	0x00057124	True
8341	0x00049104	0x00047134	3	0	0x00057134	True
8342	0x00049108	0x00047144	3	0	0x00057144	True
8343	0x0004910c	0x00047154	3	0	0x00057154	True
8344	0x00049110	0x00047168	3	0	0x00057168	True
8345	0x00049114	0x00047178	3	0	0x00057178	True
8346	0x00049118	0x00047184	3	0	0x00057184	True
8347	0x0004911c	0x00047190	3	0	0x00057190	True
8348	0x00049120	0x000471a0	3	0	0x000571a0	True
8349	0x00049124	0x000471ac	3	0	0x000571ac	True
8350	0x00049128	0x000471bc	3	0	0x000571bc	True
8351	0x0004912c	0x00048e52	3	0	0x00058e52	True
8352	0x00049130	0x000471ec	3	0	0x000571ec	True
8353	0x00049134	0x000472a8	3	0	0x000572a8	True
8354	0x00049138	0x00047200	3	0	0x00057200	True
8355	0x0004913c	0x000472e4	3	0	0x000572e4	True
8356	0x00049140	0x00047244	3	0	0x00057244	True
8357	0x00049144	0x00047254	3	0	0x00057254	True
8358	0x00049148	0x00047284	3	0	0x00057284	True
8359	0x0004914c	0x000472a8	3	0	0x000572a8	True
8360	0x00049150	0x000472bc	3	0	0x000572bc	True
8361	0x00049154	0x000472e4	3	0	0x000572e4	True
8362	0x00049158	0x00047e44	3	0	0x00057e44	True
8363	0x0004915c	0x000472f4	3	0	0x000572f4	True
8364	0x00049160	0x00047438	3	0	0x00057438	True
8365	0x00049164	0x000475d8	3	0	0x000575d8	True
8366	0x00049168	0x00047304	3	0	0x00057304	True
8367	0x0004916c	0x00047360	3	0	0x00057360	True
8368	0x00049170	0x00047344	3	0	0x00057344	True
8369	0x00049174	0x00047360	3	0	0x00057360	True
8370	0x00049178	0x00047438	3	0	0x00057438	True
8371	0x0004917c	0x00047510	3	0	0x00057510	True
8372	0x00049180	0x0004736c	3	0	0x0005736c	True
8373	0x00049184	0x00046e68	3	0	0x00056e68	True
8374	0x00049188	0x0004737c	3	0	0x0005737c	True
8375	0x0004918c	0x00047398	3	0	0x00057398	True
8376	0x00049190	0x000473ec	3	0	0x000573ec	True
8377	0x00049194	0x000473fc	3	0	0x000573fc	True
8378	0x00049198	0x0004742c	3	0	0x0005742c	True
8379	0x0004919c	0x00047aa8	3	0	0x00057aa8	True
8380	0x000491a0	0x00047438	3	0	0x00057438	True
8381	0x000491a4	0x0004744c	3	0	0x0005744c	True
8382	0x000491a8	0x00047464	3	0	0x00057464	True
8383	0x000491ac	0x000474cc	3	0	0x000574cc	True
8384	0x000491b0	0x000474e4	3	0	0x000574e4	True
8385	0x000491b4	0x000474f8	3	0	0x000574f8	True
8386	0x000491b8	0x000474f8	3	0	0x000574f8	True
8387	0x000491bc	0x00046d30	3	0	0x00056d30	True
8388	0x000491c0	0x00047510	3	0	0x00057510	True
8389	0x000491c4	0x0004751c	3	0	0x0005751c	True
8390	0x000491c8	0x00047a90	3	0	0x00057a90	True
8391	0x000491cc	0x00047534	3	0	0x00057534	True
8392	0x000491d0	0x00047544	3	0	0x00057544	True
8393	0x000491d4	0x00047568	3	0	0x00057568	True
8394	0x000491d8	0x00047588	3	0	0x00057588	True
8395	0x000491dc	0x000475b0	3	0	0x000575b0	True
8396	0x000491e0	0x00047510	3	0	0x00057510	True
8397	0x000491e4	0x00047510	3	0	0x00057510	True
8398	0x000491e8	0x00046e68	3	0	0x00056e68	True
8399	0x000491ec	0x00047510	3	0	0x00057510	True
8400	0x000491f0	0x00046e68	3	0	0x00056e68	True
8401	0x000491f4	0x00047510	3	0	0x00057510	True
8402	0x000491f8	0x000475d8	3	0	0x000575d8	True
8403	0x000491fc	0x000475ec	3	0	0x000575ec	True
8404	0x00049200	0x00047608	3	0	0x00057608	True
8405	0x00049204	0x00047618	3	0	0x00057618	True
8406	0x00049208	0x0004762c	3	0	0x0005762c	True
8407	0x0004920c	0x00047640	3	0	0x00057640	True
8408	0x00049210	0x00047654	3	0	0x00057654	True
8409	0x00049214	0x00047668	3	0	0x00057668	True
8410	0x00049218	0x00047684	3	0	0x00057684	True
8411	0x0004921c	0x000476a0	3	0	0x000576a0	True
8412	0x00049220	0x000476b4	3	0	0x000576b4	True
8413	0x00049224	0x000476c8	3	0	0x000576c8	True
8414	0x00049228	0x000476dc	3	0	0x000576dc	True
8415	0x0004922c	0x000476f4	3	0	0x000576f4	True
8416	0x00049230	0x00046d30	3	0	0x00056d30	True
8417	0x00049234	0x00047704	3	0	0x00057704	True
8418	0x00049238	0x00047714	3	0	0x00057714	True
8419	0x0004923c	0x00047720	3	0	0x00057720	True
8420	0x00049240	0x00047750	3	0	0x00057750	True
8421	0x00049244	0x00047780	3	0	0x00057780	True
8422	0x00049248	0x00047790	3	0	0x00057790	True
8423	0x0004924c	0x000477ac	3	0	0x000577ac	True
8424	0x00049250	0x00047804	3	0	0x00057804	True
8425	0x00049254	0x00048e52	3	0	0x00058e52	True
8426	0x00049258	0x00047814	3	0	0x00057814	True
8427	0x0004925c	0x00046e68	3	0	0x00056e68	True
8428	0x00049260	0x00047888	3	0	0x00057888	True
8429	0x00049264	0x00046e68	3	0	0x00056e68	True
8430	0x00049268	0x00046d30	3	0	0x00056d30	True
8431	0x0004926c	0x000472a8	3	0	0x000572a8	True
8432	0x00049270	0x000484b8	3	0	0x000584b8	True
8433	0x00049274	0x000478b0	3	0	0x000578b0	True
8434	0x00049278	0x00047e1c	3	0	0x00057e1c	True
8435	0x0004927c	0x00048c44	3	0	0x00058c44	True
8436	0x00049280	0x00047d34	3	0	0x00057d34	True
8437	0x00049284	0x000484b8	3	0	0x000584b8	True
8438	0x00049288	0x000478c4	3	0	0x000578c4	True
8439	0x0004928c	0x00047438	3	0	0x00057438	True
8440	0x00049290	0x000478dc	3	0	0x000578dc	True
8441	0x00049294	0x000473ec	3	0	0x000573ec	True
8442	0x00049298	0x00046e68	3	0	0x00056e68	True
8443	0x0004929c	0x00046d30	3	0	0x00056d30	True
8444	0x000492a0	0x00046e68	3	0	0x00056e68	True
8445	0x000492a4	0x000484b8	3	0	0x000584b8	True
8446	0x000492a8	0x00046e68	3	0	0x00056e68	True
8447	0x000492ac	0x000484b8	3	0	0x000584b8	True
8448	0x000492b0	0x0004791c	3	0	0x0005791c	True
8449	0x000492b4	0x00047934	3	0	0x00057934	True
8450	0x000492b8	0x00047438	3	0	0x00057438	True
8451	0x000492bc	0x00048e52	3	0	0x00058e52	True
8452	0x000492c0	0x00047954	3	0	0x00057954	True
8453	0x000492c4	0x00047988	3	0	0x00057988	True
8454	0x000492c8	0x00047a90	3	0	0x00057a90	True
8455	0x000492cc	0x00047aa8	3	0	0x00057aa8	True
8456	0x000492d0	0x00047ab4	3	0	0x00057ab4	True
8457	0x000492d4	0x00047ad0	3	0	0x00057ad0	True
8458	0x000492d8	0x00048e52	3	0	0x00058e52	True
8459	0x000492dc	0x00047adc	3	0	0x00057adc	True
8460	0x000492e0	0x00047af0	3	0	0x00057af0	True
8461	0x000492e4	0x00047b0c	3	0	0x00057b0c	True
8462	0x000492e8	0x00047b20	3	0	0x00057b20	True
8463	0x000492ec	0x00046f9c	3	0	0x00056f9c	True
8464	0x000492f0	0x00048e52	3	0	0x00058e52	True
8465	0x000492f4	0x00046e68	3	0	0x00056e68	True
8466	0x000492f8	0x00047b70	3	0	0x00057b70	True
8467	0x000492fc	0x00047b7c	3	0	0x00057b7c	True
8468	0x00049300	0x00047b8c	3	0	0x00057b8c	True
8469	0x00049304	0x00047c4c	3	0	0x00057c4c	True
8470	0x00049308	0x00047c60	3	0	0x00057c60	True
8471	0x0004930c	0x00047c6c	3	0	0x00057c6c	True
8472	0x00049310	0x00047c90	3	0	0x00057c90	True
8473	0x00049314	0x00047ca0	3	0	0x00057ca0	True
8474	0x00049318	0x00047cc0	3	0	0x00057cc0	True
8475	0x0004931c	0x00047ce0	3	0	0x00057ce0	True
8476	0x00049320	0x00047cf8	3	0	0x00057cf8	True
8477	0x00049324	0x00047d10	3	0	0x00057d10	True
8478	0x00049328	0x00047d34	3	0	0x00057d34	True
8479	0x0004932c	0x00047d40	3	0	0x00057d40	True
8480	0x00049330	0x00047d5c	3	0	0x00057d5c	True
8481	0x00049334	0x00047d98	3	0	0x00057d98	True
8482	0x00049338	0x00046f9c	3	0	0x00056f9c	True
8483	0x0004933c	0x00046e68	3	0	0x00056e68	True
8484	0x00049340	0x00047de4	3	0	0x00057de4	True
8485	0x00049344	0x00047df8	3	0	0x00057df8	True
8486	0x00049348	0x00048284	3	0	0x00058284	True
8487	0x0004934c	0x00046f9c	3	0	0x00056f9c	True
8488	0x00049350	0x00047e08	3	0	0x00057e08	True
8489	0x00049354	0x00047e1c	3	0	0x00057e1c	True
8490	0x00049358	0x00046f9c	3	0	0x00056f9c	True
8491	0x0004935c	0x00047e28	3	0	0x00057e28	True
8492	0x00049360	0x00047e1c	3	0	0x00057e1c	True
8493	0x00049364	0x00047e44	3	0	0x00057e44	True
8494	0x00049368	0x00046f9c	3	0	0x00056f9c	True
8495	0x0004936c	0x00047e58	3	0	0x00057e58	True
8496	0x00049370	0x00047d34	3	0	0x00057d34	True
8497	0x00049374	0x00047510	3	0	0x00057510	True
8498	0x00049378	0x00046e68	3	0	0x00056e68	True
8499	0x0004937c	0x00047f60	3	0	0x00057f60	True
8500	0x00049380	0x00046e68	3	0	0x00056e68	True
8501	0x00049384	0x00047e1c	3	0	0x00057e1c	True
8502	0x00049388	0x00047e64	3	0	0x00057e64	True
8503	0x0004938c	0x000472a8	3	0	0x000572a8	True
8504	0x00049390	0x00047e74	3	0	0x00057e74	True
8505	0x00049394	0x00047e1c	3	0	0x00057e1c	True
8506	0x00049398	0x00047e84	3	0	0x00057e84	True
8507	0x0004939c	0x000484b8	3	0	0x000584b8	True
8508	0x000493a0	0x00047e90	3	0	0x00057e90	True
8509	0x000493a4	0x00047e90	3	0	0x00057e90	True
8510	0x000493a8	0x00047ea0	3	0	0x00057ea0	True
8511	0x000493ac	0x00047edc	3	0	0x00057edc	True
8512	0x000493b0	0x00047ef0	3	0	0x00057ef0	True
8513	0x000493b4	0x00047f04	3	0	0x00057f04	True
8514	0x000493b8	0x00047f18	3	0	0x00057f18	True
8515	0x000493bc	0x00047f20	3	0	0x00057f20	True
8516	0x000493c0	0x00047f38	3	0	0x00057f38	True
8517	0x000493c4	0x00047f4c	3	0	0x00057f4c	True
8518	0x000493c8	0x00047f60	3	0	0x00057f60	True
8519	0x000493cc	0x00047f98	3	0	0x00057f98	True
8520	0x000493d0	0x00047fb4	3	0	0x00057fb4	True
8521	0x000493d4	0x00047fdc	3	0	0x00057fdc	True
8522	0x000493d8	0x00047fdc	3	0	0x00057fdc	True
8523	0x000493dc	0x00046d30	3	0	0x00056d30	True
8524	0x000493e0	0x00047fe8	3	0	0x00057fe8	True
8525	0x000493e4	0x00046e54	3	0	0x00056e54	True
8526	0x000493e8	0x00047e44	3	0	0x00057e44	True
8527	0x000493ec	0x00047ff8	3	0	0x00057ff8	True
8528	0x000493f0	0x0004802c	3	0	0x0005802c	True
8529	0x000493f4	0x00048044	3	0	0x00058044	True
8530	0x000493f8	0x00048070	3	0	0x00058070	True
8531	0x000493fc	0x00047fdc	3	0	0x00057fdc	True
8532	0x00049400	0x00048094	3	0	0x00058094	True
8533	0x00049404	0x000474cc	3	0	0x000574cc	True
8534	0x00049408	0x00046f9c	3	0	0x00056f9c	True
8535	0x0004940c	0x000480d8	3	0	0x000580d8	True
8536	0x00049410	0x000480f0	3	0	0x000580f0	True
8537	0x00049414	0x00048118	3	0	0x00058118	True
8538	0x00049418	0x000474cc	3	0	0x000574cc	True
8539	0x0004941c	0x00046f9c	3	0	0x00056f9c	True
8540	0x00049420	0x00048130	3	0	0x00058130	True
8541	0x00049424	0x00048140	3	0	0x00058140	True
8542	0x00049428	0x0004819c	3	0	0x0005819c	True
8543	0x0004942c	0x000481c0	3	0	0x000581c0	True
8544	0x00049430	0x000481e4	3	0	0x000581e4	True
8545	0x00049434	0x000481fc	3	0	0x000581fc	True
8546	0x00049438	0x0004823c	3	0	0x0005823c	True
8547	0x0004943c	0x00048284	3	0	0x00058284	True
8548	0x00049440	0x00048294	3	0	0x00058294	True
8549	0x00049444	0x000482cc	3	0	0x000582cc	True
8550	0x00049448	0x000482dc	3	0	0x000582dc	True
8551	0x0004944c	0x000482f8	3	0	0x000582f8	True
8552	0x00049450	0x0004832c	3	0	0x0005832c	True
8553	0x00049454	0x00048358	3	0	0x00058358	True
8554	0x00049458	0x000483b4	3	0	0x000583b4	True
8555	0x0004945c	0x000483d4	3	0	0x000583d4	True
8556	0x00049460	0x00048438	3	0	0x00058438	True
8557	0x00049464	0x00048484	3	0	0x00058484	True
8558	0x00049468	0x0004849c	3	0	0x0005849c	True
8559	0x0004946c	0x000484b8	3	0	0x000584b8	True
8560	0x00049470	0x000484cc	3	0	0x000584cc	True
8561	0x00049474	0x00048514	3	0	0x00058514	True
8562	0x00049478	0x00048528	3	0	0x00058528	True
8563	0x0004947c	0x00048558	3	0	0x00058558	True
8564	0x00049480	0x00048568	3	0	0x00058568	True
8565	0x00049484	0x00047510	3	0	0x00057510	True
8566	0x00049488	0x00048578	3	0	0x00058578	True
8567	0x0004948c	0x0004858c	3	0	0x0005858c	True
8568	0x00049490	0x000485cc	3	0	0x000585cc	True
8569	0x00049494	0x00048670	3	0	0x00058670	True
8570	0x00049498	0x00048678	3	0	0x00058678	True
8571	0x0004949c	0x00048680	3	0	0x00058680	True
8572	0x000494a0	0x00046db4	3	0	0x00056db4	True
8573	0x000494a4	0x00046a3c	3	0	0x00056a3c	True
8574	0x000494a8	0x00046a30	3	0	0x00056a30	True
8575	0x000494ac	0x00048694	3	0	0x00058694	True
8576	0x000494b0	0x000486a8	3	0	0x000586a8	True
8577	0x000494b4	0x000486c4	3	0	0x000586c4	True
8578	0x000494b8	0x00047e84	3	0	0x00057e84	True
8579	0x000494bc	0x000486e4	3	0	0x000586e4	True
8580	0x000494c0	0x000474f8	3	0	0x000574f8	True
8581	0x000494c4	0x000486f8	3	0	0x000586f8	True
8582	0x000494c8	0x00048724	3	0	0x00058724	True
8583	0x000494cc	0x00048748	3	0	0x00058748	True
8584	0x000494d0	0x00048768	3	0	0x00058768	True
8585	0x000494d4	0x00048840	3	0	0x00058840	True
8586	0x000494d8	0x000488bc	3	0	0x000588bc	True
8587	0x000494dc	0x000489a0	3	0	0x000589a0	True
8588	0x000494e0	0x000489c8	3	0	0x000589c8	True
8589	0x000494e4	0x00048a30	3	0	0x00058a30	True
8590	0x000494e8	0x00048ba0	3	0	0x00058ba0	True
8591	0x000494ec	0x00048c31	3	0	0x00058c31	True
8592	0x000494f0	0x00048a58	3	0	0x00058a58	True
8593	0x000494f4	0x00048a68	3	0	0x00058a68	True
8594	0x000494f8	0x00048ac8	3	0	0x00058ac8	True
8595	0x000494fc	0x00048b30	3	0	0x00058b30	True
8596	0x00049500	0x00048b58	3	0	0x00058b58	True
8597	0x00049504	0x00047d40	3	0	0x00057d40	True
8598	0x00049508	0x00048748	3	0	0x00058748	True
8599	0x0004950c	0x00048b70	3	0	0x00058b70	True
8600	0x00049510	0x00048ba0	3	0	0x00058ba0	True
8601	0x00049514	0x00048bb4	3	0	0x00058bb4	True
8602	0x00049518	0x00048bb4	3	0	0x00058bb4	True
8603	0x0004951c	0x00048be4	3	0	0x00058be4	True
8604	0x00049520	0x00047438	3	0	0x00057438	True
8605	0x00049524	0x00048c2c	3	0	0x00058c2c	True
8606	0x00049528	0x00048c44	3	0	0x00058c44	True
8607	0x0004952c	0x00048c54	3	0	0x00058c54	True
8608	0x00049530	0x00048c60	3	0	0x00058c60	True
8609	0x00049534	0x00048284	3	0	0x00058284	True
8610	0x00049538	0x00048c74	3	0	0x00058c74	True
8611	0x0004953c	0x00048c94	3	0	0x00058c94	True
8612	0x00049540	0x00048cc8	3	0	0x00058cc8	True
8613	0x00049544	0x00048cf0	3	0	0x00058cf0	True
8614	0x00049548	0x00048c31	3	0	0x00058c31	True
8615	0x0004954c	0x00046844	3	0	0x00056844	True
8616	0x00049550	0x00048d18	3	0	0x00058d18	True
8617	0x00049554	0x00047d34	3	0	0x00057d34	True
8618	0x00049558	0x00048c44	3	0	0x00058c44	True
8619	0x0004955c	0x00048d34	3	0	0x00058d34	True
8620	0x00049560	0x00048140	3	0	0x00058140	True
8621	0x00049564	0x00048d4c	3	0	0x00058d4c	True
8622	0x00049568	0x00048d40	3	0	0x00058d40	True
8623	0x0004956c	0x00047d34	3	0	0x00057d34	True
8624	0x00049570	0x00048d4c	3	0	0x00058d4c	True
8625	0x00049574	0x00047438	3	0	0x00057438	True
8626	0x00049578	0x00048d70	3	0	0x00058d70	True
8627	0x0004957c	0x00048d5c	3	0	0x00058d5c	True
8628	0x00049580	0x00048d70	3	0	0x00058d70	True
8629	0x00049584	0x00048d80	3	0	0x00058d80	True
8630	0x00049588	0x00048da8	3	0	0x00058da8	True
8631	0x0004958c	0x00048dc8	3	0	0x00058dc8	True
8632	0x00049590	0x00048dd8	3	0	0x00058dd8	True
8633	0x00049594	0x00048de8	3	0	0x00058de8	True
8634	0x00049598	0x00048e98	3	0	0x00058e98	True
8635	0x0004959c	0x00048e7c	3	0	0x00058e7c	True
8636	0x000495a0	0x00048e08	3	0	0x00058e08	True
8637	0x000495a4	0x00048e5c	3	0	0x00058e5c	True
8638	0x000495a8	0x00048e7c	3	0	0x00058e7c	True
8639	0x000495ac	0x00048e8c	3	0	0x00058e8c	True
8640	0x000495b0	0x00048e98	3	0	0x00058e98	True
8641	0x000495b4	0x00048e98	3	0	0x00058e98	True
8642	0x000495b8	0x00048ea8	3	0	0x00058ea8	True
8643	0x00049602	0x00076bac	3	0	0x00086bac	True
8644	0x0004960e	0x0008f03c	3	0	0x0009f03c	True
8645	0x00049612	0x0008ee3e	3	0	0x0009ee3e	True
8646	0x00049623	0x00088b00	3	0	0x00098b00	True
8647	0x00049628	0x00089246	3	0	0x00099246	True
8648	0x00049635	0x00076ba8	3	0	0x00086ba8	True
8649	0x00049642	0x000800d8	3	0	0x000900d8	True
8650	0x00049699	0x00088b00	3	0	0x00098b00	True
8651	0x0004969e	0x0008925b	3	0	0x0009925b	True
8652	0x000496d2	0x00088b00	3	0	0x00098b00	True
8653	0x000496d7	0x0008928e	3	0	0x0009928e	True
8654	0x00049736	0x0007113c	3	0	0x0008113c	True
8655	0x0004973c	0x00076bac	3	0	0x00086bac	True
8656	0x0004975f	0x00088b00	3	0	0x00098b00	True
8657	0x00049764	0x000892a1	3	0	0x000992a1	True
8658	0x00049777	0x00088b00	3	0	0x00098b00	True
8659	0x0004977c	0x000892b3	3	0	0x000992b3	True
8660	0x000497ca	0x00088b00	3	0	0x00098b00	True
8661	0x000497cf	0x000892c5	3	0	0x000992c5	True
8662	0x000497df	0x00088b00	3	0	0x00098b00	True
8663	0x000497e4	0x000892d6	3	0	0x000992d6	True
8664	0x00049819	0x0008f03c	3	0	0x0009f03c	True
8665	0x00049839	0x00076ba8	3	0	0x00086ba8	True
8666	0x00049851	0x0008f03c	3	0	0x0009f03c	True
8667	0x00049861	0x0008f03c	3	0	0x0009f03c	True
8668	0x0004987d	0x0008f03c	3	0	0x0009f03c	True
8669	0x00049891	0x0008f03c	3	0	0x0009f03c	True
8670	0x000498ae	0x0008f03c	3	0	0x0009f03c	True
8671	0x000498da	0x00088b00	3	0	0x00098b00	True
8672	0x000498df	0x000892eb	3	0	0x000992eb	True
8673	0x000498f5	0x0008f03c	3	0	0x0009f03c	True
8674	0x00049911	0x0008f03c	3	0	0x0009f03c	True
8675	0x00049957	0x00088b00	3	0	0x00098b00	True
8676	0x0004995c	0x00089300	3	0	0x00099300	True
8677	0x00049989	0x0008f03c	3	0	0x0009f03c	True
8678	0x000499b5	0x00076ba8	3	0	0x00086ba8	True
8679	0x000499c0	0x0008f03c	3	0	0x0009f03c	True
8680	0x000499ed	0x0008f03c	3	0	0x0009f03c	True
8681	0x00049a19	0x00076ba8	3	0	0x00086ba8	True
8682	0x00049a3a	0x00076ba8	3	0	0x00086ba8	True
8683	0x00049a81	0x0008f03c	3	0	0x0009f03c	True
8684	0x00049a95	0x0008f03c	3	0	0x0009f03c	True
8685	0x00049aa5	0x0008f03c	3	0	0x0009f03c	True
8686	0x00049ab5	0x0008f03c	3	0	0x0009f03c	True
8687	0x00049ad7	0x0008f03c	3	0	0x0009f03c	True
8688	0x00049aed	0x0008f03c	3	0	0x0009f03c	True
8689	0x00049b01	0x0008f03c	3	0	0x0009f03c	True
8690	0x00049b12	0x0008f03c	3	0	0x0009f03c	True
8691	0x00049b35	0x0008f03c	3	0	0x0009f03c	True
8692	0x00049b4b	0x00088b00	3	0	0x00098b00	True
8693	0x00049b50	0x00089315	3	0	0x00099315	True
8694	0x00049b65	0x0008f03c	3	0	0x0009f03c	True
8695	0x00049b8e	0x00088b00	3	0	0x00098b00	True
8696	0x00049b93	0x00089330	3	0	0x00099330	True
8697	0x00049bc3	0x00049bc8	3	0	0x00059bc8	True
8698	0x00049bc8	0x000495d0	3	0	0x000595d0	True
8699	0x00049bcc	0x00049a18	3	0	0x00059a18	True
8700	0x00049bd0	0x00049a4d	3	0	0x00059a4d	True
8701	0x00049bd4	0x0004971c	3	0	0x0005971c	True
8702	0x00049bd8	0x00049600	3	0	0x00059600	True
8703	0x00049bdc	0x0004960c	3	0	0x0005960c	True
8704	0x00049be0	0x00049634	3	0	0x00059634	True
8705	0x00049be4	0x00049640	3	0	0x00059640	True
8706	0x00049be8	0x00049640	3	0	0x00059640	True
8707	0x00049bec	0x00049640	3	0	0x00059640	True
8708	0x00049bf0	0x00049640	3	0	0x00059640	True
8709	0x00049bf4	0x00049658	3	0	0x00059658	True
8710	0x00049bf8	0x00049668	3	0	0x00059668	True
8711	0x00049bfc	0x00049668	3	0	0x00059668	True
8712	0x00049c00	0x00049a28	3	0	0x00059a28	True
8713	0x00049c04	0x000496a8	3	0	0x000596a8	True
8714	0x00049c08	0x00049680	3	0	0x00059680	True
8715	0x00049c0c	0x000496ad	3	0	0x000596ad	True
8716	0x00049c10	0x00049a28	3	0	0x00059a28	True
8717	0x00049c14	0x000496a8	3	0	0x000596a8	True
8718	0x00049c18	0x000496bc	3	0	0x000596bc	True
8719	0x00049c1c	0x000496e0	3	0	0x000596e0	True
8720	0x00049c20	0x0004980b	3	0	0x0005980b	True
8721	0x00049c24	0x000496e8	3	0	0x000596e8	True
8722	0x00049c28	0x0004980b	3	0	0x0005980b	True
8723	0x00049c2c	0x000496f4	3	0	0x000596f4	True
8724	0x00049c30	0x0004980b	3	0	0x0005980b	True
8725	0x00049c34	0x00049700	3	0	0x00059700	True
8726	0x00049c38	0x0004971c	3	0	0x0005971c	True
8727	0x00049c3c	0x0004971c	3	0	0x0005971c	True
8728	0x00049c40	0x0004972c	3	0	0x0005972c	True
8729	0x00049c44	0x00049a28	3	0	0x00059a28	True
8730	0x00049c48	0x0004974c	3	0	0x0005974c	True
8731	0x00049c4c	0x00049a28	3	0	0x00059a28	True
8732	0x00049c50	0x00049758	3	0	0x00059758	True
8733	0x00049c54	0x00049770	3	0	0x00059770	True
8734	0x00049c58	0x00049788	3	0	0x00059788	True
8735	0x00049c5c	0x00049794	3	0	0x00059794	True
8736	0x00049c60	0x00049794	3	0	0x00059794	True
8737	0x00049c64	0x0004971c	3	0	0x0005971c	True
8738	0x00049c68	0x00049a28	3	0	0x00059a28	True
8739	0x00049c6c	0x000497b4	3	0	0x000597b4	True
8740	0x00049c70	0x00049a28	3	0	0x00059a28	True
8741	0x00049c74	0x0004980b	3	0	0x0005980b	True
8742	0x00049c78	0x00049a28	3	0	0x00059a28	True
8743	0x00049c7c	0x0004980b	3	0	0x0005980b	True
8744	0x00049c80	0x0004980b	3	0	0x0005980b	True
8745	0x00049c84	0x000497d8	3	0	0x000597d8	True
8746	0x00049c88	0x00049a28	3	0	0x00059a28	True
8747	0x00049c8c	0x00049a28	3	0	0x00059a28	True
8748	0x00049c90	0x000497f0	3	0	0x000597f0	True
8749	0x00049c94	0x000497a1	3	0	0x000597a1	True
8750	0x00049c98	0x00049a28	3	0	0x00059a28	True
8751	0x00049c9c	0x000497fc	3	0	0x000597fc	True
8752	0x00049ca0	0x00049818	3	0	0x00059818	True
8753	0x00049ca4	0x00049828	3	0	0x00059828	True
8754	0x00049ca8	0x00049838	3	0	0x00059838	True
8755	0x00049cac	0x00049850	3	0	0x00059850	True
8756	0x00049cb0	0x00049860	3	0	0x00059860	True
8757	0x00049cb4	0x00049860	3	0	0x00059860	True
8758	0x00049cb8	0x0004987c	3	0	0x0005987c	True
8759	0x00049cbc	0x000497f0	3	0	0x000597f0	True
8760	0x00049cc0	0x00049890	3	0	0x00059890	True
8761	0x00049cc4	0x0004980b	3	0	0x0005980b	True
8762	0x00049cc8	0x000498c4	3	0	0x000598c4	True
8763	0x00049ccc	0x00049a28	3	0	0x00059a28	True
8764	0x00049cd0	0x000498e8	3	0	0x000598e8	True
8765	0x00049cd4	0x0004980b	3	0	0x0005980b	True
8766	0x00049cd8	0x0004980b	3	0	0x0005980b	True
8767	0x00049cdc	0x000498f4	3	0	0x000598f4	True
8768	0x00049ce0	0x00049910	3	0	0x00059910	True
8769	0x00049ce4	0x0004980b	3	0	0x0005980b	True
8770	0x00049ce8	0x00049938	3	0	0x00059938	True
8771	0x00049cec	0x0004980b	3	0	0x0005980b	True
8772	0x00049cf0	0x00049944	3	0	0x00059944	True
8773	0x00049cf4	0x0004980b	3	0	0x0005980b	True
8774	0x00049cf8	0x0004980b	3	0	0x0005980b	True
8775	0x00049cfc	0x00049944	3	0	0x00059944	True
8776	0x00049d00	0x0004980b	3	0	0x0005980b	True
8777	0x00049d04	0x00049944	3	0	0x00059944	True
8778	0x00049d08	0x00049a28	3	0	0x00059a28	True
8779	0x00049d0c	0x00049950	3	0	0x00059950	True
8780	0x00049d10	0x00049a28	3	0	0x00059a28	True
8781	0x00049d14	0x0004980b	3	0	0x0005980b	True
8782	0x00049d18	0x00049a28	3	0	0x00059a28	True
8783	0x00049d1c	0x0004980b	3	0	0x0005980b	True
8784	0x00049d20	0x00049a28	3	0	0x00059a28	True
8785	0x00049d24	0x0004980b	3	0	0x0005980b	True
8786	0x00049d28	0x00049968	3	0	0x00059968	True
8787	0x00049d2c	0x00049970	3	0	0x00059970	True
8788	0x00049d30	0x00049a28	3	0	0x00059a28	True
8789	0x00049d34	0x0004980b	3	0	0x0005980b	True
8790	0x00049d38	0x0004980b	3	0	0x0005980b	True
8791	0x00049d3c	0x00049988	3	0	0x00059988	True
8792	0x00049d40	0x0004980b	3	0	0x0005980b	True
8793	0x00049d44	0x000499b4	3	0	0x000599b4	True
8794	0x00049d48	0x00049a10	3	0	0x00059a10	True
8795	0x00049d4c	0x0004980b	3	0	0x0005980b	True
8796	0x00049d50	0x0004980b	3	0	0x0005980b	True
8797	0x00049d54	0x00049a18	3	0	0x00059a18	True
8798	0x00049d58	0x0004980b	3	0	0x0005980b	True
8799	0x00049d5c	0x0004980b	3	0	0x0005980b	True
8800	0x00049d60	0x0004980b	3	0	0x0005980b	True
8801	0x00049d64	0x0004980b	3	0	0x0005980b	True
8802	0x00049d68	0x00049a38	3	0	0x00059a38	True
8803	0x00049d6c	0x00049a48	3	0	0x00059a48	True
8804	0x00049d70	0x000497a1	3	0	0x000597a1	True
8805	0x00049d74	0x00049a6c	3	0	0x00059a6c	True
8806	0x00049d78	0x00049a80	3	0	0x00059a80	True
8807	0x00049d7c	0x00049a8c	3	0	0x00059a8c	True
8808	0x00049d80	0x00049a94	3	0	0x00059a94	True
8809	0x00049d84	0x00049aa4	3	0	0x00059aa4	True
8810	0x00049d88	0x00049ab4	3	0	0x00059ab4	True
8811	0x00049d8c	0x00049b00	3	0	0x00059b00	True
8812	0x00049d90	0x00049ac8	3	0	0x00059ac8	True
8813	0x00049d94	0x00049aec	3	0	0x00059aec	True
8814	0x00049d98	0x00049b00	3	0	0x00059b00	True
8815	0x00049d9c	0x00049a94	3	0	0x00059a94	True
8816	0x00049da0	0x00049b0c	3	0	0x00059b0c	True
8817	0x00049da4	0x00049b28	3	0	0x00059b28	True
8818	0x00049da8	0x00049b34	3	0	0x00059b34	True
8819	0x00049dac	0x00049b34	3	0	0x00059b34	True
8820	0x00049db0	0x0004980b	3	0	0x0005980b	True
8821	0x00049db4	0x00049b34	3	0	0x00059b34	True
8822	0x00049db8	0x00049b44	3	0	0x00059b44	True
8823	0x00049dbc	0x00049b58	3	0	0x00059b58	True
8824	0x00049dc0	0x00049b64	3	0	0x00059b64	True
8825	0x00049dc4	0x00049a28	3	0	0x00059a28	True
8826	0x00049dc8	0x00049b78	3	0	0x00059b78	True
8827	0x00049dcc	0x00049ba4	3	0	0x00059ba4	True
8828	0x00088b00	0x00087f50	3	0	0x00097f50	True
8829	0x00088b04	0x00087f63	3	0	0x00097f63	True
8830	0x00088b08	0x00087f6a	3	0	0x00097f6a	True
8831	0x00088b0c	0x00087f73	3	0	0x00097f73	True
8832	0x00088b10	0x00087f7a	3	0	0x00097f7a	True
8833	0x00088b14	0x00087f82	3	0	0x00097f82	True
8834	0x00088b18	0x00087f89	3	0	0x00097f89	True
8835	0x00088b1c	0x00087f8e	3	0	0x00097f8e	True
8836	0x00088b20	0x00087f94	3	0	0x00097f94	True
8837	0x00088b24	0x00087f99	3	0	0x00097f99	True
8838	0x00088b28	0x00087f9d	3	0	0x00097f9d	True
8839	0x00088b2c	0x00087fa1	3	0	0x00097fa1	True
8840	0x00088b30	0x00087fa5	3	0	0x00097fa5	True
8841	0x00088b34	0x00087fa9	3	0	0x00097fa9	True
8842	0x00088b38	0x00087fac	3	0	0x00097fac	True
8843	0x00088b3c	0x00087fb0	3	0	0x00097fb0	True
8844	0x00088b40	0x00087fb7	3	0	0x00097fb7	True
8845	0x00088b44	0x00087fbf	3	0	0x00097fbf	True
8846	0x00088b48	0x00087fc5	3	0	0x00097fc5	True
8847	0x00088b4c	0x00087fce	3	0	0x00097fce	True
8848	0x00088b50	0x00087fd6	3	0	0x00097fd6	True
8849	0x00088b54	0x00087fdf	3	0	0x00097fdf	True
8850	0x00088b58	0x00087fe5	3	0	0x00097fe5	True
8851	0x00088b5c	0x00087fed	3	0	0x00097fed	True
8852	0x00088b60	0x00087ff5	3	0	0x00097ff5	True
8853	0x00088b64	0x00087ffc	3	0	0x00097ffc	True
8854	0x00088b68	0x00087fff	3	0	0x00097fff	True
8855	0x00088b6c	0x00088002	3	0	0x00098002	True
8856	0x00088b70	0x00088005	3	0	0x00098005	True
8857	0x00088b74	0x00088008	3	0	0x00098008	True
8858	0x00088b78	0x0008800b	3	0	0x0009800b	True
8859	0x00088b7c	0x0008800e	3	0	0x0009800e	True
8860	0x00088b80	0x00088012	3	0	0x00098012	True
8861	0x00088b84	0x00088019	3	0	0x00098019	True
8862	0x00088b88	0x00088020	3	0	0x00098020	True
8863	0x00088b8c	0x00088026	3	0	0x00098026	True
8864	0x00088b90	0x0008802d	3	0	0x0009802d	True
8865	0x00088b94	0x00088036	3	0	0x00098036	True
8866	0x00088b98	0x0008803f	3	0	0x0009803f	True
8867	0x00088b9c	0x00088046	3	0	0x00098046	True
8868	0x00088ba0	0x0008804e	3	0	0x0009804e	True
8869	0x00088ba4	0x00088054	3	0	0x00098054	True
8870	0x00088ba8	0x0008805b	3	0	0x0009805b	True
8871	0x00088bac	0x00088061	3	0	0x00098061	True
8872	0x00088bb0	0x0008806a	3	0	0x0009806a	True
8873	0x00088bb4	0x00088073	3	0	0x00098073	True
8874	0x00088bb8	0x00088078	3	0	0x00098078	True
8875	0x00088bbc	0x0008807e	3	0	0x0009807e	True
8876	0x00088bc0	0x00088084	3	0	0x00098084	True
8877	0x00088bc4	0x0008808a	3	0	0x0009808a	True
8878	0x00088bc8	0x00088091	3	0	0x00098091	True
8879	0x00088bcc	0x00088096	3	0	0x00098096	True
8880	0x00088bd0	0x0008809c	3	0	0x0009809c	True
8881	0x00088bd4	0x000880a2	3	0	0x000980a2	True
8882	0x00088bd8	0x000880a9	3	0	0x000980a9	True
8883	0x00088bdc	0x000880af	3	0	0x000980af	True
8884	0x00088be0	0x000880b5	3	0	0x000980b5	True
8885	0x00088be4	0x000880bb	3	0	0x000980bb	True
8886	0x00088be8	0x000880c3	3	0	0x000980c3	True
8887	0x00088bec	0x000880ca	3	0	0x000980ca	True
8888	0x00088bf0	0x000880d3	3	0	0x000980d3	True
8889	0x00088bf4	0x000880da	3	0	0x000980da	True
8890	0x00088bf8	0x000880e3	3	0	0x000980e3	True
8891	0x00088bfc	0x000880e9	3	0	0x000980e9	True
8892	0x00088c00	0x000880f3	3	0	0x000980f3	True
8893	0x00088c04	0x000880fa	3	0	0x000980fa	True
8894	0x00088c08	0x000880ff	3	0	0x000980ff	True
8895	0x00088c0c	0x00088108	3	0	0x00098108	True
8896	0x00088c10	0x00088112	3	0	0x00098112	True
8897	0x00088c14	0x00088119	3	0	0x00098119	True
8898	0x00088c18	0x0008811f	3	0	0x0009811f	True
8899	0x00088c1c	0x00088125	3	0	0x00098125	True
8900	0x00088c20	0x0008812b	3	0	0x0009812b	True
8901	0x00088c24	0x00088132	3	0	0x00098132	True
8902	0x00088c28	0x00088138	3	0	0x00098138	True
8903	0x00088c2c	0x0008813e	3	0	0x0009813e	True
8904	0x00088c30	0x00088145	3	0	0x00098145	True
8905	0x00088c34	0x0008814d	3	0	0x0009814d	True
8906	0x00088c38	0x00088155	3	0	0x00098155	True
8907	0x00088c3c	0x0008815e	3	0	0x0009815e	True
8908	0x00088c40	0x00088167	3	0	0x00098167	True
8909	0x00088c44	0x0008816f	3	0	0x0009816f	True
8910	0x00088c48	0x00088174	3	0	0x00098174	True
8911	0x00088c4c	0x00088179	3	0	0x00098179	True
8912	0x00088c50	0x00088180	3	0	0x00098180	True
8913	0x00088c54	0x00088186	3	0	0x00098186	True
8914	0x00088c58	0x0008818b	3	0	0x0009818b	True
8915	0x00088c5c	0x0008818f	3	0	0x0009818f	True
8916	0x00088c60	0x00088196	3	0	0x00098196	True
8917	0x00088c64	0x0008819b	3	0	0x0009819b	True
8918	0x00088c68	0x000881a3	3	0	0x000981a3	True
8919	0x00088c6c	0x000881ab	3	0	0x000981ab	True
8920	0x00088c70	0x000881b4	3	0	0x000981b4	True
8921	0x00088c74	0x000881ba	3	0	0x000981ba	True
8922	0x00088c78	0x000881be	3	0	0x000981be	True
8923	0x00088c7c	0x000881c5	3	0	0x000981c5	True
8924	0x00088c80	0x000881cd	3	0	0x000981cd	True
8925	0x00088c84	0x000881d4	3	0	0x000981d4	True
8926	0x00088c88	0x000881da	3	0	0x000981da	True
8927	0x00088c8c	0x000881e0	3	0	0x000981e0	True
8928	0x00088c90	0x000881e7	3	0	0x000981e7	True
8929	0x00088c94	0x000881ee	3	0	0x000981ee	True
8930	0x00088c98	0x000881fe	3	0	0x000981fe	True
8931	0x00088c9c	0x00088207	3	0	0x00098207	True
8932	0x00088ca0	0x0008820e	3	0	0x0009820e	True
8933	0x00088ca4	0x00088215	3	0	0x00098215	True
8934	0x00088ca8	0x00088221	3	0	0x00098221	True
8935	0x00088cac	0x00088228	3	0	0x00098228	True
8936	0x00088cb0	0x00088232	3	0	0x00098232	True
8937	0x00088cb4	0x0008823e	3	0	0x0009823e	True
8938	0x00088cb8	0x00088247	3	0	0x00098247	True
8939	0x00088cbc	0x00088252	3	0	0x00098252	True
8940	0x00088cc0	0x0008825e	3	0	0x0009825e	True
8941	0x00088cc4	0x00088268	3	0	0x00098268	True
8942	0x00088cc8	0x00088270	3	0	0x00098270	True
8943	0x00088ccc	0x00088278	3	0	0x00098278	True
8944	0x00088cd0	0x00088282	3	0	0x00098282	True
8945	0x00088cd4	0x0008828a	3	0	0x0009828a	True
8946	0x00088cd8	0x0008829a	3	0	0x0009829a	True
8947	0x00088cdc	0x0008829f	3	0	0x0009829f	True
8948	0x00088ce0	0x000882aa	3	0	0x000982aa	True
8949	0x00088ce4	0x000882b4	3	0	0x000982b4	True
8950	0x00088ce8	0x000882b9	3	0	0x000982b9	True
8951	0x00088cec	0x000882c6	3	0	0x000982c6	True
8952	0x00088cf0	0x000882d4	3	0	0x000982d4	True
8953	0x00088cf4	0x000882da	3	0	0x000982da	True
8954	0x00088cf8	0x000882e3	3	0	0x000982e3	True
8955	0x00088cfc	0x000882ea	3	0	0x000982ea	True
8956	0x00088d00	0x000882f2	3	0	0x000982f2	True
8957	0x00088d04	0x000882fc	3	0	0x000982fc	True
8958	0x00088d08	0x00088306	3	0	0x00098306	True
8959	0x00088d0c	0x0008830d	3	0	0x0009830d	True
8960	0x00088d10	0x00088316	3	0	0x00098316	True
8961	0x00088d14	0x0008831b	3	0	0x0009831b	True
8962	0x00088d18	0x00088326	3	0	0x00098326	True
8963	0x00088d1c	0x00088331	3	0	0x00098331	True
8964	0x00088d20	0x0008833c	3	0	0x0009833c	True
8965	0x00088d24	0x00088346	3	0	0x00098346	True
8966	0x00088d28	0x00088350	3	0	0x00098350	True
8967	0x00088d2c	0x0008835d	3	0	0x0009835d	True
8968	0x00088d30	0x00088368	3	0	0x00098368	True
8969	0x00088d34	0x00088371	3	0	0x00098371	True
8970	0x00088d38	0x0008837b	3	0	0x0009837b	True
8971	0x00088d3c	0x00088382	3	0	0x00098382	True
8972	0x00088d40	0x0008838d	3	0	0x0009838d	True
8973	0x00088d44	0x00088398	3	0	0x00098398	True
8974	0x00088d48	0x0008839f	3	0	0x0009839f	True
8975	0x00088d4c	0x000883a6	3	0	0x000983a6	True
8976	0x00088d50	0x000883ad	3	0	0x000983ad	True
8977	0x00088d54	0x000883b3	3	0	0x000983b3	True
8978	0x00088d58	0x000883bd	3	0	0x000983bd	True
8979	0x00088d5c	0x000883cb	3	0	0x000983cb	True
8980	0x00088d60	0x000883d4	3	0	0x000983d4	True
8981	0x00088d64	0x000883dd	3	0	0x000983dd	True
8982	0x00088d68	0x000883e7	3	0	0x000983e7	True
8983	0x00088d6c	0x000883f2	3	0	0x000983f2	True
8984	0x00088d70	0x000883fb	3	0	0x000983fb	True
8985	0x00088d74	0x00088405	3	0	0x00098405	True
8986	0x00088d78	0x0008840b	3	0	0x0009840b	True
8987	0x00088d7c	0x00088416	3	0	0x00098416	True
8988	0x00088d80	0x0008841e	3	0	0x0009841e	True
8989	0x00088d84	0x00088427	3	0	0x00098427	True
8990	0x00088d88	0x0008842c	3	0	0x0009842c	True
8991	0x00088d8c	0x00088433	3	0	0x00098433	True
8992	0x00088d90	0x0008843b	3	0	0x0009843b	True
8993	0x00088d94	0x00088445	3	0	0x00098445	True
8994	0x00088d98	0x0008844c	3	0	0x0009844c	True
8995	0x00088d9c	0x00088453	3	0	0x00098453	True
8996	0x00088da0	0x0008845f	3	0	0x0009845f	True
8997	0x00088da4	0x00088465	3	0	0x00098465	True
8998	0x00088da8	0x00088474	3	0	0x00098474	True
8999	0x00088dac	0x0008847b	3	0	0x0009847b	True
9000	0x00088db0	0x0008847f	3	0	0x0009847f	True
9001	0x00088db4	0x0008848a	3	0	0x0009848a	True
9002	0x00088db8	0x0008848e	3	0	0x0009848e	True
9003	0x00088dbc	0x00088493	3	0	0x00098493	True
9004	0x00088dc0	0x0008849d	3	0	0x0009849d	True
9005	0x00088dc4	0x000884a8	3	0	0x000984a8	True
9006	0x00088dc8	0x000884b5	3	0	0x000984b5	True
9007	0x00088dcc	0x000884bf	3	0	0x000984bf	True
9008	0x00088dd0	0x000884c6	3	0	0x000984c6	True
9009	0x00088dd4	0x000884cf	3	0	0x000984cf	True
9010	0x00088dd8	0x000884d6	3	0	0x000984d6	True
9011	0x00088ddc	0x000884e0	3	0	0x000984e0	True
9012	0x00088de0	0x000884e8	3	0	0x000984e8	True
9013	0x00088de4	0x000884ee	3	0	0x000984ee	True
9014	0x00088de8	0x000884f7	3	0	0x000984f7	True
9015	0x00088dec	0x000884ff	3	0	0x000984ff	True
9016	0x00088df0	0x0008850c	3	0	0x0009850c	True
9017	0x00088df4	0x00088517	3	0	0x00098517	True
9018	0x00088df8	0x0008851c	3	0	0x0009851c	True
9019	0x00088dfc	0x00088523	3	0	0x00098523	True
9020	0x00088e00	0x00088530	3	0	0x00098530	True
9021	0x00088e04	0x0008853f	3	0	0x0009853f	True
9022	0x00088e08	0x00088549	3	0	0x00098549	True
9023	0x00088e0c	0x00088554	3	0	0x00098554	True
9024	0x00088e10	0x00088560	3	0	0x00098560	True
9025	0x00088e14	0x00088568	3	0	0x00098568	True
9026	0x00088e18	0x00088571	3	0	0x00098571	True
9027	0x00088e1c	0x0008857d	3	0	0x0009857d	True
9028	0x00088e20	0x00088588	3	0	0x00098588	True
9029	0x00088e24	0x00088591	3	0	0x00098591	True
9030	0x00088e28	0x0008859b	3	0	0x0009859b	True
9031	0x00088e2c	0x000885a6	3	0	0x000985a6	True
9032	0x00088e30	0x000885ae	3	0	0x000985ae	True
9033	0x00088e34	0x000885b8	3	0	0x000985b8	True
9034	0x00088e38	0x000885c3	3	0	0x000985c3	True
9035	0x00088e3c	0x000885cb	3	0	0x000985cb	True
9036	0x00088e40	0x000885d4	3	0	0x000985d4	True
9037	0x00088e44	0x000885db	3	0	0x000985db	True
9038	0x00088e48	0x000885e6	3	0	0x000985e6	True
9039	0x00088e4c	0x000885ee	3	0	0x000985ee	True
9040	0x00088e50	0x000885f3	3	0	0x000985f3	True
9041	0x00088e54	0x000885ff	3	0	0x000985ff	True
9042	0x00088e58	0x00088605	3	0	0x00098605	True
9043	0x00088e5c	0x0008860b	3	0	0x0009860b	True
9044	0x00088e60	0x00088616	3	0	0x00098616	True
9045	0x00088e64	0x00088623	3	0	0x00098623	True
9046	0x00088e68	0x0008862c	3	0	0x0009862c	True
9047	0x00088e6c	0x00088635	3	0	0x00098635	True
9048	0x00088e70	0x0008863d	3	0	0x0009863d	True
9049	0x00088e74	0x00088648	3	0	0x00098648	True
9050	0x00088e78	0x00088652	3	0	0x00098652	True
9051	0x00088e7c	0x0008865f	3	0	0x0009865f	True
9052	0x00088e80	0x00088668	3	0	0x00098668	True
9053	0x00088e84	0x00088673	3	0	0x00098673	True
9054	0x00088e88	0x0008867a	3	0	0x0009867a	True
9055	0x00088e8c	0x00088684	3	0	0x00098684	True
9056	0x00088e90	0x00088690	3	0	0x00098690	True
9057	0x00088e94	0x00088699	3	0	0x00098699	True
9058	0x00088e98	0x000886a2	3	0	0x000986a2	True
9059	0x00088e9c	0x000886a7	3	0	0x000986a7	True
9060	0x00088ea0	0x000886ac	3	0	0x000986ac	True
9061	0x00088ea4	0x000886b3	3	0	0x000986b3	True
9062	0x00088ea8	0x000886ba	3	0	0x000986ba	True
9063	0x00088eac	0x000886c1	3	0	0x000986c1	True
9064	0x00088eb0	0x000886c8	3	0	0x000986c8	True
9065	0x00088eb4	0x000886cc	3	0	0x000986cc	True
9066	0x00088eb8	0x000886d2	3	0	0x000986d2	True
9067	0x00088ebc	0x000886db	3	0	0x000986db	True
9068	0x00088ec0	0x000886e6	3	0	0x000986e6	True
9069	0x00088ec4	0x000886ec	3	0	0x000986ec	True
9070	0x00088ec8	0x000886f5	3	0	0x000986f5	True
9071	0x00088ecc	0x00088700	3	0	0x00098700	True
9072	0x00088ed0	0x0008870c	3	0	0x0009870c	True
9073	0x00088ed4	0x00088713	3	0	0x00098713	True
9074	0x00088ed8	0x0008871a	3	0	0x0009871a	True
9075	0x00088edc	0x00088724	3	0	0x00098724	True
9076	0x00088ee0	0x0008872f	3	0	0x0009872f	True
9077	0x00088ee4	0x00088737	3	0	0x00098737	True
9078	0x00088ee8	0x0008873d	3	0	0x0009873d	True
9079	0x00088eec	0x00088744	3	0	0x00098744	True
9080	0x00088ef0	0x0008874b	3	0	0x0009874b	True
9081	0x00088ef4	0x00088753	3	0	0x00098753	True
9082	0x00088ef8	0x00088760	3	0	0x00098760	True
9083	0x00088efc	0x00088768	3	0	0x00098768	True
9084	0x00088f00	0x00088771	3	0	0x00098771	True
9085	0x00088f04	0x0008877b	3	0	0x0009877b	True
9086	0x00088f08	0x00088782	3	0	0x00098782	True
9087	0x00088f0c	0x0008878a	3	0	0x0009878a	True
9088	0x00088f10	0x00088792	3	0	0x00098792	True
9089	0x00088f14	0x00088799	3	0	0x00098799	True
9090	0x00088f18	0x0008879f	3	0	0x0009879f	True
9091	0x00088f1c	0x000887a8	3	0	0x000987a8	True
9092	0x00088f20	0x000887b0	3	0	0x000987b0	True
9093	0x00088f24	0x000887ba	3	0	0x000987ba	True
9094	0x00088f28	0x000887c0	3	0	0x000987c0	True
9095	0x00088f2c	0x000887ca	3	0	0x000987ca	True
9096	0x00088f30	0x000887d4	3	0	0x000987d4	True
9097	0x00088f34	0x000887db	3	0	0x000987db	True
9098	0x00088f38	0x000887e5	3	0	0x000987e5	True
9099	0x00088f3c	0x000887ee	3	0	0x000987ee	True
9100	0x00088f40	0x000887f6	3	0	0x000987f6	True
9101	0x00088f44	0x000887fe	3	0	0x000987fe	True
9102	0x00088f48	0x00088806	3	0	0x00098806	True
9103	0x00088f4c	0x00088812	3	0	0x00098812	True
9104	0x00088f50	0x0008881c	3	0	0x0009881c	True
9105	0x00088f54	0x00088825	3	0	0x00098825	True
9106	0x00088f58	0x0008882d	3	0	0x0009882d	True
9107	0x00088f5c	0x00088835	3	0	0x00098835	True
9108	0x00088f60	0x00088841	3	0	0x00098841	True
9109	0x00088f64	0x0008884c	3	0	0x0009884c	True
9110	0x00088f68	0x00088858	3	0	0x00098858	True
9111	0x00088f6c	0x00088864	3	0	0x00098864	True
9112	0x00088f70	0x0008886c	3	0	0x0009886c	True
9113	0x00088f74	0x00088874	3	0	0x00098874	True
9114	0x00088f78	0x0008887d	3	0	0x0009887d	True
9115	0x00088f7c	0x00088885	3	0	0x00098885	True
9116	0x00088f80	0x0008888c	3	0	0x0009888c	True
9117	0x00088f84	0x00088896	3	0	0x00098896	True
9118	0x00088f88	0x0008889c	3	0	0x0009889c	True
9119	0x00088f8c	0x000888a5	3	0	0x000988a5	True
9120	0x00088f90	0x000888b0	3	0	0x000988b0	True
9121	0x00088f94	0x000888bc	3	0	0x000988bc	True
9122	0x00088f98	0x000888c6	3	0	0x000988c6	True
9123	0x00088f9c	0x000888d0	3	0	0x000988d0	True
9124	0x00088fa0	0x000888d8	3	0	0x000988d8	True
9125	0x00088fa4	0x000888e1	3	0	0x000988e1	True
9126	0x00088fa8	0x000888ea	3	0	0x000988ea	True
9127	0x00088fac	0x000888ef	3	0	0x000988ef	True
9128	0x00088fb0	0x000888f7	3	0	0x000988f7	True
9129	0x00088fb4	0x00088901	3	0	0x00098901	True
9130	0x00088fb8	0x00088909	3	0	0x00098909	True
9131	0x00088fbc	0x00088911	3	0	0x00098911	True
9132	0x00088fc0	0x0008891a	3	0	0x0009891a	True
9133	0x00088fc4	0x00088922	3	0	0x00098922	True
9134	0x00088fc8	0x0008892b	3	0	0x0009892b	True
9135	0x00088fcc	0x00088935	3	0	0x00098935	True
9136	0x00088fd0	0x0008893d	3	0	0x0009893d	True
9137	0x00088fd4	0x00088941	3	0	0x00098941	True
9138	0x00088fd8	0x0008894b	3	0	0x0009894b	True
9139	0x00088fdc	0x00088954	3	0	0x00098954	True
9140	0x00088fe0	0x0008895b	3	0	0x0009895b	True
9141	0x00088fe4	0x00088966	3	0	0x00098966	True
9142	0x00088fe8	0x00088972	3	0	0x00098972	True
9143	0x00088fec	0x0008897d	3	0	0x0009897d	True
9144	0x00088ff0	0x00088983	3	0	0x00098983	True
9145	0x00088ff4	0x0008898b	3	0	0x0009898b	True
9146	0x00088ff8	0x00088997	3	0	0x00098997	True
9147	0x00088ffc	0x000889a4	3	0	0x000989a4	True
9148	0x00089000	0x000889af	3	0	0x000989af	True
9149	0x00089004	0x000889b5	3	0	0x000989b5	True
9150	0x00089008	0x000889bf	3	0	0x000989bf	True
9151	0x0008900c	0x000889ca	3	0	0x000989ca	True
9152	0x00089010	0x000889d0	3	0	0x000989d0	True
9153	0x00089014	0x000889d6	3	0	0x000989d6	True
9154	0x00089018	0x000889de	3	0	0x000989de	True
9155	0x0008901c	0x000889e5	3	0	0x000989e5	True
9156	0x00089020	0x000889eb	3	0	0x000989eb	True
9157	0x00089024	0x000889f8	3	0	0x000989f8	True
9158	0x00089028	0x00088a03	3	0	0x00098a03	True
9159	0x0008902c	0x00088a09	3	0	0x00098a09	True
9160	0x00089030	0x00088a15	3	0	0x00098a15	True
9161	0x00089034	0x00088a1b	3	0	0x00098a1b	True
9162	0x00089038	0x00088a22	3	0	0x00098a22	True
9163	0x0008903c	0x00088a2a	3	0	0x00098a2a	True
9164	0x00089040	0x00088a30	3	0	0x00098a30	True
9165	0x00089044	0x00088a38	3	0	0x00098a38	True
9166	0x00089048	0x00088a3e	3	0	0x00098a3e	True
9167	0x0008904c	0x00088a49	3	0	0x00098a49	True
9168	0x00089050	0x00088a4e	3	0	0x00098a4e	True
9169	0x00089054	0x00088a54	3	0	0x00098a54	True
9170	0x00089058	0x00088a5a	3	0	0x00098a5a	True
9171	0x0008905c	0x00088a64	3	0	0x00098a64	True
9172	0x00089060	0x00088a70	3	0	0x00098a70	True
9173	0x00089064	0x00088a79	3	0	0x00098a79	True
9174	0x00089068	0x00088a7e	3	0	0x00098a7e	True
9175	0x0008906c	0x00088a87	3	0	0x00098a87	True
9176	0x00089070	0x00088a90	3	0	0x00098a90	True
9177	0x00089074	0x00088a9a	3	0	0x00098a9a	True
9178	0x00089078	0x00088aa3	3	0	0x00098aa3	True
9179	0x0008907c	0x00088aad	3	0	0x00098aad	True
9180	0x00089080	0x00088ab7	3	0	0x00098ab7	True
9181	0x00089084	0x00088ac0	3	0	0x00098ac0	True
9182	0x00089088	0x00088ac9	3	0	0x00098ac9	True
9183	0x0008908c	0x00088ad0	3	0	0x00098ad0	True
9184	0x00089090	0x00088ad7	3	0	0x00098ad7	True
9185	0x00089094	0x00088ae4	3	0	0x00098ae4	True
9186	0x00089098	0x00088aeb	3	0	0x00098aeb	True
9187	0x0008909c	0x00088af3	3	0	0x00098af3	True
9188	0x000890a0	0x00088af8	3	0	0x00098af8	True
9189	0x00089568	0x00089350	3	0	0x00099350	True
9190	0x0008956c	0x00089362	3	0	0x00099362	True
9191	0x00089578	0x0008936f	3	0	0x0009936f	True
9192	0x0008957c	0x0008937d	3	0	0x0009937d	True
9193	0x00089584	0x0008937f	3	0	0x0009937f	True
9194	0x00089588	0x00089387	3	0	0x00099387	True
9195	0x00089590	0x00089389	3	0	0x00099389	True
9196	0x00089594	0x00089392	3	0	0x00099392	True
9197	0x0008959c	0x00089394	3	0	0x00099394	True
9198	0x000895a8	0x000893a0	3	0	0x000993a0	True
9199	0x000895b4	0x000893ab	3	0	0x000993ab	True
9200	0x000895c0	0x000893b5	3	0	0x000993b5	True
9201	0x000895cc	0x000893be	3	0	0x000993be	True
9202	0x000895d0	0x000893c9	3	0	0x000993c9	True
9203	0x000895d8	0x000893cb	3	0	0x000993cb	True
9204	0x000895dc	0x000893d9	3	0	0x000993d9	True
9205	0x000895e4	0x000893db	3	0	0x000993db	True
9206	0x000895e8	0x000893e7	3	0	0x000993e7	True
9207	0x000895f0	0x000893e9	3	0	0x000993e9	True
9208	0x000895f4	0x000893f2	3	0	0x000993f2	True
9209	0x000895fc	0x000893f5	3	0	0x000993f5	True
9210	0x00089600	0x00089400	3	0	0x00099400	True
9211	0x00089608	0x00089402	3	0	0x00099402	True
9212	0x0008960c	0x0008940c	3	0	0x0009940c	True
9213	0x00089614	0x0008940e	3	0	0x0009940e	True
9214	0x00089618	0x0008941c	3	0	0x0009941c	True
9215	0x00089620	0x0008941e	3	0	0x0009941e	True
9216	0x00089624	0x00089427	3	0	0x00099427	True
9217	0x0008962c	0x00089429	3	0	0x00099429	True
9218	0x00089630	0x00089432	3	0	0x00099432	True
9219	0x00089638	0x00089434	3	0	0x00099434	True
9220	0x0008963c	0x0008943c	3	0	0x0009943c	True
9221	0x00089644	0x0008943e	3	0	0x0009943e	True
9222	0x00089648	0x00089445	3	0	0x00099445	True
9223	0x00089650	0x00089446	3	0	0x00099446	True
9224	0x0008965c	0x0008944f	3	0	0x0009944f	True
9225	0x00089668	0x00089459	3	0	0x00099459	True
9226	0x0008966c	0x00089462	3	0	0x00099462	True
9227	0x00089674	0x00089464	3	0	0x00099464	True
9228	0x00089678	0x0008946f	3	0	0x0009946f	True
9229	0x00089680	0x00089471	3	0	0x00099471	True
9230	0x00089684	0x0008947c	3	0	0x0009947c	True
9231	0x0008968c	0x0008947e	3	0	0x0009947e	True
9232	0x00089690	0x00089487	3	0	0x00099487	True
9233	0x00089698	0x00089489	3	0	0x00099489	True
9234	0x0008969c	0x00089494	3	0	0x00099494	True
9235	0x000896a4	0x00089496	3	0	0x00099496	True
9236	0x000896b0	0x000894a2	3	0	0x000994a2	True
9237	0x000896bc	0x000894ac	3	0	0x000994ac	True
9238	0x000896c8	0x000894b7	3	0	0x000994b7	True
9239	0x000896d4	0x000894c0	3	0	0x000994c0	True
9240	0x000896d8	0x000894cb	3	0	0x000994cb	True
9241	0x000896e0	0x000894cd	3	0	0x000994cd	True
9242	0x000896e4	0x000894d5	3	0	0x000994d5	True
9243	0x000896ec	0x000894d7	3	0	0x000994d7	True
9244	0x000896f0	0x000894df	3	0	0x000994df	True
9245	0x000896f8	0x000894e1	3	0	0x000994e1	True
9246	0x000896fc	0x000894e8	3	0	0x000994e8	True
9247	0x00089704	0x000894ea	3	0	0x000994ea	True
9248	0x00089708	0x000894f4	3	0	0x000994f4	True
9249	0x00089710	0x000894f6	3	0	0x000994f6	True
9250	0x00089714	0x00089502	3	0	0x00099502	True
9251	0x0008971c	0x00089504	3	0	0x00099504	True
9252	0x00089728	0x00089512	3	0	0x00099512	True
9253	0x00089734	0x00089521	3	0	0x00099521	True
9254	0x00089740	0x0008952e	3	0	0x0009952e	True
9255	0x0008974c	0x00089539	3	0	0x00099539	True
9256	0x00089750	0x00089545	3	0	0x00099545	True
9257	0x00089758	0x00089547	3	0	0x00099547	True
9258	0x00089764	0x00089552	3	0	0x00099552	True
9259	0x00089768	0x0008955c	3	0	0x0009955c	True
9260	0x00089770	0x0008955e	3	0	0x0009955e	True
9261	0x00049de1	0x00089794	3	0	0x00099794	True
9262	0x00049de9	0x00089794	3	0	0x00099794	True
9263	0x00049e16	0x00089794	3	0	0x00099794	True
9264	0x00049e1f	0x00089794	3	0	0x00099794	True
9265	0x00049e43	0x00089794	3	0	0x00099794	True
9266	0x00049e4b	0x00089794	3	0	0x00099794	True
9267	0x00049e7b	0x00089794	3	0	0x00099794	True
9268	0x00049e83	0x00089794	3	0	0x00099794	True
9269	0x00049eb8	0x00089794	3	0	0x00099794	True
9270	0x00049ec1	0x00089794	3	0	0x00099794	True
9271	0x00049ee7	0x00089794	3	0	0x00099794	True
9272	0x00049eef	0x00089794	3	0	0x00099794	True
9273	0x00049f1f	0x00089794	3	0	0x00099794	True
9274	0x00049f27	0x00089794	3	0	0x00099794	True
9275	0x00049f5c	0x00089794	3	0	0x00099794	True
9276	0x00049f65	0x00089794	3	0	0x00099794	True
9277	0x00049f8b	0x00089794	3	0	0x00099794	True
9278	0x00049f93	0x00089794	3	0	0x00099794	True
9279	0x00049fb8	0x00089794	3	0	0x00099794	True
9280	0x00049fc0	0x00089794	3	0	0x00099794	True
9281	0x00049fe4	0x00089794	3	0	0x00099794	True
9282	0x00049fec	0x00089794	3	0	0x00099794	True
9283	0x0004a01c	0x00089794	3	0	0x00099794	True
9284	0x0004a03e	0x00089794	3	0	0x00099794	True
9285	0x0004a072	0x00089794	3	0	0x00099794	True
9286	0x0004a0ac	0x00089794	3	0	0x00099794	True
9287	0x0004a0b4	0x00089794	3	0	0x00099794	True
9288	0x0004a144	0x00089794	3	0	0x00099794	True
9289	0x0004a14c	0x00089794	3	0	0x00099794	True
9290	0x0004a17d	0x00089794	3	0	0x00099794	True
9291	0x0004a185	0x00089794	3	0	0x00099794	True
9292	0x0004a200	0x00089790	3	0	0x00099790	True
9293	0x0004a223	0x0008d770	3	0	0x0009d770	True
9294	0x0004a290	0x0008d770	3	0	0x0009d770	True
9295	0x00089790	0x00089780	3	0	0x00099780	True
9296	0x00089878	0x000897a0	3	0	0x000997a0	True
9297	0x0008987c	0x000897af	3	0	0x000997af	True
9298	0x00089880	0x000897b7	3	0	0x000997b7	True
9299	0x00089888	0x000897c5	3	0	0x000997c5	True
9300	0x0008988c	0x000897ce	3	0	0x000997ce	True
9301	0x00089894	0x000897dc	3	0	0x000997dc	True
9302	0x00089898	0x000897e5	3	0	0x000997e5	True
9303	0x000898a0	0x000897ec	3	0	0x000997ec	True
9304	0x000898a4	0x000897f5	3	0	0x000997f5	True
9305	0x000898ac	0x00089805	3	0	0x00099805	True
9306	0x000898b0	0x0008980d	3	0	0x0009980d	True
9307	0x000898b8	0x0008980f	3	0	0x0009980f	True
9308	0x000898bc	0x00089817	3	0	0x00099817	True
9309	0x000898c4	0x00089823	3	0	0x00099823	True
9310	0x000898c8	0x0008982d	3	0	0x0009982d	True
9311	0x000898d0	0x00089838	3	0	0x00099838	True
9312	0x000898d4	0x00089844	3	0	0x00099844	True
9313	0x000898dc	0x0008984c	3	0	0x0009984c	True
9314	0x000898e0	0x00089853	3	0	0x00099853	True
9315	0x000898e8	0x0008985a	3	0	0x0009985a	True
9316	0x000898ec	0x00089864	3	0	0x00099864	True
9317	0x000898f4	0x00089868	3	0	0x00099868	True
9318	0x000898f8	0x00089873	3	0	0x00099873	True
9319	0x0004a2b7	0x00070540	3	0	0x00080540	True
9320	0x0004a2c0	0x00070540	3	0	0x00080540	True
9321	0x0004a2ca	0x00070544	3	0	0x00080544	True
9322	0x0004a2d6	0x00070544	3	0	0x00080544	True
9323	0x0004a2e0	0x00070548	3	0	0x00080548	True
9324	0x0004a2fd	0x00070540	3	0	0x00080540	True
9325	0x0004a308	0x00070548	3	0	0x00080548	True
9326	0x0004a30d	0x00070544	3	0	0x00080544	True
9327	0x0004a331	0x00070540	3	0	0x00080540	True
9328	0x0004a345	0x00090045	3	0	0x000a0045	True
9329	0x0004a352	0x00070540	3	0	0x00080540	True
9330	0x0004a36a	0x00070548	3	0	0x00080548	True
9331	0x0004a3aa	0x00070540	3	0	0x00080540	True
9332	0x0004a4ad	0x00070540	3	0	0x00080540	True
9333	0x0004a4da	0x00070540	3	0	0x00080540	True
9334	0x0004a50e	0x00070540	3	0	0x00080540	True
9335	0x0004a53f	0x00070540	3	0	0x00080540	True
9336	0x0004a54c	0x00070540	3	0	0x00080540	True
9337	0x0004a567	0x00070544	3	0	0x00080544	True
9338	0x0004a57f	0x00090044	3	0	0x000a0044	True
9339	0x0004a5b0	0x00090045	3	0	0x000a0045	True
9340	0x0004a5fd	0x00090045	3	0	0x000a0045	True
9341	0x0004a64b	0x00090045	3	0	0x000a0045	True
9342	0x0004a6d7	0x00076bb0	3	0	0x00086bb0	True
9343	0x0004a6f3	0x00076bb0	3	0	0x00086bb0	True
9344	0x0004a701	0x00076bb0	3	0	0x00086bb0	True
9345	0x0004a71c	0x00076bb0	3	0	0x00086bb0	True
9346	0x0004a73e	0x00090044	3	0	0x000a0044	True
9347	0x0004a766	0x00090045	3	0	0x000a0045	True
9348	0x0004a7c9	0x00089918	3	0	0x00099918	True
9349	0x0004a7fb	0x00089968	3	0	0x00099968	True
9350	0x0004a817	0x00089910	3	0	0x00099910	True
9351	0x0004a8d9	0x00081400	3	0	0x00091400	True
9352	0x0004a92a	0x00090044	3	0	0x000a0044	True
9353	0x0004a954	0x00090045	3	0	0x000a0045	True
9354	0x0004a972	0x00089914	3	0	0x00099914	True
9355	0x0004a9e0	0x0008010c	3	0	0x0009010c	True
9356	0x0004a9e9	0x00080104	3	0	0x00090104	True
9357	0x0004aa3f	0x00089914	3	0	0x00099914	True
9358	0x0004aa84	0x00089914	3	0	0x00099914	True
9359	0x0004aa96	0x00089914	3	0	0x00099914	True
9360	0x0004aabf	0x00089914	3	0	0x00099914	True
9361	0x0004ab33	0x00089914	3	0	0x00099914	True
9362	0x0004abb6	0x00089968	3	0	0x00099968	True
9363	0x0004abbf	0x0008996c	3	0	0x0009996c	True
9364	0x0004abd0	0x00089968	3	0	0x00099968	True
9365	0x0004abe1	0x00089968	3	0	0x00099968	True
9366	0x0004abe7	0x0008996c	3	0	0x0009996c	True
9367	0x0004abf6	0x00089968	3	0	0x00099968	True
9368	0x0004ac0e	0x00090045	3	0	0x000a0045	True
9369	0x0004ac1e	0x0008996c	3	0	0x0009996c	True
9370	0x0004ac33	0x00089968	3	0	0x00099968	True
9371	0x0004ac49	0x00090044	3	0	0x000a0044	True
9372	0x0004ac56	0x0004abfc	3	0	0x0005abfc	True
9373	0x0004ac8b	0x00089b04	3	0	0x00099b04	True
9374	0x0004acbb	0x0007054c	3	0	0x0008054c	True
9375	0x0004ace0	0x0007054c	3	0	0x0008054c	True
9376	0x0004ace5	0x0007054c	3	0	0x0008054c	True
9377	0x0004acfb	0x0007054c	3	0	0x0008054c	True
9378	0x0004ad3a	0x0004ad40	3	0	0x0005ad40	True
9379	0x0004ad40	0x0004ad18	3	0	0x0005ad18	True
9380	0x0004ad44	0x0004ad18	3	0	0x0005ad18	True
9381	0x0004ad48	0x0004ad18	3	0	0x0005ad18	True
9382	0x0004ad4c	0x0004adb8	3	0	0x0005adb8	True
9383	0x0004ad50	0x0004adb8	3	0	0x0005adb8	True
9384	0x0004ad54	0x0004adb8	3	0	0x0005adb8	True
9385	0x0004ad58	0x0004adb8	3	0	0x0005adb8	True
9386	0x0004ad5c	0x0004adb8	3	0	0x0005adb8	True
9387	0x0004ad60	0x0004adb8	3	0	0x0005adb8	True
9388	0x0004ad64	0x0004adb8	3	0	0x0005adb8	True
9389	0x0004ad68	0x0004adb8	3	0	0x0005adb8	True
9390	0x0004ad6c	0x0004adb8	3	0	0x0005adb8	True
9391	0x0004ad70	0x0004adb8	3	0	0x0005adb8	True
9392	0x0004ad74	0x0004adb8	3	0	0x0005adb8	True
9393	0x0004ad78	0x0004adb8	3	0	0x0005adb8	True
9394	0x0004ad7c	0x0004ad18	3	0	0x0005ad18	True
9395	0x0004ad80	0x0004adb8	3	0	0x0005adb8	True
9396	0x0004ad84	0x0004ad18	3	0	0x0005ad18	True
9397	0x0004ad88	0x0004ad18	3	0	0x0005ad18	True
9398	0x0004ad8c	0x0004ad18	3	0	0x0005ad18	True
9399	0x0004ad90	0x0004adb8	3	0	0x0005adb8	True
9400	0x0004ad94	0x0004adb8	3	0	0x0005adb8	True
9401	0x0004ad98	0x0004adb8	3	0	0x0005adb8	True
9402	0x0004ad9c	0x0004adb8	3	0	0x0005adb8	True
9403	0x0004ada0	0x0004ad18	3	0	0x0005ad18	True
9404	0x0004ade6	0x0007054c	3	0	0x0008054c	True
9405	0x0004ae16	0x0007054c	3	0	0x0008054c	True
9406	0x0004ae48	0x0004ae4c	3	0	0x0005ae4c	True
9407	0x0004ae4c	0x0004af04	3	0	0x0005af04	True
9408	0x0004ae50	0x0004af04	3	0	0x0005af04	True
9409	0x0004ae54	0x0004af04	3	0	0x0005af04	True
9410	0x0004ae58	0x0004adf8	3	0	0x0005adf8	True
9411	0x0004ae5c	0x0004adf8	3	0	0x0005adf8	True
9412	0x0004ae60	0x0004adf8	3	0	0x0005adf8	True
9413	0x0004ae64	0x0004adf8	3	0	0x0005adf8	True
9414	0x0004ae68	0x0004adf8	3	0	0x0005adf8	True
9415	0x0004ae6c	0x0004adf8	3	0	0x0005adf8	True
9416	0x0004ae70	0x0004adf8	3	0	0x0005adf8	True
9417	0x0004ae74	0x0004adf8	3	0	0x0005adf8	True
9418	0x0004ae78	0x0004adf8	3	0	0x0005adf8	True
9419	0x0004ae7c	0x0004adf8	3	0	0x0005adf8	True
9420	0x0004ae80	0x0004adf8	3	0	0x0005adf8	True
9421	0x0004ae84	0x0004adf8	3	0	0x0005adf8	True
9422	0x0004ae88	0x0004af04	3	0	0x0005af04	True
9423	0x0004ae8c	0x0004adf8	3	0	0x0005adf8	True
9424	0x0004ae90	0x0004af04	3	0	0x0005af04	True
9425	0x0004ae94	0x0004af04	3	0	0x0005af04	True
9426	0x0004ae98	0x0004af04	3	0	0x0005af04	True
9427	0x0004ae9c	0x0004adf8	3	0	0x0005adf8	True
9428	0x0004aea0	0x0004adf8	3	0	0x0005adf8	True
9429	0x0004aea4	0x0004adf8	3	0	0x0005adf8	True
9430	0x0004aea8	0x0004adf8	3	0	0x0005adf8	True
9431	0x0004aeac	0x0004af04	3	0	0x0005af04	True
9432	0x0004aeb0	0x0004adf8	3	0	0x0005adf8	True
9433	0x0004aeb4	0x0004adf8	3	0	0x0005adf8	True
9434	0x0004aeb8	0x0004adf8	3	0	0x0005adf8	True
9435	0x0004aebc	0x0004af04	3	0	0x0005af04	True
9436	0x0004aec0	0x0004af04	3	0	0x0005af04	True
9437	0x0004aec4	0x0004af04	3	0	0x0005af04	True
9438	0x0004aec8	0x0004af04	3	0	0x0005af04	True
9439	0x0004aecc	0x0004af04	3	0	0x0005af04	True
9440	0x0004aed0	0x0004adf8	3	0	0x0005adf8	True
9441	0x0004aed4	0x0004adf8	3	0	0x0005adf8	True
9442	0x0004aed8	0x0004adf8	3	0	0x0005adf8	True
9443	0x0004aedc	0x0004adf8	3	0	0x0005adf8	True
9444	0x0004aee0	0x0004adf8	3	0	0x0005adf8	True
9445	0x0004aee4	0x0004af04	3	0	0x0005af04	True
9446	0x0004aee8	0x0004adf8	3	0	0x0005adf8	True
9447	0x0004aeec	0x0004adf8	3	0	0x0005adf8	True
9448	0x0004aef0	0x0004adf8	3	0	0x0005adf8	True
9449	0x0004aef4	0x0004adf8	3	0	0x0005adf8	True
9450	0x0004aef8	0x0004adf8	3	0	0x0005adf8	True
9451	0x0004aefc	0x0004adf8	3	0	0x0005adf8	True
9452	0x0004af00	0x0004af04	3	0	0x0005af04	True
9453	0x0004af1a	0x0007054c	3	0	0x0008054c	True
9454	0x0004af1f	0x0007054c	3	0	0x0008054c	True
9455	0x0004af47	0x00090045	3	0	0x000a0045	True
9456	0x0004afae	0x00090045	3	0	0x000a0045	True
9457	0x0004b011	0x00090044	3	0	0x000a0044	True
9458	0x0004b0ab	0x0007054c	3	0	0x0008054c	True
9459	0x0004b0b2	0x0008996e	3	0	0x0009996e	True
9460	0x0004b104	0x00089970	3	0	0x00099970	True
9461	0x0004b1aa	0x0008997c	3	0	0x0009997c	True
9462	0x0004b226	0x00089989	3	0	0x00099989	True
9463	0x0004b297	0x00089996	3	0	0x00099996	True
9464	0x0004b2d7	0x0008999d	3	0	0x0009999d	True
9465	0x0004b2f6	0x000899a6	3	0	0x000999a6	True
9466	0x0004b30f	0x00089914	3	0	0x00099914	True
9467	0x0004b324	0x000899ae	3	0	0x000999ae	True
9468	0x0004b371	0x00089910	3	0	0x00099910	True
9469	0x0004b3ee	0x0008014c	3	0	0x0009014c	True
9470	0x0004b459	0x00089910	3	0	0x00099910	True
9471	0x0004b4b1	0x00089910	3	0	0x00099910	True
9472	0x0004b505	0x00089910	3	0	0x00099910	True
9473	0x0004b541	0x00089910	3	0	0x00099910	True
9474	0x0004b579	0x00089910	3	0	0x00099910	True
9475	0x0004b59d	0x00089910	3	0	0x00099910	True
9476	0x0004b5c1	0x00089910	3	0	0x00099910	True
9477	0x0004b60d	0x00089910	3	0	0x00099910	True
9478	0x0004b6a8	0x0004b6ac	3	0	0x0005b6ac	True
9479	0x0004b6ac	0x0004b56c	3	0	0x0005b56c	True
9480	0x0004b6b0	0x0004b66c	3	0	0x0005b66c	True
9481	0x0004b6b4	0x0004b778	3	0	0x0005b778	True
9482	0x0004b6b8	0x0004b778	3	0	0x0005b778	True
9483	0x0004b6bc	0x0004b778	3	0	0x0005b778	True
9484	0x0004b6c0	0x0004b778	3	0	0x0005b778	True
9485	0x0004b6c4	0x0004b778	3	0	0x0005b778	True
9486	0x0004b6c8	0x0004b4f8	3	0	0x0005b4f8	True
9487	0x0004b6cc	0x0004b44c	3	0	0x0005b44c	True
9488	0x0004b6d0	0x0004b778	3	0	0x0005b778	True
9489	0x0004b6d4	0x0004b778	3	0	0x0005b778	True
9490	0x0004b6d8	0x0004b5b4	3	0	0x0005b5b4	True
9491	0x0004b6dc	0x0004b778	3	0	0x0005b778	True
9492	0x0004b6e0	0x0004b364	3	0	0x0005b364	True
9493	0x0004b6e4	0x0004b778	3	0	0x0005b778	True
9494	0x0004b6e8	0x0004b630	3	0	0x0005b630	True
9495	0x0004b6ec	0x0004b778	3	0	0x0005b778	True
9496	0x0004b6f0	0x0004b684	3	0	0x0005b684	True
9497	0x0004b6f4	0x0004b3fc	3	0	0x0005b3fc	True
9498	0x0004b6f8	0x0004b678	3	0	0x0005b678	True
9499	0x0004b6fc	0x0004b778	3	0	0x0005b778	True
9500	0x0004b700	0x0004b778	3	0	0x0005b778	True
9501	0x0004b704	0x0004b778	3	0	0x0005b778	True
9502	0x0004b708	0x0004b778	3	0	0x0005b778	True
9503	0x0004b70c	0x0004b778	3	0	0x0005b778	True
9504	0x0004b710	0x0004b778	3	0	0x0005b778	True
9505	0x0004b714	0x0004b778	3	0	0x0005b778	True
9506	0x0004b718	0x0004b778	3	0	0x0005b778	True
9507	0x0004b71c	0x0004b778	3	0	0x0005b778	True
9508	0x0004b720	0x0004b778	3	0	0x0005b778	True
9509	0x0004b724	0x0004b778	3	0	0x0005b778	True
9510	0x0004b728	0x0004b778	3	0	0x0005b778	True
9511	0x0004b72c	0x0004b590	3	0	0x0005b590	True
9512	0x0004b730	0x0004b778	3	0	0x0005b778	True
9513	0x0004b734	0x0004b778	3	0	0x0005b778	True
9514	0x0004b738	0x0004b778	3	0	0x0005b778	True
9515	0x0004b73c	0x0004b778	3	0	0x0005b778	True
9516	0x0004b740	0x0004b778	3	0	0x0005b778	True
9517	0x0004b744	0x0004b778	3	0	0x0005b778	True
9518	0x0004b748	0x0004b534	3	0	0x0005b534	True
9519	0x0004b74c	0x0004b4a4	3	0	0x0005b4a4	True
9520	0x0004b750	0x0004b778	3	0	0x0005b778	True
9521	0x0004b754	0x0004b778	3	0	0x0005b778	True
9522	0x0004b758	0x0004b600	3	0	0x0005b600	True
9523	0x0004b75c	0x0004b778	3	0	0x0005b778	True
9524	0x0004b760	0x0004b3bc	3	0	0x0005b3bc	True
9525	0x0004b764	0x0004b778	3	0	0x0005b778	True
9526	0x0004b768	0x0004b778	3	0	0x0005b778	True
9527	0x0004b76c	0x0004b778	3	0	0x0005b778	True
9528	0x0004b770	0x0004b68c	3	0	0x0005b68c	True
9529	0x0004b774	0x0004b424	3	0	0x0005b424	True
9530	0x0004b7b2	0x00090044	3	0	0x000a0044	True
9531	0x0004b7dc	0x00090045	3	0	0x000a0045	True
9532	0x00089910	0x00089900	3	0	0x00099900	True
9533	0x0004b836	0x00089b00	3	0	0x00099b00	True
9534	0x0004b83b	0x000800d8	3	0	0x000900d8	True
9535	0x0004b849	0x00089afc	3	0	0x00099afc	True
9536	0x0004b856	0x000800d8	3	0	0x000900d8	True
9537	0x0004b85f	0x00089b00	3	0	0x00099b00	True
9538	0x0004b86b	0x00089b04	3	0	0x00099b04	True
9539	0x0004b871	0x00076bb4	3	0	0x00086bb4	True
9540	0x0004b889	0x00089b00	3	0	0x00099b00	True
9541	0x0004b895	0x00076bbc	3	0	0x00086bbc	True
9542	0x0004b89e	0x00089b00	3	0	0x00099b00	True
9543	0x0004b8aa	0x00076bbc	3	0	0x00086bbc	True
9544	0x0004b8b3	0x00089b00	3	0	0x00099b00	True
9545	0x0004b8bc	0x00089b00	3	0	0x00099b00	True
9546	0x0004b8c8	0x00076ba4	3	0	0x00086ba4	True
9547	0x0004b8db	0x00089afc	3	0	0x00099afc	True
9548	0x0004b8ee	0x00089b00	3	0	0x00099b00	True
9549	0x0004b8fa	0x00076bc0	3	0	0x00086bc0	True
9550	0x0004b903	0x00089b00	3	0	0x00099b00	True
9551	0x0004b90f	0x00076bc0	3	0	0x00086bc0	True
9552	0x0004b918	0x00089b04	3	0	0x00099b04	True
9553	0x0004b926	0x00089b00	3	0	0x00099b00	True
9554	0x0004b932	0x00076bc4	3	0	0x00086bc4	True
9555	0x0004b93b	0x00089b00	3	0	0x00099b00	True
9556	0x0004b947	0x00076bc4	3	0	0x00086bc4	True
9557	0x0004b953	0x00089b04	3	0	0x00099b04	True
9558	0x0004b961	0x00089b00	3	0	0x00099b00	True
9559	0x0004b96d	0x00076bc8	3	0	0x00086bc8	True
9560	0x0004b972	0x00089b00	3	0	0x00099b00	True
9561	0x0004b97e	0x00076bc8	3	0	0x00086bc8	True
9562	0x0004b987	0x00089b04	3	0	0x00099b04	True
9563	0x0004b98f	0x00089b00	3	0	0x00099b00	True
9564	0x0004b99b	0x00076bb8	3	0	0x00086bb8	True
9565	0x0004b9a9	0x00089b00	3	0	0x00099b00	True
9566	0x0004b9b5	0x00076bb8	3	0	0x00086bb8	True
9567	0x0004b9d1	0x000899e2	3	0	0x000999e2	True
9568	0x0004b9f5	0x000899ef	3	0	0x000999ef	True
9569	0x0004ba1f	0x00089b00	3	0	0x00099b00	True
9570	0x0004ba2b	0x00076bbc	3	0	0x00086bbc	True
9571	0x0004ba40	0x000899f5	3	0	0x000999f5	True
9572	0x0004ba4e	0x000899fc	3	0	0x000999fc	True
9573	0x0004ba66	0x00089b00	3	0	0x00099b00	True
9574	0x0004ba72	0x00076bc8	3	0	0x00086bc8	True
9575	0x0004ba7b	0x000899fe	3	0	0x000999fe	True
9576	0x0004ba96	0x00089b00	3	0	0x00099b00	True
9577	0x0004baa2	0x00076bc4	3	0	0x00086bc4	True
9578	0x0004baab	0x00089a00	3	0	0x00099a00	True
9579	0x0004bab9	0x00070550	3	0	0x00080550	True
9580	0x0004bad3	0x00070550	3	0	0x00080550	True
9581	0x0004bb15	0x00070550	3	0	0x00080550	True
9582	0x0004bb27	0x00089a02	3	0	0x00099a02	True
9583	0x0004bb38	0x00089a0e	3	0	0x00099a0e	True
9584	0x0004bb49	0x00089b00	3	0	0x00099b00	True
9585	0x0004bb55	0x00076bc4	3	0	0x00086bc4	True
9586	0x0004bb5d	0x00089a10	3	0	0x00099a10	True
9587	0x0004bb6d	0x00089b00	3	0	0x00099b00	True
9588	0x0004bb7e	0x00076bb8	3	0	0x00086bb8	True
9589	0x0004bb84	0x00076bc8	3	0	0x00086bc8	True
9590	0x0004bb90	0x00089b00	3	0	0x00099b00	True
9591	0x0004bb9c	0x00076bbc	3	0	0x00086bbc	True
9592	0x0004bba5	0x00089b00	3	0	0x00099b00	True
9593	0x0004bbb1	0x00076bc0	3	0	0x00086bc0	True
9594	0x0004bbc5	0x00089b00	3	0	0x00099b00	True
9595	0x0004bbd2	0x00076bb8	3	0	0x00086bb8	True
9596	0x0004bbe2	0x00089a12	3	0	0x00099a12	True
9597	0x0004bbf3	0x00089b00	3	0	0x00099b00	True
9598	0x0004bbff	0x00076bc8	3	0	0x00086bc8	True
9599	0x0004bc15	0x00089b00	3	0	0x00099b00	True
9600	0x0004bc21	0x00076bc8	3	0	0x00086bc8	True
9601	0x0004bc2a	0x00089b00	3	0	0x00099b00	True
9602	0x0004bc30	0x00089a14	3	0	0x00099a14	True
9603	0x0004bc42	0x00089b04	3	0	0x00099b04	True
9604	0x0004bc4d	0x00089b08	3	0	0x00099b08	True
9605	0x0004bc52	0x00076ca8	3	0	0x00086ca8	True
9606	0x0004bc57	0x00076ca4	3	0	0x00086ca4	True
9607	0x0004bc5c	0x00070550	3	0	0x00080550	True
9608	0x0004bc71	0x00089a16	3	0	0x00099a16	True
9609	0x0004bc86	0x00089b04	3	0	0x00099b04	True
9610	0x0004bca4	0x00089afc	3	0	0x00099afc	True
9611	0x0004bcbe	0x00089b04	3	0	0x00099b04	True
9612	0x0004bcd1	0x00089b04	3	0	0x00099b04	True
9613	0x0004bcdc	0x000800d8	3	0	0x000900d8	True
9614	0x0004bcf1	0x00089afc	3	0	0x00099afc	True
9615	0x0004bd12	0x00089b04	3	0	0x00099b04	True
9616	0x0004bd22	0x00089b00	3	0	0x00099b00	True
9617	0x0004bd30	0x00089b00	3	0	0x00099b00	True
9618	0x0004bd3c	0x00076bb8	3	0	0x00086bb8	True
9619	0x0004bd88	0x00089a18	3	0	0x00099a18	True
9620	0x0004bd96	0x00089a1d	3	0	0x00099a1d	True
9621	0x0004bdab	0x00089a1f	3	0	0x00099a1f	True
9622	0x0004bdc9	0x00089a23	3	0	0x00099a23	True
9623	0x0004bdd7	0x00076ca8	3	0	0x00086ca8	True
9624	0x0004bde5	0x00089b00	3	0	0x00099b00	True
9625	0x0004bdf4	0x00076bb8	3	0	0x00086bb8	True
9626	0x0004be35	0x00076bb4	3	0	0x00086bb4	True
9627	0x0004be51	0x00076ca8	3	0	0x00086ca8	True
9628	0x0004be5a	0x00076ca8	3	0	0x00086ca8	True
9629	0x0004be71	0x00089a25	3	0	0x00099a25	True
9630	0x0004be7e	0x00089b00	3	0	0x00099b00	True
9631	0x0004be8a	0x00076bb8	3	0	0x00086bb8	True
9632	0x0004be99	0x00089a27	3	0	0x00099a27	True
9633	0x0004bec3	0x00089b04	3	0	0x00099b04	True
9634	0x0004bed2	0x00089a29	3	0	0x00099a29	True
9635	0x0004bef6	0x00089a2b	3	0	0x00099a2b	True
9636	0x0004bf25	0x0008014c	3	0	0x0009014c	True
9637	0x0004bf2a	0x00089a2d	3	0	0x00099a2d	True
9638	0x0004bf38	0x00076ca8	3	0	0x00086ca8	True
9639	0x0004bf66	0x00089b04	3	0	0x00099b04	True
9640	0x0004bf72	0x00089b04	3	0	0x00099b04	True
9641	0x0004bf90	0x00089b08	3	0	0x00099b08	True
9642	0x0004bfc6	0x00089b00	3	0	0x00099b00	True
9643	0x0004bfd2	0x00089b00	3	0	0x00099b00	True
9644	0x0004bfe7	0x00076bb8	3	0	0x00086bb8	True
9645	0x0004bff3	0x00076bb8	3	0	0x00086bb8	True
9646	0x0004c062	0x00089b08	3	0	0x00099b08	True
9647	0x0004c075	0x00089b00	3	0	0x00099b00	True
9648	0x0004c098	0x00076bb8	3	0	0x00086bb8	True
9649	0x0004c12e	0x00076bbc	3	0	0x00086bbc	True
9650	0x0004c140	0x00089a63	3	0	0x00099a63	True
9651	0x0004c152	0x0008014c	3	0	0x0009014c	True
9652	0x0004c157	0x00089a73	3	0	0x00099a73	True
9653	0x0004c165	0x00089b00	3	0	0x00099b00	True
9654	0x0004c184	0x00076bb8	3	0	0x00086bb8	True
9655	0x0004c19d	0x00070550	3	0	0x00080550	True
9656	0x0004c1c6	0x0008014c	3	0	0x0009014c	True
9657	0x0004c1cb	0x00089aa3	3	0	0x00099aa3	True
9658	0x0004c1d5	0x00089b00	3	0	0x00099b00	True
9659	0x0004c1e1	0x00076bb8	3	0	0x00086bb8	True
9660	0x0004c1ed	0x0008014c	3	0	0x0009014c	True
9661	0x0004c1f2	0x00089acc	3	0	0x00099acc	True
9662	0x0004c233	0x00089b00	3	0	0x00099b00	True
9663	0x0004c23f	0x00076bbc	3	0	0x00086bbc	True
9664	0x0004c251	0x00089af5	3	0	0x00099af5	True
9665	0x0004c27b	0x0004c280	3	0	0x0005c280	True
9666	0x0004c280	0x0004bc94	3	0	0x0005bc94	True
9667	0x0004c284	0x0004c329	3	0	0x0005c329	True
9668	0x0004c288	0x0004c329	3	0	0x0005c329	True
9669	0x0004c28c	0x0004c329	3	0	0x0005c329	True
9670	0x0004c290	0x0004c329	3	0	0x0005c329	True
9671	0x0004c294	0x0004c329	3	0	0x0005c329	True
9672	0x0004c298	0x0004c329	3	0	0x0005c329	True
9673	0x0004c29c	0x0004c329	3	0	0x0005c329	True
9674	0x0004c2a0	0x0004c329	3	0	0x0005c329	True
9675	0x0004c2a4	0x0004c329	3	0	0x0005c329	True
9676	0x0004c2a8	0x0004c329	3	0	0x0005c329	True
9677	0x0004c2ac	0x0004c329	3	0	0x0005c329	True
9678	0x0004c2b0	0x0004c329	3	0	0x0005c329	True
9679	0x0004c2b4	0x0004c329	3	0	0x0005c329	True
9680	0x0004c2b8	0x0004c329	3	0	0x0005c329	True
9681	0x0004c2bc	0x0004bde4	3	0	0x0005bde4	True
9682	0x0004c2c0	0x0004bde4	3	0	0x0005bde4	True
9683	0x0004c2c4	0x0004bde4	3	0	0x0005bde4	True
9684	0x0004c2c8	0x0004bd00	3	0	0x0005bd00	True
9685	0x0004c2cc	0x0004c329	3	0	0x0005c329	True
9686	0x0004c2d0	0x0004c329	3	0	0x0005c329	True
9687	0x0004c2d4	0x0004bf7c	3	0	0x0005bf7c	True
9688	0x0004c2d8	0x0004bf7c	3	0	0x0005bf7c	True
9689	0x0004c2dc	0x0004c038	3	0	0x0005c038	True
9690	0x0004c2e0	0x0004bd20	3	0	0x0005bd20	True
9691	0x0004c33f	0x00090045	3	0	0x000a0045	True
9692	0x0004c368	0x00089b00	3	0	0x00099b00	True
9693	0x0004c37c	0x00076bb8	3	0	0x00086bb8	True
9694	0x0004c3a0	0x00076bb4	3	0	0x00086bb4	True
9695	0x0004c3e6	0x00076ca4	3	0	0x00086ca4	True
9696	0x0004c3fb	0x00089b0c	3	0	0x00099b0c	True
9697	0x0004c434	0x00076ca4	3	0	0x00086ca4	True
9698	0x0004c446	0x00089b13	3	0	0x00099b13	True
9699	0x0004c46a	0x00076ca4	3	0	0x00086ca4	True
9700	0x0004c484	0x00076ca4	3	0	0x00086ca4	True
9701	0x0004c49c	0x00089b19	3	0	0x00099b19	True
9702	0x0004c4d3	0x00076bbc	3	0	0x00086bbc	True
9703	0x0004c4f0	0x00089b26	3	0	0x00099b26	True
9704	0x0004c50e	0x00089afc	3	0	0x00099afc	True
9705	0x00089afc	0x000899d0	3	0	0x000999d0	True
9706	0x0004c563	0x00080158	3	0	0x00090158	True
9707	0x0004c569	0x00080158	3	0	0x00090158	True
9708	0x0004c5b4	0x00080158	3	0	0x00090158	True
9709	0x0004c5ba	0x00080158	3	0	0x00090158	True
9710	0x0004c5cf	0x00080178	3	0	0x00090178	True
9711	0x0004c605	0x00089b48	3	0	0x00099b48	True
9712	0x0004c60e	0x00080158	3	0	0x00090158	True
9713	0x0004c638	0x0008014c	3	0	0x0009014c	True
9714	0x0004c640	0x00080150	3	0	0x00090150	True
9715	0x0004c645	0x0008014c	3	0	0x0009014c	True
9716	0x0004c64a	0x0008014c	3	0	0x0009014c	True
9717	0x0004c66d	0x00081a34	3	0	0x00091a34	True
9718	0x0004c67c	0x00081a34	3	0	0x00091a34	True
9719	0x0004c681	0x00089b4c	3	0	0x00099b4c	True
9720	0x0004c6b6	0x00089b56	3	0	0x00099b56	True
9721	0x0004c6c2	0x00089b5e	3	0	0x00099b5e	True
9722	0x0004c6ce	0x00089b64	3	0	0x00099b64	True
9723	0x0004c714	0x000800fc	3	0	0x000900fc	True
9724	0x0004c723	0x00089b70	3	0	0x00099b70	True
9725	0x0004c752	0x0008dd40	3	0	0x0009dd40	True
9726	0x0004c778	0x0008dd40	3	0	0x0009dd40	True
9727	0x0004c781	0x00089b78	3	0	0x00099b78	True
9728	0x0004c78f	0x00080180	3	0	0x00090180	True
9729	0x0004c798	0x000800cc	3	0	0x000900cc	True
9730	0x0004c7bf	0x000800cc	3	0	0x000900cc	True
9731	0x0004c7c8	0x00089b7a	3	0	0x00099b7a	True
9732	0x0004c7f7	0x0008dd40	3	0	0x0009dd40	True
9733	0x0004c91b	0x000800d0	3	0	0x000900d0	True
9734	0x0004c928	0x000800d0	3	0	0x000900d0	True
9735	0x00089b44	0x00089b30	3	0	0x00099b30	True
9736	0x0004c954	0x00089b94	3	0	0x00099b94	True
9737	0x0004c95c	0x00089b94	3	0	0x00099b94	True
9738	0x0004c970	0x00089b94	3	0	0x00099b94	True
9739	0x0004c99c	0x00089b94	3	0	0x00099b94	True
9740	0x0004c9a5	0x00089b94	3	0	0x00099b94	True
9741	0x0004c9b6	0x00089b94	3	0	0x00099b94	True
9742	0x0004c9d5	0x00089b94	3	0	0x00099b94	True
9743	0x0004c9dd	0x00089b94	3	0	0x00099b94	True
9744	0x0004c9ed	0x00089b94	3	0	0x00099b94	True
9745	0x0004ca06	0x00089b94	3	0	0x00099b94	True
9746	0x0004ca0e	0x00089b94	3	0	0x00099b94	True
9747	0x0004ca22	0x00089b94	3	0	0x00099b94	True
9748	0x0004ca3c	0x00089b94	3	0	0x00099b94	True
9749	0x0004ca44	0x00089b94	3	0	0x00099b94	True
9750	0x0004ca74	0x00089b94	3	0	0x00099b94	True
9751	0x0004ca7c	0x00089b94	3	0	0x00099b94	True
9752	0x0004ca90	0x00089b94	3	0	0x00099b94	True
9753	0x0004caa8	0x00089b94	3	0	0x00099b94	True
9754	0x0004cab0	0x00089b94	3	0	0x00099b94	True
9755	0x0004cac5	0x00089b94	3	0	0x00099b94	True
9756	0x0004caf2	0x00089b94	3	0	0x00099b94	True
9757	0x0004cafb	0x00089b94	3	0	0x00099b94	True
9758	0x0004cb0c	0x00089b94	3	0	0x00099b94	True
9759	0x0004cb29	0x00089b94	3	0	0x00099b94	True
9760	0x0004cb31	0x00089b94	3	0	0x00099b94	True
9761	0x0004cb41	0x00089b94	3	0	0x00099b94	True
9762	0x0004cb5a	0x00089b94	3	0	0x00099b94	True
9763	0x0004cb62	0x00089b94	3	0	0x00099b94	True
9764	0x0004cb76	0x00089b94	3	0	0x00099b94	True
9765	0x0004cb90	0x00089b94	3	0	0x00099b94	True
9766	0x0004cb98	0x00089b94	3	0	0x00099b94	True
9767	0x0004cbad	0x00089b94	3	0	0x00099b94	True
9768	0x0004cbc9	0x00089b94	3	0	0x00099b94	True
9769	0x0004cbd1	0x00089b94	3	0	0x00099b94	True
9770	0x0004cbe6	0x00089b94	3	0	0x00099b94	True
9771	0x0004cc01	0x00089b94	3	0	0x00099b94	True
9772	0x0004cc09	0x00089b94	3	0	0x00099b94	True
9773	0x0004cc39	0x00089b94	3	0	0x00099b94	True
9774	0x0004cc51	0x00089b94	3	0	0x00099b94	True
9775	0x0004cc69	0x00089b94	3	0	0x00099b94	True
9776	0x00089b90	0x00089b80	3	0	0x00099b80	True
9777	0x0004cd0a	0x0008d798	3	0	0x0009d798	True
9778	0x0004cd12	0x0008d770	3	0	0x0009d770	True
9779	0x0004cd1c	0x0008d774	3	0	0x0009d774	True
9780	0x0004cd6e	0x0008d79c	3	0	0x0009d79c	True
9781	0x0004cd82	0x000b003c	3	0	0x000c003c	True
9782	0x0004cd88	0x000b0040	3	0	0x000c0040	True
9783	0x0004cdff	0x0008d7dc	3	0	0x0009d7dc	True
9784	0x0004ce0e	0x0008d7e0	3	0	0x0009d7e0	True
9785	0x0004ce1d	0x0008d7e4	3	0	0x0009d7e4	True
9786	0x0004ce26	0x0008d7dc	3	0	0x0009d7dc	True
9787	0x0004ce2c	0x0008d79c	3	0	0x0009d79c	True
9788	0x0004ce52	0x0008d79c	3	0	0x0009d79c	True
9789	0x0004ce69	0x0008d79c	3	0	0x0009d79c	True
9790	0x0004ce76	0x0008d7e4	3	0	0x0009d7e4	True
9791	0x0004ce7e	0x0008d988	3	0	0x0009d988	True
9792	0x0004ce87	0x0008d988	3	0	0x0009d988	True
9793	0x0004ce8d	0x00076cb4	3	0	0x00086cb4	True
9794	0x0004ce96	0x00076cb4	3	0	0x00086cb4	True
9795	0x0004ce9c	0x00076cc4	3	0	0x00086cc4	True
9796	0x0004cea5	0x00076cc4	3	0	0x00086cc4	True
9797	0x0004ceab	0x00076cb0	3	0	0x00086cb0	True
9798	0x0004ceb4	0x00076cb0	3	0	0x00086cb0	True
9799	0x0004ceba	0x00076cc8	3	0	0x00086cc8	True
9800	0x0004cec3	0x00076cc8	3	0	0x00086cc8	True
9801	0x0004cf1e	0x0008d92c	3	0	0x0009d92c	True
9802	0x0004cf2a	0x00076cbc	3	0	0x00086cbc	True
9803	0x0004cf33	0x00076cbc	3	0	0x00086cbc	True
9804	0x0004cf41	0x00076cac	3	0	0x00086cac	True
9805	0x0004cf4a	0x00076cac	3	0	0x00086cac	True
9806	0x0004cf50	0x0008dcd4	3	0	0x0009dcd4	True
9807	0x0004cf59	0x0008dcd4	3	0	0x0009dcd4	True
9808	0x0004cf5f	0x00076cc0	3	0	0x00086cc0	True
9809	0x0004cf68	0x00076cc0	3	0	0x00086cc0	True
9810	0x0004cfae	0x000b0044	3	0	0x000c0044	True
9811	0x0004cfb4	0x000b0048	3	0	0x000c0048	True
9812	0x0004cfba	0x000b004c	3	0	0x000c004c	True
9813	0x0004cfc7	0x0008d774	3	0	0x0009d774	True
9814	0x0004cfce	0x0008d930	3	0	0x0009d930	True
9815	0x0004cfdf	0x0008d97a	3	0	0x0009d97a	True
9816	0x0004cff1	0x0008d770	3	0	0x0009d770	True
9817	0x0004d002	0x0008d931	3	0	0x0009d931	True
9818	0x0004d007	0x0008d770	3	0	0x0009d770	True
9819	0x0004d020	0x0008d770	3	0	0x0009d770	True
9820	0x0004d030	0x0008d770	3	0	0x0009d770	True
9821	0x0004d0a4	0x0004d0ae	3	0	0x0005d0ae	True
9822	0x0004d0c0	0x000b0098	3	0	0x000c0098	True
9823	0x0004d0c6	0x000b009c	3	0	0x000c009c	True
9824	0x0004d13b	0x0008d79c	3	0	0x0009d79c	True
9825	0x0004d1da	0x0008dd20	3	0	0x0009dd20	True
9826	0x0004d1e2	0x0008dd40	3	0	0x0009dd40	True
9827	0x0004d23e	0x0008d79c	3	0	0x0009d79c	True
9828	0x0004d2b8	0x0008d9b0	3	0	0x0009d9b0	True
9829	0x0004d2bc	0x0004d7c6	3	0	0x0005d7c6	True
9830	0x0004d2c2	0x0008d9b4	3	0	0x0009d9b4	True
9831	0x0004d2c6	0x0004d35e	3	0	0x0005d35e	True
9832	0x0004d2cc	0x0008d9b8	3	0	0x0009d9b8	True
9833	0x0004d2d0	0x0004d3ee	3	0	0x0005d3ee	True
9834	0x0004d2d6	0x0008d9bc	3	0	0x0009d9bc	True
9835	0x0004d2da	0x0004d2ea	3	0	0x0005d2ea	True
9836	0x0004d2e0	0x0008d9c0	3	0	0x0009d9c0	True
9837	0x0004d2e4	0x0004d3ce	3	0	0x0005d3ce	True
9838	0x0008d988	0x0004d2aa	3	0	0x0005d2aa	True
9839	0x0008d98c	0x0004d2b2	3	0	0x0005d2b2	True
9840	0x0008d990	0x0004d2b2	3	0	0x0005d2b2	True
9841	0x0004d2f8	0x0008d661	3	0	0x0009d661	True
9842	0x0004d320	0x0008d661	3	0	0x0009d661	True
9843	0x0004d43a	0x0008d9a6	3	0	0x0009d9a6	True
9844	0x0004d442	0x00070560	3	0	0x00080560	True
9845	0x0004d4eb	0x0008d9a0	3	0	0x0009d9a0	True
9846	0x0004d4f1	0x0008d9a6	3	0	0x0009d9a6	True
9847	0x0004d596	0x0008d9a6	3	0	0x0009d9a6	True
9848	0x0004d5ae	0x0008d9a6	3	0	0x0009d9a6	True
9849	0x0004d5be	0x0008d9a6	3	0	0x0009d9a6	True
9850	0x0004d5c6	0x00070560	3	0	0x00080560	True
9851	0x0004d5e4	0x0008d9a8	3	0	0x0009d9a8	True
9852	0x0004d5eb	0x0008d9a8	3	0	0x0009d9a8	True
9853	0x0004d6a3	0x0008d9a6	3	0	0x0009d9a6	True
9854	0x0004d6ea	0x0008d9a6	3	0	0x0009d9a6	True
9855	0x0004d6ff	0x0008d9a6	3	0	0x0009d9a6	True
9856	0x0004d71d	0x00070560	3	0	0x00080560	True
9857	0x0004d726	0x0008d9a8	3	0	0x0009d9a8	True
9858	0x0004d72b	0x00070560	3	0	0x00080560	True
9859	0x0004d743	0x00070560	3	0	0x00080560	True
9860	0x0004d754	0x00070560	3	0	0x00080560	True
9861	0x0004d75e	0x0008d9a8	3	0	0x0009d9a8	True
9862	0x0004d766	0x0008d9ac	3	0	0x0009d9ac	True
9863	0x0004d76b	0x00070560	3	0	0x00080560	True
9864	0x0004d774	0x0008d9a8	3	0	0x0009d9a8	True
9865	0x0004d79c	0x0008d9ac	3	0	0x0009d9ac	True
9866	0x0004d883	0x00070570	3	0	0x00080570	True
9867	0x0004da16	0x0008d661	3	0	0x0009d661	True
9868	0x0004da83	0x0008d661	3	0	0x0009d661	True
9869	0x0004dad8	0x0008d661	3	0	0x0009d661	True
9870	0x0004dbbf	0x0008d661	3	0	0x0009d661	True
9871	0x0004dc03	0x0008d661	3	0	0x0009d661	True
9872	0x0004dc1b	0x0004dc22	3	0	0x0005dc22	True
9873	0x0004dc22	0x0004d90e	3	0	0x0005d90e	True
9874	0x0004dc26	0x0004d982	3	0	0x0005d982	True
9875	0x0004dc2a	0x0004d9c6	3	0	0x0005d9c6	True
9876	0x0004dc2e	0x0004d9f6	3	0	0x0005d9f6	True
9877	0x0004dc32	0x0004da4a	3	0	0x0005da4a	True
9878	0x0004dc36	0x0004dad2	3	0	0x0005dad2	True
9879	0x0004dc3a	0x0004daf2	3	0	0x0005daf2	True
9880	0x0004dc3e	0x0004db6e	3	0	0x0005db6e	True
9881	0x0004dc42	0x0004db51	3	0	0x0005db51	True
9882	0x0004dc46	0x0004dba2	3	0	0x0005dba2	True
9883	0x0004dc82	0x00070587	3	0	0x00080587	True
9884	0x0004dc8b	0x00070587	3	0	0x00080587	True
9885	0x0004dcc3	0x00070570	3	0	0x00080570	True
9886	0x0004e331	0x0008df30	3	0	0x0009df30	True
9887	0x0004e343	0x0008e08c	3	0	0x0009e08c	True
9888	0x0008d9b0	0x0004eaca	3	0	0x0005eaca	True
9889	0x0008d9b4	0x0004eaca	3	0	0x0005eaca	True
9890	0x0008d9b8	0x0004eaca	3	0	0x0005eaca	True
9891	0x0008d9bc	0x0004eaca	3	0	0x0005eaca	True
9892	0x0008d9c0	0x0004eaca	3	0	0x0005eaca	True
9893	0x0008d9c4	0x0004eaca	3	0	0x0005eaca	True
9894	0x0004e3ce	0x00070590	3	0	0x00080590	True
9895	0x0004e3e8	0x000705b4	3	0	0x000805b4	True
9896	0x0004e3ef	0x00070592	3	0	0x00080592	True
9897	0x0004e3f4	0x000705ac	3	0	0x000805ac	True
9898	0x0004e3fb	0x00070590	3	0	0x00080590	True
9899	0x0004e400	0x000705b0	3	0	0x000805b0	True
9900	0x0004e406	0x000705b8	3	0	0x000805b8	True
9901	0x0004e40a	0x00070594	3	0	0x00080594	True
9902	0x0004e40f	0x000705ac	3	0	0x000805ac	True
9903	0x0004e50a	0x0008d9d0	3	0	0x0009d9d0	True
9904	0x0004e539	0x0008d9d6	3	0	0x0009d9d6	True
9905	0x0004e578	0x0008d9dc	3	0	0x0009d9dc	True
9906	0x0004e57f	0x0008d9e3	3	0	0x0009d9e3	True
9907	0x0004eaec	0x00076cd4	3	0	0x00086cd4	True
9908	0x0004eaf6	0x00076cd0	3	0	0x00086cd0	True
9909	0x0004eb00	0x0008d77c	3	0	0x0009d77c	True
9910	0x0004eb08	0x0008d788	3	0	0x0009d788	True
9911	0x0004eb14	0x0008d790	3	0	0x0009d790	True
9912	0x0004eb23	0x0008d78c	3	0	0x0009d78c	True
9913	0x0004eb29	0x0008d77c	3	0	0x0009d77c	True
9914	0x0004eb32	0x0008d77c	3	0	0x0009d77c	True
9915	0x0004eb3c	0x0008d780	3	0	0x0009d780	True
9916	0x0004eb41	0x0008d77c	3	0	0x0009d77c	True
9917	0x0004eb4e	0x0008d784	3	0	0x0009d784	True
9918	0x00000000	0x00000000	0	0		False
9919	0x0004eb77	0x0004d03e	3	0	0x0005d03e	True
9920	0x0004eb7e	0x0004ebce	3	0	0x0005ebce	True
9921	0x00000000	0x00000000	0	0		False
9922	0x0004eb90	0x0008d924	3	0	0x0009d924	True
9923	0x0004eb96	0x0008d920	3	0	0x0009d920	True
9924	0x0004eb9c	0x0008d91c	3	0	0x0009d91c	True
9925	0x00000000	0x00000000	0	0		False
9926	0x0004ec21	0x0008d79c	3	0	0x0009d79c	True
9927	0x0004ec3e	0x0008d7dc	3	0	0x0009d7dc	True
9928	0x0004ec7f	0x0008d9f0	3	0	0x0009d9f0	True
9929	0x0008d9f0	0x0004cee0	3	0	0x0005cee0	True
9930	0x0004ec8c	0x000b0050	3	0	0x000c0050	True
9931	0x0004ec92	0x000b0054	3	0	0x000c0054	True
9932	0x0004ec98	0x000b0058	3	0	0x000c0058	True
9933	0x0004ec9e	0x000b005c	3	0	0x000c005c	True
9934	0x0004eca4	0x000b0060	3	0	0x000c0060	True
9935	0x0004ecb7	0x0008dcc8	3	0	0x0009dcc8	True
9936	0x0004ecc0	0x0008dcc8	3	0	0x0009dcc8	True
9937	0x0004ecdf	0x0008dc38	3	0	0x0009dc38	True
9938	0x0004ecf0	0x0008dcc8	3	0	0x0009dcc8	True
9939	0x0004ed00	0x0008dc38	3	0	0x0009dc38	True
9940	0x0004ed11	0x0008dc3c	3	0	0x0009dc3c	True
9941	0x0004ed29	0x0008d7e4	3	0	0x0009d7e4	True
9942	0x0008dc3c	0x0008da00	3	0	0x0009da00	True
9943	0x0008dc44	0x0008da1a	3	0	0x0009da1a	True
9944	0x0008dc4c	0x0008da3f	3	0	0x0009da3f	True
9945	0x0008dc54	0x0008da5e	3	0	0x0009da5e	True
9946	0x0008dc5c	0x0008da88	3	0	0x0009da88	True
9947	0x0008dc64	0x0008dab4	3	0	0x0009dab4	True
9948	0x0008dc6c	0x0008dad5	3	0	0x0009dad5	True
9949	0x0008dc74	0x0008db01	3	0	0x0009db01	True
9950	0x0008dc7c	0x0008db2e	3	0	0x0009db2e	True
9951	0x0008dc84	0x0008db4f	3	0	0x0009db4f	True
9952	0x0008dc8c	0x0008db78	3	0	0x0009db78	True
9953	0x0008dc94	0x0008db9d	3	0	0x0009db9d	True
9954	0x0008dc9c	0x0008dbc6	3	0	0x0009dbc6	True
9955	0x0008dca4	0x0008dbf9	3	0	0x0009dbf9	True
9956	0x0008dcac	0x0008dc08	3	0	0x0009dc08	True
9957	0x0008dcb4	0x0008dc15	3	0	0x0009dc15	True
9958	0x0008dcbc	0x0008dc23	3	0	0x0009dc23	True
9959	0x0008dcc4	0x0008dc26	3	0	0x0009dc26	True
9960	0x0004ed4a	0x000b0064	3	0	0x000c0064	True
9961	0x0004ed52	0x0008d798	3	0	0x0009d798	True
9962	0x0004ed5a	0x0008d79c	3	0	0x0009d79c	True
9963	0x0004ed64	0x0008d798	3	0	0x0009d798	True
9964	0x0004ed71	0x0008d7dc	3	0	0x0009d7dc	True
9965	0x0004ed7b	0x0008d798	3	0	0x0009d798	True
9966	0x0004ed9a	0x0008d798	3	0	0x0009d798	True
9967	0x0004eda6	0x0008d7dc	3	0	0x0009d7dc	True
9968	0x0004edf0	0x0008d770	3	0	0x0009d770	True
9969	0x0004edfa	0x0008d774	3	0	0x0009d774	True
9970	0x0004ee16	0x0008d798	3	0	0x0009d798	True
9971	0x0004ee1e	0x0008d79c	3	0	0x0009d79c	True
9972	0x0004ee2b	0x0008d7dc	3	0	0x0009d7dc	True
9973	0x0004ee74	0x0008d770	3	0	0x0009d770	True
9974	0x0004ee7e	0x0008d774	3	0	0x0009d774	True
9975	0x0004ee96	0x0008d798	3	0	0x0009d798	True
9976	0x0004ee9e	0x0008d79c	3	0	0x0009d79c	True
9977	0x0004eea8	0x0008d7dc	3	0	0x0009d7dc	True
9978	0x0004eeb0	0x0008d770	3	0	0x0009d770	True
9979	0x0004eeba	0x0008d774	3	0	0x0009d774	True
9980	0x0004ef39	0x0008d770	3	0	0x0009d770	True
9981	0x0004ef43	0x0008d774	3	0	0x0009d774	True
9982	0x0004ef61	0x0008d79c	3	0	0x0009d79c	True
9983	0x0004ef70	0x000b0068	3	0	0x000c0068	True
9984	0x0004ef7a	0x0008dcd0	3	0	0x0009dcd0	True
9985	0x0004f0a1	0x0008dd00	3	0	0x0009dd00	True
9986	0x0004f0a7	0x0008df80	3	0	0x0009df80	True
9987	0x0004f0ee	0x0008df80	3	0	0x0009df80	True
9988	0x0004f113	0x0008d92c	3	0	0x0009d92c	True
9989	0x0008dcd4	0x0004f10c	3	0	0x0005f10c	True
9990	0x0004f131	0x0008d798	3	0	0x0009d798	True
9991	0x0004f139	0x0008d79c	3	0	0x0009d79c	True
9992	0x0004f168	0x0008d774	3	0	0x0009d774	True
9993	0x0004f16e	0x0008d770	3	0	0x0009d770	True
9994	0x0004f182	0x0008d770	3	0	0x0009d770	True
9995	0x0004f196	0x000b006c	3	0	0x000c006c	True
9996	0x0004f19f	0x0008dd60	3	0	0x0009dd60	True
9997	0x0004f1a5	0x0008df80	3	0	0x0009df80	True
9998	0x0004f1bd	0x0008df80	3	0	0x0009df80	True
9999	0x0004f1cc	0x0008d780	3	0	0x0009d780	True
10000	0x0004f1d5	0x0008dcfc	3	0	0x0009dcfc	True
10001	0x0004f204	0x0008dce8	3	0	0x0009dce8	True
10002	0x0008dce0	0x0008dcec	3	0	0x0009dcec	True
10003	0x0008dce4	0x0008dcec	3	0	0x0009dcec	True
10004	0x0004f22c	0x000b0070	3	0	0x000c0070	True
10005	0x0008dd00	0x00076d98	3	0	0x00086d98	True
10006	0x0008dd08	0x00076d98	3	0	0x00086d98	True
10007	0x0008df80	0x0008df60	3	0	0x0009df60	True
10008	0x0004f248	0x0008d798	3	0	0x0009d798	True
10009	0x0004f256	0x0008d79c	3	0	0x0009d79c	True
10010	0x0004f27d	0x0008d798	3	0	0x0009d798	True
10011	0x0004f285	0x0008d770	3	0	0x0009d770	True
10012	0x0004f28f	0x0008d774	3	0	0x0009d774	True
10013	0x0004f2de	0x0008d79c	3	0	0x0009d79c	True
10014	0x0004f2f2	0x000b0074	3	0	0x000c0074	True
10015	0x0004f304	0x0008d798	3	0	0x0009d798	True
10016	0x0004f30c	0x0008d770	3	0	0x0009d770	True
10017	0x0004f316	0x0008d774	3	0	0x0009d774	True
10018	0x0004f33d	0x0008d79c	3	0	0x0009d79c	True
10019	0x0004f34a	0x0008d79c	3	0	0x0009d79c	True
10020	0x0004f353	0x0008d8dc	3	0	0x0009d8dc	True
10021	0x0004f35f	0x0008d8dc	3	0	0x0009d8dc	True
10022	0x0004f36f	0x0008d8dc	3	0	0x0009d8dc	True
10023	0x0004f386	0x0008d7dc	3	0	0x0009d7dc	True
10024	0x0004f3b2	0x0008d770	3	0	0x0009d770	True
10025	0x0004f3bb	0x0008d774	3	0	0x0009d774	True
10026	0x0004f3db	0x0008d79c	3	0	0x0009d79c	True
10027	0x0004f3f0	0x0008d79c	3	0	0x0009d79c	True
10028	0x0004f3fc	0x0008d79c	3	0	0x0009d79c	True
10029	0x0004f4a0	0x0008d79c	3	0	0x0009d79c	True
10030	0x0004f4b9	0x0008d8dc	3	0	0x0009d8dc	True
10031	0x0004f509	0x0008d79c	3	0	0x0009d79c	True
10032	0x0004f512	0x0008d79c	3	0	0x0009d79c	True
10033	0x0004f538	0x000b0078	3	0	0x000c0078	True
10034	0x0004f54b	0x000705c0	3	0	0x000805c0	True
10035	0x0004f55b	0x00076cb8	3	0	0x00086cb8	True
10036	0x0004f55f	0x000705c0	3	0	0x000805c0	True
10037	0x0004f564	0x00076cd4	3	0	0x00086cd4	True
10038	0x0004f56e	0x000705c0	3	0	0x000805c0	True
10039	0x0004f5d1	0x0008d91c	3	0	0x0009d91c	True
10040	0x0004f5d7	0x0008d920	3	0	0x0009d920	True
10041	0x0004f75e	0x000b007c	3	0	0x000c007c	True
10042	0x0004f76f	0x00076cd0	3	0	0x00086cd0	True
10043	0x0004f7a1	0x0008d924	3	0	0x0009d924	True
10044	0x0004f7a6	0x00076cd0	3	0	0x00086cd0	True
10045	0x0004f913	0x0008d798	3	0	0x0009d798	True
10046	0x0004f91b	0x0008d770	3	0	0x0009d770	True
10047	0x0004f925	0x0008d774	3	0	0x0009d774	True
10048	0x0004f950	0x0008d79c	3	0	0x0009d79c	True
10049	0x0004f965	0x0008d79c	3	0	0x0009d79c	True
10050	0x0004fa03	0x0008d7dc	3	0	0x0009d7dc	True
10051	0x0004fa64	0x0008d7dc	3	0	0x0009d7dc	True
10052	0x0004faa2	0x0008d770	3	0	0x0009d770	True
10053	0x0004faae	0x0008d774	3	0	0x0009d774	True
10054	0x0004facf	0x0008d79c	3	0	0x0009d79c	True
10055	0x0004fae4	0x0008d770	3	0	0x0009d770	True
10056	0x0004fb0f	0x0008d661	3	0	0x0009d661	True
10057	0x0004fb1c	0x0008d661	3	0	0x0009d661	True
10058	0x0004fb87	0x000a0030	3	0	0x000b0030	True
10059	0x0004fbf4	0x0008e250	3	0	0x0009e250	True
10060	0x0004fbfe	0x0008e250	3	0	0x0009e250	True
10061	0x0004fc0c	0x0008e250	3	0	0x0009e250	True
10062	0x0004fc19	0x0008e250	3	0	0x0009e250	True
10063	0x0008e250	0x000706d0	3	0	0x000806d0	True
10064	0x0004fc32	0x0008d661	3	0	0x0009d661	True
10065	0x0004fc3f	0x0008d661	3	0	0x0009d661	True
10066	0x0004fc61	0x0008d661	3	0	0x0009d661	True
10067	0x0004fc7b	0x0008d661	3	0	0x0009d661	True
10068	0x0008e5e4	0x0008e260	3	0	0x0009e260	True
10069	0x0008e5ec	0x0008e272	3	0	0x0009e272	True
10070	0x0008e5f4	0x0008e27c	3	0	0x0009e27c	True
10071	0x0008e5fc	0x0008e28b	3	0	0x0009e28b	True
10072	0x0008e604	0x0008e29c	3	0	0x0009e29c	True
10073	0x0008e60c	0x0008e2a4	3	0	0x0009e2a4	True
10074	0x0008e614	0x0008e2ad	3	0	0x0009e2ad	True
10075	0x0008e61c	0x0008e2b3	3	0	0x0009e2b3	True
10076	0x0008e624	0x0008e2bb	3	0	0x0009e2bb	True
10077	0x0008e62c	0x0008e2c6	3	0	0x0009e2c6	True
10078	0x0008e634	0x0008e2ce	3	0	0x0009e2ce	True
10079	0x0008e63c	0x0008e2d9	3	0	0x0009e2d9	True
10080	0x0008e644	0x0008e2de	3	0	0x0009e2de	True
10081	0x0008e654	0x0008e2e2	3	0	0x0009e2e2	True
10082	0x0008e65c	0x0008e2e9	3	0	0x0009e2e9	True
10083	0x0008e664	0x0008e2ef	3	0	0x0009e2ef	True
10084	0x0008e66c	0x0008e2f4	3	0	0x0009e2f4	True
10085	0x0008e67c	0x0008e2fb	3	0	0x0009e2fb	True
10086	0x0008e684	0x0008e2fe	3	0	0x0009e2fe	True
10087	0x0008e68c	0x0008e304	3	0	0x0009e304	True
10088	0x0008e694	0x0008e30a	3	0	0x0009e30a	True
10089	0x0008e69c	0x0008e310	3	0	0x0009e310	True
10090	0x0008e6a4	0x0008e316	3	0	0x0009e316	True
10091	0x0008e6ac	0x0008e31c	3	0	0x0009e31c	True
10092	0x0008e6b4	0x0008e322	3	0	0x0009e322	True
10093	0x0008e6bc	0x0008e329	3	0	0x0009e329	True
10094	0x0008e6c4	0x0008e330	3	0	0x0009e330	True
10095	0x0008e6cc	0x0008e336	3	0	0x0009e336	True
10096	0x0008e6d4	0x0008e33c	3	0	0x0009e33c	True
10097	0x0008e6dc	0x0008e342	3	0	0x0009e342	True
10098	0x0008e6e4	0x0008e348	3	0	0x0009e348	True
10099	0x0008e6ec	0x0008e350	3	0	0x0009e350	True
10100	0x0008e6f4	0x0008e356	3	0	0x0009e356	True
10101	0x0008e6fc	0x0008e35d	3	0	0x0009e35d	True
10102	0x0008e704	0x0008e363	3	0	0x0009e363	True
10103	0x0008e70c	0x0008e369	3	0	0x0009e369	True
10104	0x0008e714	0x0008e36f	3	0	0x0009e36f	True
10105	0x0008e71c	0x0008e37c	3	0	0x0009e37c	True
10106	0x0008e724	0x0008e389	3	0	0x0009e389	True
10107	0x0008e734	0x0008e396	3	0	0x0009e396	True
10108	0x0008e73c	0x0008e3a0	3	0	0x0009e3a0	True
10109	0x0008e744	0x0008e3ab	3	0	0x0009e3ab	True
10110	0x0008e74c	0x0008e3b5	3	0	0x0009e3b5	True
10111	0x0008e754	0x0008e3bf	3	0	0x0009e3bf	True
10112	0x0008e75c	0x0008e3cb	3	0	0x0009e3cb	True
10113	0x0008e764	0x0008e3d7	3	0	0x0009e3d7	True
10114	0x0008e76c	0x0008e3de	3	0	0x0009e3de	True
10115	0x0008e774	0x0008e3e2	3	0	0x0009e3e2	True
10116	0x0008e784	0x0008e3ed	3	0	0x0009e3ed	True
10117	0x0008e78c	0x0008e3f7	3	0	0x0009e3f7	True
10118	0x0008e794	0x0008e401	3	0	0x0009e401	True
10119	0x0008e79c	0x0008e40b	3	0	0x0009e40b	True
10120	0x0008e7a4	0x0008e415	3	0	0x0009e415	True
10121	0x0008e7ac	0x0008e41f	3	0	0x0009e41f	True
10122	0x0008e7b4	0x0008e429	3	0	0x0009e429	True
10123	0x0008e7c4	0x0008e42d	3	0	0x0009e42d	True
10124	0x0008e7cc	0x0008e43a	3	0	0x0009e43a	True
10125	0x0008e7d4	0x0008e440	3	0	0x0009e440	True
10126	0x0008e7dc	0x0008e44b	3	0	0x0009e44b	True
10127	0x0008e7e4	0x0008e456	3	0	0x0009e456	True
10128	0x0008e7ec	0x0008e461	3	0	0x0009e461	True
10129	0x0008e7f4	0x0008e46c	3	0	0x0009e46c	True
10130	0x0008e804	0x0008e477	3	0	0x0009e477	True
10131	0x0008e80c	0x0008e484	3	0	0x0009e484	True
10132	0x0008e814	0x0008e492	3	0	0x0009e492	True
10133	0x0008e81c	0x0008e49a	3	0	0x0009e49a	True
10134	0x0008e824	0x0008e4a3	3	0	0x0009e4a3	True
10135	0x0008e82c	0x0008e4af	3	0	0x0009e4af	True
10136	0x0008e834	0x0008e4ba	3	0	0x0009e4ba	True
10137	0x0008e83c	0x0008e4c4	3	0	0x0009e4c4	True
10138	0x0008e844	0x0008e4cd	3	0	0x0009e4cd	True
10139	0x0008e84c	0x0008e4d8	3	0	0x0009e4d8	True
10140	0x0008e85c	0x0008e4e6	3	0	0x0009e4e6	True
10141	0x0008e864	0x0008e4ee	3	0	0x0009e4ee	True
10142	0x0008e86c	0x0008e4f7	3	0	0x0009e4f7	True
10143	0x0008e874	0x0008e500	3	0	0x0009e500	True
10144	0x0008e884	0x0008e508	3	0	0x0009e508	True
10145	0x0008e88c	0x0008e50f	3	0	0x0009e50f	True
10146	0x0008e894	0x0008e518	3	0	0x0009e518	True
10147	0x0008e89c	0x0008e523	3	0	0x0009e523	True
10148	0x0008e8a4	0x0008e52f	3	0	0x0009e52f	True
10149	0x0008e8ac	0x0008e537	3	0	0x0009e537	True
10150	0x0008e8b4	0x0008e540	3	0	0x0009e540	True
10151	0x0008e8bc	0x0008e54c	3	0	0x0009e54c	True
10152	0x0008e8c4	0x0008e556	3	0	0x0009e556	True
10153	0x0008e8cc	0x0008e55d	3	0	0x0009e55d	True
10154	0x0008e8dc	0x0008e568	3	0	0x0009e568	True
10155	0x0008e8e4	0x0008e579	3	0	0x0009e579	True
10156	0x0008e8ec	0x0008e585	3	0	0x0009e585	True
10157	0x0008e8f4	0x0008e592	3	0	0x0009e592	True
10158	0x0008e904	0x0008e5a3	3	0	0x0009e5a3	True
10159	0x0008e90c	0x0008e5b1	3	0	0x0009e5b1	True
10160	0x0008e914	0x0008e5ba	3	0	0x0009e5ba	True
10161	0x0008e91c	0x0008e5c4	3	0	0x0009e5c4	True
10162	0x0008e924	0x0008e5ce	3	0	0x0009e5ce	True
10163	0x0008e92c	0x0008e5d8	3	0	0x0009e5d8	True
10164	0x0004fd41	0x00076f98	3	0	0x00086f98	True
10165	0x0004fd49	0x00076f9c	3	0	0x00086f9c	True
10166	0x0004fd6c	0x00076f9c	3	0	0x00086f9c	True
10167	0x0004fd74	0x00076f9c	3	0	0x00086f9c	True
10168	0x0004fd99	0x00076f9c	3	0	0x00086f9c	True
10169	0x0004fda3	0x00076f9c	3	0	0x00086f9c	True
10170	0x0004fdad	0x00076fa0	3	0	0x00086fa0	True
10171	0x0004fdbd	0x00076fa4	3	0	0x00086fa4	True
10172	0x0004fdc5	0x00076fa8	3	0	0x00086fa8	True
10173	0x0004fdd2	0x00076fac	3	0	0x00086fac	True
10174	0x0004fe21	0x00076f98	3	0	0x00086f98	True
10175	0x0004fe7b	0x00076fa4	3	0	0x00086fa4	True
10176	0x0004fe91	0x00076fa4	3	0	0x00086fa4	True
10177	0x0004feab	0x00076fa8	3	0	0x00086fa8	True
10178	0x0004fed7	0x00076fac	3	0	0x00086fac	True
10179	0x0004ff2d	0x00076fa4	3	0	0x00086fa4	True
10180	0x0004ff47	0x0008e954	3	0	0x0009e954	True
10181	0x0004ff58	0x00076fa4	3	0	0x00086fa4	True
10182	0x0004ff9d	0x0008e954	3	0	0x0009e954	True
10183	0x0004ffc9	0x0008e954	3	0	0x0009e954	True
10184	0x0004ffd6	0x00076fa4	3	0	0x00086fa4	True
10185	0x0004ffe8	0x00076fac	3	0	0x00086fac	True
10186	0x0005002c	0x00076fc0	3	0	0x00086fc0	True
10187	0x00050031	0x00076fbc	3	0	0x00086fbc	True
10188	0x00050036	0x00076fc4	3	0	0x00086fc4	True
10189	0x0005003b	0x00076fc8	3	0	0x00086fc8	True
10190	0x0005004a	0x00076f9c	3	0	0x00086f9c	True
10191	0x0005006d	0x00077000	3	0	0x00087000	True
10192	0x00050095	0x00076f9c	3	0	0x00086f9c	True
10193	0x000500b8	0x00076fac	3	0	0x00086fac	True
10194	0x000500dc	0x00076f9c	3	0	0x00086f9c	True
10195	0x000500fa	0x00076fa4	3	0	0x00086fa4	True
10196	0x00050113	0x00076fa8	3	0	0x00086fa8	True
10197	0x00050123	0x00076fa4	3	0	0x00086fa4	True
10198	0x00050143	0x00076fac	3	0	0x00086fac	True
10199	0x0005015d	0x00076fa8	3	0	0x00086fa8	True
10200	0x00050185	0x00076fc8	3	0	0x00086fc8	True
10201	0x0005018b	0x00076fcc	3	0	0x00086fcc	True
10202	0x00050194	0x00076f9c	3	0	0x00086f9c	True
10203	0x000501b6	0x00076fc8	3	0	0x00086fc8	True
10204	0x00050239	0x00070da0	3	0	0x00080da0	True
10205	0x00050259	0x00076f9c	3	0	0x00086f9c	True
10206	0x00050262	0x00076fa8	3	0	0x00086fa8	True
10207	0x00050278	0x00076fcc	3	0	0x00086fcc	True
10208	0x0005027d	0x00076fc8	3	0	0x00086fc8	True
10209	0x0005033b	0x00076f9c	3	0	0x00086f9c	True
10210	0x00050358	0x00090044	3	0	0x000a0044	True
10211	0x00050472	0x0008e958	3	0	0x0009e958	True
10212	0x000504b1	0x0008e95c	3	0	0x0009e95c	True
10213	0x000504e7	0x0008e960	3	0	0x0009e960	True
10214	0x000504f4	0x00076fbc	3	0	0x00086fbc	True
10215	0x0005050e	0x00076fbc	3	0	0x00086fbc	True
10216	0x00050513	0x0008e96a	3	0	0x0009e96a	True
10217	0x00050520	0x00076fbc	3	0	0x00086fbc	True
10218	0x0005052b	0x0008e96f	3	0	0x0009e96f	True
10219	0x00050538	0x00076fbc	3	0	0x00086fbc	True
10220	0x00050546	0x00076fbc	3	0	0x00086fbc	True
10221	0x00050550	0x00076f9c	3	0	0x00086f9c	True
10222	0x00050565	0x00076fbc	3	0	0x00086fbc	True
10223	0x00050574	0x00076fbc	3	0	0x00086fbc	True
10224	0x00050579	0x0008e974	3	0	0x0009e974	True
10225	0x00050586	0x00076fbc	3	0	0x00086fbc	True
10226	0x0005058b	0x00076fbc	3	0	0x00086fbc	True
10227	0x000505b7	0x00076fbc	3	0	0x00086fbc	True
10228	0x000505e1	0x00076fbc	3	0	0x00086fbc	True
10229	0x000505ef	0x00076fbc	3	0	0x00086fbc	True
10230	0x00050600	0x00076fcc	3	0	0x00086fcc	True
10231	0x00050608	0x00076fbc	3	0	0x00086fbc	True
10232	0x00050639	0x00076fbc	3	0	0x00086fbc	True
10233	0x00050648	0x00076fc0	3	0	0x00086fc0	True
10234	0x0005065a	0x00076fd0	3	0	0x00086fd0	True
10235	0x00050663	0x00076fa4	3	0	0x00086fa4	True
10236	0x0005066f	0x00076fa8	3	0	0x00086fa8	True
10237	0x00050684	0x0008e954	3	0	0x0009e954	True
10238	0x00050698	0x00076fd0	3	0	0x00086fd0	True
10239	0x000506a5	0x00076fd0	3	0	0x00086fd0	True
10240	0x000506b2	0x00076fac	3	0	0x00086fac	True
10241	0x000506d3	0x00090045	3	0	0x000a0045	True
10242	0x000506fc	0x00090044	3	0	0x000a0044	True
10243	0x00050723	0x00076fd0	3	0	0x00086fd0	True
10244	0x0005073e	0x00076fd0	3	0	0x00086fd0	True
10245	0x00050752	0x00076fd8	3	0	0x00086fd8	True
10246	0x00050757	0x00076fd4	3	0	0x00086fd4	True
10247	0x0005075c	0x00076fa4	3	0	0x00086fa4	True
10248	0x00050768	0x00076ffc	3	0	0x00086ffc	True
10249	0x0005078f	0x00070da0	3	0	0x00080da0	True
10250	0x000507fe	0x00076fd4	3	0	0x00086fd4	True
10251	0x00050822	0x00076fa0	3	0	0x00086fa0	True
10252	0x00050895	0x00076fd0	3	0	0x00086fd0	True
10253	0x000508ab	0x00076fd8	3	0	0x00086fd8	True
10254	0x000508b8	0x00076fd8	3	0	0x00086fd8	True
10255	0x000508f9	0x00076f9c	3	0	0x00086f9c	True
10256	0x0005097b	0x00076ffc	3	0	0x00086ffc	True
10257	0x00050993	0x00076fac	3	0	0x00086fac	True
10258	0x0005099e	0x00080130	3	0	0x00090130	True
10259	0x000509cd	0x00076ffc	3	0	0x00086ffc	True
10260	0x000509dc	0x00076fd4	3	0	0x00086fd4	True
10261	0x000509ea	0x00076fd8	3	0	0x00086fd8	True
10262	0x00050a09	0x00090044	3	0	0x000a0044	True
10263	0x00050a3f	0x00090045	3	0	0x000a0045	True
10264	0x00050a63	0x00090045	3	0	0x000a0045	True
10265	0x00050aa9	0x00076fd4	3	0	0x00086fd4	True
10266	0x00050abd	0x00076fd4	3	0	0x00086fd4	True
10267	0x00050aca	0x00076fd4	3	0	0x00086fd4	True
10268	0x00050ad8	0x00076fd0	3	0	0x00086fd0	True
10269	0x00050af0	0x00076ffc	3	0	0x00086ffc	True
10270	0x00050b1c	0x00076fd8	3	0	0x00086fd8	True
10271	0x00050b93	0x00090045	3	0	0x000a0045	True
10272	0x00050bf1	0x00090044	3	0	0x000a0044	True
10273	0x00050c3d	0x00076fd8	3	0	0x00086fd8	True
10274	0x00050c6b	0x00076fa0	3	0	0x00086fa0	True
10275	0x00050c81	0x00076fd8	3	0	0x00086fd8	True
10276	0x00050c8e	0x00076fd8	3	0	0x00086fd8	True
10277	0x00050ce4	0x00090044	3	0	0x000a0044	True
10278	0x00050d0f	0x00090045	3	0	0x000a0045	True
10279	0x00050d3a	0x00090044	3	0	0x000a0044	True
10280	0x00050d8e	0x00077000	3	0	0x00087000	True
10281	0x00050d97	0x00076fa4	3	0	0x00086fa4	True
10282	0x00050ecb	0x00076fac	3	0	0x00086fac	True
10283	0x00050f3f	0x00070da0	3	0	0x00080da0	True
10284	0x00050f65	0x00076fa4	3	0	0x00086fa4	True
10285	0x00050f77	0x00076fac	3	0	0x00086fac	True
10286	0x0005103c	0x00077000	3	0	0x00087000	True
10287	0x00051043	0x00077000	3	0	0x00087000	True
10288	0x00051051	0x00077000	3	0	0x00087000	True
10289	0x0005105c	0x00077000	3	0	0x00087000	True
10290	0x00051077	0x00077000	3	0	0x00087000	True
10291	0x0005107e	0x00077000	3	0	0x00087000	True
10292	0x000510c8	0x00077008	3	0	0x00087008	True
10293	0x00051120	0x00076fb0	3	0	0x00086fb0	True
10294	0x00051129	0x00076fb4	3	0	0x00086fb4	True
10295	0x0005117b	0x00076fb0	3	0	0x00086fb0	True
10296	0x00051187	0x00076fb4	3	0	0x00086fb4	True
10297	0x000511bc	0x00077008	3	0	0x00087008	True
10298	0x000511c4	0x00077008	3	0	0x00087008	True
10299	0x000511d1	0x00077000	3	0	0x00087000	True
10300	0x00051262	0x00077008	3	0	0x00087008	True
10301	0x0005126b	0x00076fa4	3	0	0x00086fa4	True
10302	0x0005127f	0x00076fb4	3	0	0x00086fb4	True
10303	0x0005129b	0x00076fac	3	0	0x00086fac	True
10304	0x000512a8	0x00076fb0	3	0	0x00086fb0	True
10305	0x000512b4	0x00077008	3	0	0x00087008	True
10306	0x000512c0	0x00077008	3	0	0x00087008	True
10307	0x000512db	0x00077008	3	0	0x00087008	True
10308	0x00051320	0x00077008	3	0	0x00087008	True
10309	0x00051330	0x00077008	3	0	0x00087008	True
10310	0x00051344	0x0007700c	3	0	0x0008700c	True
10311	0x00051353	0x00077008	3	0	0x00087008	True
10312	0x0005135d	0x00077008	3	0	0x00087008	True
10313	0x0005136c	0x00077008	3	0	0x00087008	True
10314	0x000513d2	0x0008e979	3	0	0x0009e979	True
10315	0x00051436	0x00077008	3	0	0x00087008	True
10316	0x0005149b	0x00077008	3	0	0x00087008	True
10317	0x000514a7	0x0007700c	3	0	0x0008700c	True
10318	0x000514ee	0x00090044	3	0	0x000a0044	True
10319	0x00051590	0x00080130	3	0	0x00090130	True
10320	0x00051636	0x0008e97e	3	0	0x0009e97e	True
10321	0x0005165c	0x0008e983	3	0	0x0009e983	True
10322	0x00051694	0x0008e988	3	0	0x0009e988	True
10323	0x000516e4	0x00076ff4	3	0	0x00086ff4	True
10324	0x00051711	0x00076ff4	3	0	0x00086ff4	True
10325	0x00051738	0x00076ff4	3	0	0x00086ff4	True
10326	0x00051777	0x00090045	3	0	0x000a0045	True
10327	0x00051799	0x00070ddc	3	0	0x00080ddc	True
10328	0x000517fd	0x0008e98d	3	0	0x0009e98d	True
10329	0x00051821	0x0008e992	3	0	0x0009e992	True
10330	0x00051835	0x00076fa0	3	0	0x00086fa0	True
10331	0x0005184a	0x00076f9c	3	0	0x00086f9c	True
10332	0x00051862	0x00076f98	3	0	0x00086f98	True
10333	0x00051872	0x00076fbc	3	0	0x00086fbc	True
10334	0x000518a6	0x0008e998	3	0	0x0009e998	True
10335	0x000518df	0x0007700c	3	0	0x0008700c	True
10336	0x00051946	0x0008e99d	3	0	0x0009e99d	True
10337	0x0005195a	0x00076fa0	3	0	0x00086fa0	True
10338	0x00051971	0x0008e9a3	3	0	0x0009e9a3	True
10339	0x00051993	0x00076f9c	3	0	0x00086f9c	True
10340	0x000519d9	0x0007700c	3	0	0x0008700c	True
10341	0x000519e1	0x0007700c	3	0	0x0008700c	True
10342	0x00051a16	0x0008e9a8	3	0	0x0009e9a8	True
10343	0x00051a36	0x00076fa4	3	0	0x00086fa4	True
10344	0x00051ade	0x0008e9b1	3	0	0x0009e9b1	True
10345	0x00051b31	0x00076f98	3	0	0x00086f98	True
10346	0x00051b43	0x00076fbc	3	0	0x00086fbc	True
10347	0x00051c07	0x00076ff8	3	0	0x00086ff8	True
10348	0x00051c0b	0x00051d52	3	0	0x00061d52	True
10349	0x00051c22	0x00076ff8	3	0	0x00086ff8	True
10350	0x00051c7e	0x0008e9b5	3	0	0x0009e9b5	True
10351	0x00051cc3	0x0008e9ba	3	0	0x0009e9ba	True
10352	0x00051cf1	0x0008e9bf	3	0	0x0009e9bf	True
10353	0x00051d44	0x00070ddc	3	0	0x00080ddc	True
10354	0x00051d5a	0x00076ff4	3	0	0x00086ff4	True
10355	0x00051d6d	0x00076ff4	3	0	0x00086ff4	True
10356	0x00051d7b	0x00076ff4	3	0	0x00086ff4	True
10357	0x00051de6	0x0008e9c4	3	0	0x0009e9c4	True
10358	0x00051e0a	0x0008e9c9	3	0	0x0009e9c9	True
10359	0x00051e3d	0x0008e9ce	3	0	0x0009e9ce	True
10360	0x00051e4f	0x0008e9d3	3	0	0x0009e9d3	True
10361	0x00051f2b	0x00076f98	3	0	0x00086f98	True
10362	0x00051fbd	0x0008e9d8	3	0	0x0009e9d8	True
10363	0x00051ff0	0x0008e9dd	3	0	0x0009e9dd	True
10364	0x00052056	0x00077004	3	0	0x00087004	True
10365	0x0005205e	0x00077004	3	0	0x00087004	True
10366	0x00052068	0x00077004	3	0	0x00087004	True
10367	0x000520b2	0x00076fbc	3	0	0x00086fbc	True
10368	0x000520c2	0x00076f98	3	0	0x00086f98	True
10369	0x000520cf	0x00076f98	3	0	0x00086f98	True
10370	0x000520e6	0x00076fc4	3	0	0x00086fc4	True
10371	0x000520f2	0x00076fbc	3	0	0x00086fbc	True
10372	0x00052110	0x00076fbc	3	0	0x00086fbc	True
10373	0x0005211d	0x00076fc4	3	0	0x00086fc4	True
10374	0x00052128	0x00076fbc	3	0	0x00086fbc	True
10375	0x00052130	0x00076fbc	3	0	0x00086fbc	True
10376	0x00052137	0x00076fbc	3	0	0x00086fbc	True
10377	0x0005214f	0x0008e9e2	3	0	0x0009e9e2	True
10378	0x00052163	0x00076fa0	3	0	0x00086fa0	True
10379	0x00052186	0x0008e9e8	3	0	0x0009e9e8	True
10380	0x00052193	0x00076fc4	3	0	0x00086fc4	True
10381	0x000521ab	0x00076fbc	3	0	0x00086fbc	True
10382	0x000521b8	0x00080118	3	0	0x00090118	True
10383	0x000521c5	0x00077010	3	0	0x00087010	True
10384	0x000521ce	0x00076fa4	3	0	0x00086fa4	True
10385	0x00052301	0x00077010	3	0	0x00087010	True
10386	0x00052308	0x00077010	3	0	0x00087010	True
10387	0x0005231b	0x00076fac	3	0	0x00086fac	True
10388	0x0005233f	0x00076fa4	3	0	0x00086fa4	True
10389	0x0005236b	0x00076fac	3	0	0x00086fac	True
10390	0x00052380	0x00077010	3	0	0x00087010	True
10391	0x00052391	0x00077010	3	0	0x00087010	True
10392	0x000523fb	0x00076fc4	3	0	0x00086fc4	True
10393	0x0005240d	0x00076fa0	3	0	0x00086fa0	True
10394	0x000525ff	0x00090044	3	0	0x000a0044	True
10395	0x0005261c	0x00090045	3	0	0x000a0045	True
10396	0x00052647	0x00070da0	3	0	0x00080da0	True
10397	0x00052667	0x00077010	3	0	0x00087010	True
10398	0x00052702	0x00077010	3	0	0x00087010	True
10399	0x00052721	0x00090045	3	0	0x000a0045	True
10400	0x00052775	0x00076f9c	3	0	0x00086f9c	True
10401	0x00052790	0x00076fbc	3	0	0x00086fbc	True
10402	0x000527aa	0x00076fbc	3	0	0x00086fbc	True
10403	0x000527b5	0x00077000	3	0	0x00087000	True
10404	0x000527c7	0x00076fbc	3	0	0x00086fbc	True
10405	0x00052818	0x00076fc4	3	0	0x00086fc4	True
10406	0x00052838	0x0008e9ed	3	0	0x0009e9ed	True
10407	0x00052857	0x00076fa0	3	0	0x00086fa0	True
10408	0x00052897	0x00070da0	3	0	0x00080da0	True
10409	0x000528c3	0x00076fa4	3	0	0x00086fa4	True
10410	0x000528db	0x00076fa8	3	0	0x00086fa8	True
10411	0x000528eb	0x00076fa4	3	0	0x00086fa4	True
10412	0x00052924	0x00076fac	3	0	0x00086fac	True
10413	0x0005294f	0x0008e954	3	0	0x0009e954	True
10414	0x00052992	0x00070ddc	3	0	0x00080ddc	True
10415	0x0005299b	0x00076fa4	3	0	0x00086fa4	True
10416	0x000529c7	0x00076fac	3	0	0x00086fac	True
10417	0x000529db	0x00077000	3	0	0x00087000	True
10418	0x00052a02	0x00076fc8	3	0	0x00086fc8	True
10419	0x00052a0e	0x00076fbc	3	0	0x00086fbc	True
10420	0x00052a16	0x00076fc0	3	0	0x00086fc0	True
10421	0x00052a21	0x00076fc8	3	0	0x00086fc8	True
10422	0x00052a67	0x00076fbc	3	0	0x00086fbc	True
10423	0x00052a6f	0x00076fbc	3	0	0x00086fbc	True
10424	0x00052a77	0x00076fc0	3	0	0x00086fc0	True
10425	0x00052a8f	0x00076fbc	3	0	0x00086fbc	True
10426	0x00052ac1	0x00070ddc	3	0	0x00080ddc	True
10427	0x00052b2f	0x00077000	3	0	0x00087000	True
10428	0x00052b52	0x0008e9fe	3	0	0x0009e9fe	True
10429	0x00052c09	0x0008ea09	3	0	0x0009ea09	True
10430	0x00052c2c	0x0008ea0e	3	0	0x0009ea0e	True
10431	0x00052c51	0x00090044	3	0	0x000a0044	True
10432	0x00052c62	0x0008e954	3	0	0x0009e954	True
10433	0x00052dca	0x00076fc8	3	0	0x00086fc8	True
10434	0x00052dd0	0x00076fa4	3	0	0x00086fa4	True
10435	0x00052de1	0x00076fbc	3	0	0x00086fbc	True
10436	0x00052def	0x00076fc4	3	0	0x00086fc4	True
10437	0x00052df7	0x00076fc4	3	0	0x00086fc4	True
10438	0x00052e32	0x0008ea16	3	0	0x0009ea16	True
10439	0x00052e46	0x00076fa0	3	0	0x00086fa0	True
10440	0x00052e6d	0x0008ea1c	3	0	0x0009ea1c	True
10441	0x00052e96	0x0008ea21	3	0	0x0009ea21	True
10442	0x00052ece	0x00076f9c	3	0	0x00086f9c	True
10443	0x00052f10	0x00076fc8	3	0	0x00086fc8	True
10444	0x00052f46	0x00076fc8	3	0	0x00086fc8	True
10445	0x00052f54	0x00076fc8	3	0	0x00086fc8	True
10446	0x00052f71	0x0008ea2a	3	0	0x0009ea2a	True
10447	0x00052f86	0x00077000	3	0	0x00087000	True
10448	0x00052f8e	0x00077000	3	0	0x00087000	True
10449	0x00052f9f	0x00076fa4	3	0	0x00086fa4	True
10450	0x00052fac	0x00077000	3	0	0x00087000	True
10451	0x00052ffd	0x00077000	3	0	0x00087000	True
10452	0x00053005	0x00077000	3	0	0x00087000	True
10453	0x00053020	0x00076fac	3	0	0x00086fac	True
10454	0x00053030	0x00077000	3	0	0x00087000	True
10455	0x00053038	0x00077000	3	0	0x00087000	True
10456	0x00053044	0x00076fbc	3	0	0x00086fbc	True
10457	0x00053056	0x00077000	3	0	0x00087000	True
10458	0x00053072	0x00070ddc	3	0	0x00080ddc	True
10459	0x0005307c	0x00076fcc	3	0	0x00086fcc	True
10460	0x00053084	0x00076fa0	3	0	0x00086fa0	True
10461	0x0005308e	0x00076fcc	3	0	0x00086fcc	True
10462	0x000530a9	0x00076fcc	3	0	0x00086fcc	True
10463	0x000530b3	0x00076fcc	3	0	0x00086fcc	True
10464	0x000530b8	0x00076fc8	3	0	0x00086fc8	True
10465	0x000530bd	0x00076fa4	3	0	0x00086fa4	True
10466	0x000530de	0x00076fac	3	0	0x00086fac	True
10467	0x000530ee	0x00070ddc	3	0	0x00080ddc	True
10468	0x00053249	0x00077000	3	0	0x00087000	True
10469	0x00053268	0x00077000	3	0	0x00087000	True
10470	0x0005326d	0x00076f98	3	0	0x00086f98	True
10471	0x0005327d	0x00077004	3	0	0x00087004	True
10472	0x000532bc	0x00077004	3	0	0x00087004	True
10473	0x000532cc	0x00076fbc	3	0	0x00086fbc	True
10474	0x000532d4	0x00076fbc	3	0	0x00086fbc	True
10475	0x000532e2	0x00076fc4	3	0	0x00086fc4	True
10476	0x000532eb	0x00076fc4	3	0	0x00086fc4	True
10477	0x000532f9	0x00076fc0	3	0	0x00086fc0	True
10478	0x00053302	0x00076fc0	3	0	0x00086fc0	True
10479	0x00053311	0x00076fc0	3	0	0x00086fc0	True
10480	0x00053316	0x00076fbc	3	0	0x00086fbc	True
10481	0x0005331b	0x00076fc4	3	0	0x00086fc4	True
10482	0x0005332b	0x00076fd0	3	0	0x00086fd0	True
10483	0x00053336	0x00076fd0	3	0	0x00086fd0	True
10484	0x0005334b	0x00076fec	3	0	0x00086fec	True
10485	0x00053350	0x00076ff0	3	0	0x00086ff0	True
10486	0x00053355	0x00076f9c	3	0	0x00086f9c	True
10487	0x0005335c	0x00076fb0	3	0	0x00086fb0	True
10488	0x0005338b	0x00076f9c	3	0	0x00086f9c	True
10489	0x000533ab	0x00076f9c	3	0	0x00086f9c	True
10490	0x000533c2	0x00076f9c	3	0	0x00086f9c	True
10491	0x000533f3	0x00076f9c	3	0	0x00086f9c	True
10492	0x000533fd	0x00076f9c	3	0	0x00086f9c	True
10493	0x00053413	0x00076f9c	3	0	0x00086f9c	True
10494	0x0005341b	0x00076f9c	3	0	0x00086f9c	True
10495	0x00053466	0x00076fb0	3	0	0x00086fb0	True
10496	0x00053487	0x00090044	3	0	0x000a0044	True
10497	0x000534e9	0x00080118	3	0	0x00090118	True
10498	0x0005350d	0x000800dc	3	0	0x000900dc	True
10499	0x00053552	0x00076f9c	3	0	0x00086f9c	True
10500	0x000535bc	0x00076fec	3	0	0x00086fec	True
10501	0x000535c5	0x00076ff0	3	0	0x00086ff0	True
10502	0x0005363d	0x00081070	3	0	0x00091070	True
10503	0x0005364a	0x00081070	3	0	0x00091070	True
10504	0x0005365b	0x00081070	3	0	0x00091070	True
10505	0x00053668	0x00081070	3	0	0x00091070	True
10506	0x00053688	0x00070ddc	3	0	0x00080ddc	True
10507	0x0005369b	0x00070ddc	3	0	0x00080ddc	True
10508	0x000536ac	0x00076fec	3	0	0x00086fec	True
10509	0x000536ba	0x00076ff0	3	0	0x00086ff0	True
10510	0x000536de	0x00076fb8	3	0	0x00086fb8	True
10511	0x000536fe	0x00090045	3	0	0x000a0045	True
10512	0x0005371f	0x00076fb8	3	0	0x00086fb8	True
10513	0x0005373d	0x00090044	3	0	0x000a0044	True
10514	0x0005376f	0x00090045	3	0	0x000a0045	True
10515	0x000537a0	0x00076fec	3	0	0x00086fec	True
10516	0x000537ad	0x00076fec	3	0	0x00086fec	True
10517	0x000537ba	0x0008ea30	3	0	0x0009ea30	True
10518	0x000537e4	0x00076fb8	3	0	0x00086fb8	True
10519	0x000537f1	0x00076fb8	3	0	0x00086fb8	True
10520	0x00053805	0x00076ff0	3	0	0x00086ff0	True
10521	0x00053812	0x00076ff0	3	0	0x00086ff0	True
10522	0x0005385e	0x00090044	3	0	0x000a0044	True
10523	0x0005387b	0x00077014	3	0	0x00087014	True
10524	0x000538a8	0x00076fb0	3	0	0x00086fb0	True
10525	0x000538e2	0x00090044	3	0	0x000a0044	True
10526	0x0005392f	0x00090045	3	0	0x000a0045	True
10527	0x000539c9	0x0008e954	3	0	0x0009e954	True
10528	0x00053a11	0x0007128c	3	0	0x0008128c	True
10529	0x00053a61	0x0007128c	3	0	0x0008128c	True
10530	0x00053a75	0x00070858	3	0	0x00080858	True
10531	0x00053a7f	0x0008ea35	3	0	0x0009ea35	True
10532	0x00053a8d	0x0008ea38	3	0	0x0009ea38	True
10533	0x00053ac1	0x0008ea33	3	0	0x0009ea33	True
10534	0x00053ae0	0x0008ea3d	3	0	0x0009ea3d	True
10535	0x00053b40	0x0008ea42	3	0	0x0009ea42	True
10536	0x00053b5f	0x0008ea59	3	0	0x0009ea59	True
10537	0x00053b78	0x0008ea5d	3	0	0x0009ea5d	True
10538	0x00053b97	0x0008ea65	3	0	0x0009ea65	True
10539	0x00053bb0	0x0008ea69	3	0	0x0009ea69	True
10540	0x00053bc2	0x0008ea6b	3	0	0x0009ea6b	True
10541	0x00053bef	0x0008ea7b	3	0	0x0009ea7b	True
10542	0x00053c01	0x00077000	3	0	0x00087000	True
10543	0x00053c46	0x0008eaac	3	0	0x0009eaac	True
10544	0x00053c5e	0x0008ead2	3	0	0x0009ead2	True
10545	0x00053c77	0x0008ead6	3	0	0x0009ead6	True
10546	0x00053c89	0x00077008	3	0	0x00087008	True
10547	0x00053cb1	0x00076f9c	3	0	0x00086f9c	True
10548	0x00053cbb	0x0008ead8	3	0	0x0009ead8	True
10549	0x00053cd3	0x00076fac	3	0	0x00086fac	True
10550	0x00053ced	0x00070858	3	0	0x00080858	True
10551	0x00053df1	0x0007128c	3	0	0x0008128c	True
10552	0x00053e04	0x0007089c	3	0	0x0008089c	True
10553	0x00053e14	0x00080644	3	0	0x00090644	True
10554	0x00053e2d	0x00080644	3	0	0x00090644	True
10555	0x00053e38	0x0008eada	3	0	0x0009eada	True
10556	0x00053e4e	0x00080160	3	0	0x00090160	True
10557	0x00053e58	0x00081070	3	0	0x00091070	True
10558	0x00053e72	0x00080104	3	0	0x00090104	True
10559	0x00053e91	0x00080108	3	0	0x00090108	True
10560	0x00053ea5	0x00080110	3	0	0x00090110	True
10561	0x00053ec4	0x00077004	3	0	0x00087004	True
10562	0x00053ece	0x0007088c	3	0	0x0008088c	True
10563	0x00053edc	0x00076fe4	3	0	0x00086fe4	True
10564	0x00053ee7	0x00076fe4	3	0	0x00086fe4	True
10565	0x00053f19	0x00070da0	3	0	0x00080da0	True
10566	0x00053fc9	0x0008014c	3	0	0x0009014c	True
10567	0x00053fe9	0x00080118	3	0	0x00090118	True
10568	0x00054013	0x000800dc	3	0	0x000900dc	True
10569	0x000540be	0x00076fe0	3	0	0x00086fe0	True
10570	0x000540c3	0x00076fe4	3	0	0x00086fe4	True
10571	0x000540c8	0x00076fdc	3	0	0x00086fdc	True
10572	0x000540ec	0x00076fe0	3	0	0x00086fe0	True
10573	0x00054109	0x00076fdc	3	0	0x00086fdc	True
10574	0x00054116	0x00076fdc	3	0	0x00086fdc	True
10575	0x00054122	0x00076fb0	3	0	0x00086fb0	True
10576	0x0005413e	0x0008014c	3	0	0x0009014c	True
10577	0x00054180	0x00076fe8	3	0	0x00086fe8	True
10578	0x00054189	0x00076fe0	3	0	0x00086fe0	True
10579	0x0005419f	0x00076fe0	3	0	0x00086fe0	True
10580	0x000541a5	0x00076fdc	3	0	0x00086fdc	True
10581	0x000541b2	0x00077014	3	0	0x00087014	True
10582	0x000541cb	0x00076fe0	3	0	0x00086fe0	True
10583	0x000541d9	0x00076fdc	3	0	0x00086fdc	True
10584	0x0005420b	0x00076fb0	3	0	0x00086fb0	True
10585	0x00054212	0x0005446a	3	0	0x0006446a	True
10586	0x00054233	0x00076fb0	3	0	0x00086fb0	True
10587	0x0005423a	0x0005457e	3	0	0x0006457e	True
10588	0x0005426d	0x00090044	3	0	0x000a0044	True
10589	0x000542a6	0x00090045	3	0	0x000a0045	True
10590	0x000542d5	0x00076fb0	3	0	0x00086fb0	True
10591	0x00054300	0x00076fdc	3	0	0x00086fdc	True
10592	0x00054315	0x00077014	3	0	0x00087014	True
10593	0x00054344	0x00076fe0	3	0	0x00086fe0	True
10594	0x00054359	0x00076fb0	3	0	0x00086fb0	True
10595	0x00054372	0x0008e954	3	0	0x0009e954	True
10596	0x0005439a	0x00090044	3	0	0x000a0044	True
10597	0x000543e2	0x00090044	3	0	0x000a0044	True
10598	0x0005441b	0x00076fb0	3	0	0x00086fb0	True
10599	0x0005443f	0x00090044	3	0	0x000a0044	True
10600	0x0005445b	0x00076fb0	3	0	0x00086fb0	True
10601	0x0005447d	0x00090044	3	0	0x000a0044	True
10602	0x0005449a	0x00090045	3	0	0x000a0045	True
10603	0x000544ca	0x00076fb0	3	0	0x00086fb0	True
10604	0x000544e7	0x00076fb0	3	0	0x00086fb0	True
10605	0x00054511	0x00090044	3	0	0x000a0044	True
10606	0x0005452c	0x00076fe4	3	0	0x00086fe4	True
10607	0x00054539	0x00076fe4	3	0	0x00086fe4	True
10608	0x00054560	0x00090045	3	0	0x000a0045	True
10609	0x00054591	0x00090044	3	0	0x000a0044	True
10610	0x000545c2	0x00090045	3	0	0x000a0045	True
10611	0x000545ea	0x00090045	3	0	0x000a0045	True
10612	0x0005460e	0x00076fe4	3	0	0x00086fe4	True
10613	0x00054630	0x00076fb0	3	0	0x00086fb0	True
10614	0x0005464d	0x00076fb0	3	0	0x00086fb0	True
10615	0x00054694	0x00076fb0	3	0	0x00086fb0	True
10616	0x000546b5	0x00076fb0	3	0	0x00086fb0	True
10617	0x0005470f	0x00077014	3	0	0x00087014	True
10618	0x00054714	0x00076fe8	3	0	0x00086fe8	True
10619	0x00054749	0x00090044	3	0	0x000a0044	True
10620	0x00054777	0x00076fe8	3	0	0x00086fe8	True
10621	0x00054784	0x00076fe8	3	0	0x00086fe8	True
10622	0x000547a7	0x00070da0	3	0	0x00080da0	True
10623	0x000547c6	0x00077014	3	0	0x00087014	True
10624	0x000547ce	0x00077014	3	0	0x00087014	True
10625	0x000547e9	0x0007128c	3	0	0x0008128c	True
10626	0x00054803	0x00070da0	3	0	0x00080da0	True
10627	0x00054827	0x00077014	3	0	0x00087014	True
10628	0x000548d1	0x0008eb17	3	0	0x0009eb17	True
10629	0x00054915	0x000711d0	3	0	0x000811d0	True
10630	0x0005491e	0x00071394	3	0	0x00081394	True
10631	0x0005493b	0x000711d0	3	0	0x000811d0	True
10632	0x00054944	0x00071394	3	0	0x00081394	True
10633	0x0005497d	0x00090044	3	0	0x000a0044	True
10634	0x000549ca	0x00090045	3	0	0x000a0045	True
10635	0x000549f2	0x00090044	3	0	0x000a0044	True
10636	0x00054a4d	0x00090045	3	0	0x000a0045	True
10637	0x00054a70	0x000711d0	3	0	0x000811d0	True
10638	0x00054a8c	0x00071394	3	0	0x00081394	True
10639	0x00054aac	0x00090045	3	0	0x000a0045	True
10640	0x00054ad1	0x00090045	3	0	0x000a0045	True
10641	0x00054b0e	0x00090044	3	0	0x000a0044	True
10642	0x00054b6b	0x00090045	3	0	0x000a0045	True
10643	0x00054bb5	0x00090044	3	0	0x000a0044	True
10644	0x00054be9	0x00090045	3	0	0x000a0045	True
10645	0x00054c9d	0x00090044	3	0	0x000a0044	True
10646	0x00054cc6	0x00076ff8	3	0	0x00086ff8	True
10647	0x00054cd0	0x00076ff8	3	0	0x00086ff8	True
10648	0x00054d31	0x00090045	3	0	0x000a0045	True
10649	0x00054d5a	0x00090044	3	0	0x000a0044	True
10650	0x00054d8a	0x00090045	3	0	0x000a0045	True
10651	0x00054dbb	0x0007110c	3	0	0x0008110c	True
10652	0x00054dd0	0x0007110c	3	0	0x0008110c	True
10653	0x00054de1	0x00070858	3	0	0x00080858	True
10654	0x00054deb	0x00083228	3	0	0x00093228	True
10655	0x00054e06	0x00083228	3	0	0x00093228	True
10656	0x00054e1e	0x00083228	3	0	0x00093228	True
10657	0x00054e36	0x00083228	3	0	0x00093228	True
10658	0x00054e4e	0x00083228	3	0	0x00093228	True
10659	0x00054e66	0x00083228	3	0	0x00093228	True
10660	0x00054e8e	0x00083228	3	0	0x00093228	True
10661	0x00054e96	0x00070d90	3	0	0x00080d90	True
10662	0x00054ea3	0x00070d90	3	0	0x00080d90	True
10663	0x00054ea8	0x00083228	3	0	0x00093228	True
10664	0x00054eb0	0x000711e0	3	0	0x000811e0	True
10665	0x00054eba	0x000711e0	3	0	0x000811e0	True
10666	0x00054f21	0x0007128c	3	0	0x0008128c	True
10667	0x00054f37	0x00083228	3	0	0x00093228	True
10668	0x00054f63	0x00070d90	3	0	0x00080d90	True
10669	0x00054f68	0x00083228	3	0	0x00093228	True
10670	0x00054f6f	0x00054f7e	3	0	0x00064f7e	True
10671	0x00054f9f	0x00070d90	3	0	0x00080d90	True
10672	0x00054fa4	0x00083228	3	0	0x00093228	True
10673	0x00054fab	0x00054fba	3	0	0x00064fba	True
10674	0x00054fdc	0x00083228	3	0	0x00093228	True
10675	0x00054fe3	0x00054ff2	3	0	0x00064ff2	True
10676	0x00055065	0x00070884	3	0	0x00080884	True
10677	0x000550b2	0x00070884	3	0	0x00080884	True
10678	0x00055161	0x00083228	3	0	0x00093228	True
10679	0x0005519a	0x00083228	3	0	0x00093228	True
10680	0x000551c3	0x00083228	3	0	0x00093228	True
10681	0x00055255	0x0008e954	3	0	0x0009e954	True
10682	0x00055343	0x00083228	3	0	0x00093228	True
10683	0x00055367	0x00083228	3	0	0x00093228	True
10684	0x000553a0	0x00070884	3	0	0x00080884	True
10685	0x000553aa	0x00083228	3	0	0x00093228	True
10686	0x000553c6	0x000711e0	3	0	0x000811e0	True
10687	0x000553d7	0x00083228	3	0	0x00093228	True
10688	0x000553f2	0x00070884	3	0	0x00080884	True
10689	0x0008e954	0x0008e940	3	0	0x0009e940	True
10690	0x000554a6	0x00090044	3	0	0x000a0044	True
10691	0x000554c6	0x0008eb54	3	0	0x0009eb54	True
10692	0x0005552d	0x0008eb33	3	0	0x0009eb33	True
10693	0x0005554e	0x00090044	3	0	0x000a0044	True
10694	0x00055569	0x0008eb58	3	0	0x0009eb58	True
10695	0x0005557a	0x0008eb54	3	0	0x0009eb54	True
10696	0x0008eb54	0x0008eb20	3	0	0x0009eb20	True
10697	0x00055612	0x0008155c	3	0	0x0009155c	True
10698	0x00055620	0x0008ebb8	3	0	0x0009ebb8	True
10699	0x0005562e	0x0008155c	3	0	0x0009155c	True
10700	0x00055635	0x00081560	3	0	0x00091560	True
10701	0x00055642	0x0008ebb8	3	0	0x0009ebb8	True
10702	0x00055672	0x0008ebb8	3	0	0x0009ebb8	True
10703	0x0005568e	0x0008ebbc	3	0	0x0009ebbc	True
10704	0x0005569b	0x0008ebb8	3	0	0x0009ebb8	True
10705	0x000556b2	0x0008155c	3	0	0x0009155c	True
10706	0x000556be	0x0008ebcc	3	0	0x0009ebcc	True
10707	0x000556e1	0x0008ebb8	3	0	0x0009ebb8	True
10708	0x000556f5	0x0008ec18	3	0	0x0009ec18	True
10709	0x000556fa	0x0008ec1c	3	0	0x0009ec1c	True
10710	0x00055700	0x0008ec0c	3	0	0x0009ec0c	True
10711	0x0005570f	0x0008ec14	3	0	0x0009ec14	True
10712	0x0005571a	0x0008ec10	3	0	0x0009ec10	True
10713	0x0005572a	0x0008ec10	3	0	0x0009ec10	True
10714	0x0005574c	0x0008ebcc	3	0	0x0009ebcc	True
10715	0x00055761	0x0008ebbc	3	0	0x0009ebbc	True
10716	0x00055768	0x00070750	3	0	0x00080750	True
10717	0x00055775	0x000706f0	3	0	0x000806f0	True
10718	0x0005577d	0x000706f8	3	0	0x000806f8	True
10719	0x000557a4	0x0008ebcc	3	0	0x0009ebcc	True
10720	0x000557c1	0x00070750	3	0	0x00080750	True
10721	0x000557c8	0x000706f0	3	0	0x000806f0	True
10722	0x000557ce	0x000706f8	3	0	0x000806f8	True
10723	0x000557e1	0x0008155c	3	0	0x0009155c	True
10724	0x000557ee	0x0008ebaf	3	0	0x0009ebaf	True
10725	0x000557f3	0x000576f2	3	0	0x000676f2	True
10726	0x0005581a	0x0008ebbc	3	0	0x0009ebbc	True
10727	0x0005582c	0x0008ebcc	3	0	0x0009ebcc	True
10728	0x00055836	0x0008155c	3	0	0x0009155c	True
10729	0x00055853	0x0008eb94	3	0	0x0009eb94	True
10730	0x00055869	0x0008ebb8	3	0	0x0009ebb8	True
10731	0x0005589c	0x00070750	3	0	0x00080750	True
10732	0x000558cd	0x0008ebb8	3	0	0x0009ebb8	True
10733	0x000558f8	0x0008ebb8	3	0	0x0009ebb8	True
10734	0x00055906	0x00080b9c	3	0	0x00090b9c	True
10735	0x0005593f	0x000706f0	3	0	0x000806f0	True
10736	0x00055949	0x000706f0	3	0	0x000806f0	True
10737	0x0005595b	0x0008ebb8	3	0	0x0009ebb8	True
10738	0x00055976	0x000706f8	3	0	0x000806f8	True
10739	0x0005597f	0x000706f8	3	0	0x000806f8	True
10740	0x00055996	0x000706f8	3	0	0x000806f8	True
10741	0x000559ad	0x0008eb94	3	0	0x0009eb94	True
10742	0x000559e2	0x00080b9c	3	0	0x00090b9c	True
10743	0x000559f0	0x0008ebb8	3	0	0x0009ebb8	True
10744	0x00055a14	0x0008ebb8	3	0	0x0009ebb8	True
10745	0x00055a35	0x0008155c	3	0	0x0009155c	True
10746	0x00055a47	0x00070750	3	0	0x00080750	True
10747	0x00055a50	0x0008ebbc	3	0	0x0009ebbc	True
10748	0x00055a66	0x00080b9c	3	0	0x00090b9c	True
10749	0x00055a74	0x0008ebb8	3	0	0x0009ebb8	True
10750	0x00055a98	0x0008ebb8	3	0	0x0009ebb8	True
10751	0x00055aca	0x0008ebb8	3	0	0x0009ebb8	True
10752	0x00055adf	0x0008ec0c	3	0	0x0009ec0c	True
10753	0x00055b05	0x0008eb94	3	0	0x0009eb94	True
10754	0x00055b30	0x00057596	3	0	0x00067596	True
10755	0x00055b37	0x000575ba	3	0	0x000675ba	True
10756	0x00055b46	0x0008ec14	3	0	0x0009ec14	True
10757	0x00055b6e	0x0008ebb8	3	0	0x0009ebb8	True
10758	0x00055b87	0x0008ec10	3	0	0x0009ec10	True
10759	0x00055bcd	0x0008ebbc	3	0	0x0009ebbc	True
10760	0x00055bd4	0x00070750	3	0	0x00080750	True
10761	0x00055be1	0x000706f0	3	0	0x000806f0	True
10762	0x00055be9	0x000706f8	3	0	0x000806f8	True
10763	0x00055c0d	0x00070750	3	0	0x00080750	True
10764	0x00055c14	0x000706f0	3	0	0x000806f0	True
10765	0x00055c1a	0x000706f8	3	0	0x000806f8	True
10766	0x00055c40	0x000706f4	3	0	0x000806f4	True
10767	0x00055c48	0x0008ec22	3	0	0x0009ec22	True
10768	0x00055c4d	0x000576f2	3	0	0x000676f2	True
10769	0x00055c71	0x0008eb94	3	0	0x0009eb94	True
10770	0x00055cb5	0x0008ebb8	3	0	0x0009ebb8	True
10771	0x00055cdb	0x0008ebb8	3	0	0x0009ebb8	True
10772	0x00055ce0	0x0008ec2b	3	0	0x0009ec2b	True
10773	0x00055cf3	0x0008eb94	3	0	0x0009eb94	True
10774	0x00055d07	0x0008ebb8	3	0	0x0009ebb8	True
10775	0x00055d31	0x00070750	3	0	0x00080750	True
10776	0x00055d3e	0x0008ec3e	3	0	0x0009ec3e	True
10777	0x00055d43	0x000576f2	3	0	0x000676f2	True
10778	0x00055d5e	0x00080b9c	3	0	0x00090b9c	True
10779	0x00055d6c	0x0008ebb8	3	0	0x0009ebb8	True
10780	0x00055d90	0x0008ebb8	3	0	0x0009ebb8	True
10781	0x00055db1	0x0008ebb8	3	0	0x0009ebb8	True
10782	0x00055db6	0x0008ec48	3	0	0x0009ec48	True
10783	0x00055dc9	0x0008eb94	3	0	0x0009eb94	True
10784	0x00055ddc	0x00070734	3	0	0x00080734	True
10785	0x00055def	0x000706f8	3	0	0x000806f8	True
10786	0x00055dfa	0x000706f0	3	0	0x000806f0	True
10787	0x00055e04	0x000706f4	3	0	0x000806f4	True
10788	0x00055e0c	0x0008ec5b	3	0	0x0009ec5b	True
10789	0x00055e11	0x000576f2	3	0	0x000676f2	True
10790	0x00055e3f	0x0008ebb8	3	0	0x0009ebb8	True
10791	0x00055e52	0x0008eb94	3	0	0x0009eb94	True
10792	0x00055e77	0x00070750	3	0	0x00080750	True
10793	0x00055e8e	0x00070750	3	0	0x00080750	True
10794	0x00055e99	0x00070648	3	0	0x00080648	True
10795	0x00055ec4	0x00070750	3	0	0x00080750	True
10796	0x00055ed1	0x0008ec66	3	0	0x0009ec66	True
10797	0x00055ed6	0x000576f2	3	0	0x000676f2	True
10798	0x00055f01	0x0008ebcc	3	0	0x0009ebcc	True
10799	0x00055f11	0x0008155c	3	0	0x0009155c	True
10800	0x00055f34	0x0008ebcc	3	0	0x0009ebcc	True
10801	0x00055f49	0x0008155c	3	0	0x0009155c	True
10802	0x00055faf	0x00090045	3	0	0x000a0045	True
10803	0x00055fe4	0x0008ec70	3	0	0x0009ec70	True
10804	0x00055fe9	0x000576f2	3	0	0x000676f2	True
10805	0x0005601d	0x0008ebb8	3	0	0x0009ebb8	True
10806	0x00056030	0x0008eb94	3	0	0x0009eb94	True
10807	0x0005606a	0x0008ebb8	3	0	0x0009ebb8	True
10808	0x00056096	0x0008eb90	3	0	0x0009eb90	True
10809	0x000560bc	0x0008ebb8	3	0	0x0009ebb8	True
10810	0x00056118	0x0008ebb8	3	0	0x0009ebb8	True
10811	0x0005614c	0x0008ec78	3	0	0x0009ec78	True
10812	0x0005639e	0x0008ebb8	3	0	0x0009ebb8	True
10813	0x000563db	0x0008ebb8	3	0	0x0009ebb8	True
10814	0x000563f8	0x0008eb94	3	0	0x0009eb94	True
10815	0x00056455	0x0008ebb8	3	0	0x0009ebb8	True
10816	0x0005646c	0x0008eb94	3	0	0x0009eb94	True
10817	0x000564a1	0x00070734	3	0	0x00080734	True
10818	0x000564b6	0x00080b9c	3	0	0x00090b9c	True
10819	0x000564cd	0x0008ebb8	3	0	0x0009ebb8	True
10820	0x000564e9	0x0008ebcc	3	0	0x0009ebcc	True
10821	0x000564ef	0x0008ebd0	3	0	0x0009ebd0	True
10822	0x000564fe	0x00070752	3	0	0x00080752	True
10823	0x00056505	0x00070750	3	0	0x00080750	True
10824	0x00056510	0x0008155c	3	0	0x0009155c	True
10825	0x00056524	0x0008ebcc	3	0	0x0009ebcc	True
10826	0x00056533	0x00070750	3	0	0x00080750	True
10827	0x00056540	0x0008ec7c	3	0	0x0009ec7c	True
10828	0x00056545	0x000576f2	3	0	0x000676f2	True
10829	0x0005655a	0x00080b9c	3	0	0x00090b9c	True
10830	0x00056568	0x0008ebb8	3	0	0x0009ebb8	True
10831	0x0005657f	0x0008eb94	3	0	0x0009eb94	True
10832	0x0005658d	0x0008eb94	3	0	0x0009eb94	True
10833	0x000565ce	0x00070750	3	0	0x00080750	True
10834	0x000565de	0x00070750	3	0	0x00080750	True
10835	0x000565e6	0x00070750	3	0	0x00080750	True
10836	0x000565f2	0x00070750	3	0	0x00080750	True
10837	0x000565fd	0x0008ec86	3	0	0x0009ec86	True
10838	0x00056602	0x000576f2	3	0	0x000676f2	True
10839	0x00056632	0x00080b9c	3	0	0x00090b9c	True
10840	0x00056668	0x0008ebcc	3	0	0x0009ebcc	True
10841	0x000566ab	0x0008ebb8	3	0	0x0009ebb8	True
10842	0x000566c9	0x0008ebcc	3	0	0x0009ebcc	True
10843	0x000566e2	0x0008ebbc	3	0	0x0009ebbc	True
10844	0x000566e9	0x00070750	3	0	0x00080750	True
10845	0x00056709	0x0008ec8f	3	0	0x0009ec8f	True
10846	0x0005670e	0x000576f2	3	0	0x000676f2	True
10847	0x00056726	0x0008155c	3	0	0x0009155c	True
10848	0x00056744	0x0008ebcc	3	0	0x0009ebcc	True
10849	0x00056752	0x0008ebbc	3	0	0x0009ebbc	True
10850	0x0005677d	0x0008155c	3	0	0x0009155c	True
10851	0x00056789	0x0008ebcc	3	0	0x0009ebcc	True
10852	0x00056797	0x0008ebbc	3	0	0x0009ebbc	True
10853	0x000567b9	0x0008ebb8	3	0	0x0009ebb8	True
10854	0x000567e6	0x0008155c	3	0	0x0009155c	True
10855	0x000567f2	0x0008ebba	3	0	0x0009ebba	True
10856	0x0005681e	0x00080b9c	3	0	0x00090b9c	True
10857	0x0005682c	0x0008ebb8	3	0	0x0009ebb8	True
10858	0x00056846	0x0008ebb8	3	0	0x0009ebb8	True
10859	0x0005684b	0x0008ec9c	3	0	0x0009ec9c	True
10860	0x0005685c	0x0008ec20	3	0	0x0009ec20	True
10861	0x00056863	0x0008ec20	3	0	0x0009ec20	True
10862	0x00056869	0x0008eccd	3	0	0x0009eccd	True
10863	0x00056878	0x0008ebcc	3	0	0x0009ebcc	True
10864	0x000568c1	0x0008ebb8	3	0	0x0009ebb8	True
10865	0x000568d6	0x0008ec1c	3	0	0x0009ec1c	True
10866	0x000568de	0x0008ec1c	3	0	0x0009ec1c	True
10867	0x000568e9	0x0008ec1c	3	0	0x0009ec1c	True
10868	0x00056926	0x0008ec1c	3	0	0x0009ec1c	True
10869	0x0005692e	0x0008ec1c	3	0	0x0009ec1c	True
10870	0x0005693e	0x0008ec18	3	0	0x0009ec18	True
10871	0x00056946	0x0008ec18	3	0	0x0009ec18	True
10872	0x00056956	0x0008ec18	3	0	0x0009ec18	True
10873	0x00056964	0x0008ebb8	3	0	0x0009ebb8	True
10874	0x00056969	0x0008ece8	3	0	0x0009ece8	True
10875	0x00056973	0x0008ec18	3	0	0x0009ec18	True
10876	0x0005697e	0x0008ec18	3	0	0x0009ec18	True
10877	0x00056992	0x00080b9c	3	0	0x00090b9c	True
10878	0x000569ad	0x0008ebb8	3	0	0x0009ebb8	True
10879	0x00056a12	0x0008ebb8	3	0	0x0009ebb8	True
10880	0x00056a48	0x0008ebb8	3	0	0x0009ebb8	True
10881	0x00056a4d	0x0008ed0e	3	0	0x0009ed0e	True
10882	0x00056a69	0x0008ebb8	3	0	0x0009ebb8	True
10883	0x00056aaa	0x0008ebb8	3	0	0x0009ebb8	True
10884	0x00056b75	0x000711cc	3	0	0x000811cc	True
10885	0x00056bad	0x00070750	3	0	0x00080750	True
10886	0x00056c52	0x0008ebcc	3	0	0x0009ebcc	True
10887	0x00056c66	0x0008ebb8	3	0	0x0009ebb8	True
10888	0x00056cd7	0x00080b9c	3	0	0x00090b9c	True
10889	0x00056ce5	0x0008ebb8	3	0	0x0009ebb8	True
10890	0x00056cf3	0x0008ec18	3	0	0x0009ec18	True
10891	0x00056cfb	0x0008ec18	3	0	0x0009ec18	True
10892	0x00056d0c	0x0008ebb8	3	0	0x0009ebb8	True
10893	0x00056d5d	0x0008ebcc	3	0	0x0009ebcc	True
10894	0x00056d75	0x00070750	3	0	0x00080750	True
10895	0x00056e07	0x0008ec18	3	0	0x0009ec18	True
10896	0x00056e0f	0x0008ec18	3	0	0x0009ec18	True
10897	0x00056e20	0x0008ebb8	3	0	0x0009ebb8	True
10898	0x00056e47	0x00080b9c	3	0	0x00090b9c	True
10899	0x00056e55	0x0008ebb8	3	0	0x0009ebb8	True
10900	0x00056e62	0x0008ebcc	3	0	0x0009ebcc	True
10901	0x00056e91	0x0008ebb8	3	0	0x0009ebb8	True
10902	0x00056e9f	0x00070750	3	0	0x00080750	True
10903	0x00056ebb	0x0008ebb8	3	0	0x0009ebb8	True
10904	0x00056ede	0x000706f4	3	0	0x000806f4	True
10905	0x00056eec	0x0008ebb8	3	0	0x0009ebb8	True
10906	0x00056f05	0x000706f0	3	0	0x000806f0	True
10907	0x00056f13	0x000706f8	3	0	0x000806f8	True
10908	0x00056f2a	0x000706f4	3	0	0x000806f4	True
10909	0x00056f31	0x0008ec0c	3	0	0x0009ec0c	True
10910	0x00056f39	0x000706f4	3	0	0x000806f4	True
10911	0x00056f9c	0x00070750	3	0	0x00080750	True
10912	0x00056fae	0x00070750	3	0	0x00080750	True
10913	0x00056fbb	0x0008ebcc	3	0	0x0009ebcc	True
10914	0x00056ffb	0x00080b9c	3	0	0x00090b9c	True
10915	0x00057009	0x0008ebb8	3	0	0x0009ebb8	True
10916	0x00057029	0x0008eb94	3	0	0x0009eb94	True
10917	0x00057052	0x0008ebb8	3	0	0x0009ebb8	True
10918	0x00057073	0x000706f0	3	0	0x000806f0	True
10919	0x00057087	0x0008eb94	3	0	0x0009eb94	True
10920	0x0005708d	0x000706f8	3	0	0x000806f8	True
10921	0x00057098	0x000706f4	3	0	0x000806f4	True
10922	0x000570b3	0x0008155c	3	0	0x0009155c	True
10923	0x000570ca	0x0008ec0c	3	0	0x0009ec0c	True
10924	0x000570df	0x00080b9c	3	0	0x00090b9c	True
10925	0x000570ed	0x0008ebb8	3	0	0x0009ebb8	True
10926	0x00057111	0x0008155c	3	0	0x0009155c	True
10927	0x00057124	0x00071124	3	0	0x00081124	True
10928	0x00057148	0x000706f0	3	0	0x000806f0	True
10929	0x00057156	0x0008ebb8	3	0	0x0009ebb8	True
10930	0x00057170	0x000706f4	3	0	0x000806f4	True
10931	0x000571a7	0x00071124	3	0	0x00081124	True
10932	0x000571ce	0x0008ebbc	3	0	0x0009ebbc	True
10933	0x000571ea	0x0008ebbc	3	0	0x0009ebbc	True
10934	0x000571fd	0x00071124	3	0	0x00081124	True
10935	0x00057217	0x00080b9c	3	0	0x00090b9c	True
10936	0x00057225	0x0008ebb8	3	0	0x0009ebb8	True
10937	0x00057257	0x0008ebc8	3	0	0x0009ebc8	True
10938	0x0005726d	0x0008ebcc	3	0	0x0009ebcc	True
10939	0x00057279	0x00070750	3	0	0x00080750	True
10940	0x0005729b	0x00070750	3	0	0x00080750	True
10941	0x000572a8	0x0008ebbc	3	0	0x0009ebbc	True
10942	0x0005730e	0x00070750	3	0	0x00080750	True
10943	0x00057315	0x0008ebbc	3	0	0x0009ebbc	True
10944	0x00057334	0x00070750	3	0	0x00080750	True
10945	0x00057357	0x0008ebb8	3	0	0x0009ebb8	True
10946	0x0005736e	0x00080b9c	3	0	0x00090b9c	True
10947	0x0005737c	0x0008ebb8	3	0	0x0009ebb8	True
10948	0x000573a8	0x0008155c	3	0	0x0009155c	True
10949	0x000573b9	0x0008ebcc	3	0	0x0009ebcc	True
10950	0x000573e5	0x0008ebcc	3	0	0x0009ebcc	True
10951	0x00057409	0x0008ebb8	3	0	0x0009ebb8	True
10952	0x00057447	0x00080b9c	3	0	0x00090b9c	True
10953	0x00057452	0x0008ed2e	3	0	0x0009ed2e	True
10954	0x00057461	0x0008ed2d	3	0	0x0009ed2d	True
10955	0x00057469	0x0008ed30	3	0	0x0009ed30	True
10956	0x0005746e	0x0008ed2c	3	0	0x0009ed2c	True
10957	0x0005747f	0x00082bec	3	0	0x00092bec	True
10958	0x0005748f	0x00080b9c	3	0	0x00090b9c	True
10959	0x0005749a	0x0008ed3c	3	0	0x0009ed3c	True
10960	0x0005749f	0x0008ed38	3	0	0x0009ed38	True
10961	0x000574ac	0x00082bec	3	0	0x00092bec	True
10962	0x000574bf	0x00080b9c	3	0	0x00090b9c	True
10963	0x000574cd	0x0008ebb8	3	0	0x0009ebb8	True
10964	0x000574da	0x0008ed48	3	0	0x0009ed48	True
10965	0x000574df	0x0008ed44	3	0	0x0009ed44	True
10966	0x000574ee	0x00080b9c	3	0	0x00090b9c	True
10967	0x0005750f	0x00080140	3	0	0x00090140	True
10968	0x00057520	0x0008ed52	3	0	0x0009ed52	True
10969	0x00057525	0x0008ed4a	3	0	0x0009ed4a	True
10970	0x00057530	0x0008ed54	3	0	0x0009ed54	True
10971	0x00057535	0x0008ed50	3	0	0x0009ed50	True
10972	0x00057543	0x00080b9c	3	0	0x00090b9c	True
10973	0x00057551	0x0008ebb8	3	0	0x0009ebb8	True
10974	0x0005755e	0x0008ed5c	3	0	0x0009ed5c	True
10975	0x00057563	0x0008ed58	3	0	0x0009ed58	True
10976	0x0005756f	0x00080b9c	3	0	0x00090b9c	True
10977	0x0005757d	0x0008ebb8	3	0	0x0009ebb8	True
10978	0x0005758a	0x0008ed64	3	0	0x0009ed64	True
10979	0x0005758f	0x0008ed60	3	0	0x0009ed60	True
10980	0x00057598	0x00080b9c	3	0	0x00090b9c	True
10981	0x000575a6	0x0008ebb8	3	0	0x0009ebb8	True
10982	0x000575b3	0x0008ed68	3	0	0x0009ed68	True
10983	0x000575bc	0x00080b9c	3	0	0x00090b9c	True
10984	0x000575ca	0x0008ebb8	3	0	0x0009ebb8	True
10985	0x000575d7	0x0008ed6c	3	0	0x0009ed6c	True
10986	0x000575e3	0x00080b9c	3	0	0x00090b9c	True
10987	0x000575ee	0x0008ed76	3	0	0x0009ed76	True
10988	0x000575f6	0x0008ed78	3	0	0x0009ed78	True
10989	0x000575fb	0x0008ed74	3	0	0x0009ed74	True
10990	0x0005760b	0x00082c10	3	0	0x00092c10	True
10991	0x00057620	0x0008ed86	3	0	0x0009ed86	True
10992	0x00057625	0x00080140	3	0	0x00090140	True
10993	0x00057636	0x0008ed8e	3	0	0x0009ed8e	True
10994	0x0005763e	0x00080ba8	3	0	0x00090ba8	True
10995	0x00057666	0x0008ed90	3	0	0x0009ed90	True
10996	0x0005766b	0x0008ed80	3	0	0x0009ed80	True
10997	0x0005769b	0x00070750	3	0	0x00080750	True
10998	0x000576a4	0x00070750	3	0	0x00080750	True
10999	0x000576ab	0x0008ebbc	3	0	0x0009ebbc	True
11000	0x000576ca	0x0008ebcc	3	0	0x0009ebcc	True
11001	0x00057739	0x0008ed93	3	0	0x0009ed93	True
11002	0x0005776d	0x0008eda3	3	0	0x0009eda3	True
11003	0x0005778e	0x0008ebcc	3	0	0x0009ebcc	True
11004	0x00057799	0x00070750	3	0	0x00080750	True
11005	0x000577b6	0x00070750	3	0	0x00080750	True
11006	0x000577bd	0x0008ebb4	3	0	0x0009ebb4	True
11007	0x000577c2	0x0008ed9b	3	0	0x0009ed9b	True
11008	0x000577d3	0x0008eda9	3	0	0x0009eda9	True
11009	0x000577eb	0x0008155c	3	0	0x0009155c	True
11010	0x00057804	0x0008edbd	3	0	0x0009edbd	True
11011	0x0005780f	0x0008edc8	3	0	0x0009edc8	True
11012	0x0005781c	0x0008edcd	3	0	0x0009edcd	True
11013	0x00057844	0x000706f0	3	0	0x000806f0	True
11014	0x00057851	0x0008ebec	3	0	0x0009ebec	True
11015	0x00057856	0x0008edab	3	0	0x0009edab	True
11016	0x00057871	0x0008ebbc	3	0	0x0009ebbc	True
11017	0x0005788e	0x0008ebb8	3	0	0x0009ebb8	True
11018	0x000578a1	0x0008ebb4	3	0	0x0009ebb4	True
11019	0x000578a6	0x0008edb3	3	0	0x0009edb3	True
11020	0x000578dc	0x00070750	3	0	0x00080750	True
11021	0x000578f4	0x0008ebb8	3	0	0x0009ebb8	True
11022	0x00057906	0x0008155c	3	0	0x0009155c	True
11023	0x00057917	0x0008ebcc	3	0	0x0009ebcc	True
11024	0x0005792c	0x0008155c	3	0	0x0009155c	True
11025	0x0005793d	0x0008ebcc	3	0	0x0009ebcc	True
11026	0x0005794e	0x0008ebb8	3	0	0x0009ebb8	True
11027	0x00057953	0x0008edcf	3	0	0x0009edcf	True
11028	0x00057975	0x0008ec18	3	0	0x0009ec18	True
11029	0x0005798d	0x0008edd6	3	0	0x0009edd6	True
11030	0x0008ebb8	0x0008eb80	3	0	0x0009eb80	True
11031	0x0008ebec	0x0008eb8f	3	0	0x0009eb8f	True
11032	0x0008ebf0	0x0008eb93	3	0	0x0009eb93	True
11033	0x0008ebf4	0x0008eb97	3	0	0x0009eb97	True
11034	0x0008ebf8	0x0008eb9b	3	0	0x0009eb9b	True
11035	0x0008ebfc	0x0008eb9f	3	0	0x0009eb9f	True
11036	0x0008ec00	0x0008eba3	3	0	0x0009eba3	True
11037	0x0008ec04	0x0008eba7	3	0	0x0009eba7	True
11038	0x0008ec08	0x0008ebab	3	0	0x0009ebab	True
11039	0x000579b7	0x0008f03c	3	0	0x0009f03c	True
11040	0x000579bb	0x0008f03c	3	0	0x0009f03c	True
11041	0x000579c3	0x0008f03c	3	0	0x0009f03c	True
11042	0x000579c9	0x0008f03c	3	0	0x0009f03c	True
11043	0x000579da	0x0008ee38	3	0	0x0009ee38	True
11044	0x000579df	0x0008ee23	3	0	0x0009ee23	True
11045	0x000579ec	0x0008f03c	3	0	0x0009f03c	True
11046	0x000579f0	0x0008ee3e	3	0	0x0009ee3e	True
11047	0x000579fa	0x0008ee38	3	0	0x0009ee38	True
11048	0x000579ff	0x0008f040	3	0	0x0009f040	True
11049	0x00057a0d	0x0008f03c	3	0	0x0009f03c	True
11050	0x00057a17	0x0008f03c	3	0	0x0009f03c	True
11051	0x00057a23	0x0008f03c	3	0	0x0009f03c	True
11052	0x00057a28	0x0008ee3c	3	0	0x0009ee3c	True
11053	0x00057aa6	0x00090045	3	0	0x000a0045	True
11054	0x00057bdc	0x00090044	3	0	0x000a0044	True
11055	0x00057cd1	0x0008012c	3	0	0x0009012c	True
11056	0x00057d19	0x0008012c	3	0	0x0009012c	True
11057	0x00057d71	0x00057d76	3	0	0x00067d76	True
11058	0x00057d76	0x00057cc0	3	0	0x00067cc0	True
11059	0x00057d7a	0x00057d20	3	0	0x00067d20	True
11060	0x00057d7e	0x00057d20	3	0	0x00067d20	True
11061	0x00057d82	0x00057d20	3	0	0x00067d20	True
11062	0x00057d86	0x00057cc0	3	0	0x00067cc0	True
11063	0x00057d8a	0x00057cc0	3	0	0x00067cc0	True
11064	0x00057d8e	0x00057cc6	3	0	0x00067cc6	True
11065	0x00057d92	0x00057cc6	3	0	0x00067cc6	True
11066	0x00057d96	0x00057d2a	3	0	0x00067d2a	True
11067	0x00057d9a	0x00057cc0	3	0	0x00067cc0	True
11068	0x00057d9e	0x00057cc0	3	0	0x00067cc0	True
11069	0x00057da2	0x00057cc0	3	0	0x00067cc0	True
11070	0x00057da6	0x00057cc0	3	0	0x00067cc0	True
11071	0x00057daa	0x00057cc0	3	0	0x00067cc0	True
11072	0x00057dae	0x00057d20	3	0	0x00067d20	True
11073	0x00057db2	0x00057d20	3	0	0x00067d20	True
11074	0x00057db6	0x00057d20	3	0	0x00067d20	True
11075	0x00057dba	0x00057cc0	3	0	0x00067cc0	True
11076	0x00057dbe	0x00057d20	3	0	0x00067d20	True
11077	0x00057dc2	0x00057d20	3	0	0x00067d20	True
11078	0x00057f1f	0x00070760	3	0	0x00080760	True
11079	0x00057f3f	0x00070760	3	0	0x00080760	True
11080	0x00057fe8	0x00070760	3	0	0x00080760	True
11081	0x00058094	0x0008ee38	3	0	0x0009ee38	True
11082	0x000580c3	0x0008f03c	3	0	0x0009f03c	True
11083	0x0008ee38	0x0008ee10	3	0	0x0009ee10	True
11084	0x0008f03c	0x0008ee3e	3	0	0x0009ee3e	True
11085	0x00058106	0x0008f074	3	0	0x0009f074	True
11086	0x000581bd	0x0008f074	3	0	0x0009f074	True
11087	0x000581d8	0x000581de	3	0	0x000681de	True
11088	0x000581de	0x00058122	3	0	0x00068122	True
11089	0x000581e2	0x0005813a	3	0	0x0006813a	True
11090	0x000581e6	0x000581b6	3	0	0x000681b6	True
11091	0x000581ea	0x0005815a	3	0	0x0006815a	True
11092	0x000581ee	0x000581b6	3	0	0x000681b6	True
11093	0x000581f2	0x000581b6	3	0	0x000681b6	True
11094	0x000581f6	0x000581b6	3	0	0x000681b6	True
11095	0x000581fa	0x00058182	3	0	0x00068182	True
11096	0x000581fe	0x000581b6	3	0	0x000681b6	True
11097	0x00058202	0x0005816e	3	0	0x0006816e	True
11098	0x00058206	0x000581b6	3	0	0x000681b6	True
11099	0x0005820a	0x000581b6	3	0	0x000681b6	True
11100	0x0005820e	0x000581b6	3	0	0x000681b6	True
11101	0x00058212	0x000581b6	3	0	0x000681b6	True
11102	0x00058216	0x000581b6	3	0	0x000681b6	True
11103	0x0005821a	0x000581a2	3	0	0x000681a2	True
11104	0x0005821e	0x000581b6	3	0	0x000681b6	True
11105	0x00058222	0x000581b6	3	0	0x000681b6	True
11106	0x00058226	0x000581b6	3	0	0x000681b6	True
11107	0x0005822a	0x000581a2	3	0	0x000681a2	True
11108	0x000582c0	0x000800fc	3	0	0x000900fc	True
11109	0x000582d6	0x00080160	3	0	0x00090160	True
11110	0x0005830a	0x00080ba8	3	0	0x00090ba8	True
11111	0x0005831a	0x0008f07c	3	0	0x0009f07c	True
11112	0x00058564	0x000800fc	3	0	0x000900fc	True
11113	0x00058595	0x00080148	3	0	0x00090148	True
11114	0x0005859d	0x00080148	3	0	0x00090148	True
11115	0x000585c4	0x0008f074	3	0	0x0009f074	True
11116	0x00058609	0x00080160	3	0	0x00090160	True
11117	0x00058615	0x0008f07c	3	0	0x0009f07c	True
11118	0x00058627	0x00090044	3	0	0x000a0044	True
11119	0x0005868d	0x0008f07c	3	0	0x0009f07c	True
11120	0x00058696	0x0008f07c	3	0	0x0009f07c	True
11121	0x0005870e	0x0008f07c	3	0	0x0009f07c	True
11122	0x00058753	0x00080160	3	0	0x00090160	True
11123	0x000589b2	0x00080148	3	0	0x00090148	True
11124	0x000589ba	0x00080148	3	0	0x00090148	True
11125	0x000589ff	0x000800fc	3	0	0x000900fc	True
11126	0x00058a92	0x00080ba8	3	0	0x00090ba8	True
11127	0x00058a9f	0x00080170	3	0	0x00090170	True
11128	0x00058ae3	0x000800d8	3	0	0x000900d8	True
11129	0x00058aef	0x00080bb4	3	0	0x00090bb4	True
11130	0x00058af8	0x00080190	3	0	0x00090190	True
11131	0x00058b1d	0x00080140	3	0	0x00090140	True
11132	0x00058b27	0x00080170	3	0	0x00090170	True
11133	0x00058b55	0x00080140	3	0	0x00090140	True
11134	0x00058b5f	0x00080170	3	0	0x00090170	True
11135	0x00058b8a	0x00080140	3	0	0x00090140	True
11136	0x00058b93	0x00080170	3	0	0x00090170	True
11137	0x00058bc1	0x00080140	3	0	0x00090140	True
11138	0x00058bcb	0x00080170	3	0	0x00090170	True
11139	0x00058be0	0x000800fc	3	0	0x000900fc	True
11140	0x00058be9	0x00080160	3	0	0x00090160	True
11141	0x00058c8b	0x00080170	3	0	0x00090170	True
11142	0x00058cab	0x0008f07c	3	0	0x0009f07c	True
11143	0x00058d04	0x00080160	3	0	0x00090160	True
11144	0x00058d1a	0x00080148	3	0	0x00090148	True
11145	0x00058d22	0x00080148	3	0	0x00090148	True
11146	0x00058d44	0x0008f078	3	0	0x0009f078	True
11147	0x00058d55	0x0008f078	3	0	0x0009f078	True
11148	0x00058d5e	0x0008f078	3	0	0x0009f078	True
11149	0x00058d62	0x000707f0	3	0	0x000807f0	True
11150	0x00058d73	0x0008f074	3	0	0x0009f074	True
11151	0x00058d88	0x00080160	3	0	0x00090160	True
11152	0x00058d98	0x0008f078	3	0	0x0009f078	True
11153	0x00058d9e	0x0008f078	3	0	0x0009f078	True
11154	0x00058dac	0x0008f078	3	0	0x0009f078	True
11155	0x00058db0	0x00070770	3	0	0x00080770	True
11156	0x00058dd4	0x00080170	3	0	0x00090170	True
11157	0x00058eb2	0x00058eb6	3	0	0x00068eb6	True
11158	0x00058eb6	0x00058e8b	3	0	0x00068e8b	True
11159	0x00058eba	0x00058666	3	0	0x00068666	True
11160	0x00058ebe	0x00058666	3	0	0x00068666	True
11161	0x00058ec2	0x00058917	3	0	0x00068917	True
11162	0x00058ec6	0x00058917	3	0	0x00068917	True
11163	0x00058eca	0x00058917	3	0	0x00068917	True
11164	0x00058ece	0x00058917	3	0	0x00068917	True
11165	0x00058ed2	0x000589a7	3	0	0x000689a7	True
11166	0x00058ed6	0x0005898e	3	0	0x0006898e	True
11167	0x00058eda	0x0005898e	3	0	0x0006898e	True
11168	0x00058ede	0x00058917	3	0	0x00068917	True
11169	0x00058ee2	0x00058917	3	0	0x00068917	True
11170	0x00058ee6	0x00058917	3	0	0x00068917	True
11171	0x00058eea	0x000589a7	3	0	0x000689a7	True
11172	0x00058eee	0x00059176	3	0	0x00069176	True
11173	0x00058ef2	0x00059176	3	0	0x00069176	True
11174	0x00058ef6	0x00059176	3	0	0x00069176	True
11175	0x00058efa	0x00059176	3	0	0x00069176	True
11176	0x00058efe	0x00059176	3	0	0x00069176	True
11177	0x00058f02	0x00059176	3	0	0x00069176	True
11178	0x00058f06	0x00058982	3	0	0x00068982	True
11179	0x00058f0a	0x00058982	3	0	0x00068982	True
11180	0x00058f0e	0x00059176	3	0	0x00069176	True
11181	0x00058f12	0x00059176	3	0	0x00069176	True
11182	0x00058f16	0x00059176	3	0	0x00069176	True
11183	0x00058f1a	0x00058e8b	3	0	0x00068e8b	True
11184	0x00058f1e	0x00058e8b	3	0	0x00068e8b	True
11185	0x00058f22	0x00058e8b	3	0	0x00068e8b	True
11186	0x00058f26	0x00058e9a	3	0	0x00068e9a	True
11187	0x00058f2a	0x00058e9a	3	0	0x00068e9a	True
11188	0x00058f2e	0x00058776	3	0	0x00068776	True
11189	0x00058f32	0x00058776	3	0	0x00068776	True
11190	0x00058f36	0x00058776	3	0	0x00068776	True
11191	0x00058f3a	0x00058776	3	0	0x00068776	True
11192	0x00058f3e	0x00058776	3	0	0x00068776	True
11193	0x00058f42	0x00058776	3	0	0x00068776	True
11194	0x00058f46	0x00058e9a	3	0	0x00068e9a	True
11195	0x00058f4a	0x00059176	3	0	0x00069176	True
11196	0x00058f4e	0x00058e9a	3	0	0x00068e9a	True
11197	0x00058f52	0x00058e9a	3	0	0x00068e9a	True
11198	0x00058f56	0x00058dce	3	0	0x00068dce	True
11199	0x00058f5a	0x00059176	3	0	0x00069176	True
11200	0x00058f5e	0x00059176	3	0	0x00069176	True
11201	0x00058f62	0x00058e9a	3	0	0x00068e9a	True
11202	0x00058f66	0x00058e8b	3	0	0x00068e8b	True
11203	0x00058f6a	0x00058e9a	3	0	0x00068e9a	True
11204	0x00058f6e	0x00058e9a	3	0	0x00068e9a	True
11205	0x00058f72	0x00059176	3	0	0x00069176	True
11206	0x00058f76	0x00058e9a	3	0	0x00068e9a	True
11207	0x00058f7a	0x00058953	3	0	0x00068953	True
11208	0x00058f7e	0x00059176	3	0	0x00069176	True
11209	0x00058f82	0x00058c72	3	0	0x00068c72	True
11210	0x00058f86	0x00059176	3	0	0x00069176	True
11211	0x00058f8a	0x00059176	3	0	0x00069176	True
11212	0x00058f8e	0x00058e8b	3	0	0x00068e8b	True
11213	0x00058f92	0x00058e8b	3	0	0x00068e8b	True
11214	0x00058f96	0x00058e9a	3	0	0x00068e9a	True
11215	0x00058f9a	0x00058e8b	3	0	0x00068e8b	True
11216	0x00058f9e	0x00058d02	3	0	0x00068d02	True
11217	0x00058fa2	0x00058d86	3	0	0x00068d86	True
11218	0x00058fa6	0x00058e8b	3	0	0x00068e8b	True
11219	0x00058faa	0x00059176	3	0	0x00069176	True
11220	0x00058fae	0x00058e9a	3	0	0x00068e9a	True
11221	0x00058fb2	0x00059176	3	0	0x00069176	True
11222	0x00058fb6	0x00058c5b	3	0	0x00068c5b	True
11223	0x00058fba	0x00058dc2	3	0	0x00068dc2	True
11224	0x00058fbe	0x00058917	3	0	0x00068917	True
11225	0x00058fc2	0x00058dc2	3	0	0x00068dc2	True
11226	0x00058fc6	0x000589da	3	0	0x000689da	True
11227	0x00058fca	0x00058e8b	3	0	0x00068e8b	True
11228	0x00058fce	0x00058e8b	3	0	0x00068e8b	True
11229	0x00058fd2	0x00058e8b	3	0	0x00068e8b	True
11230	0x00058fd6	0x00058e8b	3	0	0x00068e8b	True
11231	0x00058fda	0x00058e8b	3	0	0x00068e8b	True
11232	0x00058fde	0x00058e9a	3	0	0x00068e9a	True
11233	0x00058fe2	0x00058e8b	3	0	0x00068e8b	True
11234	0x00058fe6	0x00058e8b	3	0	0x00068e8b	True
11235	0x00058fea	0x00058e8b	3	0	0x00068e8b	True
11236	0x00058fee	0x00058e8b	3	0	0x00068e8b	True
11237	0x00058ff2	0x000589da	3	0	0x000689da	True
11238	0x00058ff6	0x000589da	3	0	0x000689da	True
11239	0x00058ffa	0x00058e9a	3	0	0x00068e9a	True
11240	0x00058ffe	0x00058e8b	3	0	0x00068e8b	True
11241	0x00059002	0x00058e8b	3	0	0x00068e8b	True
11242	0x00059006	0x000589ea	3	0	0x000689ea	True
11243	0x0005900a	0x00058e8b	3	0	0x00068e8b	True
11244	0x0005900e	0x000589da	3	0	0x000689da	True
11245	0x00059012	0x00059176	3	0	0x00069176	True
11246	0x00059016	0x000589a7	3	0	0x000689a7	True
11247	0x0005901a	0x00058e9a	3	0	0x00068e9a	True
11248	0x0005901e	0x00058e9a	3	0	0x00068e9a	True
11249	0x00059022	0x00058e9a	3	0	0x00068e9a	True
11250	0x00059026	0x00058e9a	3	0	0x00068e9a	True
11251	0x0005902a	0x00058e9a	3	0	0x00068e9a	True
11252	0x0005902e	0x00058e9a	3	0	0x00068e9a	True
11253	0x00059032	0x00058e9a	3	0	0x00068e9a	True
11254	0x00059036	0x00058e9a	3	0	0x00068e9a	True
11255	0x0005903a	0x00058e9a	3	0	0x00068e9a	True
11256	0x0005903e	0x00058e9a	3	0	0x00068e9a	True
11257	0x00059042	0x00058e9a	3	0	0x00068e9a	True
11258	0x00059046	0x00058e9a	3	0	0x00068e9a	True
11259	0x0005904a	0x00058e9a	3	0	0x00068e9a	True
11260	0x0005904e	0x00058e9a	3	0	0x00068e9a	True
11261	0x00059052	0x00058df2	3	0	0x00068df2	True
11262	0x00059056	0x00059176	3	0	0x00069176	True
11263	0x0005905a	0x00058e9a	3	0	0x00068e9a	True
11264	0x0005905e	0x00058e9a	3	0	0x00068e9a	True
11265	0x00059062	0x00058e9a	3	0	0x00068e9a	True
11266	0x00059066	0x00058e9a	3	0	0x00068e9a	True
11267	0x0005906a	0x00058e9a	3	0	0x00068e9a	True
11268	0x0005906e	0x00058e9a	3	0	0x00068e9a	True
11269	0x00059072	0x00058e9a	3	0	0x00068e9a	True
11270	0x00059076	0x00058e9a	3	0	0x00068e9a	True
11271	0x0005907a	0x00058e9a	3	0	0x00068e9a	True
11272	0x0005907e	0x00058e9a	3	0	0x00068e9a	True
11273	0x00059082	0x00058e9a	3	0	0x00068e9a	True
11274	0x00059086	0x0005898e	3	0	0x0006898e	True
11275	0x0005908a	0x00058e9a	3	0	0x00068e9a	True
11276	0x0005908e	0x00058e9a	3	0	0x00068e9a	True
11277	0x00059092	0x00059176	3	0	0x00069176	True
11278	0x00059096	0x00059176	3	0	0x00069176	True
11279	0x0005909a	0x00059176	3	0	0x00069176	True
11280	0x0005909e	0x00058917	3	0	0x00068917	True
11281	0x000590a2	0x00058917	3	0	0x00068917	True
11282	0x000590a6	0x00059176	3	0	0x00069176	True
11283	0x000590aa	0x00058e9a	3	0	0x00068e9a	True
11284	0x000590ae	0x00058e9a	3	0	0x00068e9a	True
11285	0x000590b2	0x00058e9a	3	0	0x00068e9a	True
11286	0x000590b6	0x00058e9a	3	0	0x00068e9a	True
11287	0x000590ba	0x00058e9a	3	0	0x00068e9a	True
11288	0x000590be	0x00058e9a	3	0	0x00068e9a	True
11289	0x000590c2	0x000589a7	3	0	0x000689a7	True
11290	0x000590c6	0x00058de2	3	0	0x00068de2	True
11291	0x000590ca	0x00058de2	3	0	0x00068de2	True
11292	0x000590ce	0x00058e9a	3	0	0x00068e9a	True
11293	0x000590d2	0x00058e9a	3	0	0x00068e9a	True
11294	0x000590d6	0x00058e9a	3	0	0x00068e9a	True
11295	0x000590da	0x00058e9a	3	0	0x00068e9a	True
11296	0x000590de	0x00058e52	3	0	0x00068e52	True
11297	0x000590e2	0x00058e9a	3	0	0x00068e9a	True
11298	0x000590e6	0x00058e72	3	0	0x00068e72	True
11299	0x000590ea	0x00058e8b	3	0	0x00068e8b	True
11300	0x000590ee	0x00058e8b	3	0	0x00068e8b	True
11301	0x000590f2	0x00058e8b	3	0	0x00068e8b	True
11302	0x000590f6	0x00058e9a	3	0	0x00068e9a	True
11303	0x000590fa	0x00058e9a	3	0	0x00068e9a	True
11304	0x000590fe	0x00058e9a	3	0	0x00068e9a	True
11305	0x00059102	0x00058e9a	3	0	0x00068e9a	True
11306	0x00059106	0x00058e9a	3	0	0x00068e9a	True
11307	0x0005910a	0x00058e9a	3	0	0x00068e9a	True
11308	0x0005910e	0x00058e9a	3	0	0x00068e9a	True
11309	0x00059112	0x00058e9a	3	0	0x00068e9a	True
11310	0x00059116	0x00058e8b	3	0	0x00068e8b	True
11311	0x0005911a	0x00059176	3	0	0x00069176	True
11312	0x0005911e	0x00058e9a	3	0	0x00068e9a	True
11313	0x00059122	0x00058e9a	3	0	0x00068e9a	True
11314	0x00059126	0x00058e8b	3	0	0x00068e8b	True
11315	0x0005912a	0x00058e9a	3	0	0x00068e9a	True
11316	0x0005912e	0x00058e9a	3	0	0x00068e9a	True
11317	0x00059132	0x00058e9a	3	0	0x00068e9a	True
11318	0x00059136	0x00059176	3	0	0x00069176	True
11319	0x0005913a	0x00059176	3	0	0x00069176	True
11320	0x0005913e	0x00058e9a	3	0	0x00068e9a	True
11321	0x00059142	0x00059176	3	0	0x00069176	True
11322	0x00059146	0x00058e9a	3	0	0x00068e9a	True
11323	0x0005914a	0x00058917	3	0	0x00068917	True
11324	0x0005914e	0x00059176	3	0	0x00069176	True
11325	0x00059152	0x00058e9a	3	0	0x00068e9a	True
11326	0x00059156	0x00058e9a	3	0	0x00068e9a	True
11327	0x0005915a	0x000589da	3	0	0x000689da	True
11328	0x0005915e	0x0005898e	3	0	0x0006898e	True
11329	0x00059162	0x0005898e	3	0	0x0006898e	True
11330	0x00059166	0x0005898e	3	0	0x0006898e	True
11331	0x0005916a	0x00058917	3	0	0x00068917	True
11332	0x0005916e	0x00058917	3	0	0x00068917	True
11333	0x00059172	0x00059176	3	0	0x00069176	True
11334	0x00059193	0x0008f074	3	0	0x0009f074	True
11335	0x000591a0	0x00080160	3	0	0x00090160	True
11336	0x000591ac	0x0008f07c	3	0	0x0009f07c	True
11337	0x000591d0	0x000800fc	3	0	0x000900fc	True
11338	0x00059260	0x00080140	3	0	0x00090140	True
11339	0x00059267	0x00080170	3	0	0x00090170	True
11340	0x00059291	0x00080140	3	0	0x00090140	True
11341	0x0005929b	0x00080170	3	0	0x00090170	True
11342	0x000592b4	0x000800fc	3	0	0x000900fc	True
11343	0x000592bd	0x00080160	3	0	0x00090160	True
11344	0x0008f074	0x0008f060	3	0	0x0009f060	True
11345	0x0008f078	0x00070770	3	0	0x00080770	True
11346	0x0005936b	0x000800d8	3	0	0x000900d8	True
11347	0x00059378	0x0008f0f0	3	0	0x0009f0f0	True
11348	0x00059385	0x0008f210	3	0	0x0009f210	True
11349	0x000593a4	0x0008f0ec	3	0	0x0009f0ec	True
11350	0x000593c2	0x00070d9c	3	0	0x00080d9c	True
11351	0x000594f7	0x00090045	3	0	0x000a0045	True
11352	0x0005967b	0x0008f0ec	3	0	0x0009f0ec	True
11353	0x000596bc	0x0008f0ec	3	0	0x0009f0ec	True
11354	0x000596f1	0x0008f0ec	3	0	0x0009f0ec	True
11355	0x000598b1	0x00090045	3	0	0x000a0045	True
11356	0x0005992d	0x0008f0ec	3	0	0x0009f0ec	True
11357	0x00059952	0x00059956	3	0	0x00069956	True
11358	0x00059956	0x000599d6	3	0	0x000699d6	True
11359	0x0005995a	0x0005975e	3	0	0x0006975e	True
11360	0x0005995e	0x00059776	3	0	0x00069776	True
11361	0x00059962	0x00059926	3	0	0x00069926	True
11362	0x00059966	0x00059722	3	0	0x00069722	True
11363	0x0005996a	0x00059832	3	0	0x00069832	True
11364	0x0005996e	0x0005972e	3	0	0x0006972e	True
11365	0x00059972	0x0005973a	3	0	0x0006973a	True
11366	0x00059976	0x00059746	3	0	0x00069746	True
11367	0x0005997a	0x00059752	3	0	0x00069752	True
11368	0x0005997e	0x00059782	3	0	0x00069782	True
11369	0x00059982	0x000597aa	3	0	0x000697aa	True
11370	0x00059986	0x000597ba	3	0	0x000697ba	True
11371	0x0005998a	0x00059926	3	0	0x00069926	True
11372	0x0005998e	0x0005978e	3	0	0x0006978e	True
11373	0x00059992	0x00059856	3	0	0x00069856	True
11374	0x00059996	0x0005982e	3	0	0x0006982e	True
11375	0x0005999a	0x0005976a	3	0	0x0006976a	True
11376	0x0005999e	0x000597e6	3	0	0x000697e6	True
11377	0x000599a2	0x00059926	3	0	0x00069926	True
11378	0x000599a6	0x00059862	3	0	0x00069862	True
11379	0x000599aa	0x00059802	3	0	0x00069802	True
11380	0x000599ae	0x0005981e	3	0	0x0006981e	True
11381	0x000599b2	0x00059912	3	0	0x00069912	True
11382	0x000599b6	0x0005991e	3	0	0x0006991e	True
11383	0x000599ba	0x0005991e	3	0	0x0006991e	True
11384	0x000599be	0x000598f6	3	0	0x000698f6	True
11385	0x000599c2	0x000598a2	3	0	0x000698a2	True
11386	0x000599c6	0x0005979e	3	0	0x0006979e	True
11387	0x000599ca	0x00059926	3	0	0x00069926	True
11388	0x000599ce	0x0005983e	3	0	0x0006983e	True
11389	0x000599d2	0x0005984a	3	0	0x0006984a	True
11390	0x00059a11	0x0008f0ec	3	0	0x0009f0ec	True
11391	0x00059a16	0x0008f408	3	0	0x0009f408	True
11392	0x0008f0ec	0x0008f080	3	0	0x0009f080	True
11393	0x0008f0f0	0x0008f090	3	0	0x0009f090	True
11394	0x0008f114	0x0008f094	3	0	0x0009f094	True
11395	0x0008f138	0x0008f098	3	0	0x0009f098	True
11396	0x0008f15c	0x0008f09c	3	0	0x0009f09c	True
11397	0x0008f180	0x0008f0a0	3	0	0x0009f0a0	True
11398	0x0008f1a4	0x0008f0a4	3	0	0x0009f0a4	True
11399	0x0008f1c8	0x0008f0a8	3	0	0x0009f0a8	True
11400	0x0008f1ec	0x0008f0ac	3	0	0x0009f0ac	True
11401	0x0008f210	0x0008f0b0	3	0	0x0009f0b0	True
11402	0x0008f234	0x0008f0b4	3	0	0x0009f0b4	True
11403	0x0008f258	0x0008f0b8	3	0	0x0009f0b8	True
11404	0x0008f27c	0x0008f0bc	3	0	0x0009f0bc	True
11405	0x0008f2a0	0x0008f0c0	3	0	0x0009f0c0	True
11406	0x0008f2c4	0x0008f0c4	3	0	0x0009f0c4	True
11407	0x0008f2e8	0x0008f0c8	3	0	0x0009f0c8	True
11408	0x0008f30c	0x0008f0cc	3	0	0x0009f0cc	True
11409	0x0008f330	0x0008f0d0	3	0	0x0009f0d0	True
11410	0x0008f354	0x0008f0d4	3	0	0x0009f0d4	True
11411	0x0008f378	0x0008f0d9	3	0	0x0009f0d9	True
11412	0x0008f39c	0x0008f0dd	3	0	0x0009f0dd	True
11413	0x0008f3c0	0x0008f0e1	3	0	0x0009f0e1	True
11414	0x0008f3e4	0x0008f0e5	3	0	0x0009f0e5	True
11415	0x00059ac4	0x0008f430	3	0	0x0009f430	True
11416	0x00059c10	0x0008f430	3	0	0x0009f430	True
11417	0x0005a061	0x0008f430	3	0	0x0009f430	True
11418	0x0005a07b	0x0005a082	3	0	0x0006a082	True
11419	0x0005a082	0x0005a09a	3	0	0x0006a09a	True
11420	0x0005a086	0x00059a5e	3	0	0x00069a5e	True
11421	0x0005a08a	0x00059a92	3	0	0x00069a92	True
11422	0x0005a08e	0x00059bda	3	0	0x00069bda	True
11423	0x0005a092	0x00059f76	3	0	0x00069f76	True
11424	0x0005a096	0x0005a026	3	0	0x0006a026	True
11425	0x0005a0ed	0x0008f430	3	0	0x0009f430	True
11426	0x0005a153	0x0008f430	3	0	0x0009f430	True
11427	0x0005a1a4	0x0008f430	3	0	0x0009f430	True
11428	0x0005a2b9	0x00090044	3	0	0x000a0044	True
11429	0x0005a35a	0x0008f430	3	0	0x0009f430	True
11430	0x0008f430	0x0008f420	3	0	0x0009f420	True
11431	0x0005a439	0x00084311	3	0	0x00094311	True
11432	0x0005a48b	0x00084310	3	0	0x00094310	True
11433	0x0005a4be	0x0008f455	3	0	0x0009f455	True
11434	0x0005a557	0x0008f45c	3	0	0x0009f45c	True
11435	0x0005a562	0x0008f45c	3	0	0x0009f45c	True
11436	0x0005a571	0x0008f45c	3	0	0x0009f45c	True
11437	0x0005a57f	0x0008f458	3	0	0x0009f458	True
11438	0x0005a58f	0x0008f45d	3	0	0x0009f45d	True
11439	0x0005a5f1	0x00077020	3	0	0x00087020	True
11440	0x0005a604	0x0008f458	3	0	0x0009f458	True
11441	0x0005a618	0x00077020	3	0	0x00087020	True
11442	0x0005a647	0x0008f4a2	3	0	0x0009f4a2	True
11443	0x0005a66d	0x0008f4aa	3	0	0x0009f4aa	True
11444	0x0005a68e	0x00080170	3	0	0x00090170	True
11445	0x0005a6a3	0x0007701c	3	0	0x0008701c	True
11446	0x0005a6c8	0x00084300	3	0	0x00094300	True
11447	0x0005a6cd	0x0008f4ae	3	0	0x0009f4ae	True
11448	0x0005a6f3	0x00084304	3	0	0x00094304	True
11449	0x0005a707	0x00084304	3	0	0x00094304	True
11450	0x0005a779	0x000800fc	3	0	0x000900fc	True
11451	0x0005a78f	0x00084310	3	0	0x00094310	True
11452	0x0005a7d4	0x0008f458	3	0	0x0009f458	True
11453	0x0005a82f	0x00090044	3	0	0x000a0044	True
11454	0x0005a8b8	0x0008f458	3	0	0x0009f458	True
11455	0x0005a93c	0x0008f4b2	3	0	0x0009f4b2	True
11456	0x0005a962	0x0008f4b7	3	0	0x0009f4b7	True
11457	0x0005a98b	0x0007701c	3	0	0x0008701c	True
11458	0x0005a990	0x0008f4bb	3	0	0x0009f4bb	True
11459	0x0005a99d	0x0007701c	3	0	0x0008701c	True
11460	0x0005aa2a	0x0008f4bf	3	0	0x0009f4bf	True
11461	0x0005aa51	0x0008f4c4	3	0	0x0009f4c4	True
11462	0x0005ab0a	0x0008f458	3	0	0x0009f458	True
11463	0x0005ab4a	0x0008f4c8	3	0	0x0009f4c8	True
11464	0x0005abdc	0x00080b9c	3	0	0x00090b9c	True
11465	0x0005ac69	0x0008f4cd	3	0	0x0009f4cd	True
11466	0x0005ac7b	0x0007701c	3	0	0x0008701c	True
11467	0x0005acb6	0x00084310	3	0	0x00094310	True
11468	0x0005ace0	0x0008f4d1	3	0	0x0009f4d1	True
11469	0x0005ad50	0x00084308	3	0	0x00094308	True
11470	0x0005adc4	0x0008f4d5	3	0	0x0009f4d5	True
11471	0x0005ade3	0x0008f4d9	3	0	0x0009f4d9	True
11472	0x0005ae51	0x0008f4dd	3	0	0x0009f4dd	True
11473	0x0005ae98	0x0008f4e0	3	0	0x0009f4e0	True
11474	0x0005aeba	0x0008f4e4	3	0	0x0009f4e4	True
11475	0x0005b04e	0x0008f458	3	0	0x0009f458	True
11476	0x0005b0cb	0x0008f4e8	3	0	0x0009f4e8	True
11477	0x0005b187	0x0008f4ec	3	0	0x0009f4ec	True
11478	0x0005b1b0	0x0008f458	3	0	0x0009f458	True
11479	0x0005b1d1	0x0008f4f1	3	0	0x0009f4f1	True
11480	0x0005b21b	0x0008430c	3	0	0x0009430c	True
11481	0x0005b269	0x0008f458	3	0	0x0009f458	True
11482	0x0005b2dd	0x0008f458	3	0	0x0009f458	True
11483	0x0005b310	0x0005b316	3	0	0x0006b316	True
11484	0x0005b316	0x0005b23e	3	0	0x0006b23e	True
11485	0x0005b31a	0x0005b23e	3	0	0x0006b23e	True
11486	0x0005b31e	0x0005b23e	3	0	0x0006b23e	True
11487	0x0005b322	0x0005b23e	3	0	0x0006b23e	True
11488	0x0005b326	0x0005b23e	3	0	0x0006b23e	True
11489	0x0005b32a	0x0005b27a	3	0	0x0006b27a	True
11490	0x0005b32e	0x0005b29e	3	0	0x0006b29e	True
11491	0x0005b332	0x0005b2aa	3	0	0x0006b2aa	True
11492	0x0005b336	0x0005b262	3	0	0x0006b262	True
11493	0x0005b33a	0x0005b2b6	3	0	0x0006b2b6	True
11494	0x0005b405	0x0008f4f5	3	0	0x0009f4f5	True
11495	0x0005b482	0x0008f4f9	3	0	0x0009f4f9	True
11496	0x0005b4ab	0x0008f4fd	3	0	0x0009f4fd	True
11497	0x0005b4e6	0x0008430c	3	0	0x0009430c	True
11498	0x0005b56c	0x000800fc	3	0	0x000900fc	True
11499	0x0005b65d	0x0008f458	3	0	0x0009f458	True
11500	0x0005b67a	0x0005b67e	3	0	0x0006b67e	True
11501	0x0005b67e	0x0005a9a6	3	0	0x0006a9a6	True
11502	0x0005b682	0x0005b656	3	0	0x0006b656	True
11503	0x0005b686	0x0005b4cb	3	0	0x0006b4cb	True
11504	0x0005b68a	0x0005b45e	3	0	0x0006b45e	True
11505	0x0005b68e	0x0005b61e	3	0	0x0006b61e	True
11506	0x0005b692	0x0005b656	3	0	0x0006b656	True
11507	0x0005b696	0x0005b656	3	0	0x0006b656	True
11508	0x0005b69a	0x0005ad7a	3	0	0x0006ad7a	True
11509	0x0005b69e	0x0005af6b	3	0	0x0006af6b	True
11510	0x0005b6a2	0x0005b656	3	0	0x0006b656	True
11511	0x0005b6a6	0x0005afa2	3	0	0x0006afa2	True
11512	0x0005b6aa	0x0005af86	3	0	0x0006af86	True
11513	0x0005b6ae	0x0005b1f2	3	0	0x0006b1f2	True
11514	0x0005b6b2	0x0005ac86	3	0	0x0006ac86	True
11515	0x0005b6b6	0x0005b656	3	0	0x0006b656	True
11516	0x0005b6ba	0x0005af2a	3	0	0x0006af2a	True
11517	0x0005b6be	0x0005b656	3	0	0x0006b656	True
11518	0x0005b6c2	0x0005a84e	3	0	0x0006a84e	True
11519	0x0005b6c6	0x0005abda	3	0	0x0006abda	True
11520	0x0005b6ca	0x0005b656	3	0	0x0006b656	True
11521	0x0005b6ce	0x0005b656	3	0	0x0006b656	True
11522	0x0005b6d2	0x0005b656	3	0	0x0006b656	True
11523	0x0005b6d6	0x0005b656	3	0	0x0006b656	True
11524	0x0005b6da	0x0005ac06	3	0	0x0006ac06	True
11525	0x0005b6de	0x0005b656	3	0	0x0006b656	True
11526	0x0005b6e2	0x0005b4be	3	0	0x0006b4be	True
11527	0x0005b6e6	0x0005b656	3	0	0x0006b656	True
11528	0x0005b6ea	0x0005b656	3	0	0x0006b656	True
11529	0x0005b6ee	0x0005b656	3	0	0x0006b656	True
11530	0x0005b6f2	0x0005b656	3	0	0x0006b656	True
11531	0x0005b6f6	0x0005b656	3	0	0x0006b656	True
11532	0x0005b6fa	0x0005b656	3	0	0x0006b656	True
11533	0x0005b6fe	0x0005ad9a	3	0	0x0006ad9a	True
11534	0x0005b702	0x0005ae62	3	0	0x0006ae62	True
11535	0x0005b706	0x0005aa92	3	0	0x0006aa92	True
11536	0x0005b70a	0x0005ad3e	3	0	0x0006ad3e	True
11537	0x0005b70e	0x0005b656	3	0	0x0006b656	True
11538	0x0005b712	0x0005b656	3	0	0x0006b656	True
11539	0x0005b716	0x0005b656	3	0	0x0006b656	True
11540	0x0005b71a	0x0005b0f2	3	0	0x0006b0f2	True
11541	0x0005b71e	0x0005af86	3	0	0x0006af86	True
11542	0x0005b722	0x0005af16	3	0	0x0006af16	True
11543	0x0005b726	0x0005abe6	3	0	0x0006abe6	True
11544	0x0005b72a	0x0005ab9a	3	0	0x0006ab9a	True
11545	0x0005b72e	0x0005b3ce	3	0	0x0006b3ce	True
11546	0x0005b732	0x0005ad16	3	0	0x0006ad16	True
11547	0x0005b736	0x0005af76	3	0	0x0006af76	True
11548	0x0005b73a	0x0005b656	3	0	0x0006b656	True
11549	0x0005b73e	0x0005b656	3	0	0x0006b656	True
11550	0x0005b742	0x0005a822	3	0	0x0006a822	True
11551	0x0005b746	0x0005b10a	3	0	0x0006b10a	True
11552	0x0005b74a	0x0005b656	3	0	0x0006b656	True
11553	0x0005b74e	0x0005ae2e	3	0	0x0006ae2e	True
11554	0x0005b752	0x0005a8ce	3	0	0x0006a8ce	True
11555	0x0005b756	0x0005b656	3	0	0x0006b656	True
11556	0x0005b75a	0x0005ac7a	3	0	0x0006ac7a	True
11557	0x0005b75e	0x0005a8ee	3	0	0x0006a8ee	True
11558	0x0005b762	0x0005aec2	3	0	0x0006aec2	True
11559	0x0005b76d	0x0007701c	3	0	0x0008701c	True
11560	0x0005b775	0x0008f501	3	0	0x0009f501	True
11561	0x0005b77f	0x0007701c	3	0	0x0008701c	True
11562	0x0005b798	0x00084311	3	0	0x00094311	True
11563	0x0005b7b8	0x00084310	3	0	0x00094310	True
11564	0x0005b7d8	0x00084311	3	0	0x00094311	True
11565	0x0005b7fc	0x00084300	3	0	0x00094300	True
11566	0x0008f458	0x0008f440	3	0	0x0009f440	True
11567	0x0005b822	0x0008f534	3	0	0x0009f534	True
11568	0x0005b89e	0x000800d8	3	0	0x000900d8	True
11569	0x0005b8a3	0x000800d8	3	0	0x000900d8	True
11570	0x0005b8b8	0x0008141c	3	0	0x0009141c	True
11571	0x0005b8c0	0x000800d8	3	0	0x000900d8	True
11572	0x0005b8d9	0x0008f534	3	0	0x0009f534	True
11573	0x0005b901	0x0005b906	3	0	0x0006b906	True
11574	0x0005b906	0x0005b8e5	3	0	0x0006b8e5	True
11575	0x0005b90a	0x0005b8bf	3	0	0x0006b8bf	True
11576	0x0005b90e	0x0005b8bf	3	0	0x0006b8bf	True
11577	0x0005b912	0x0005b8e5	3	0	0x0006b8e5	True
11578	0x0005b916	0x0005b8bf	3	0	0x0006b8bf	True
11579	0x0005b91a	0x0005b8bf	3	0	0x0006b8bf	True
11580	0x0005b91e	0x0005b8e5	3	0	0x0006b8e5	True
11581	0x0005b922	0x0005b8b6	3	0	0x0006b8b6	True
11582	0x0005ba43	0x0008f534	3	0	0x0009f534	True
11583	0x0005ba6f	0x0008f534	3	0	0x0009f534	True
11584	0x0005ba7f	0x00071140	3	0	0x00081140	True
11585	0x0005bb13	0x0008f534	3	0	0x0009f534	True
11586	0x0005bd30	0x000828e0	3	0	0x000928e0	True
11587	0x0005be5e	0x00071144	3	0	0x00081144	True
11588	0x0005be7c	0x0008f550	3	0	0x0009f550	True
11589	0x0005be86	0x0008f552	3	0	0x0009f552	True
11590	0x0005be8b	0x0008f54c	3	0	0x0009f54c	True
11591	0x0005beb1	0x0008f55c	3	0	0x0009f55c	True
11592	0x0005bebb	0x0008f56a	3	0	0x0009f56a	True
11593	0x0005becd	0x0008f562	3	0	0x0009f562	True
11594	0x0005beda	0x0008f564	3	0	0x0009f564	True
11595	0x0005bedf	0x0008f558	3	0	0x0009f558	True
11596	0x0005bf39	0x0008f534	3	0	0x0009f534	True
11597	0x0005bf8d	0x0008f534	3	0	0x0009f534	True
11598	0x0005c07f	0x0008f534	3	0	0x0009f534	True
11599	0x0005c0c5	0x000707f0	3	0	0x000807f0	True
11600	0x0005c0ed	0x000707f0	3	0	0x000807f0	True
11601	0x0005c19c	0x000707f0	3	0	0x000807f0	True
11602	0x0005c1c5	0x0008012c	3	0	0x0009012c	True
11603	0x0005c22a	0x0008f572	3	0	0x0009f572	True
11604	0x0005c231	0x0008f56c	3	0	0x0009f56c	True
11605	0x0005c237	0x0008f56d	3	0	0x0009f56d	True
11606	0x0005c249	0x0008f56c	3	0	0x0009f56c	True
11607	0x0005c271	0x0005c276	3	0	0x0006c276	True
11608	0x0005c276	0x0005c1bd	3	0	0x0006c1bd	True
11609	0x0005c27a	0x0005c14a	3	0	0x0006c14a	True
11610	0x0005c27e	0x0005c14a	3	0	0x0006c14a	True
11611	0x0005c282	0x0005c1bd	3	0	0x0006c1bd	True
11612	0x0005c286	0x0005c14a	3	0	0x0006c14a	True
11613	0x0005c28a	0x0005c166	3	0	0x0006c166	True
11614	0x0005c28e	0x0005c1bd	3	0	0x0006c1bd	True
11615	0x0005c292	0x0005c226	3	0	0x0006c226	True
11616	0x0005c297	0x000800d8	3	0	0x000900d8	True
11617	0x0005c2a3	0x00089b08	3	0	0x00099b08	True
11618	0x0005c2ac	0x0008010c	3	0	0x0009010c	True
11619	0x0005c2b8	0x00076ca4	3	0	0x00086ca4	True
11620	0x0005c2c3	0x0008f57c	3	0	0x0009f57c	True
11621	0x0005c2c8	0x0008f578	3	0	0x0009f578	True
11622	0x0005c2e3	0x0008f534	3	0	0x0009f534	True
11623	0x0005c2fb	0x0008f588	3	0	0x0009f588	True
11624	0x0005c31d	0x0008f588	3	0	0x0009f588	True
11625	0x0005c322	0x0008f589	3	0	0x0009f589	True
11626	0x0005c36d	0x0008f588	3	0	0x0009f588	True
11627	0x0005c372	0x0008f589	3	0	0x0009f589	True
11628	0x0005c37f	0x0008f588	3	0	0x0009f588	True
11629	0x0005c3c7	0x0008f534	3	0	0x0009f534	True
11630	0x0005c4d7	0x0008f5a8	3	0	0x0009f5a8	True
11631	0x0005c4ee	0x0008f5aa	3	0	0x0009f5aa	True
11632	0x0005c4f3	0x0008f5a4	3	0	0x0009f5a4	True
11633	0x0005c557	0x0008f599	3	0	0x0009f599	True
11634	0x0005c55d	0x0008f594	3	0	0x0009f594	True
11635	0x0005c575	0x0008f59e	3	0	0x0009f59e	True
11636	0x0005c57b	0x0008f59c	3	0	0x0009f59c	True
11637	0x0005c599	0x0008f59e	3	0	0x0009f59e	True
11638	0x0005c59f	0x0008f59c	3	0	0x0009f59c	True
11639	0x0005c5b8	0x0008f599	3	0	0x0009f599	True
11640	0x0005c5be	0x0008f594	3	0	0x0009f594	True
11641	0x0005c5e5	0x0008f599	3	0	0x0009f599	True
11642	0x0005c5ea	0x0008f594	3	0	0x0009f594	True
11643	0x0005c628	0x0007114c	3	0	0x0008114c	True
11644	0x0005c704	0x0005c70a	3	0	0x0006c70a	True
11645	0x0005c70a	0x0005c6da	3	0	0x0006c6da	True
11646	0x0005c70e	0x0005c6da	3	0	0x0006c6da	True
11647	0x0005c712	0x0005c6b1	3	0	0x0006c6b1	True
11648	0x0005c716	0x0005c6aa	3	0	0x0006c6aa	True
11649	0x0005c71a	0x0005c6be	3	0	0x0006c6be	True
11650	0x0005c71e	0x0005c6be	3	0	0x0006c6be	True
11651	0x0005c722	0x0005c6be	3	0	0x0006c6be	True
11652	0x0005c726	0x0005c6be	3	0	0x0006c6be	True
11653	0x0005c72a	0x0005c6be	3	0	0x0006c6be	True
11654	0x0005c72e	0x0005c6ea	3	0	0x0006c6ea	True
11655	0x0005c76c	0x0007114c	3	0	0x0008114c	True
11656	0x0005c7b2	0x000813f0	3	0	0x000913f0	True
11657	0x0005c7ef	0x0007114c	3	0	0x0008114c	True
11658	0x0005c828	0x0008f534	3	0	0x0009f534	True
11659	0x0005c889	0x0008f534	3	0	0x0009f534	True
11660	0x0005c967	0x0007114c	3	0	0x0008114c	True
11661	0x0005c989	0x0007114c	3	0	0x0008114c	True
11662	0x0005c9ac	0x0008f5d5	3	0	0x0009f5d5	True
11663	0x0005c9ce	0x0007114c	3	0	0x0008114c	True
11664	0x0005c9dc	0x0008f5d5	3	0	0x0009f5d5	True
11665	0x0005c9f5	0x0008f5d5	3	0	0x0009f5d5	True
11666	0x0005ca04	0x000813f0	3	0	0x000913f0	True
11667	0x0005ca25	0x0008f5d8	3	0	0x0009f5d8	True
11668	0x0005ca2d	0x0008f5d4	3	0	0x0009f5d4	True
11669	0x0005ca5c	0x0008f5b4	3	0	0x0009f5b4	True
11670	0x0005ca61	0x0008f5b0	3	0	0x0009f5b0	True
11671	0x0005ca74	0x0008f548	3	0	0x0009f548	True
11672	0x0005ca79	0x0008f5be	3	0	0x0009f5be	True
11673	0x0005ca7e	0x0008f5b8	3	0	0x0009f5b8	True
11674	0x0005ca8b	0x000711cc	3	0	0x000811cc	True
11675	0x0005cae0	0x000711cc	3	0	0x000811cc	True
11676	0x0005cafa	0x00071124	3	0	0x00081124	True
11677	0x0005cb2e	0x0008f534	3	0	0x0009f534	True
11678	0x0005cc83	0x000800d8	3	0	0x000900d8	True
11679	0x0005cc8b	0x0008f603	3	0	0x0009f603	True
11680	0x0005cc90	0x0008f614	3	0	0x0009f614	True
11681	0x0005cc9d	0x0008f5f7	3	0	0x0009f5f7	True
11682	0x0005cca4	0x0008f5dc	3	0	0x0009f5dc	True
11683	0x0005ccdf	0x0008f524	3	0	0x0009f524	True
11684	0x0005cce4	0x0008dd40	3	0	0x0009dd40	True
11685	0x0005cd05	0x0005cd0a	3	0	0x0006cd0a	True
11686	0x0005cd0a	0x0005bf4a	3	0	0x0006bf4a	True
11687	0x0005cd0e	0x0005ccd6	3	0	0x0006ccd6	True
11688	0x0005cd12	0x0005ccd6	3	0	0x0006ccd6	True
11689	0x0005cd16	0x0005ccd6	3	0	0x0006ccd6	True
11690	0x0005cd1a	0x0005cb0e	3	0	0x0006cb0e	True
11691	0x0005cd1e	0x0005ccd6	3	0	0x0006ccd6	True
11692	0x0005cd22	0x0005ccd6	3	0	0x0006ccd6	True
11693	0x0005cd26	0x0005cb56	3	0	0x0006cb56	True
11694	0x0005cd2a	0x0005b892	3	0	0x0006b892	True
11695	0x0005cd2e	0x0005ccd6	3	0	0x0006ccd6	True
11696	0x0005cd32	0x0005bd8a	3	0	0x0006bd8a	True
11697	0x0005cd36	0x0005ccd6	3	0	0x0006ccd6	True
11698	0x0005cd3a	0x0005ccd6	3	0	0x0006ccd6	True
11699	0x0005cd3e	0x0005ccd6	3	0	0x0006ccd6	True
11700	0x0005cd42	0x0005ccd6	3	0	0x0006ccd6	True
11701	0x0005cd46	0x0005cbbe	3	0	0x0006cbbe	True
11702	0x0005cd4a	0x0005ccd6	3	0	0x0006ccd6	True
11703	0x0005cd4e	0x0005ccd6	3	0	0x0006ccd6	True
11704	0x0005cd52	0x0005ba0e	3	0	0x0006ba0e	True
11705	0x0005ce39	0x0008f534	3	0	0x0009f534	True
11706	0x0005cec7	0x000800d8	3	0	0x000900d8	True
11707	0x0005ceec	0x00089b08	3	0	0x00099b08	True
11708	0x0005cf0e	0x0008f534	3	0	0x0009f534	True
11709	0x0005cfa8	0x0008f640	3	0	0x0009f640	True
11710	0x0005cfb8	0x0008f642	3	0	0x0009f642	True
11711	0x0005cfbd	0x0008f63c	3	0	0x0009f63c	True
11712	0x0005cff5	0x0008f620	3	0	0x0009f620	True
11713	0x0005cffc	0x0008f620	3	0	0x0009f620	True
11714	0x0005d014	0x0008f620	3	0	0x0009f620	True
11715	0x0005d04b	0x0008f637	3	0	0x0009f637	True
11716	0x0005d050	0x0008f636	3	0	0x0009f636	True
11717	0x0005d055	0x0008f630	3	0	0x0009f630	True
11718	0x0005d05f	0x0008f620	3	0	0x0009f620	True
11719	0x0005d066	0x0008f638	3	0	0x0009f638	True
11720	0x0005d06b	0x0008f62c	3	0	0x0009f62c	True
11721	0x0005d0ed	0x0008f636	3	0	0x0009f636	True
11722	0x0005d0f2	0x0008f630	3	0	0x0009f630	True
11723	0x0005d0fa	0x0008f637	3	0	0x0009f637	True
11724	0x0005d125	0x0008012c	3	0	0x0009012c	True
11725	0x0005d164	0x0008f6b0	3	0	0x0009f6b0	True
11726	0x0005d172	0x0008f6ac	3	0	0x0009f6ac	True
11727	0x0005d184	0x0008f6ac	3	0	0x0009f6ac	True
11728	0x0005d2c6	0x0008f7d0	3	0	0x0009f7d0	True
11729	0x0005d2d8	0x0008f7ca	3	0	0x0009f7ca	True
11730	0x0005d309	0x0008f6b0	3	0	0x0009f6b0	True
11731	0x0005d31a	0x0008f6ac	3	0	0x0009f6ac	True
11732	0x0005d32c	0x0008f6a8	3	0	0x0009f6a8	True
11733	0x0005d33a	0x0008f7df	3	0	0x0009f7df	True
11734	0x0005d33f	0x0008f7de	3	0	0x0009f7de	True
11735	0x0005d52c	0x0008f7e0	3	0	0x0009f7e0	True
11736	0x0005d53f	0x0008f7df	3	0	0x0009f7df	True
11737	0x0005d54b	0x0008f7de	3	0	0x0009f7de	True
11738	0x0005d555	0x0008f7d8	3	0	0x0009f7d8	True
11739	0x0005d5c0	0x0008f7e0	3	0	0x0009f7e0	True
11740	0x0005d5d1	0x0008f534	3	0	0x0009f534	True
11741	0x0005d648	0x0008f7ca	3	0	0x0009f7ca	True
11742	0x0005d652	0x0008f7c8	3	0	0x0009f7c8	True
11743	0x0005d665	0x0008f7de	3	0	0x0009f7de	True
11744	0x0005d66b	0x0008f7e0	3	0	0x0009f7e0	True
11745	0x0005d679	0x0008f7de	3	0	0x0009f7de	True
11746	0x0005d67f	0x0008f7e0	3	0	0x0009f7e0	True
11747	0x0005d68d	0x0008f7de	3	0	0x0009f7de	True
11748	0x0005d693	0x0008f7e0	3	0	0x0009f7e0	True
11749	0x0005d69f	0x0008f7df	3	0	0x0009f7df	True
11750	0x0005d6a9	0x0008f7d8	3	0	0x0009f7d8	True
11751	0x0005d6d9	0x0008f534	3	0	0x0009f534	True
11752	0x0005d73c	0x0008f534	3	0	0x0009f534	True
11753	0x0005d74c	0x0008f538	3	0	0x0009f538	True
11754	0x0005d789	0x00071140	3	0	0x00081140	True
11755	0x0005d799	0x00090045	3	0	0x000a0045	True
11756	0x0005d81c	0x0008f542	3	0	0x0009f542	True
11757	0x0005d821	0x0008f540	3	0	0x0009f540	True
11758	0x0005d832	0x0008f542	3	0	0x0009f542	True
11759	0x0005d914	0x0008f7e6	3	0	0x0009f7e6	True
11760	0x0005d93c	0x0008f7e4	3	0	0x0009f7e4	True
11761	0x0005d995	0x0008f7e6	3	0	0x0009f7e6	True
11762	0x0005d99f	0x0008f7e4	3	0	0x0009f7e4	True
11763	0x0005d9e1	0x0008f7e6	3	0	0x0009f7e6	True
11764	0x0005d9eb	0x0008f7e4	3	0	0x0009f7e4	True
11765	0x0005da16	0x0008f7e6	3	0	0x0009f7e6	True
11766	0x0005da29	0x0008f7e4	3	0	0x0009f7e4	True
11767	0x0005da4c	0x00080140	3	0	0x00090140	True
11768	0x0005da55	0x000813f8	3	0	0x000913f8	True
11769	0x0005da5d	0x000800d8	3	0	0x000900d8	True
11770	0x0005da97	0x0008f534	3	0	0x0009f534	True
11771	0x0005dac9	0x0008f534	3	0	0x0009f534	True
11772	0x0005dad7	0x0008f7f6	3	0	0x0009f7f6	True
11773	0x0005dadf	0x0008f7f2	3	0	0x0009f7f2	True
11774	0x0005dae6	0x0008f7ec	3	0	0x0009f7ec	True
11775	0x0005dafa	0x0008f7f6	3	0	0x0009f7f6	True
11776	0x0005db02	0x0008f7f2	3	0	0x0009f7f2	True
11777	0x0005db09	0x0008f7ec	3	0	0x0009f7ec	True
11778	0x0005db22	0x0008f800	3	0	0x0009f800	True
11779	0x0005db27	0x0008f7fc	3	0	0x0009f7fc	True
11780	0x0008f534	0x0008f510	3	0	0x0009f510	True
11781	0x0008f6a8	0x0008f647	3	0	0x0009f647	True
11782	0x0008f6b4	0x0008f649	3	0	0x0009f649	True
11783	0x0008f6c0	0x0008f64c	3	0	0x0009f64c	True
11784	0x0008f6cc	0x0008f64e	3	0	0x0009f64e	True
11785	0x0008f6d8	0x0008f652	3	0	0x0009f652	True
11786	0x0008f6e4	0x0008f655	3	0	0x0009f655	True
11787	0x0008f6f0	0x0008f659	3	0	0x0009f659	True
11788	0x0008f6fc	0x0008f65e	3	0	0x0009f65e	True
11789	0x0008f708	0x0008f660	3	0	0x0009f660	True
11790	0x0008f714	0x0008f665	3	0	0x0009f665	True
11791	0x0008f720	0x0008f668	3	0	0x0009f668	True
11792	0x0008f72c	0x0008f66e	3	0	0x0009f66e	True
11793	0x0008f738	0x0008f671	3	0	0x0009f671	True
11794	0x0008f744	0x0008f674	3	0	0x0009f674	True
11795	0x0008f750	0x0008f67b	3	0	0x0009f67b	True
11796	0x0008f75c	0x0008f681	3	0	0x0009f681	True
11797	0x0008f768	0x0008f687	3	0	0x0009f687	True
11798	0x0008f774	0x0008f68a	3	0	0x0009f68a	True
11799	0x0008f780	0x0008f68d	3	0	0x0009f68d	True
11800	0x0008f78c	0x0008f691	3	0	0x0009f691	True
11801	0x0008f798	0x0008f694	3	0	0x0009f694	True
11802	0x0008f7a4	0x0008f698	3	0	0x0009f698	True
11803	0x0008f7b0	0x0008f6a0	3	0	0x0009f6a0	True
11804	0x0008f7bc	0x0008f6a5	3	0	0x0009f6a5	True
11805	0x0009003c	0x0008f810	3	0	0x0009f810	True
11806	0x00090040	0x0008f81e	3	0	0x0009f81e	True
11807	0x00090048	0x0008f826	3	0	0x0009f826	True
11808	0x0009004c	0x0008f828	3	0	0x0009f828	True
11809	0x00090054	0x0008f82f	3	0	0x0009f82f	True
11810	0x00090058	0x0008f831	3	0	0x0009f831	True
11811	0x00090064	0x0008f838	3	0	0x0009f838	True
11812	0x00090070	0x0008f840	3	0	0x0009f840	True
11813	0x0009007c	0x0008f847	3	0	0x0009f847	True
11814	0x00090088	0x0008f84d	3	0	0x0009f84d	True
11815	0x00090094	0x0008f853	3	0	0x0009f853	True
11816	0x000900a0	0x0008f859	3	0	0x0009f859	True
11817	0x000900ac	0x0008f85f	3	0	0x0009f85f	True
11818	0x000900b8	0x0008f868	3	0	0x0009f868	True
11819	0x000900c4	0x0008f871	3	0	0x0009f871	True
11820	0x000900d0	0x0008f878	3	0	0x0009f878	True
11821	0x000900dc	0x0008f87e	3	0	0x0009f87e	True
11822	0x000900e8	0x0008f884	3	0	0x0009f884	True
11823	0x000900f4	0x0008f88c	3	0	0x0009f88c	True
11824	0x000900fc	0x0008f895	3	0	0x0009f895	True
11825	0x00090100	0x0008f897	3	0	0x0009f897	True
11826	0x00090108	0x0008f8a1	3	0	0x0009f8a1	True
11827	0x0009010c	0x0008f8a3	3	0	0x0009f8a3	True
11828	0x00090114	0x0008f8ac	3	0	0x0009f8ac	True
11829	0x00090118	0x0008f8ae	3	0	0x0009f8ae	True
11830	0x00090120	0x0008f8b6	3	0	0x0009f8b6	True
11831	0x00090124	0x0008f8b8	3	0	0x0009f8b8	True
11832	0x0009012c	0x0008f8c0	3	0	0x0009f8c0	True
11833	0x00090130	0x0008f8c2	3	0	0x0009f8c2	True
11834	0x00090138	0x0008f8ca	3	0	0x0009f8ca	True
11835	0x0009013c	0x0008f8cc	3	0	0x0009f8cc	True
11836	0x00090144	0x0008f8d4	3	0	0x0009f8d4	True
11837	0x00090148	0x0008f8d6	3	0	0x0009f8d6	True
11838	0x00090150	0x0008f8de	3	0	0x0009f8de	True
11839	0x00090154	0x0008f8e0	3	0	0x0009f8e0	True
11840	0x0009015c	0x0008f8e8	3	0	0x0009f8e8	True
11841	0x00090160	0x0008f8ea	3	0	0x0009f8ea	True
11842	0x00090168	0x0008f8f2	3	0	0x0009f8f2	True
11843	0x0009016c	0x0008f8f4	3	0	0x0009f8f4	True
11844	0x00090174	0x0008f8fb	3	0	0x0009f8fb	True
11845	0x00090178	0x0008f8fd	3	0	0x0009f8fd	True
11846	0x00090184	0x0008f903	3	0	0x0009f903	True
11847	0x00090190	0x0008f90c	3	0	0x0009f90c	True
11848	0x0009019c	0x0008f914	3	0	0x0009f914	True
11849	0x000901a8	0x0008f91a	3	0	0x0009f91a	True
11850	0x000901b4	0x0008f91f	3	0	0x0009f91f	True
11851	0x000901c0	0x0008f924	3	0	0x0009f924	True
11852	0x000901cc	0x0008f929	3	0	0x0009f929	True
11853	0x000901d8	0x0008f92e	3	0	0x0009f92e	True
11854	0x000901e4	0x0008f933	3	0	0x0009f933	True
11855	0x000901f0	0x0008f938	3	0	0x0009f938	True
11856	0x000901fc	0x0008f93d	3	0	0x0009f93d	True
11857	0x00090208	0x0008f942	3	0	0x0009f942	True
11858	0x00090210	0x0008f949	3	0	0x0009f949	True
11859	0x00090214	0x0008f94b	3	0	0x0009f94b	True
11860	0x0009021c	0x0008f953	3	0	0x0009f953	True
11861	0x00090220	0x0008f955	3	0	0x0009f955	True
11862	0x00090228	0x0008f95d	3	0	0x0009f95d	True
11863	0x0009022c	0x0008f95f	3	0	0x0009f95f	True
11864	0x00090234	0x0008f967	3	0	0x0009f967	True
11865	0x00090238	0x0008f96a	3	0	0x0009f96a	True
11866	0x00090240	0x0008f970	3	0	0x0009f970	True
11867	0x00090244	0x0008f976	3	0	0x0009f976	True
11868	0x0009024c	0x0008f97e	3	0	0x0009f97e	True
11869	0x00090250	0x0008f982	3	0	0x0009f982	True
11870	0x00090258	0x0008f989	3	0	0x0009f989	True
11871	0x0009025c	0x0008f98c	3	0	0x0009f98c	True
11872	0x00090264	0x0008f998	3	0	0x0009f998	True
11873	0x00090268	0x0008f99b	3	0	0x0009f99b	True
11874	0x00090274	0x0008f9a5	3	0	0x0009f9a5	True
11875	0x0009027c	0x0008f9ae	3	0	0x0009f9ae	True
11876	0x00090280	0x0008f9b0	3	0	0x0009f9b0	True
11877	0x00090288	0x0008f9ba	3	0	0x0009f9ba	True
11878	0x0009028c	0x0008f9bc	3	0	0x0009f9bc	True
11879	0x00090294	0x0008f9c3	3	0	0x0009f9c3	True
11880	0x00090298	0x0008f9c5	3	0	0x0009f9c5	True
11881	0x000902a0	0x0008f9ce	3	0	0x0009f9ce	True
11882	0x000902a4	0x0008f9d0	3	0	0x0009f9d0	True
11883	0x000902ac	0x0008f9db	3	0	0x0009f9db	True
11884	0x000902b0	0x0008f9dd	3	0	0x0009f9dd	True
11885	0x000902b8	0x0008f9e7	3	0	0x0009f9e7	True
11886	0x000902bc	0x0008f9ea	3	0	0x0009f9ea	True
11887	0x000902c4	0x0008f9f5	3	0	0x0009f9f5	True
11888	0x000902c8	0x0008f9f7	3	0	0x0009f9f7	True
11889	0x000902d0	0x0008fa02	3	0	0x0009fa02	True
11890	0x000902d4	0x0008fa04	3	0	0x0009fa04	True
11891	0x000902e0	0x0008fa0a	3	0	0x0009fa0a	True
11892	0x000902e8	0x0008fa14	3	0	0x0009fa14	True
11893	0x000902ec	0x0008fa17	3	0	0x0009fa17	True
11894	0x000902f4	0x0008fa21	3	0	0x0009fa21	True
11895	0x000902f8	0x0008fa24	3	0	0x0009fa24	True
11896	0x00090300	0x0008fa2b	3	0	0x0009fa2b	True
11897	0x00090304	0x0008fa2e	3	0	0x0009fa2e	True
11898	0x0009030c	0x0008fa36	3	0	0x0009fa36	True
11899	0x00090310	0x0008fa39	3	0	0x0009fa39	True
11900	0x00090318	0x0008fa42	3	0	0x0009fa42	True
11901	0x0009031c	0x0008fa46	3	0	0x0009fa46	True
11902	0x00090324	0x0008fa4d	3	0	0x0009fa4d	True
11903	0x00090328	0x0008fa51	3	0	0x0009fa51	True
11904	0x00090330	0x0008fa5c	3	0	0x0009fa5c	True
11905	0x00090334	0x0008fa5f	3	0	0x0009fa5f	True
11906	0x0009033c	0x0008fa6b	3	0	0x0009fa6b	True
11907	0x00090340	0x0008fa6d	3	0	0x0009fa6d	True
11908	0x00090348	0x0008fa79	3	0	0x0009fa79	True
11909	0x0009034c	0x0008fa7b	3	0	0x0009fa7b	True
11910	0x00090354	0x0008fa84	3	0	0x0009fa84	True
11911	0x00090358	0x0008fa87	3	0	0x0009fa87	True
11912	0x00090364	0x0008fa92	3	0	0x0009fa92	True
11913	0x00090370	0x0008fa9a	3	0	0x0009fa9a	True
11914	0x0009037c	0x0008faa2	3	0	0x0009faa2	True
11915	0x00090384	0x0008faa9	3	0	0x0009faa9	True
11916	0x00090388	0x0008faac	3	0	0x0009faac	True
11917	0x00090390	0x0008fab4	3	0	0x0009fab4	True
11918	0x00090394	0x0008fab6	3	0	0x0009fab6	True
11919	0x0009039c	0x0008fabd	3	0	0x0009fabd	True
11920	0x000903a0	0x0008fabf	3	0	0x0009fabf	True
11921	0x000903a8	0x0008fac8	3	0	0x0009fac8	True
11922	0x000903ac	0x0008faca	3	0	0x0009faca	True
11923	0x000903b4	0x0008fad2	3	0	0x0009fad2	True
11924	0x000903b8	0x0008fad5	3	0	0x0009fad5	True
11925	0x000903c0	0x0008fadc	3	0	0x0009fadc	True
11926	0x000903c4	0x0008fade	3	0	0x0009fade	True
11927	0x000903cc	0x0008faeb	3	0	0x0009faeb	True
11928	0x000903d0	0x0008faed	3	0	0x0009faed	True
11929	0x000903d8	0x0008faf6	3	0	0x0009faf6	True
11930	0x000903dc	0x0008faf8	3	0	0x0009faf8	True
11931	0x000903e8	0x0008fb01	3	0	0x0009fb01	True
11932	0x000903f4	0x0008fb0c	3	0	0x0009fb0c	True
11933	0x000903fc	0x0008fb15	3	0	0x0009fb15	True
11934	0x00090400	0x0008fb18	3	0	0x0009fb18	True
11935	0x00090408	0x0008fb1f	3	0	0x0009fb1f	True
11936	0x0009040c	0x0008fb21	3	0	0x0009fb21	True
11937	0x00090414	0x0008fb27	3	0	0x0009fb27	True
11938	0x00090418	0x0008fb29	3	0	0x0009fb29	True
11939	0x00090420	0x0008fb33	3	0	0x0009fb33	True
11940	0x00090424	0x0008fb36	3	0	0x0009fb36	True
11941	0x0009042c	0x0008fb3e	3	0	0x0009fb3e	True
11942	0x00090430	0x0008fb40	3	0	0x0009fb40	True
11943	0x00090438	0x0008fb4b	3	0	0x0009fb4b	True
11944	0x0009043c	0x0008fb4e	3	0	0x0009fb4e	True
11945	0x00090444	0x0008fb59	3	0	0x0009fb59	True
11946	0x00090448	0x0008fb5c	3	0	0x0009fb5c	True
11947	0x00090450	0x0008fb63	3	0	0x0009fb63	True
11948	0x00090454	0x0008fb65	3	0	0x0009fb65	True
11949	0x0009045c	0x0008fb6c	3	0	0x0009fb6c	True
11950	0x00090460	0x0008fb6e	3	0	0x0009fb6e	True
11951	0x00090468	0x0008fb78	3	0	0x0009fb78	True
11952	0x0009046c	0x0008fb7a	3	0	0x0009fb7a	True
11953	0x00090478	0x0008fb82	3	0	0x0009fb82	True
11954	0x00090480	0x0008fb8d	3	0	0x0009fb8d	True
11955	0x00090484	0x0008fb8f	3	0	0x0009fb8f	True
11956	0x00090490	0x0008fb9a	3	0	0x0009fb9a	True
11957	0x0009049c	0x0008fba5	3	0	0x0009fba5	True
11958	0x000904a8	0x0008fbb0	3	0	0x0009fbb0	True
11959	0x000904b4	0x0008fbbb	3	0	0x0009fbbb	True
11960	0x000904c0	0x0008fbc6	3	0	0x0009fbc6	True
11961	0x000904cc	0x0008fbd1	3	0	0x0009fbd1	True
11962	0x000904d8	0x0008fbdc	3	0	0x0009fbdc	True
11963	0x000904e4	0x0008fbe7	3	0	0x0009fbe7	True
11964	0x000904f0	0x0008fbf2	3	0	0x0009fbf2	True
11965	0x000904fc	0x0008fbfd	3	0	0x0009fbfd	True
11966	0x00090508	0x0008fc08	3	0	0x0009fc08	True
11967	0x00090514	0x0008fc13	3	0	0x0009fc13	True
11968	0x00090520	0x0008fc1e	3	0	0x0009fc1e	True
11969	0x0009052c	0x0008fc29	3	0	0x0009fc29	True
11970	0x00090534	0x0008fc32	3	0	0x0009fc32	True
11971	0x00090538	0x0008fc34	3	0	0x0009fc34	True
11972	0x00090544	0x0008fc3f	3	0	0x0009fc3f	True
11973	0x00090550	0x0008fc4a	3	0	0x0009fc4a	True
11974	0x0009055c	0x0008fc55	3	0	0x0009fc55	True
11975	0x00090568	0x0008fc60	3	0	0x0009fc60	True
11976	0x00090574	0x0008fc6b	3	0	0x0009fc6b	True
11977	0x00090580	0x0008fc76	3	0	0x0009fc76	True
11978	0x0009058c	0x0008fc81	3	0	0x0009fc81	True
11979	0x00090598	0x0008fc8c	3	0	0x0009fc8c	True
11980	0x000905a4	0x0008fc97	3	0	0x0009fc97	True
11981	0x000905b0	0x0008fca2	3	0	0x0009fca2	True
11982	0x000905bc	0x0008fcad	3	0	0x0009fcad	True
11983	0x000905c8	0x0008fcb7	3	0	0x0009fcb7	True
11984	0x000905d4	0x0008fcc0	3	0	0x0009fcc0	True
11985	0x000905dc	0x0008fcc9	3	0	0x0009fcc9	True
11986	0x000905e0	0x0008fccb	3	0	0x0009fccb	True
11987	0x000905e8	0x0008fcd4	3	0	0x0009fcd4	True
11988	0x000905ec	0x0008fcd8	3	0	0x0009fcd8	True
11989	0x000905f8	0x0008fce0	3	0	0x0009fce0	True
11990	0x00090604	0x0008fceb	3	0	0x0009fceb	True
11991	0x00090610	0x0008fcf3	3	0	0x0009fcf3	True
11992	0x0009061c	0x0008fcfb	3	0	0x0009fcfb	True
11993	0x00090624	0x0008fd06	3	0	0x0009fd06	True
11994	0x00090628	0x0008fd08	3	0	0x0009fd08	True
11995	0x00090630	0x0008fd11	3	0	0x0009fd11	True
11996	0x00090634	0x0008fd14	3	0	0x0009fd14	True
11997	0x0009063c	0x0008fd1d	3	0	0x0009fd1d	True
11998	0x00090640	0x0008fd20	3	0	0x0009fd20	True
11999	0x0009064c	0x0008fd2b	3	0	0x0009fd2b	True
12000	0x00090654	0x0008fd33	3	0	0x0009fd33	True
12001	0x00090658	0x0008fd35	3	0	0x0009fd35	True
12002	0x00090660	0x0008fd3e	3	0	0x0009fd3e	True
12003	0x00090664	0x0008fd40	3	0	0x0009fd40	True
12004	0x0009066c	0x0008fd48	3	0	0x0009fd48	True
12005	0x00090670	0x0008fd4a	3	0	0x0009fd4a	True
12006	0x0009067c	0x0008fd50	3	0	0x0009fd50	True
12007	0x00090688	0x0008fd57	3	0	0x0009fd57	True
12008	0x00090694	0x0008fd5d	3	0	0x0009fd5d	True
12009	0x0009069c	0x0008fd67	3	0	0x0009fd67	True
12010	0x000906a0	0x0008fd69	3	0	0x0009fd69	True
12011	0x000906ac	0x0008fd74	3	0	0x0009fd74	True
12012	0x000906b8	0x0008fd7e	3	0	0x0009fd7e	True
12013	0x000906c4	0x0008fd8a	3	0	0x0009fd8a	True
12014	0x000906d0	0x0008fd95	3	0	0x0009fd95	True
12015	0x000906d8	0x0008fd9c	3	0	0x0009fd9c	True
12016	0x000906dc	0x0008fd9e	3	0	0x0009fd9e	True
12017	0x000906e4	0x0008fda7	3	0	0x0009fda7	True
12018	0x000906e8	0x0008fdaa	3	0	0x0009fdaa	True
12019	0x000906f0	0x0008fdb4	3	0	0x0009fdb4	True
12020	0x000906f4	0x0008fdb6	3	0	0x0009fdb6	True
12021	0x000906fc	0x0008fdbc	3	0	0x0009fdbc	True
12022	0x00090700	0x0008fdbe	3	0	0x0009fdbe	True
12023	0x00090708	0x0008fdc7	3	0	0x0009fdc7	True
12024	0x0009070c	0x0008fdc9	3	0	0x0009fdc9	True
12025	0x00090718	0x0008fdd3	3	0	0x0009fdd3	True
12026	0x00090724	0x0008fddd	3	0	0x0009fddd	True
12027	0x00090730	0x0008fde7	3	0	0x0009fde7	True
12028	0x0009073c	0x0008fdf1	3	0	0x0009fdf1	True
12029	0x00090748	0x0008fdfc	3	0	0x0009fdfc	True
12030	0x00090754	0x0008fe07	3	0	0x0009fe07	True
12031	0x00090760	0x0008fe13	3	0	0x0009fe13	True
12032	0x0009076c	0x0008fe1f	3	0	0x0009fe1f	True
12033	0x00090774	0x0008fe27	3	0	0x0009fe27	True
12034	0x00090778	0x0008fe29	3	0	0x0009fe29	True
12035	0x00090780	0x0008fe31	3	0	0x0009fe31	True
12036	0x00090784	0x0008fe33	3	0	0x0009fe33	True
12037	0x0009078c	0x0008fe3e	3	0	0x0009fe3e	True
12038	0x00090790	0x0008fe41	3	0	0x0009fe41	True
12039	0x00090798	0x0008fe48	3	0	0x0009fe48	True
12040	0x0009079c	0x0008fe4a	3	0	0x0009fe4a	True
12041	0x000907a4	0x0008fe53	3	0	0x0009fe53	True
12042	0x000907a8	0x0008fe55	3	0	0x0009fe55	True
12043	0x000907b4	0x0008fe61	3	0	0x0009fe61	True
12044	0x000907c0	0x0008fe69	3	0	0x0009fe69	True
12045	0x000907cc	0x0008fe71	3	0	0x0009fe71	True
12046	0x000907d8	0x0008fe7c	3	0	0x0009fe7c	True
12047	0x000907e4	0x0008fe88	3	0	0x0009fe88	True
12048	0x000907f0	0x0008fe90	3	0	0x0009fe90	True
12049	0x000907fc	0x0008fe98	3	0	0x0009fe98	True
12050	0x00090808	0x0008fea2	3	0	0x0009fea2	True
12051	0x00090814	0x0008feab	3	0	0x0009feab	True
12052	0x00090820	0x0008feb1	3	0	0x0009feb1	True
12053	0x0009082c	0x0008feba	3	0	0x0009feba	True
12054	0x00090838	0x0008fec4	3	0	0x0009fec4	True
12055	0x00090844	0x0008fecd	3	0	0x0009fecd	True
12056	0x00090850	0x0008fed8	3	0	0x0009fed8	True
12057	0x0009085c	0x0008fee2	3	0	0x0009fee2	True
12058	0x00090868	0x0008feec	3	0	0x0009feec	True
12059	0x00090874	0x0008fef2	3	0	0x0009fef2	True
12060	0x00090880	0x0008fef8	3	0	0x0009fef8	True
12061	0x0009088c	0x0008ff01	3	0	0x0009ff01	True
12062	0x00090898	0x0008ff0c	3	0	0x0009ff0c	True
12063	0x000908a4	0x0008ff17	3	0	0x0009ff17	True
12064	0x000908b0	0x0008ff22	3	0	0x0009ff22	True
12065	0x000908bc	0x0008ff2e	3	0	0x0009ff2e	True
12066	0x000908c0	0x0008ff3c	3	0	0x0009ff3c	True
12067	0x000908c8	0x0008ff3e	3	0	0x0009ff3e	True
12068	0x000908cc	0x0008ff47	3	0	0x0009ff47	True
12069	0x000908d4	0x0008ff54	3	0	0x0009ff54	True
12070	0x000908d8	0x0008ff5e	3	0	0x0009ff5e	True
12071	0x000908e0	0x0008ff6c	3	0	0x0009ff6c	True
12072	0x000908e4	0x0008ff76	3	0	0x0009ff76	True
12073	0x000908ec	0x0008ff7e	3	0	0x0009ff7e	True
12074	0x000908f0	0x0008ff88	3	0	0x0009ff88	True
12075	0x000908f8	0x0008ff92	3	0	0x0009ff92	True
12076	0x000908fc	0x0008ff9d	3	0	0x0009ff9d	True
12077	0x00090904	0x0008ffa4	3	0	0x0009ffa4	True
12078	0x00090908	0x0008ffae	3	0	0x0009ffae	True
12079	0x00090910	0x0008ffb0	3	0	0x0009ffb0	True
12080	0x00090914	0x0008ffbb	3	0	0x0009ffbb	True
12081	0x0009091c	0x0008ffc6	3	0	0x0009ffc6	True
12082	0x00090920	0x0008ffd3	3	0	0x0009ffd3	True
12083	0x00090928	0x0008ffdb	3	0	0x0009ffdb	True
12084	0x0009092c	0x0008ffe3	3	0	0x0009ffe3	True
12085	0x00090934	0x0008ffe9	3	0	0x0009ffe9	True
12086	0x00090938	0x0008fff6	3	0	0x0009fff6	True
12087	0x00090940	0x00090005	3	0	0x000a0005	True
12088	0x00090944	0x00090011	3	0	0x000a0011	True
12089	0x0009094c	0x00090017	3	0	0x000a0017	True
12090	0x00090950	0x00090020	3	0	0x000a0020	True
12091	0x00090958	0x00090021	3	0	0x000a0021	True
12092	0x0009095c	0x0009002b	3	0	0x000a002b	True
12093	0x00090964	0x0009002e	3	0	0x000a002e	True
12094	0x00090968	0x00090037	3	0	0x000a0037	True
12095	0x0005db99	0x00090970	3	0	0x000a0970	True
12096	0x0005dbae	0x00090972	3	0	0x000a0972	True
12097	0x0005dd84	0x000b0080	3	0	0x000c0080	True
12098	0x0005ddcb	0x0008dd00	3	0	0x0009dd00	True
12099	0x0005ddd1	0x0008df80	3	0	0x0009df80	True
12100	0x0005dde2	0x0008df80	3	0	0x0009df80	True
12101	0x0005de15	0x00090980	3	0	0x000a0980	True
12102	0x0005df0e	0x0008dcd0	3	0	0x0009dcd0	True
12103	0x0005df8d	0x00080620	3	0	0x00090620	True
12104	0x0005e008	0x0008d770	3	0	0x0009d770	True
12105	0x0005e027	0x0008d770	3	0	0x0009d770	True
12106	0x0005e031	0x0008d774	3	0	0x0009d774	True
12107	0x0005e0e9	0x0008d770	3	0	0x0009d770	True
12108	0x0005e105	0x0008d778	3	0	0x0009d778	True
12109	0x0005e189	0x0008d79c	3	0	0x0009d79c	True
12110	0x0005e1b3	0x0008d774	3	0	0x0009d774	True
12111	0x0005e20e	0x0008d79c	3	0	0x0009d79c	True
12112	0x0005e21b	0x0008d79c	3	0	0x0009d79c	True
12113	0x0005e24a	0x000b0084	3	0	0x000c0084	True
12114	0x0005e250	0x000b0088	3	0	0x000c0088	True
12115	0x0005e256	0x000b008c	3	0	0x000c008c	True
12116	0x0005e296	0x0008d770	3	0	0x0009d770	True
12117	0x0005e2a0	0x0008d774	3	0	0x0009d774	True
12118	0x0005e2e3	0x0008d798	3	0	0x0009d798	True
12119	0x0005e384	0x0008d774	3	0	0x0009d774	True
12120	0x0005e38d	0x0008d770	3	0	0x0009d770	True
12121	0x0005e3f4	0x0008d770	3	0	0x0009d770	True
12122	0x0005e417	0x0008d798	3	0	0x0009d798	True
12123	0x0005e41f	0x0008d79c	3	0	0x0009d79c	True
12124	0x0005e428	0x0008d79c	3	0	0x0009d79c	True
12125	0x0005e442	0x0008d79c	3	0	0x0009d79c	True
12126	0x0005e454	0x0008d79c	3	0	0x0009d79c	True
12127	0x0005e470	0x0008d770	3	0	0x0009d770	True
12128	0x0005e47c	0x0008d770	3	0	0x0009d770	True
12129	0x0005e4f6	0x0008dd20	3	0	0x0009dd20	True
12130	0x0005e504	0x0008dd40	3	0	0x0009dd40	True
12131	0x0005e511	0x0008dcd0	3	0	0x0009dcd0	True
12132	0x0005e524	0x00090990	3	0	0x000a0990	True
12133	0x0005e602	0x0009098c	3	0	0x000a098c	True
12134	0x0005e616	0x000909ac	3	0	0x000a09ac	True
12135	0x0005e630	0x0005e636	3	0	0x0006e636	True
12136	0x0005e636	0x0005e656	3	0	0x0006e656	True
12137	0x0005e63a	0x0005e672	3	0	0x0006e672	True
12138	0x0005e63e	0x0005e68e	3	0	0x0006e68e	True
12139	0x0005e642	0x0005e6de	3	0	0x0006e6de	True
12140	0x0005e646	0x0005e726	3	0	0x0006e726	True
12141	0x0005e64a	0x0005e732	3	0	0x0006e732	True
12142	0x0005e64e	0x0005e772	3	0	0x0006e772	True
12143	0x0005e652	0x0005e7aa	3	0	0x0006e7aa	True
12144	0x0005e7be	0x0005e7c2	3	0	0x0006e7c2	True
12145	0x0005e7c2	0x0005e9a5	3	0	0x0006e9a5	True
12146	0x0005e7c6	0x0005e9a5	3	0	0x0006e9a5	True
12147	0x0005e7ca	0x0005ebfa	3	0	0x0006ebfa	True
12148	0x0005e7ce	0x0005e89e	3	0	0x0006e89e	True
12149	0x0005e7d2	0x0005ebfa	3	0	0x0006ebfa	True
12150	0x0005e7d6	0x0005e89e	3	0	0x0006e89e	True
12151	0x0005e7da	0x0005ebfa	3	0	0x0006ebfa	True
12152	0x0005e7de	0x0005ebfa	3	0	0x0006ebfa	True
12153	0x0005e7e2	0x0005ebfa	3	0	0x0006ebfa	True
12154	0x0005e7e6	0x0005ebfa	3	0	0x0006ebfa	True
12155	0x0005e7ea	0x0005ebfa	3	0	0x0006ebfa	True
12156	0x0005e7ee	0x0005ebfa	3	0	0x0006ebfa	True
12157	0x0005e7f2	0x0005ebfa	3	0	0x0006ebfa	True
12158	0x0005e7f6	0x0005ebfa	3	0	0x0006ebfa	True
12159	0x0005e7fa	0x0005ebfa	3	0	0x0006ebfa	True
12160	0x0005e7fe	0x0005ebfa	3	0	0x0006ebfa	True
12161	0x0005e802	0x0005ebfa	3	0	0x0006ebfa	True
12162	0x0005e806	0x0005e8ce	3	0	0x0006e8ce	True
12163	0x0005e80a	0x0005ebfa	3	0	0x0006ebfa	True
12164	0x0005e80e	0x0005ebfa	3	0	0x0006ebfa	True
12165	0x0005e812	0x0005ebfa	3	0	0x0006ebfa	True
12166	0x0005e816	0x0005ebfa	3	0	0x0006ebfa	True
12167	0x0005e81a	0x0005e9a5	3	0	0x0006e9a5	True
12168	0x0005e81e	0x0005ebfa	3	0	0x0006ebfa	True
12169	0x0005e822	0x0005ebfa	3	0	0x0006ebfa	True
12170	0x0005e826	0x0005ebfa	3	0	0x0006ebfa	True
12171	0x0005e82a	0x0005ebfa	3	0	0x0006ebfa	True
12172	0x0005e82e	0x0005ebfa	3	0	0x0006ebfa	True
12173	0x0005e832	0x0005ebfa	3	0	0x0006ebfa	True
12174	0x0005e836	0x0005ebfa	3	0	0x0006ebfa	True
12175	0x0005e83a	0x0005ebfa	3	0	0x0006ebfa	True
12176	0x0005e83e	0x0005ebfa	3	0	0x0006ebfa	True
12177	0x0005e842	0x0005ebfa	3	0	0x0006ebfa	True
12178	0x0005e846	0x0005e932	3	0	0x0006e932	True
12179	0x0005e84a	0x0005e95a	3	0	0x0006e95a	True
12180	0x0005e84e	0x0005e8a9	3	0	0x0006e8a9	True
12181	0x0005e852	0x0005e8a9	3	0	0x0006e8a9	True
12182	0x0005e856	0x0005e8a9	3	0	0x0006e8a9	True
12183	0x0005e85a	0x0005ebfa	3	0	0x0006ebfa	True
12184	0x0005e85e	0x0005e95a	3	0	0x0006e95a	True
12185	0x0005e862	0x0005ebfa	3	0	0x0006ebfa	True
12186	0x0005e866	0x0005ebfa	3	0	0x0006ebfa	True
12187	0x0005e86a	0x0005ebfa	3	0	0x0006ebfa	True
12188	0x0005e86e	0x0005ebfa	3	0	0x0006ebfa	True
12189	0x0005e872	0x0005e966	3	0	0x0006e966	True
12190	0x0005e876	0x0005e986	3	0	0x0006e986	True
12191	0x0005e87a	0x0005e99e	3	0	0x0006e99e	True
12192	0x0005e87e	0x0005ebfa	3	0	0x0006ebfa	True
12193	0x0005e882	0x0005ebfa	3	0	0x0006ebfa	True
12194	0x0005e886	0x0005e9ea	3	0	0x0006e9ea	True
12195	0x0005e88a	0x0005ebfa	3	0	0x0006ebfa	True
12196	0x0005e88e	0x0005e95d	3	0	0x0006e95d	True
12197	0x0005e892	0x0005ebfa	3	0	0x0006ebfa	True
12198	0x0005e896	0x0005ebfa	3	0	0x0006ebfa	True
12199	0x0005e89a	0x0005ea6e	3	0	0x0006ea6e	True
12200	0x0005e914	0x000909a8	3	0	0x000a09a8	True
12201	0x0005e9ff	0x000909a8	3	0	0x000a09a8	True
12202	0x0005eb64	0x0008d9c4	3	0	0x0009d9c4	True
12203	0x0005eb89	0x0008d9b0	3	0	0x0009d9b0	True
12204	0x0005ebab	0x0008d9bc	3	0	0x0009d9bc	True
12205	0x0005ebc9	0x0008d9b4	3	0	0x0009d9b4	True
12206	0x000909a8	0x000909a0	3	0	0x000a09a0	True
12207	0x0005ef59	0x0008dcf4	3	0	0x0009dcf4	True
12208	0x0005ef61	0x0008dce4	3	0	0x0009dce4	True
12209	0x0005ef7f	0x0008dcf4	3	0	0x0009dcf4	True
12210	0x0005ef87	0x0008dce4	3	0	0x0009dce4	True
12211	0x0005f00c	0x0008d770	3	0	0x0009d770	True
12212	0x0005f08c	0x0008d79c	3	0	0x0009d79c	True
12213	0x0005f0c6	0x0008d770	3	0	0x0009d770	True
12214	0x0005f0ff	0x0008d79c	3	0	0x0009d79c	True
12215	0x0005f16d	0x0008d79c	3	0	0x0009d79c	True
12216	0x0005f2df	0x000800d0	3	0	0x000900d0	True
12217	0x0005f2e8	0x000800d4	3	0	0x000900d4	True
12218	0x0005f2f0	0x00090a22	3	0	0x000a0a22	True
12219	0x0005f2f6	0x000800d4	3	0	0x000900d4	True
12220	0x0005f302	0x000800d0	3	0	0x000900d0	True
12221	0x0005f30c	0x000800d0	3	0	0x000900d0	True
12222	0x0005f315	0x00090a24	3	0	0x000a0a24	True
12223	0x0005f320	0x000800d0	3	0	0x000900d0	True
12224	0x0005f328	0x00090a25	3	0	0x000a0a25	True
12225	0x0005f33e	0x000800d0	3	0	0x000900d0	True
12226	0x0005f34a	0x00090a2c	3	0	0x000a0a2c	True
12227	0x0005f363	0x000800d0	3	0	0x000900d0	True
12228	0x0005f374	0x000800d0	3	0	0x000900d0	True
12229	0x0005f485	0x0008d661	3	0	0x0009d661	True
12230	0x0005f4b9	0x00090aac	3	0	0x000a0aac	True
12231	0x0005f4c6	0x00090aac	3	0	0x000a0aac	True
12232	0x0005f4df	0x00090aac	3	0	0x000a0aac	True
12233	0x0005f4e8	0x00090ab0	3	0	0x000a0ab0	True
12234	0x0005f531	0x00090aac	3	0	0x000a0aac	True
12235	0x0005f551	0x00090ab0	3	0	0x000a0ab0	True
12236	0x00090a28	0x00090a10	3	0	0x000a0a10	True
12237	0x0005f60d	0x00090048	3	0	0x000a0048	True
12238	0x0005f65f	0x000800fc	3	0	0x000900fc	True
12239	0x0005f689	0x00090b63	3	0	0x000a0b63	True
12240	0x0005f6ad	0x00090b75	3	0	0x000a0b75	True
12241	0x0005f6ce	0x00090b83	3	0	0x000a0b83	True
12242	0x0005f6e9	0x00090b91	3	0	0x000a0b91	True
12243	0x0005f70f	0x0008956c	3	0	0x0009956c	True
12244	0x0005f714	0x00090b9f	3	0	0x000a0b9f	True
12245	0x0005f734	0x00081a24	3	0	0x00091a24	True
12246	0x0005f742	0x00090c4c	3	0	0x000a0c4c	True
12247	0x0005f770	0x00090c4c	3	0	0x000a0c4c	True
12248	0x0005f7a3	0x00077098	3	0	0x00087098	True
12249	0x0005f7be	0x00090bab	3	0	0x000a0bab	True
12250	0x0005f7f2	0x00090bba	3	0	0x000a0bba	True
12251	0x0005f82f	0x00090bc9	3	0	0x000a0bc9	True
12252	0x0005f866	0x00090bd8	3	0	0x000a0bd8	True
12253	0x0005f89f	0x00090c4c	3	0	0x000a0c4c	True
12254	0x0005f99b	0x00090beb	3	0	0x000a0beb	True
12255	0x0005fa24	0x00090bfa	3	0	0x000a0bfa	True
12256	0x0005fa84	0x00090c06	3	0	0x000a0c06	True
12257	0x0005faa9	0x00090c14	3	0	0x000a0c14	True
12258	0x0005fac1	0x00090c22	3	0	0x000a0c22	True
12259	0x0005fae2	0x00090c30	3	0	0x000a0c30	True
12260	0x0005fafc	0x0005fb02	3	0	0x0006fb02	True
12261	0x0005fb02	0x0005f692	3	0	0x0006f692	True
12262	0x0005fb06	0x0005f6da	3	0	0x0006f6da	True
12263	0x0005fb0a	0x0005f6b6	3	0	0x0006f6b6	True
12264	0x0005fb0e	0x0005f6f2	3	0	0x0006f6f2	True
12265	0x0005fb12	0x0005f652	3	0	0x0006f652	True
12266	0x0005fb16	0x0005f78e	3	0	0x0006f78e	True
12267	0x0005fb1a	0x0005f7ae	3	0	0x0006f7ae	True
12268	0x0005fb1e	0x0005f856	3	0	0x0006f856	True
12269	0x0005fb22	0x0005f7ae	3	0	0x0006f7ae	True
12270	0x0005fb26	0x0005fada	3	0	0x0006fada	True
12271	0x0005fb2a	0x0005f8b2	3	0	0x0006f8b2	True
12272	0x0005fb2e	0x0005f79a	3	0	0x0006f79a	True
12273	0x0005fb32	0x0005fa9a	3	0	0x0006fa9a	True
12274	0x0005fb36	0x0005fab2	3	0	0x0006fab2	True
12275	0x0005fb3a	0x0005fb46	3	0	0x0006fb46	True
12276	0x0005fb3e	0x0005f732	3	0	0x0006f732	True
12277	0x0005fb42	0x0005faca	3	0	0x0006faca	True
12278	0x0005fbe1	0x00070de0	3	0	0x00080de0	True
12279	0x0005fc10	0x0008e5e8	3	0	0x0009e5e8	True
12280	0x0005fc1e	0x00090c50	3	0	0x000a0c50	True
12281	0x0005fc2f	0x00090c5c	3	0	0x000a0c5c	True
12282	0x0005fc34	0x00090c65	3	0	0x000a0c65	True
12283	0x0005fc4f	0x00090045	3	0	0x000a0045	True
12284	0x0005fc66	0x0008e5e8	3	0	0x0009e5e8	True
12285	0x0005fc74	0x00090c71	3	0	0x000a0c71	True
12286	0x0005fc8e	0x00090c7d	3	0	0x000a0c7d	True
12287	0x0005fcd3	0x0008e678	3	0	0x0009e678	True
12288	0x0005fce1	0x00090c8b	3	0	0x000a0c8b	True
12289	0x0005fd08	0x000803cc	3	0	0x000903cc	True
12290	0x0005fd1c	0x000803cc	3	0	0x000903cc	True
12291	0x0005fd2f	0x00080144	3	0	0x00090144	True
12292	0x0005fd68	0x000803cc	3	0	0x000903cc	True
12293	0x0005fd75	0x000803d0	3	0	0x000903d0	True
12294	0x0005fd97	0x0005fd9e	3	0	0x0006fd9e	True
12295	0x0005fd9e	0x0005fdde	3	0	0x0006fdde	True
12296	0x0005fda2	0x0005fd36	3	0	0x0006fd36	True
12297	0x0005fda6	0x0005fd42	3	0	0x0006fd42	True
12298	0x0005fdaa	0x0005fd4e	3	0	0x0006fd4e	True
12299	0x0005fdae	0x0005fd56	3	0	0x0006fd56	True
12300	0x0005fdb2	0x0005fd66	3	0	0x0006fd66	True
12301	0x0005fdb6	0x0005fd86	3	0	0x0006fd86	True
12302	0x0005fdba	0x0005fd2e	3	0	0x0006fd2e	True
12303	0x0005fdbe	0x0005fd06	3	0	0x0006fd06	True
12304	0x0005fdc2	0x0005fcfa	3	0	0x0006fcfa	True
12305	0x0005fdc6	0x0005fd1a	3	0	0x0006fd1a	True
12306	0x0005fdca	0x0005fd5e	3	0	0x0006fd5e	True
12307	0x0005fdd5	0x00090c4c	3	0	0x000a0c4c	True
12308	0x00090c4c	0x00090b50	3	0	0x000a0b50	True
12309	0x0005fdf5	0x0008d924	3	0	0x0009d924	True
12310	0x0005fe86	0x00090044	3	0	0x000a0044	True
12311	0x0005fea4	0x00090cb5	3	0	0x000a0cb5	True
12312	0x0005feb2	0x00080138	3	0	0x00090138	True
12313	0x0005fee3	0x00080138	3	0	0x00090138	True
12314	0x0005ff00	0x00090cda	3	0	0x000a0cda	True
12315	0x0005ff0e	0x00080138	3	0	0x00090138	True
12316	0x0005ff3f	0x00080138	3	0	0x00090138	True
12317	0x0005ff5d	0x00080138	3	0	0x00090138	True
12318	0x0005ff72	0x00090cff	3	0	0x000a0cff	True
12319	0x0005ff80	0x00080138	3	0	0x00090138	True
12320	0x0005ffaa	0x00090044	3	0	0x000a0044	True
12321	0x0005ffcb	0x00090044	3	0	0x000a0044	True
12322	0x0005fff4	0x00090045	3	0	0x000a0045	True
12323	0x00060042	0x00090044	3	0	0x000a0044	True
12324	0x00060068	0x00090045	3	0	0x000a0045	True
12325	0x000600c2	0x00090044	3	0	0x000a0044	True
12326	0x000600e8	0x00090045	3	0	0x000a0045	True
12327	0x00060142	0x00090044	3	0	0x000a0044	True
12328	0x00060168	0x00090045	3	0	0x000a0045	True
12329	0x000601d9	0x00090d24	3	0	0x000a0d24	True
12330	0x00060212	0x00080138	3	0	0x00090138	True
12331	0x00060229	0x00090d28	3	0	0x000a0d28	True
12332	0x0006023c	0x00080138	3	0	0x00090138	True
12333	0x00060250	0x00090d31	3	0	0x000a0d31	True
12334	0x0006029a	0x00080114	3	0	0x00090114	True
12335	0x000602a7	0x00080138	3	0	0x00090138	True
12336	0x000602cd	0x00090d38	3	0	0x000a0d38	True
12337	0x00060308	0x00090d40	3	0	0x000a0d40	True
12338	0x0006031f	0x00090044	3	0	0x000a0044	True
12339	0x00060399	0x00080138	3	0	0x00090138	True
12340	0x000603af	0x00090d49	3	0	0x000a0d49	True
12341	0x000603fd	0x00080138	3	0	0x00090138	True
12342	0x00060413	0x00090d52	3	0	0x000a0d52	True
12343	0x0006042d	0x00080138	3	0	0x00090138	True
12344	0x00060444	0x00090d5b	3	0	0x000a0d5b	True
12345	0x00060458	0x00080138	3	0	0x00090138	True
12346	0x00060470	0x00090d62	3	0	0x000a0d62	True
12347	0x00060496	0x00080138	3	0	0x00090138	True
12348	0x000604af	0x00090d68	3	0	0x000a0d68	True
12349	0x00060506	0x00080138	3	0	0x00090138	True
12350	0x0006051a	0x00090d71	3	0	0x000a0d71	True
12351	0x0006055d	0x00090d7a	3	0	0x000a0d7a	True
12352	0x000605b8	0x000605be	3	0	0x000705be	True
12353	0x000605be	0x000602d6	3	0	0x000702d6	True
12354	0x000605c2	0x000601fe	3	0	0x000701fe	True
12355	0x000605c6	0x00060382	3	0	0x00070382	True
12356	0x000605ca	0x000603e6	3	0	0x000703e6	True
12357	0x000605ce	0x00060655	3	0	0x00070655	True
12358	0x000605d2	0x0006044e	3	0	0x0007044e	True
12359	0x000605d6	0x00060312	3	0	0x00070312	True
12360	0x000605da	0x00060522	3	0	0x00070522	True
12361	0x000605de	0x00060537	3	0	0x00070537	True
12362	0x000605e2	0x0006057e	3	0	0x0007057e	True
12363	0x000605e6	0x000604ce	3	0	0x000704ce	True
12364	0x000605ea	0x000604ee	3	0	0x000704ee	True
12365	0x000605ee	0x0006033a	3	0	0x0007033a	True
12366	0x000605f2	0x00060655	3	0	0x00070655	True
12367	0x000605f6	0x00060655	3	0	0x00070655	True
12368	0x000605fa	0x00060655	3	0	0x00070655	True
12369	0x000605fe	0x00060655	3	0	0x00070655	True
12370	0x00060602	0x00060655	3	0	0x00070655	True
12371	0x00060606	0x00060655	3	0	0x00070655	True
12372	0x0006060a	0x00060655	3	0	0x00070655	True
12373	0x0006060e	0x00060655	3	0	0x00070655	True
12374	0x00060612	0x00060655	3	0	0x00070655	True
12375	0x00060616	0x00060655	3	0	0x00070655	True
12376	0x0006061a	0x00060655	3	0	0x00070655	True
12377	0x0006061e	0x00060655	3	0	0x00070655	True
12378	0x00060622	0x00060655	3	0	0x00070655	True
12379	0x00060626	0x00060655	3	0	0x00070655	True
12380	0x0006062a	0x00060655	3	0	0x00070655	True
12381	0x0006062e	0x00060655	3	0	0x00070655	True
12382	0x00060632	0x0006026b	3	0	0x0007026b	True
12383	0x00060636	0x0006026b	3	0	0x0007026b	True
12384	0x0006063a	0x00060262	3	0	0x00070262	True
12385	0x0006063e	0x00060262	3	0	0x00070262	True
12386	0x00060642	0x00060262	3	0	0x00070262	True
12387	0x00060646	0x00060262	3	0	0x00070262	True
12388	0x00060686	0x00090d7f	3	0	0x000a0d7f	True
12389	0x00060698	0x00080138	3	0	0x00090138	True
12390	0x00060732	0x000710dc	3	0	0x000810dc	True
12391	0x000608a6	0x00090044	3	0	0x000a0044	True
12392	0x0006095a	0x0006095e	3	0	0x0007095e	True
12393	0x0006095e	0x0006077a	3	0	0x0007077a	True
12394	0x00060962	0x0006077a	3	0	0x0007077a	True
12395	0x00060966	0x000607f6	3	0	0x000707f6	True
12396	0x0006096a	0x0006099e	3	0	0x0007099e	True
12397	0x0006096e	0x0006099e	3	0	0x0007099e	True
12398	0x00060972	0x000607f6	3	0	0x000707f6	True
12399	0x00060976	0x0006081a	3	0	0x0007081a	True
12400	0x0006097a	0x00060842	3	0	0x00070842	True
12401	0x0006097e	0x0006099e	3	0	0x0007099e	True
12402	0x00060982	0x000607f6	3	0	0x000707f6	True
12403	0x00060986	0x000607f6	3	0	0x000707f6	True
12404	0x0006098a	0x000607f6	3	0	0x000707f6	True
12405	0x0006098e	0x00060842	3	0	0x00070842	True
12406	0x000609b9	0x00090044	3	0	0x000a0044	True
12407	0x00060b7b	0x00060b82	3	0	0x00070b82	True
12408	0x00060b82	0x00060aae	3	0	0x00070aae	True
12409	0x00060b86	0x00060aae	3	0	0x00070aae	True
12410	0x00060b8a	0x00060aae	3	0	0x00070aae	True
12411	0x00060b8e	0x00060a8a	3	0	0x00070a8a	True
12412	0x00060b92	0x00060a8a	3	0	0x00070a8a	True
12413	0x00060b96	0x000609d0	3	0	0x000709d0	True
12414	0x00060b9a	0x00060a1a	3	0	0x00070a1a	True
12415	0x00060b9e	0x000609d0	3	0	0x000709d0	True
12416	0x00060ba2	0x00060a4a	3	0	0x00070a4a	True
12417	0x00060ba6	0x00060a62	3	0	0x00070a62	True
12418	0x00060baa	0x00060a62	3	0	0x00070a62	True
12419	0x00060bae	0x00060a62	3	0	0x00070a62	True
12420	0x00060bb2	0x00060a36	3	0	0x00070a36	True
12421	0x00060daa	0x00090d24	3	0	0x000a0d24	True
12422	0x00060dc3	0x000710dc	3	0	0x000810dc	True
12423	0x00060f5e	0x00090d92	3	0	0x000a0d92	True
12424	0x00060f9d	0x00080138	3	0	0x00090138	True
12425	0x00061210	0x00090d9d	3	0	0x000a0d9d	True
12426	0x0006124e	0x00090da2	3	0	0x000a0da2	True
12427	0x00061289	0x00080138	3	0	0x00090138	True
12428	0x00061386	0x00090dae	3	0	0x000a0dae	True
12429	0x000613be	0x00080138	3	0	0x00090138	True
12430	0x00061426	0x00090db8	3	0	0x000a0db8	True
12431	0x00061493	0x000615be	3	0	0x000715be	True
12432	0x0006149d	0x00061936	3	0	0x00071936	True
12433	0x00061581	0x00061586	3	0	0x00071586	True
12434	0x00061586	0x0006144e	3	0	0x0007144e	True
12435	0x0006158a	0x000615b6	3	0	0x000715b6	True
12436	0x0006158e	0x000614be	3	0	0x000714be	True
12437	0x00061592	0x000615b6	3	0	0x000715b6	True
12438	0x00061596	0x000615b6	3	0	0x000715b6	True
12439	0x0006159a	0x000614ea	3	0	0x000714ea	True
12440	0x0006159e	0x000615b6	3	0	0x000715b6	True
12441	0x000615a2	0x000615b6	3	0	0x000715b6	True
12442	0x000615a6	0x000615b6	3	0	0x000715b6	True
12443	0x000615aa	0x0006150a	3	0	0x0007150a	True
12444	0x000615ae	0x00061536	3	0	0x00071536	True
12445	0x000615b2	0x00061566	3	0	0x00071566	True
12446	0x000616b5	0x00090dbc	3	0	0x000a0dbc	True
12447	0x0006172a	0x00080138	3	0	0x00090138	True
12448	0x00061765	0x00090dc6	3	0	0x000a0dc6	True
12449	0x00061869	0x00090d24	3	0	0x000a0d24	True
12450	0x00061886	0x0006188a	3	0	0x0007188a	True
12451	0x0006188a	0x000617de	3	0	0x000717de	True
12452	0x0006188e	0x00061862	3	0	0x00071862	True
12453	0x00061892	0x00061862	3	0	0x00071862	True
12454	0x00061896	0x000617de	3	0	0x000717de	True
12455	0x0006189a	0x00061862	3	0	0x00071862	True
12456	0x0006189e	0x0006182a	3	0	0x0007182a	True
12457	0x000618a2	0x0006182a	3	0	0x0007182a	True
12458	0x000618a6	0x0006180e	3	0	0x0007180e	True
12459	0x000618aa	0x00061822	3	0	0x00071822	True
12460	0x0006190a	0x0006190e	3	0	0x0007190e	True
12461	0x0006190e	0x000618ba	3	0	0x000718ba	True
12462	0x00061912	0x00061932	3	0	0x00071932	True
12463	0x00061916	0x00061932	3	0	0x00071932	True
12464	0x0006191a	0x000618ba	3	0	0x000718ba	True
12465	0x0006191e	0x00061932	3	0	0x00071932	True
12466	0x00061922	0x000618f6	3	0	0x000718f6	True
12467	0x00061926	0x000618f6	3	0	0x000718f6	True
12468	0x0006192a	0x000618e6	3	0	0x000718e6	True
12469	0x0006192e	0x000618ee	3	0	0x000718ee	True
12470	0x000619bb	0x00090dd0	3	0	0x000a0dd0	True
12471	0x00061b17	0x00090dd5	3	0	0x000a0dd5	True
12472	0x00061b46	0x00080138	3	0	0x00090138	True
12473	0x00061c22	0x00090ddb	3	0	0x000a0ddb	True
12474	0x00061c30	0x00080138	3	0	0x00090138	True
12475	0x00061cb9	0x00080138	3	0	0x00090138	True
12476	0x00061d65	0x00080138	3	0	0x00090138	True
12477	0x00061dfe	0x00080138	3	0	0x00090138	True
12478	0x00061ecb	0x00080138	3	0	0x00090138	True
12479	0x00061f72	0x00080138	3	0	0x00090138	True
12480	0x000620c0	0x00080138	3	0	0x00090138	True
12481	0x000620d4	0x00090de5	3	0	0x000a0de5	True
12482	0x0006217c	0x00080138	3	0	0x00090138	True
12483	0x00062194	0x00090ded	3	0	0x000a0ded	True
12484	0x00062240	0x00080138	3	0	0x00090138	True
12485	0x00062282	0x00080138	3	0	0x00090138	True
12486	0x000622a6	0x00090df4	3	0	0x000a0df4	True
12487	0x000623bb	0x00080138	3	0	0x00090138	True
12488	0x00062445	0x00090044	3	0	0x000a0044	True
12489	0x00062616	0x00080138	3	0	0x00090138	True
12490	0x00062631	0x00090df9	3	0	0x000a0df9	True
12491	0x00062778	0x00090d24	3	0	0x000a0d24	True
12492	0x00062884	0x0006288a	3	0	0x0007288a	True
12493	0x0006288a	0x00061d7a	3	0	0x00071d7a	True
12494	0x0006288e	0x00061f2e	3	0	0x00071f2e	True
12495	0x00062892	0x0006246e	3	0	0x0007246e	True
12496	0x00062896	0x00062546	3	0	0x00072546	True
12497	0x0006289a	0x0006234e	3	0	0x0007234e	True
12498	0x0006289e	0x00062136	3	0	0x00072136	True
12499	0x000628a2	0x000623ce	3	0	0x000723ce	True
12500	0x000628a6	0x0006205e	3	0	0x0007205e	True
12501	0x000628aa	0x000620a2	3	0	0x000720a2	True
12502	0x000628ae	0x00062662	3	0	0x00072662	True
12503	0x000628b2	0x00062692	3	0	0x00072692	True
12504	0x000628b6	0x000626de	3	0	0x000726de	True
12505	0x000628ba	0x000623ce	3	0	0x000723ce	True
12506	0x000628be	0x00062981	3	0	0x00072981	True
12507	0x000628c2	0x00062981	3	0	0x00072981	True
12508	0x000628c6	0x00062981	3	0	0x00072981	True
12509	0x000628ca	0x00062981	3	0	0x00072981	True
12510	0x000628ce	0x00062981	3	0	0x00072981	True
12511	0x000628d2	0x00062981	3	0	0x00072981	True
12512	0x000628d6	0x00062981	3	0	0x00072981	True
12513	0x000628da	0x00062981	3	0	0x00072981	True
12514	0x000628de	0x00062981	3	0	0x00072981	True
12515	0x000628e2	0x00062981	3	0	0x00072981	True
12516	0x000628e6	0x00062981	3	0	0x00072981	True
12517	0x000628ea	0x00062981	3	0	0x00072981	True
12518	0x000628ee	0x00062981	3	0	0x00072981	True
12519	0x000628f2	0x00062981	3	0	0x00072981	True
12520	0x000628f6	0x00062981	3	0	0x00072981	True
12521	0x000628fa	0x00062981	3	0	0x00072981	True
12522	0x000628fe	0x000621fe	3	0	0x000721fe	True
12523	0x00062902	0x000621fe	3	0	0x000721fe	True
12524	0x00062906	0x0006224e	3	0	0x0007224e	True
12525	0x0006290a	0x0006224e	3	0	0x0007224e	True
12526	0x0006290e	0x0006224e	3	0	0x0007224e	True
12527	0x00062912	0x0006224e	3	0	0x0007224e	True
12528	0x00062916	0x00062981	3	0	0x00072981	True
12529	0x0006291a	0x00062981	3	0	0x00072981	True
12530	0x0006291e	0x00062981	3	0	0x00072981	True
12531	0x00062922	0x00062981	3	0	0x00072981	True
12532	0x00062926	0x00062981	3	0	0x00072981	True
12533	0x0006292a	0x00062981	3	0	0x00072981	True
12534	0x0006292e	0x00062981	3	0	0x00072981	True
12535	0x00062932	0x00062981	3	0	0x00072981	True
12536	0x00062936	0x00062981	3	0	0x00072981	True
12537	0x0006293a	0x00062981	3	0	0x00072981	True
12538	0x0006293e	0x00062981	3	0	0x00072981	True
12539	0x00062942	0x00062981	3	0	0x00072981	True
12540	0x00062946	0x00062981	3	0	0x00072981	True
12541	0x0006294a	0x0006200e	3	0	0x0007200e	True
12542	0x0006294e	0x00062981	3	0	0x00072981	True
12543	0x00062952	0x00061f52	3	0	0x00071f52	True
12544	0x00062956	0x00062981	3	0	0x00072981	True
12545	0x0006295a	0x00062981	3	0	0x00072981	True
12546	0x0006295e	0x00062981	3	0	0x00072981	True
12547	0x00062962	0x00062742	3	0	0x00072742	True
12548	0x00062b73	0x00080138	3	0	0x00090138	True
12549	0x00062bdd	0x00080138	3	0	0x00090138	True
12550	0x00062c0c	0x00090e02	3	0	0x000a0e02	True
12551	0x00062db4	0x00090e07	3	0	0x000a0e07	True
12552	0x00062de2	0x00080138	3	0	0x00090138	True
12553	0x00062e57	0x00080138	3	0	0x00090138	True
12554	0x00062efa	0x00090e0c	3	0	0x000a0e0c	True
12555	0x000630a9	0x000800fc	3	0	0x000900fc	True
12556	0x000630dc	0x00080114	3	0	0x00090114	True
12557	0x00063112	0x00080160	3	0	0x00090160	True
12558	0x0006312c	0x00090e21	3	0	0x000a0e21	True
12559	0x0006315e	0x00090e25	3	0	0x000a0e25	True
12560	0x0006316f	0x00080160	3	0	0x00090160	True
12561	0x00063183	0x00090e2a	3	0	0x000a0e2a	True
12562	0x0006319e	0x00090e2e	3	0	0x000a0e2e	True
12563	0x000631b7	0x00090e33	3	0	0x000a0e33	True
12564	0x000631e6	0x00080138	3	0	0x00090138	True
12565	0x00063310	0x00063316	3	0	0x00073316	True
12566	0x00063316	0x00062f3a	3	0	0x00072f3a	True
12567	0x0006331a	0x00062fb6	3	0	0x00072fb6	True
12568	0x0006331e	0x00062ebe	3	0	0x00072ebe	True
12569	0x00063322	0x000633c4	3	0	0x000733c4	True
12570	0x00063326	0x000633c4	3	0	0x000733c4	True
12571	0x0006332a	0x00063062	3	0	0x00073062	True
12572	0x0006332e	0x00063212	3	0	0x00073212	True
12573	0x00063332	0x000633c4	3	0	0x000733c4	True
12574	0x00063336	0x000633c4	3	0	0x000733c4	True
12575	0x0006333a	0x00062fd6	3	0	0x00072fd6	True
12576	0x0006333e	0x00063012	3	0	0x00073012	True
12577	0x00063342	0x00063021	3	0	0x00073021	True
12578	0x00063346	0x00063236	3	0	0x00073236	True
12579	0x0006334a	0x000633c4	3	0	0x000733c4	True
12580	0x0006334e	0x000633c4	3	0	0x000733c4	True
12581	0x00063352	0x000633c4	3	0	0x000733c4	True
12582	0x00063356	0x000633c4	3	0	0x000733c4	True
12583	0x0006335a	0x000633c4	3	0	0x000733c4	True
12584	0x0006335e	0x000633c4	3	0	0x000733c4	True
12585	0x00063362	0x000633c4	3	0	0x000733c4	True
12586	0x00063366	0x000633c4	3	0	0x000733c4	True
12587	0x0006336a	0x000633c4	3	0	0x000733c4	True
12588	0x0006336e	0x000633c4	3	0	0x000733c4	True
12589	0x00063372	0x000633c4	3	0	0x000733c4	True
12590	0x00063376	0x000633c4	3	0	0x000733c4	True
12591	0x0006337a	0x000633c4	3	0	0x000733c4	True
12592	0x0006337e	0x000633c4	3	0	0x000733c4	True
12593	0x00063382	0x000633c4	3	0	0x000733c4	True
12594	0x00063386	0x000633c4	3	0	0x000733c4	True
12595	0x0006338a	0x00063263	3	0	0x00073263	True
12596	0x0006338e	0x00063263	3	0	0x00073263	True
12597	0x00063392	0x00063256	3	0	0x00073256	True
12598	0x00063396	0x00063256	3	0	0x00073256	True
12599	0x0006339a	0x00063256	3	0	0x00073256	True
12600	0x0006339e	0x00063256	3	0	0x00073256	True
12601	0x0006340f	0x00080138	3	0	0x00090138	True
12602	0x00063423	0x00090e37	3	0	0x000a0e37	True
12603	0x0006343b	0x00080138	3	0	0x00090138	True
12604	0x0006344f	0x00090e3f	3	0	0x000a0e3f	True
12605	0x000634c4	0x00080138	3	0	0x00090138	True
12606	0x000634e0	0x00090044	3	0	0x000a0044	True
12607	0x0006350a	0x00090e47	3	0	0x000a0e47	True
12608	0x00063582	0x00070da0	3	0	0x00080da0	True
12609	0x0006358d	0x00070da0	3	0	0x00080da0	True
12610	0x0006359b	0x00070da0	3	0	0x00080da0	True
12611	0x0006366f	0x00080138	3	0	0x00090138	True
12612	0x000636ac	0x00090e4d	3	0	0x000a0e4d	True
12613	0x000636e4	0x000636ea	3	0	0x000736ea	True
12614	0x000636ea	0x0006364a	3	0	0x0007364a	True
12615	0x000636ee	0x0006364a	3	0	0x0007364a	True
12616	0x000636f2	0x000635cb	3	0	0x000735cb	True
12617	0x000636f6	0x000635be	3	0	0x000735be	True
12618	0x000636fa	0x0006371c	3	0	0x0007371c	True
12619	0x000636fe	0x0006371c	3	0	0x0007371c	True
12620	0x00063702	0x000636c2	3	0	0x000736c2	True
12621	0x00063706	0x00063636	3	0	0x00073636	True
12622	0x00063808	0x00080138	3	0	0x00090138	True
12623	0x00063861	0x00063866	3	0	0x00073866	True
12624	0x00063866	0x000637e2	3	0	0x000737e2	True
12625	0x0006386a	0x00063782	3	0	0x00073782	True
12626	0x0006386e	0x00063782	3	0	0x00073782	True
12627	0x00063872	0x00063894	3	0	0x00073894	True
12628	0x00063876	0x00063894	3	0	0x00073894	True
12629	0x0006387a	0x00063841	3	0	0x00073841	True
12630	0x0006387e	0x000637ce	3	0	0x000737ce	True
12631	0x000638f4	0x00080138	3	0	0x00090138	True
12632	0x00063900	0x00090e52	3	0	0x000a0e52	True
12633	0x00063958	0x00090e57	3	0	0x000a0e57	True
12634	0x0006396a	0x00080138	3	0	0x00090138	True
12635	0x000639b8	0x00090e5d	3	0	0x000a0e5d	True
12636	0x000639fb	0x00090e62	3	0	0x000a0e62	True
12637	0x00063a17	0x00090e66	3	0	0x000a0e66	True
12638	0x00063c32	0x00063c36	3	0	0x00073c36	True
12639	0x00063c36	0x00063c12	3	0	0x00073c12	True
12640	0x00063c3a	0x00063c12	3	0	0x00073c12	True
12641	0x00063c3e	0x00063c16	3	0	0x00073c16	True
12642	0x00063c42	0x00063c16	3	0	0x00073c16	True
12643	0x00063c46	0x00063bd3	3	0	0x00073bd3	True
12644	0x00063c4a	0x00063c16	3	0	0x00073c16	True
12645	0x00063c4e	0x00063bd3	3	0	0x00073bd3	True
12646	0x00063c52	0x00063c12	3	0	0x00073c12	True
12647	0x00063c56	0x00063c12	3	0	0x00073c12	True
12648	0x00063c5a	0x00063bf2	3	0	0x00073bf2	True
12649	0x00063c5e	0x00063c12	3	0	0x00073c12	True
12650	0x00063c62	0x00063c12	3	0	0x00073c12	True
12651	0x00063d5e	0x000710dc	3	0	0x000810dc	True
12652	0x00063e3f	0x00080138	3	0	0x00090138	True
12653	0x00063e55	0x00090e6b	3	0	0x000a0e6b	True
12654	0x00063e67	0x00080138	3	0	0x00090138	True
12655	0x00063e80	0x00090e71	3	0	0x000a0e71	True
12656	0x00063e93	0x00080138	3	0	0x00090138	True
12657	0x00063eac	0x00090e78	3	0	0x000a0e78	True
12658	0x00063ec0	0x00080138	3	0	0x00090138	True
12659	0x00063ee5	0x00090e7f	3	0	0x000a0e7f	True
12660	0x00063efb	0x00080138	3	0	0x00090138	True
12661	0x00063f14	0x00090e88	3	0	0x000a0e88	True
12662	0x00063f27	0x00080138	3	0	0x00090138	True
12663	0x00063f40	0x00090e8f	3	0	0x000a0e8f	True
12664	0x00063f71	0x00090e96	3	0	0x000a0e96	True
12665	0x00063f8a	0x00080138	3	0	0x00090138	True
12666	0x00063fae	0x00090044	3	0	0x000a0044	True
12667	0x00063fd6	0x00080138	3	0	0x00090138	True
12668	0x00064002	0x00080138	3	0	0x00090138	True
12669	0x00090d24	0x00090ca0	3	0	0x000a0ca0	True
12670	0x0006405c	0x000b00a0	3	0	0x000c00a0	True
12671	0x000640e7	0x0008dce4	3	0	0x0009dce4	True
12672	0x0006411c	0x0008dce8	3	0	0x0009dce8	True
12673	0x0006412a	0x0008dce8	3	0	0x0009dce8	True
12674	0x00064133	0x0008dce8	3	0	0x0009dce8	True
12675	0x00064180	0x00076ce0	3	0	0x00086ce0	True
12676	0x000641a3	0x00076da0	3	0	0x00086da0	True
12677	0x000641db	0x0008dcfc	3	0	0x0009dcfc	True
12678	0x0006421e	0x00076cd8	3	0	0x00086cd8	True
12679	0x00064227	0x00076ce0	3	0	0x00086ce0	True
12680	0x0006422d	0x00076cdc	3	0	0x00086cdc	True
12681	0x00064277	0x00076ce0	3	0	0x00086ce0	True
12682	0x0006427e	0x00076cdc	3	0	0x00086cdc	True
12683	0x0006428d	0x00076cd8	3	0	0x00086cd8	True
12684	0x000642a0	0x0008dcf8	3	0	0x0009dcf8	True
12685	0x00064352	0x00076cd8	3	0	0x00086cd8	True
12686	0x0006436c	0x00076cd8	3	0	0x00086cd8	True
12687	0x00064378	0x00076ce0	3	0	0x00086ce0	True
12688	0x0006437e	0x00076cdc	3	0	0x00086cdc	True
12689	0x00064392	0x000b0090	3	0	0x000c0090	True
12690	0x000643fc	0x0008dce8	3	0	0x0009dce8	True
12691	0x0006440a	0x0008dce8	3	0	0x0009dce8	True
12692	0x00064413	0x0008dce8	3	0	0x0009dce8	True
12693	0x00064454	0x0008dce8	3	0	0x0009dce8	True
12694	0x0006445c	0x0008dce8	3	0	0x0009dce8	True
12695	0x000644a0	0x0008dcf0	3	0	0x0009dcf0	True
12696	0x000644a5	0x0008dcec	3	0	0x0009dcec	True
12697	0x000644b5	0x0008dce4	3	0	0x0009dce4	True
12698	0x000644bb	0x0008dce0	3	0	0x0009dce0	True
12699	0x000644ce	0x0008dcf0	3	0	0x0009dcf0	True
12700	0x000644fe	0x0008dcf0	3	0	0x0009dcf0	True
12701	0x00064507	0x0008dcec	3	0	0x0009dcec	True
12702	0x00064520	0x0008dce0	3	0	0x0009dce0	True
12703	0x00064537	0x0008dcec	3	0	0x0009dcec	True
12704	0x00064547	0x0008dcf0	3	0	0x0009dcf0	True
12705	0x0006455d	0x0008dce4	3	0	0x0009dce4	True
12706	0x00064581	0x0008dcf4	3	0	0x0009dcf4	True
12707	0x00064589	0x0008dce4	3	0	0x0009dce4	True
12708	0x000645f4	0x0008dce8	3	0	0x0009dce8	True
12709	0x00064602	0x0008dce8	3	0	0x0009dce8	True
12710	0x0006460b	0x0008dce8	3	0	0x0009dce8	True
12711	0x0006463b	0x0008dce0	3	0	0x0009dce0	True
12712	0x0006463f	0x0008dcec	3	0	0x0009dcec	True
12713	0x00064652	0x0008dce0	3	0	0x0009dce0	True
12714	0x0006466b	0x0008dcf0	3	0	0x0009dcf0	True
12715	0x00064680	0x0008dce0	3	0	0x0009dce0	True
12716	0x000646c2	0x0008dce4	3	0	0x0009dce4	True
12717	0x000646c8	0x0008dcec	3	0	0x0009dcec	True
12718	0x00064711	0x0008dce8	3	0	0x0009dce8	True
12719	0x00064719	0x0008dce8	3	0	0x0009dce8	True
12720	0x00064726	0x0008dcec	3	0	0x0009dcec	True
12721	0x0006472e	0x0008dce0	3	0	0x0009dce0	True
12722	0x00064734	0x0008dce4	3	0	0x0009dce4	True
12723	0x0006477d	0x0008dce8	3	0	0x0009dce8	True
12724	0x00064785	0x0008dce8	3	0	0x0009dce8	True
12725	0x0006478b	0x0008dce4	3	0	0x0009dce4	True
12726	0x0006479a	0x0008dce4	3	0	0x0009dce4	True
12727	0x000647a8	0x0008dce4	3	0	0x0009dce4	True
12728	0x000647d8	0x00070890	3	0	0x00080890	True
12729	0x00090eb4	0x00090ea0	3	0	0x000a0ea0	True
12730	0x000648ef	0x00070800	3	0	0x00080800	True
12731	0x000648f6	0x00090ed8	3	0	0x000a0ed8	True
12732	0x000648fd	0x00070808	3	0	0x00080808	True
12733	0x00064904	0x00090ed8	3	0	0x000a0ed8	True
12734	0x000649d6	0x000649da	3	0	0x000749da	True
12735	0x000649da	0x00064952	3	0	0x00074952	True
12736	0x000649de	0x0006491e	3	0	0x0007491e	True
12737	0x000649e2	0x00064982	3	0	0x00074982	True
12738	0x000649e6	0x0006491e	3	0	0x0007491e	True
12739	0x000649ea	0x0006491e	3	0	0x0007491e	True
12740	0x000649ee	0x0006496a	3	0	0x0007496a	True
12741	0x000649f2	0x0006491e	3	0	0x0007491e	True
12742	0x000649f6	0x0006491e	3	0	0x0007491e	True
12743	0x000649fa	0x0006491e	3	0	0x0007491e	True
12744	0x000649fe	0x0006491e	3	0	0x0007491e	True
12745	0x00064a02	0x0006491e	3	0	0x0007491e	True
12746	0x00064a06	0x0006493a	3	0	0x0007493a	True
12747	0x00064a0a	0x0006491e	3	0	0x0007491e	True
12748	0x00064a0e	0x00064982	3	0	0x00074982	True
12749	0x00064a12	0x0006491e	3	0	0x0007491e	True
12750	0x00064a16	0x0006491e	3	0	0x0007491e	True
12751	0x00064a1a	0x00064952	3	0	0x00074952	True
12752	0x00064a1e	0x000649a2	3	0	0x000749a2	True
12753	0x00064a22	0x0006491e	3	0	0x0007491e	True
12754	0x00064a26	0x0006491e	3	0	0x0007491e	True
12755	0x00064a2a	0x00064982	3	0	0x00074982	True
12756	0x00064a3f	0x00086a5e	3	0	0x00096a5e	True
12757	0x00064a5f	0x00087ab0	3	0	0x00097ab0	True
12758	0x00064a9b	0x00070808	3	0	0x00080808	True
12759	0x00064aaf	0x00070800	3	0	0x00080800	True
12760	0x00064b10	0x00090ed4	3	0	0x000a0ed4	True
12761	0x00064b44	0x00086a5f	3	0	0x00096a5f	True
12762	0x00064b63	0x00086a5c	3	0	0x00096a5c	True
12763	0x00064c8e	0x00090ed4	3	0	0x000a0ed4	True
12764	0x00064cc8	0x00090ee0	3	0	0x000a0ee0	True
12765	0x00064d5b	0x00090ee0	3	0	0x000a0ee0	True
12766	0x00064d88	0x00090ee0	3	0	0x000a0ee0	True
12767	0x00064e18	0x00090ed4	3	0	0x000a0ed4	True
12768	0x00064e32	0x00090ed4	3	0	0x000a0ed4	True
12769	0x00064e6e	0x00090ed4	3	0	0x000a0ed4	True
12770	0x00064e98	0x00090ee0	3	0	0x000a0ee0	True
12771	0x00064f61	0x00090ee0	3	0	0x000a0ee0	True
12772	0x00064f7f	0x00090ee0	3	0	0x000a0ee0	True
12773	0x00064f98	0x00090ee0	3	0	0x000a0ee0	True
12774	0x00065016	0x00090ed4	3	0	0x000a0ed4	True
12775	0x00065074	0x00090ed4	3	0	0x000a0ed4	True
12776	0x000650e2	0x00086a5c	3	0	0x00096a5c	True
12777	0x00065100	0x00086a5e	3	0	0x00096a5e	True
12778	0x00065114	0x00086a5e	3	0	0x00096a5e	True
12779	0x00065132	0x00065136	3	0	0x00075136	True
12780	0x00065136	0x00064efe	3	0	0x00074efe	True
12781	0x0006513a	0x00064db5	3	0	0x00074db5	True
12782	0x0006513e	0x00064e0a	3	0	0x00074e0a	True
12783	0x00065142	0x000650d9	3	0	0x000750d9	True
12784	0x00065146	0x00064dea	3	0	0x00074dea	True
12785	0x0006514a	0x00064b86	3	0	0x00074b86	True
12786	0x0006514e	0x0006509a	3	0	0x0007509a	True
12787	0x00065152	0x00065066	3	0	0x00075066	True
12788	0x00065156	0x00064dae	3	0	0x00074dae	True
12789	0x0006515a	0x00064e42	3	0	0x00074e42	True
12790	0x0006515e	0x00064e42	3	0	0x00074e42	True
12791	0x00065162	0x00064ec2	3	0	0x00074ec2	True
12792	0x00065166	0x00064e92	3	0	0x00074e92	True
12793	0x0006516a	0x00064fee	3	0	0x00074fee	True
12794	0x0006516e	0x00064b7a	3	0	0x00074b7a	True
12795	0x00065172	0x00064fee	3	0	0x00074fee	True
12796	0x00065176	0x00064dfe	3	0	0x00074dfe	True
12797	0x0006517a	0x00064e0a	3	0	0x00074e0a	True
12798	0x0006517e	0x00064dfe	3	0	0x00074dfe	True
12799	0x00065182	0x00064e24	3	0	0x00074e24	True
12800	0x00065186	0x00064e24	3	0	0x00074e24	True
12801	0x0006518a	0x000650d9	3	0	0x000750d9	True
12802	0x0006518e	0x000650d9	3	0	0x000750d9	True
12803	0x00065192	0x000650d9	3	0	0x000750d9	True
12804	0x00065196	0x000650d9	3	0	0x000750d9	True
12805	0x0006519a	0x00064db5	3	0	0x00074db5	True
12806	0x0006519e	0x00064db5	3	0	0x00074db5	True
12807	0x000651a2	0x00064db5	3	0	0x00074db5	True
12808	0x000651a6	0x00064db5	3	0	0x00074db5	True
12809	0x000651aa	0x00064d9a	3	0	0x00074d9a	True
12810	0x000651ae	0x00064db5	3	0	0x00074db5	True
12811	0x000651b2	0x00064db5	3	0	0x00074db5	True
12812	0x000651b6	0x00064d9a	3	0	0x00074d9a	True
12813	0x000651ba	0x00064db5	3	0	0x00074db5	True
12814	0x000651be	0x00064db5	3	0	0x00074db5	True
12815	0x000651c2	0x00064db5	3	0	0x00074db5	True
12816	0x000651c6	0x00064c3e	3	0	0x00074c3e	True
12817	0x000651ca	0x00064c3e	3	0	0x00074c3e	True
12818	0x000651ce	0x00064c3e	3	0	0x00074c3e	True
12819	0x000651d2	0x00064c3e	3	0	0x00074c3e	True
12820	0x000651d6	0x00064c3e	3	0	0x00074c3e	True
12821	0x000651da	0x00064c3e	3	0	0x00074c3e	True
12822	0x000651de	0x00064c3e	3	0	0x00074c3e	True
12823	0x000651e2	0x00064cc2	3	0	0x00074cc2	True
12824	0x000651e6	0x00064cc2	3	0	0x00074cc2	True
12825	0x000651ea	0x00064cc2	3	0	0x00074cc2	True
12826	0x000651ee	0x00064cc2	3	0	0x00074cc2	True
12827	0x000651f2	0x00064cc2	3	0	0x00074cc2	True
12828	0x000651f6	0x00064cc2	3	0	0x00074cc2	True
12829	0x000651fa	0x00064cc2	3	0	0x00074cc2	True
12830	0x000651fe	0x00064d4e	3	0	0x00074d4e	True
12831	0x00065202	0x00064cc2	3	0	0x00074cc2	True
12832	0x00065206	0x000650d9	3	0	0x000750d9	True
12833	0x0006520a	0x000650d9	3	0	0x000750d9	True
12834	0x0006520e	0x000650d9	3	0	0x000750d9	True
12835	0x00065212	0x000650d9	3	0	0x000750d9	True
12836	0x00065216	0x000650d9	3	0	0x000750d9	True
12837	0x0006521a	0x000650d9	3	0	0x000750d9	True
12838	0x0006521e	0x000650d9	3	0	0x000750d9	True
12839	0x00065222	0x000650d9	3	0	0x000750d9	True
12840	0x00065226	0x00064db5	3	0	0x00074db5	True
12841	0x0006522a	0x00064db5	3	0	0x00074db5	True
12842	0x0006522e	0x00064db5	3	0	0x00074db5	True
12843	0x00065232	0x00064db5	3	0	0x00074db5	True
12844	0x00065236	0x00064db5	3	0	0x00074db5	True
12845	0x0006523a	0x00064db5	3	0	0x00074db5	True
12846	0x0006523e	0x00064db5	3	0	0x00074db5	True
12847	0x00065242	0x00064db5	3	0	0x00074db5	True
12848	0x00065246	0x000650d9	3	0	0x000750d9	True
12849	0x0006524a	0x000650d9	3	0	0x000750d9	True
12850	0x0006524e	0x000650d9	3	0	0x000750d9	True
12851	0x00065252	0x000650d9	3	0	0x000750d9	True
12852	0x00065256	0x000650d9	3	0	0x000750d9	True
12853	0x0006525a	0x000650d9	3	0	0x000750d9	True
12854	0x0006525e	0x000650d9	3	0	0x000750d9	True
12855	0x00065262	0x000650d9	3	0	0x000750d9	True
12856	0x00065266	0x000650d9	3	0	0x000750d9	True
12857	0x0006526a	0x000650d9	3	0	0x000750d9	True
12858	0x0006526e	0x000650d9	3	0	0x000750d9	True
12859	0x00065272	0x000650d9	3	0	0x000750d9	True
12860	0x00065276	0x000650d9	3	0	0x000750d9	True
12861	0x0006527a	0x000650d9	3	0	0x000750d9	True
12862	0x0006527e	0x000650d9	3	0	0x000750d9	True
12863	0x00065282	0x000650d9	3	0	0x000750d9	True
12864	0x00065286	0x000650d9	3	0	0x000750d9	True
12865	0x0006528a	0x000650d9	3	0	0x000750d9	True
12866	0x0006528e	0x000650d9	3	0	0x000750d9	True
12867	0x00065292	0x000650d9	3	0	0x000750d9	True
12868	0x00065296	0x000650d9	3	0	0x000750d9	True
12869	0x0006529a	0x000650d9	3	0	0x000750d9	True
12870	0x0006529e	0x000650d9	3	0	0x000750d9	True
12871	0x000652a2	0x000650d9	3	0	0x000750d9	True
12872	0x000652a6	0x000650d9	3	0	0x000750d9	True
12873	0x000652aa	0x000650d9	3	0	0x000750d9	True
12874	0x000652ae	0x000650d9	3	0	0x000750d9	True
12875	0x000652b2	0x000650d9	3	0	0x000750d9	True
12876	0x000652b6	0x000650d9	3	0	0x000750d9	True
12877	0x000652ba	0x000650d9	3	0	0x000750d9	True
12878	0x000652be	0x000650d9	3	0	0x000750d9	True
12879	0x000652c2	0x000650d9	3	0	0x000750d9	True
12880	0x000652c6	0x000650d9	3	0	0x000750d9	True
12881	0x000652ca	0x000650d9	3	0	0x000750d9	True
12882	0x000652ce	0x000650d9	3	0	0x000750d9	True
12883	0x000652d2	0x000650d2	3	0	0x000750d2	True
12884	0x000652d6	0x000650d9	3	0	0x000750d9	True
12885	0x000652da	0x000650d2	3	0	0x000750d2	True
12886	0x000652de	0x000650d2	3	0	0x000750d2	True
12887	0x000652e2	0x000650d2	3	0	0x000750d2	True
12888	0x000652e6	0x000650c6	3	0	0x000750c6	True
12889	0x000652ea	0x000650c6	3	0	0x000750c6	True
12890	0x000652ee	0x000650c6	3	0	0x000750c6	True
12891	0x000652f2	0x000650c6	3	0	0x000750c6	True
12892	0x000652f6	0x000650c6	3	0	0x000750c6	True
12893	0x000652fa	0x000650c6	3	0	0x000750c6	True
12894	0x000652fe	0x000650d9	3	0	0x000750d9	True
12895	0x00065302	0x000650d9	3	0	0x000750d9	True
12896	0x00065306	0x000650d9	3	0	0x000750d9	True
12897	0x0006530a	0x000650d9	3	0	0x000750d9	True
12898	0x0006530e	0x000650d9	3	0	0x000750d9	True
12899	0x00065312	0x000650d2	3	0	0x000750d2	True
12900	0x00065316	0x000650d9	3	0	0x000750d9	True
12901	0x0006531a	0x000650d9	3	0	0x000750d9	True
12902	0x0006531e	0x000650d9	3	0	0x000750d9	True
12903	0x00065322	0x000650d9	3	0	0x000750d9	True
12904	0x00065326	0x000650d2	3	0	0x000750d2	True
12905	0x0006532a	0x000650d9	3	0	0x000750d9	True
12906	0x0006532e	0x000650d9	3	0	0x000750d9	True
12907	0x00065332	0x000650d9	3	0	0x000750d9	True
12908	0x00065336	0x000650d9	3	0	0x000750d9	True
12909	0x0006533a	0x000650d9	3	0	0x000750d9	True
12910	0x0006533e	0x000650d9	3	0	0x000750d9	True
12911	0x00065342	0x000650d9	3	0	0x000750d9	True
12912	0x00065346	0x000650d9	3	0	0x000750d9	True
12913	0x0006534a	0x000650d9	3	0	0x000750d9	True
12914	0x0006534e	0x000650d9	3	0	0x000750d9	True
12915	0x00065352	0x000650d9	3	0	0x000750d9	True
12916	0x00065356	0x000650d9	3	0	0x000750d9	True
12917	0x0006535a	0x000650d9	3	0	0x000750d9	True
12918	0x0006535e	0x000650d9	3	0	0x000750d9	True
12919	0x00065362	0x000650d9	3	0	0x000750d9	True
12920	0x00065366	0x000650d9	3	0	0x000750d9	True
12921	0x0006536a	0x000650ba	3	0	0x000750ba	True
12922	0x0006536e	0x000650d9	3	0	0x000750d9	True
12923	0x00065372	0x000650d9	3	0	0x000750d9	True
12924	0x00065376	0x000650d9	3	0	0x000750d9	True
12925	0x0006537a	0x000650d9	3	0	0x000750d9	True
12926	0x0006537e	0x000650d9	3	0	0x000750d9	True
12927	0x00065382	0x000650d9	3	0	0x000750d9	True
12928	0x00065386	0x000650d9	3	0	0x000750d9	True
12929	0x0006538a	0x000650d9	3	0	0x000750d9	True
12930	0x0006538e	0x000650d9	3	0	0x000750d9	True
12931	0x00065392	0x000650d9	3	0	0x000750d9	True
12932	0x00065396	0x000650a6	3	0	0x000750a6	True
12933	0x0006539a	0x000650d9	3	0	0x000750d9	True
12934	0x0006539e	0x000650d9	3	0	0x000750d9	True
12935	0x000653a2	0x000650d9	3	0	0x000750d9	True
12936	0x000653a6	0x000650d9	3	0	0x000750d9	True
12937	0x000653aa	0x000650d9	3	0	0x000750d9	True
12938	0x000653ae	0x000650d9	3	0	0x000750d9	True
12939	0x000653b2	0x000650d9	3	0	0x000750d9	True
12940	0x000653b6	0x000650d9	3	0	0x000750d9	True
12941	0x000653ba	0x000650d9	3	0	0x000750d9	True
12942	0x000653be	0x00064bea	3	0	0x00074bea	True
12943	0x000653c2	0x000650d9	3	0	0x000750d9	True
12944	0x000653c6	0x000650a6	3	0	0x000750a6	True
12945	0x000653ca	0x000650d9	3	0	0x000750d9	True
12946	0x000653ce	0x000650d9	3	0	0x000750d9	True
12947	0x000653d2	0x00064b7a	3	0	0x00074b7a	True
12948	0x000653d6	0x000650d9	3	0	0x000750d9	True
12949	0x000653da	0x000650a6	3	0	0x000750a6	True
12950	0x000653de	0x000650a6	3	0	0x000750a6	True
12951	0x000653e2	0x000650a6	3	0	0x000750a6	True
12952	0x000653e6	0x000650a6	3	0	0x000750a6	True
12953	0x000653ea	0x000650d9	3	0	0x000750d9	True
12954	0x000653ee	0x000650d9	3	0	0x000750d9	True
12955	0x000653f2	0x000650d9	3	0	0x000750d9	True
12956	0x000653f6	0x000650d9	3	0	0x000750d9	True
12957	0x000653fa	0x000650d9	3	0	0x000750d9	True
12958	0x000653fe	0x000650d9	3	0	0x000750d9	True
12959	0x00065402	0x000650d9	3	0	0x000750d9	True
12960	0x00065406	0x000650d9	3	0	0x000750d9	True
12961	0x0006540a	0x000650d9	3	0	0x000750d9	True
12962	0x0006540e	0x000650d9	3	0	0x000750d9	True
12963	0x00065412	0x000650d9	3	0	0x000750d9	True
12964	0x00065416	0x00064ec2	3	0	0x00074ec2	True
12965	0x0006541a	0x00064e92	3	0	0x00074e92	True
12966	0x0006541e	0x000650d9	3	0	0x000750d9	True
12967	0x00065422	0x000650d9	3	0	0x000750d9	True
12968	0x00065426	0x00064baa	3	0	0x00074baa	True
12969	0x0006542a	0x00064dfe	3	0	0x00074dfe	True
12970	0x0006542e	0x00064dfe	3	0	0x00074dfe	True
12971	0x00065432	0x00064dfe	3	0	0x00074dfe	True
12972	0x00065436	0x00064e24	3	0	0x00074e24	True
12973	0x0006543a	0x00064e24	3	0	0x00074e24	True
12974	0x0006543e	0x00064e24	3	0	0x00074e24	True
12975	0x00065442	0x00064e24	3	0	0x00074e24	True
12976	0x00065446	0x00064e24	3	0	0x00074e24	True
12977	0x0006544a	0x00064fe2	3	0	0x00074fe2	True
12978	0x0006544e	0x00064fd6	3	0	0x00074fd6	True
12979	0x00065452	0x00064e24	3	0	0x00074e24	True
12980	0x00065456	0x00064e24	3	0	0x00074e24	True
12981	0x0006545a	0x00064bc2	3	0	0x00074bc2	True
12982	0x0006545e	0x00064bc2	3	0	0x00074bc2	True
12983	0x00065462	0x00064c16	3	0	0x00074c16	True
12984	0x00065466	0x00064c16	3	0	0x00074c16	True
12985	0x0006546a	0x00064c16	3	0	0x00074c16	True
12986	0x0006546e	0x00064c16	3	0	0x00074c16	True
12987	0x00065472	0x000650d9	3	0	0x000750d9	True
12988	0x00065476	0x000650d9	3	0	0x000750d9	True
12989	0x0006547a	0x000650d9	3	0	0x000750d9	True
12990	0x0006547e	0x000650d9	3	0	0x000750d9	True
12991	0x00065482	0x000650d9	3	0	0x000750d9	True
12992	0x00065486	0x000650d9	3	0	0x000750d9	True
12993	0x0006548a	0x000650d9	3	0	0x000750d9	True
12994	0x0006548e	0x000650d9	3	0	0x000750d9	True
12995	0x00065492	0x000650d9	3	0	0x000750d9	True
12996	0x00065496	0x00064db5	3	0	0x00074db5	True
12997	0x0006549a	0x00064db5	3	0	0x00074db5	True
12998	0x0006549e	0x000650d9	3	0	0x000750d9	True
12999	0x000654a2	0x000650d9	3	0	0x000750d9	True
13000	0x000654a6	0x00064db5	3	0	0x00074db5	True
13001	0x00065555	0x00090ed4	3	0	0x000a0ed4	True
13002	0x00065570	0x00065576	3	0	0x00075576	True
13003	0x00065576	0x000655c2	3	0	0x000755c2	True
13004	0x0006557a	0x0006554e	3	0	0x0007554e	True
13005	0x0006557e	0x00065545	3	0	0x00075545	True
13006	0x00065582	0x000654e2	3	0	0x000754e2	True
13007	0x00065586	0x00065545	3	0	0x00075545	True
13008	0x0006558a	0x0006550a	3	0	0x0007550a	True
13009	0x0006558e	0x000654d6	3	0	0x000754d6	True
13010	0x00065592	0x00065545	3	0	0x00075545	True
13011	0x00065596	0x000654ca	3	0	0x000754ca	True
13012	0x0006559a	0x00065545	3	0	0x00075545	True
13013	0x0006559e	0x0006554e	3	0	0x0007554e	True
13014	0x000655a2	0x0006554e	3	0	0x0007554e	True
13015	0x000655a6	0x0006554e	3	0	0x0007554e	True
13016	0x000655aa	0x0006554e	3	0	0x0007554e	True
13017	0x000655ae	0x000654ca	3	0	0x000754ca	True
13018	0x000655b2	0x00065545	3	0	0x00075545	True
13019	0x000655b6	0x0006554e	3	0	0x0007554e	True
13020	0x000655ba	0x0006554e	3	0	0x0007554e	True
13021	0x000655be	0x00065545	3	0	0x00075545	True
13022	0x00090ed4	0x00090ec0	3	0	0x000a0ec0	True
13023	0x0006565a	0x00090f14	3	0	0x000a0f14	True
13024	0x00090f10	0x00090f00	3	0	0x000a0f00	True
13025	0x0006569c	0x0008dd20	3	0	0x0009dd20	True
13026	0x000656b2	0x0008dd20	3	0	0x0009dd20	True
13027	0x000656c1	0x0008dd20	3	0	0x0009dd20	True
13028	0x000656e5	0x00090f60	3	0	0x000a0f60	True
13029	0x00065714	0x00091008	3	0	0x000a1008	True
13030	0x00065751	0x00090f60	3	0	0x000a0f60	True
13031	0x0006578a	0x00091008	3	0	0x000a1008	True
13032	0x0006579f	0x00090f60	3	0	0x000a0f60	True
13033	0x00065809	0x00091008	3	0	0x000a1008	True
13034	0x00065815	0x00090f5c	3	0	0x000a0f5c	True
13035	0x00065845	0x00090f60	3	0	0x000a0f60	True
13036	0x0006586b	0x00090f58	3	0	0x000a0f58	True
13037	0x000658ea	0x00080b9c	3	0	0x00090b9c	True
13038	0x000658f8	0x00080b9c	3	0	0x00090b9c	True
13039	0x00065915	0x00090f60	3	0	0x000a0f60	True
13040	0x00065925	0x00091008	3	0	0x000a1008	True
13041	0x00065945	0x00090f58	3	0	0x000a0f58	True
13042	0x00065abc	0x00080b9c	3	0	0x00090b9c	True
13043	0x00065ba0	0x00080b9c	3	0	0x00090b9c	True
13044	0x00065ca6	0x00090f60	3	0	0x000a0f60	True
13045	0x00065cb0	0x00090f5c	3	0	0x000a0f5c	True
13046	0x00065cb6	0x00090f6c	3	0	0x000a0f6c	True
13047	0x00065cc2	0x00090f70	3	0	0x000a0f70	True
13048	0x00065ce1	0x00090f58	3	0	0x000a0f58	True
13049	0x00065d0a	0x00091008	3	0	0x000a1008	True
13050	0x00065d12	0x0009100c	3	0	0x000a100c	True
13051	0x00065d21	0x00090f58	3	0	0x000a0f58	True
13052	0x00065d3e	0x00065d42	3	0	0x00075d42	True
13053	0x00065d42	0x00065c80	3	0	0x00075c80	True
13054	0x00065d46	0x00065ced	3	0	0x00075ced	True
13055	0x00065d4a	0x00065ced	3	0	0x00075ced	True
13056	0x00065d4e	0x00065c7a	3	0	0x00075c7a	True
13057	0x00065d52	0x00065c7d	3	0	0x00075c7d	True
13058	0x00065d56	0x00065ced	3	0	0x00075ced	True
13059	0x00065d5a	0x00065ced	3	0	0x00075ced	True
13060	0x00065d5e	0x00065c76	3	0	0x00075c76	True
13061	0x00065d62	0x00065c76	3	0	0x00075c76	True
13062	0x00065dc7	0x00090f60	3	0	0x000a0f60	True
13063	0x00065de3	0x00091008	3	0	0x000a1008	True
13064	0x00065e02	0x00090f5c	3	0	0x000a0f5c	True
13065	0x00065e33	0x00090f5c	3	0	0x000a0f5c	True
13066	0x00065e43	0x00090f5c	3	0	0x000a0f5c	True
13067	0x00065e6f	0x00090f6c	3	0	0x000a0f6c	True
13068	0x00065e7b	0x00090f70	3	0	0x000a0f70	True
13069	0x00065e84	0x00090f64	3	0	0x000a0f64	True
13070	0x00065e89	0x00091058	3	0	0x000a1058	True
13071	0x00065ea8	0x0009105f	3	0	0x000a105f	True
13072	0x00065eaf	0x00091066	3	0	0x000a1066	True
13073	0x00090f58	0x00090f30	3	0	0x000a0f30	True
13074	0x00090f64	0x00090f40	3	0	0x000a0f40	True
13075	0x00090f80	0x00090f43	3	0	0x000a0f43	True
13076	0x00090f9c	0x00090f46	3	0	0x000a0f46	True
13077	0x00090fb8	0x00090f49	3	0	0x000a0f49	True
13078	0x00090fd4	0x00090f4d	3	0	0x000a0f4d	True
13079	0x00090ff0	0x00090f51	3	0	0x000a0f51	True
13080	0x00065ed9	0x00090044	3	0	0x000a0044	True
13081	0x00065efe	0x00090045	3	0	0x000a0045	True
13082	0x00065f21	0x00090044	3	0	0x000a0044	True
13083	0x00065f5d	0x00090044	3	0	0x000a0044	True
13084	0x00065f66	0x00090044	3	0	0x000a0044	True
13085	0x00065f92	0x0007709c	3	0	0x0008709c	True
13086	0x00065fa9	0x0007709c	3	0	0x0008709c	True
13087	0x00065fdb	0x0007709c	3	0	0x0008709c	True
13088	0x00066073	0x00090044	3	0	0x000a0044	True
13089	0x0006609e	0x00091084	3	0	0x000a1084	True
13090	0x0006627e	0x00091088	3	0	0x000a1088	True
13091	0x0006630a	0x00091090	3	0	0x000a1090	True
13092	0x0006634d	0x00090044	3	0	0x000a0044	True
13093	0x00066380	0x00091084	3	0	0x000a1084	True
13094	0x00066397	0x0009101c	3	0	0x000a101c	True
13095	0x000663a4	0x00091034	3	0	0x000a1034	True
13096	0x00091084	0x00091070	3	0	0x000a1070	True
13097	0x000663e8	0x000b00a4	3	0	0x000c00a4	True
13098	0x0006647a	0x0008dcd0	3	0	0x0009dcd0	True
13099	0x000664c8	0x0007081c	3	0	0x0008081c	True
13100	0x000664d2	0x00070818	3	0	0x00080818	True
13101	0x000664d7	0x00070810	3	0	0x00080810	True
13102	0x000664df	0x00070814	3	0	0x00080814	True
13103	0x000664fb	0x00070814	3	0	0x00080814	True
13104	0x00066502	0x00070810	3	0	0x00080810	True
13105	0x0006650b	0x00070810	3	0	0x00080810	True
13106	0x00066515	0x00070810	3	0	0x00080810	True
13107	0x00066535	0x0007083c	3	0	0x0008083c	True
13108	0x0006653f	0x00070838	3	0	0x00080838	True
13109	0x00066545	0x00070830	3	0	0x00080830	True
13110	0x00066559	0x00070834	3	0	0x00080834	True
13111	0x00066565	0x00070830	3	0	0x00080830	True
13112	0x000665a5	0x0008d661	3	0	0x0009d661	True
13113	0x000665d8	0x0008d661	3	0	0x0009d661	True
13114	0x00066614	0x0008d661	3	0	0x0009d661	True
13115	0x000666f0	0x000666f4	3	0	0x000766f4	True
13116	0x000666f4	0x00066780	3	0	0x00076780	True
13117	0x000666f8	0x000669b4	3	0	0x000769b4	True
13118	0x000666fc	0x00066798	3	0	0x00076798	True
13119	0x00066700	0x00066798	3	0	0x00076798	True
13120	0x00066704	0x00066798	3	0	0x00076798	True
13121	0x00066708	0x00066758	3	0	0x00076758	True
13122	0x0006670c	0x0006698c	3	0	0x0007698c	True
13123	0x00066710	0x00066758	3	0	0x00076758	True
13124	0x00066714	0x00066758	3	0	0x00076758	True
13125	0x00066718	0x00066758	3	0	0x00076758	True
13126	0x0006671c	0x00066758	3	0	0x00076758	True
13127	0x00066720	0x000669a8	3	0	0x000769a8	True
13128	0x00066724	0x000669b4	3	0	0x000769b4	True
13129	0x00066728	0x000669b0	3	0	0x000769b0	True
13130	0x0006672c	0x00066758	3	0	0x00076758	True
13131	0x00066730	0x00066758	3	0	0x00076758	True
13132	0x00066734	0x000669c8	3	0	0x000769c8	True
13133	0x00066738	0x00066758	3	0	0x00076758	True
13134	0x0006673c	0x000669b4	3	0	0x000769b4	True
13135	0x00066740	0x00066758	3	0	0x00076758	True
13136	0x00066744	0x00066758	3	0	0x00076758	True
13137	0x00066748	0x00066993	3	0	0x00076993	True
13138	0x0006674c	0x00066758	3	0	0x00076758	True
13139	0x00066750	0x00066758	3	0	0x00076758	True
13140	0x00066754	0x000669d0	3	0	0x000769d0	True
13141	0x0006678d	0x000910d8	3	0	0x000a10d8	True
13142	0x000667ee	0x0008d661	3	0	0x0009d661	True
13143	0x00066823	0x0008d661	3	0	0x0009d661	True
13144	0x00066853	0x0008d661	3	0	0x0009d661	True
13145	0x00066880	0x0008d661	3	0	0x0009d661	True
13146	0x000668fe	0x0008d661	3	0	0x0009d661	True
13147	0x0006692b	0x0008d661	3	0	0x0009d661	True
13148	0x00066977	0x0008d9b8	3	0	0x0009d9b8	True
13149	0x000669c9	0x000910d0	3	0	0x000a10d0	True
13150	0x00066c5a	0x0008d661	3	0	0x0009d661	True
13151	0x00066ce6	0x0008d661	3	0	0x0009d661	True
13152	0x00066dc8	0x0008d661	3	0	0x0009d661	True
13153	0x00066e31	0x0008d661	3	0	0x0009d661	True
13154	0x00066f5e	0x000910f4	3	0	0x000a10f4	True
13155	0x00066fbc	0x000910fa	3	0	0x000a10fa	True
13156	0x00066fc9	0x000910fc	3	0	0x000a10fc	True
13157	0x00066fd0	0x000910f8	3	0	0x000a10f8	True
13158	0x00066fe8	0x00091102	3	0	0x000a1102	True
13159	0x00066fef	0x00091100	3	0	0x000a1100	True
13160	0x00067016	0x000910f4	3	0	0x000a10f4	True
13161	0x0006708b	0x000770a0	3	0	0x000870a0	True
13162	0x00067177	0x000770a0	3	0	0x000870a0	True
13163	0x000671ed	0x00080128	3	0	0x00090128	True
13164	0x000671f3	0x0008012c	3	0	0x0009012c	True
13165	0x00067219	0x000770a9	3	0	0x000870a9	True
13166	0x00067236	0x000770a0	3	0	0x000870a0	True
13167	0x0006726a	0x000910f4	3	0	0x000a10f4	True
13168	0x000672a6	0x000910f4	3	0	0x000a10f4	True
13169	0x000672c6	0x000910f4	3	0	0x000a10f4	True
13170	0x000672e4	0x000770a0	3	0	0x000870a0	True
13171	0x00067383	0x000770a0	3	0	0x000870a0	True
13172	0x00067396	0x000770a0	3	0	0x000870a0	True
13173	0x000673a6	0x000770a0	3	0	0x000870a0	True
13174	0x000673e8	0x000910f4	3	0	0x000a10f4	True
13175	0x00067425	0x000770a8	3	0	0x000870a8	True
13176	0x0006742e	0x00080128	3	0	0x00090128	True
13177	0x00067452	0x00068904	3	0	0x00078904	True
13178	0x00067469	0x000770a0	3	0	0x000870a0	True
13179	0x00067495	0x00080128	3	0	0x00090128	True
13180	0x0006749b	0x0008012c	3	0	0x0009012c	True
13181	0x00067502	0x00066ffc	3	0	0x00076ffc	True
13182	0x0006754f	0x0008012c	3	0	0x0009012c	True
13183	0x000675d4	0x00068a20	3	0	0x00078a20	True
13184	0x000675f3	0x000770a8	3	0	0x000870a8	True
13185	0x000675fc	0x000770a8	3	0	0x000870a8	True
13186	0x00067608	0x000770a0	3	0	0x000870a0	True
13187	0x00067618	0x000770a8	3	0	0x000870a8	True
13188	0x000676b2	0x000770a0	3	0	0x000870a0	True
13189	0x000676c2	0x000770a8	3	0	0x000870a8	True
13190	0x000676e8	0x000910f4	3	0	0x000a10f4	True
13191	0x000676fc	0x000770a0	3	0	0x000870a0	True
13192	0x00067706	0x000770a4	3	0	0x000870a4	True
13193	0x0006771e	0x000770ac	3	0	0x000870ac	True
13194	0x00067731	0x000770a8	3	0	0x000870a8	True
13195	0x0006775b	0x000770ac	3	0	0x000870ac	True
13196	0x0006777e	0x000770a0	3	0	0x000870a0	True
13197	0x0006778e	0x000770ac	3	0	0x000870ac	True
13198	0x000677fc	0x000770a9	3	0	0x000870a9	True
13199	0x000678d7	0x000910f4	3	0	0x000a10f4	True
13200	0x000678f7	0x000910f4	3	0	0x000a10f4	True
13201	0x0006791c	0x000910f4	3	0	0x000a10f4	True
13202	0x000679dd	0x00080128	3	0	0x00090128	True
13203	0x000679e3	0x0008012c	3	0	0x0009012c	True
13204	0x00067a25	0x00080128	3	0	0x00090128	True
13205	0x00067a2b	0x0008012c	3	0	0x0009012c	True
13206	0x00067a7f	0x000910f4	3	0	0x000a10f4	True
13207	0x00067be5	0x000910f4	3	0	0x000a10f4	True
13208	0x00067c55	0x00080128	3	0	0x00090128	True
13209	0x00067c5b	0x0008012c	3	0	0x0009012c	True
13210	0x00067cad	0x00080128	3	0	0x00090128	True
13211	0x00067cb3	0x0008012c	3	0	0x0009012c	True
13212	0x00067cc6	0x000910f4	3	0	0x000a10f4	True
13213	0x00067ce8	0x0008012c	3	0	0x0009012c	True
13214	0x00067cf0	0x000770a8	3	0	0x000870a8	True
13215	0x00067cf9	0x000770a8	3	0	0x000870a8	True
13216	0x00067d1e	0x000770a8	3	0	0x000870a8	True
13217	0x00067dae	0x0008012c	3	0	0x0009012c	True
13218	0x00067de1	0x00080128	3	0	0x00090128	True
13219	0x00067de7	0x0008012c	3	0	0x0009012c	True
13220	0x00067e43	0x00066ffc	3	0	0x00076ffc	True
13221	0x00067e52	0x00068904	3	0	0x00078904	True
13222	0x00067e69	0x00068a20	3	0	0x00078a20	True
13223	0x00067e81	0x000770a8	3	0	0x000870a8	True
13224	0x00067e8a	0x000770a8	3	0	0x000870a8	True
13225	0x00067ecc	0x000770a8	3	0	0x000870a8	True
13226	0x00067f72	0x0008012c	3	0	0x0009012c	True
13227	0x00067f95	0x00080128	3	0	0x00090128	True
13228	0x00067f9b	0x0008012c	3	0	0x0009012c	True
13229	0x00067fae	0x000770a8	3	0	0x000870a8	True
13230	0x00067fb7	0x000770a8	3	0	0x000870a8	True
13231	0x00067fdd	0x000770a8	3	0	0x000870a8	True
13232	0x0006807f	0x000910f4	3	0	0x000a10f4	True
13233	0x0006809a	0x000770a8	3	0	0x000870a8	True
13234	0x000680a3	0x000770a8	3	0	0x000870a8	True
13235	0x000680af	0x000770a0	3	0	0x000870a0	True
13236	0x000680bf	0x000770a8	3	0	0x000870a8	True
13237	0x000683d1	0x00091105	3	0	0x000a1105	True
13238	0x000910f4	0x000910e0	3	0	0x000a10e0	True
13239	0x00068438	0x00091150	3	0	0x000a1150	True
13240	0x0006843f	0x0009114c	3	0	0x000a114c	True
13241	0x0006846d	0x00091144	3	0	0x000a1144	True
13242	0x0006849b	0x000770a0	3	0	0x000870a0	True
13243	0x000684d6	0x00091170	3	0	0x000a1170	True
13244	0x0006850b	0x00091144	3	0	0x000a1144	True
13245	0x00068568	0x000770a0	3	0	0x000870a0	True
13246	0x0006857d	0x00081a30	3	0	0x00091a30	True
13247	0x0006859d	0x000770a8	3	0	0x000870a8	True
13248	0x000685a6	0x000770a8	3	0	0x000870a8	True
13249	0x000685bf	0x000770a8	3	0	0x000870a8	True
13250	0x000685cb	0x0009116c	3	0	0x000a116c	True
13251	0x00068636	0x0009116c	3	0	0x000a116c	True
13252	0x00068644	0x00091164	3	0	0x000a1164	True
13253	0x0006864b	0x00091160	3	0	0x000a1160	True
13254	0x00068664	0x00091179	3	0	0x000a1179	True
13255	0x0006867a	0x00091186	3	0	0x000a1186	True
13256	0x0006867f	0x0009117a	3	0	0x000a117a	True
13257	0x0006869c	0x00091180	3	0	0x000a1180	True
13258	0x000686a4	0x000770a9	3	0	0x000870a9	True
13259	0x000686ad	0x00091184	3	0	0x000a1184	True
13260	0x000686bd	0x0009117c	3	0	0x000a117c	True
13261	0x000686c4	0x00091178	3	0	0x000a1178	True
13262	0x000686f0	0x00091144	3	0	0x000a1144	True
13263	0x0006870b	0x00091144	3	0	0x000a1144	True
13264	0x0006875f	0x000911bc	3	0	0x000a11bc	True
13265	0x0006877c	0x000911b2	3	0	0x000a11b2	True
13266	0x00068786	0x000911b2	3	0	0x000a11b2	True
13267	0x0006879a	0x000911b6	3	0	0x000a11b6	True
13268	0x000687a1	0x000911b0	3	0	0x000a11b0	True
13269	0x000687c8	0x000911dc	3	0	0x000a11dc	True
13270	0x000687dd	0x000911c4	3	0	0x000a11c4	True
13271	0x000687ed	0x000770a0	3	0	0x000870a0	True
13272	0x0006880a	0x000911d6	3	0	0x000a11d6	True
13273	0x0006880f	0x000911ce	3	0	0x000a11ce	True
13274	0x0006881b	0x000911d6	3	0	0x000a11d6	True
13275	0x00068820	0x000911ce	3	0	0x000a11ce	True
13276	0x00068827	0x000911da	3	0	0x000a11da	True
13277	0x0006882c	0x000911d8	3	0	0x000a11d8	True
13278	0x0006883b	0x000911ce	3	0	0x000a11ce	True
13279	0x00068842	0x000911cc	3	0	0x000a11cc	True
13280	0x00068857	0x000911d4	3	0	0x000a11d4	True
13281	0x00068867	0x000770a0	3	0	0x000870a0	True
13282	0x000688cf	0x00091144	3	0	0x000a1144	True
13283	0x000688e0	0x000770a0	3	0	0x000870a0	True
13284	0x0006894c	0x000911f2	3	0	0x000a11f2	True
13285	0x00068951	0x000911e6	3	0	0x000a11e6	True
13286	0x00068963	0x000911f2	3	0	0x000a11f2	True
13287	0x00068968	0x000911e6	3	0	0x000a11e6	True
13288	0x0006896e	0x000770a9	3	0	0x000870a9	True
13289	0x000689a8	0x000911f4	3	0	0x000a11f4	True
13290	0x000689b4	0x000911f1	3	0	0x000a11f1	True
13291	0x000689be	0x000911f1	3	0	0x000a11f1	True
13292	0x000689c6	0x000911f0	3	0	0x000a11f0	True
13293	0x000689e1	0x000911f0	3	0	0x000a11f0	True
13294	0x000689f4	0x000911ea	3	0	0x000a11ea	True
13295	0x00068a02	0x000911e8	3	0	0x000a11e8	True
13296	0x00068a0a	0x000911e8	3	0	0x000a11e8	True
13297	0x00068a12	0x000911e4	3	0	0x000a11e4	True
13298	0x00068a39	0x00091144	3	0	0x000a1144	True
13299	0x00068a54	0x00091216	3	0	0x000a1216	True
13300	0x00068a59	0x0009120a	3	0	0x000a120a	True
13301	0x00068a67	0x00091216	3	0	0x000a1216	True
13302	0x00068a6c	0x0009120a	3	0	0x000a120a	True
13303	0x00068a7a	0x0009120e	3	0	0x000a120e	True
13304	0x00068a82	0x0009120c	3	0	0x000a120c	True
13305	0x00068a89	0x00091208	3	0	0x000a1208	True
13306	0x00068a94	0x0009121a	3	0	0x000a121a	True
13307	0x00068a99	0x00091218	3	0	0x000a1218	True
13308	0x00068aa0	0x00091214	3	0	0x000a1214	True
13309	0x00068ab7	0x00091220	3	0	0x000a1220	True
13310	0x00068abe	0x0009121c	3	0	0x000a121c	True
13311	0x00068ad3	0x00091228	3	0	0x000a1228	True
13312	0x00068ada	0x00091224	3	0	0x000a1224	True
13313	0x00068afb	0x00091144	3	0	0x000a1144	True
13314	0x00068b5d	0x00091144	3	0	0x000a1144	True
13315	0x00068b7b	0x00091232	3	0	0x000a1232	True
13316	0x00068b83	0x00091234	3	0	0x000a1234	True
13317	0x00068b8d	0x00091236	3	0	0x000a1236	True
13318	0x00068b94	0x00091230	3	0	0x000a1230	True
13319	0x00068ba4	0x000770a0	3	0	0x000870a0	True
13320	0x00068bd6	0x00091144	3	0	0x000a1144	True
13321	0x00068c18	0x00091144	3	0	0x000a1144	True
13322	0x00068c46	0x00091234	3	0	0x000a1234	True
13323	0x00068c5c	0x00091236	3	0	0x000a1236	True
13324	0x00068c69	0x00091232	3	0	0x000a1232	True
13325	0x00068c72	0x00091232	3	0	0x000a1232	True
13326	0x00068c7a	0x00091230	3	0	0x000a1230	True
13327	0x00068c9d	0x0009124a	3	0	0x000a124a	True
13328	0x00068cc5	0x00091254	3	0	0x000a1254	True
13329	0x00068cca	0x00091248	3	0	0x000a1248	True
13330	0x00068ccf	0x00091240	3	0	0x000a1240	True
13331	0x00068cd6	0x0009124a	3	0	0x000a124a	True
13332	0x00068ceb	0x00091252	3	0	0x000a1252	True
13333	0x00068cf0	0x00091246	3	0	0x000a1246	True
13334	0x00068cf5	0x0009123e	3	0	0x000a123e	True
13335	0x00068cff	0x00091256	3	0	0x000a1256	True
13336	0x00068d06	0x0009123c	3	0	0x000a123c	True
13337	0x00068d15	0x00091244	3	0	0x000a1244	True
13338	0x00068d24	0x00091250	3	0	0x000a1250	True
13339	0x00068d41	0x000770a0	3	0	0x000870a0	True
13340	0x00068dce	0x0009122a	3	0	0x000a122a	True
13341	0x00068df6	0x000770b0	3	0	0x000870b0	True
13342	0x00068dfb	0x000770b4	3	0	0x000870b4	True
13343	0x00068e0f	0x000770b8	3	0	0x000870b8	True
13344	0x00068e1d	0x000770c8	3	0	0x000870c8	True
13345	0x00068e29	0x000770cc	3	0	0x000870cc	True
13346	0x00068e3d	0x000770b0	3	0	0x000870b0	True
13347	0x00068e54	0x00091144	3	0	0x000a1144	True
13348	0x00068e69	0x0009125b	3	0	0x000a125b	True
13349	0x00068e77	0x0009125e	3	0	0x000a125e	True
13350	0x00068e81	0x00091261	3	0	0x000a1261	True
13351	0x00068e87	0x00091267	3	0	0x000a1267	True
13352	0x00068e9b	0x000770b0	3	0	0x000870b0	True
13353	0x00068ea9	0x00091144	3	0	0x000a1144	True
13354	0x00068ebb	0x000770b0	3	0	0x000870b0	True
13355	0x00068ec5	0x000770b0	3	0	0x000870b0	True
13356	0x00068ed2	0x00091291	3	0	0x000a1291	True
13357	0x00068ee6	0x000770c8	3	0	0x000870c8	True
13358	0x00068eef	0x000912f8	3	0	0x000a12f8	True
13359	0x00068ef8	0x000912fa	3	0	0x000a12fa	True
13360	0x00068eff	0x000912f4	3	0	0x000a12f4	True
13361	0x00068f0d	0x000770c8	3	0	0x000870c8	True
13362	0x00068f1b	0x000770b0	3	0	0x000870b0	True
13363	0x00068f28	0x000912a9	3	0	0x000a12a9	True
13364	0x00068f32	0x000770cc	3	0	0x000870cc	True
13365	0x00068f3b	0x000912f8	3	0	0x000a12f8	True
13366	0x00068f44	0x000912fa	3	0	0x000a12fa	True
13367	0x00068f4b	0x000912f4	3	0	0x000a12f4	True
13368	0x00068f59	0x000770cc	3	0	0x000870cc	True
13369	0x00068f67	0x000770b0	3	0	0x000870b0	True
13370	0x00068f74	0x000912be	3	0	0x000a12be	True
13371	0x00068f7e	0x000912fd	3	0	0x000a12fd	True
13372	0x00068f87	0x00091300	3	0	0x000a1300	True
13373	0x00068f8e	0x000912fc	3	0	0x000a12fc	True
13374	0x00068fa0	0x000770b0	3	0	0x000870b0	True
13375	0x00068fad	0x000912d3	3	0	0x000a12d3	True
13376	0x00068fcb	0x00091302	3	0	0x000a1302	True
13377	0x00068fdb	0x00091305	3	0	0x000a1305	True
13378	0x00068fe5	0x00091308	3	0	0x000a1308	True
13379	0x00068feb	0x0009130e	3	0	0x000a130e	True
13380	0x00068fff	0x000770b0	3	0	0x000870b0	True
13381	0x00069007	0x000912f8	3	0	0x000a12f8	True
13382	0x0006900d	0x000912fa	3	0	0x000a12fa	True
13383	0x00069015	0x000912f4	3	0	0x000a12f4	True
13384	0x00069027	0x000770b0	3	0	0x000870b0	True
13385	0x00069032	0x000770c8	3	0	0x000870c8	True
13386	0x00069039	0x0009132f	3	0	0x000a132f	True
13387	0x0006904f	0x000770b0	3	0	0x000870b0	True
13388	0x00069057	0x000912f8	3	0	0x000a12f8	True
13389	0x0006905d	0x000912fa	3	0	0x000a12fa	True
13390	0x00069065	0x000912f4	3	0	0x000a12f4	True
13391	0x00069077	0x000770b0	3	0	0x000870b0	True
13392	0x00069082	0x000770cc	3	0	0x000870cc	True
13393	0x00069089	0x00091347	3	0	0x000a1347	True
13394	0x00069093	0x000770b0	3	0	0x000870b0	True
13395	0x0006909c	0x000912fd	3	0	0x000a12fd	True
13396	0x000690a2	0x00091300	3	0	0x000a1300	True
13397	0x000690a9	0x000912fc	3	0	0x000a12fc	True
13398	0x000690bb	0x000770b0	3	0	0x000870b0	True
13399	0x000690c8	0x0009135f	3	0	0x000a135f	True
13400	0x000690d7	0x000770b0	3	0	0x000870b0	True
13401	0x000690e3	0x0009137f	3	0	0x000a137f	True
13402	0x000690f7	0x000770b0	3	0	0x000870b0	True
13403	0x0006910b	0x00091144	3	0	0x000a1144	True
13404	0x00069119	0x000770b4	3	0	0x000870b4	True
13405	0x00069124	0x000770b4	3	0	0x000870b4	True
13406	0x00069131	0x00091397	3	0	0x000a1397	True
13407	0x0006914a	0x000770c8	3	0	0x000870c8	True
13408	0x00069153	0x000770c8	3	0	0x000870c8	True
13409	0x00069160	0x000913b8	3	0	0x000a13b8	True
13410	0x00069176	0x000770cc	3	0	0x000870cc	True
13411	0x0006917f	0x000770cc	3	0	0x000870cc	True
13412	0x0006918c	0x000913d9	3	0	0x000a13d9	True
13413	0x000691af	0x000913fa	3	0	0x000a13fa	True
13414	0x000691cd	0x00091144	3	0	0x000a1144	True
13415	0x000691de	0x0009141b	3	0	0x000a141b	True
13416	0x0006926e	0x00091443	3	0	0x000a1443	True
13417	0x00069290	0x00091472	3	0	0x000a1472	True
13418	0x000692a0	0x0008012c	3	0	0x0009012c	True
13419	0x000692bd	0x0008012c	3	0	0x0009012c	True
13420	0x000692db	0x00091148	3	0	0x000a1148	True
13421	0x000692f1	0x000914a4	3	0	0x000a14a4	True
13422	0x000692fd	0x000914b6	3	0	0x000a14b6	True
13423	0x00069317	0x000914c9	3	0	0x000a14c9	True
13424	0x0006932a	0x00091514	3	0	0x000a1514	True
13425	0x0006937e	0x0009152a	3	0	0x000a152a	True
13426	0x00069387	0x00091536	3	0	0x000a1536	True
13427	0x0006938e	0x00091524	3	0	0x000a1524	True
13428	0x0006939e	0x000770a0	3	0	0x000870a0	True
13429	0x000693ad	0x00091530	3	0	0x000a1530	True
13430	0x00091144	0x00091130	3	0	0x000a1130	True
13431	0x00092248	0x000944a0	3	0	0x000a44a0	True
13432	0x0009224c	0x000944a0	3	0	0x000a44a0	True
13433	0x00092250	0x00091540	3	0	0x000a1540	True
13434	0x00092254	0x000944a2	3	0	0x000a44a2	True
13435	0x0009225c	0x000944a0	3	0	0x000a44a0	True
13436	0x00092260	0x000944ac	3	0	0x000a44ac	True
13437	0x00092264	0x00091540	3	0	0x000a1540	True
13438	0x00092268	0x000944a2	3	0	0x000a44a2	True
13439	0x00092270	0x000944b3	3	0	0x000a44b3	True
13440	0x00092274	0x000944b1	3	0	0x000a44b1	True
13441	0x00092278	0x0009154c	3	0	0x000a154c	True
13442	0x0009227c	0x000944a2	3	0	0x000a44a2	True
13443	0x00092284	0x000944e5	3	0	0x000a44e5	True
13444	0x00092288	0x000944b1	3	0	0x000a44b1	True
13445	0x0009228c	0x00091558	3	0	0x000a1558	True
13446	0x00092290	0x000944a2	3	0	0x000a44a2	True
13447	0x00092298	0x000944e9	3	0	0x000a44e9	True
13448	0x0009229c	0x000944ed	3	0	0x000a44ed	True
13449	0x000922a0	0x00091564	3	0	0x000a1564	True
13450	0x000922a4	0x000944a2	3	0	0x000a44a2	True
13451	0x000922ac	0x000944ed	3	0	0x000a44ed	True
13452	0x000922b0	0x000944ef	3	0	0x000a44ef	True
13453	0x000922b4	0x00091570	3	0	0x000a1570	True
13454	0x000922b8	0x000944a2	3	0	0x000a44a2	True
13455	0x000922c0	0x000944ed	3	0	0x000a44ed	True
13456	0x000922c4	0x000944f3	3	0	0x000a44f3	True
13457	0x000922c8	0x0009157c	3	0	0x000a157c	True
13458	0x000922cc	0x000944a2	3	0	0x000a44a2	True
13459	0x000922d4	0x000944ed	3	0	0x000a44ed	True
13460	0x000922d8	0x000944f3	3	0	0x000a44f3	True
13461	0x000922dc	0x00091588	3	0	0x000a1588	True
13462	0x000922e0	0x000944a2	3	0	0x000a44a2	True
13463	0x000922e8	0x000944ed	3	0	0x000a44ed	True
13464	0x000922ec	0x000944f3	3	0	0x000a44f3	True
13465	0x000922f0	0x00091594	3	0	0x000a1594	True
13466	0x000922f4	0x000944a2	3	0	0x000a44a2	True
13467	0x000922fc	0x000944ed	3	0	0x000a44ed	True
13468	0x00092300	0x000944f3	3	0	0x000a44f3	True
13469	0x00092304	0x000915a0	3	0	0x000a15a0	True
13470	0x00092308	0x000944a2	3	0	0x000a44a2	True
13471	0x00092310	0x000944e9	3	0	0x000a44e9	True
13472	0x00092314	0x000944ed	3	0	0x000a44ed	True
13473	0x00092318	0x000915ac	3	0	0x000a15ac	True
13474	0x0009231c	0x000944a2	3	0	0x000a44a2	True
13475	0x00092324	0x000944ed	3	0	0x000a44ed	True
13476	0x00092328	0x000944f7	3	0	0x000a44f7	True
13477	0x0009232c	0x000915b8	3	0	0x000a15b8	True
13478	0x00092330	0x000944a2	3	0	0x000a44a2	True
13479	0x00092338	0x000944ed	3	0	0x000a44ed	True
13480	0x0009233c	0x000944fd	3	0	0x000a44fd	True
13481	0x00092340	0x00091540	3	0	0x000a1540	True
13482	0x00092344	0x000944a2	3	0	0x000a44a2	True
13483	0x0009234c	0x000944ed	3	0	0x000a44ed	True
13484	0x00092350	0x000944f7	3	0	0x000a44f7	True
13485	0x00092354	0x00091540	3	0	0x000a1540	True
13486	0x00092358	0x000944a2	3	0	0x000a44a2	True
13487	0x00092360	0x000944ed	3	0	0x000a44ed	True
13488	0x00092364	0x000944f3	3	0	0x000a44f3	True
13489	0x00092368	0x000915c4	3	0	0x000a15c4	True
13490	0x0009236c	0x000944a2	3	0	0x000a44a2	True
13491	0x00092374	0x00094505	3	0	0x000a4505	True
13492	0x00092378	0x00094510	3	0	0x000a4510	True
13493	0x0009237c	0x000915d0	3	0	0x000a15d0	True
13494	0x00092380	0x000944a2	3	0	0x000a44a2	True
13495	0x00092388	0x000944ed	3	0	0x000a44ed	True
13496	0x0009238c	0x000944ed	3	0	0x000a44ed	True
13497	0x00092390	0x000915c4	3	0	0x000a15c4	True
13498	0x00092394	0x000944a2	3	0	0x000a44a2	True
13499	0x0009239c	0x00094514	3	0	0x000a4514	True
13500	0x000923a0	0x000944ed	3	0	0x000a44ed	True
13501	0x000923a4	0x000915dc	3	0	0x000a15dc	True
13502	0x000923a8	0x000944a2	3	0	0x000a44a2	True
13503	0x000923b0	0x000944ed	3	0	0x000a44ed	True
13504	0x000923b4	0x000944ed	3	0	0x000a44ed	True
13505	0x000923b8	0x000915c4	3	0	0x000a15c4	True
13506	0x000923bc	0x000944a2	3	0	0x000a44a2	True
13507	0x000923c4	0x000944ed	3	0	0x000a44ed	True
13508	0x000923c8	0x000944ed	3	0	0x000a44ed	True
13509	0x000923cc	0x000915c4	3	0	0x000a15c4	True
13510	0x000923d0	0x000944a2	3	0	0x000a44a2	True
13511	0x000923d8	0x00094529	3	0	0x000a4529	True
13512	0x000923dc	0x000944ed	3	0	0x000a44ed	True
13513	0x000923e0	0x000915dc	3	0	0x000a15dc	True
13514	0x000923e4	0x000944a2	3	0	0x000a44a2	True
13515	0x000923ec	0x000944ed	3	0	0x000a44ed	True
13516	0x000923f0	0x000944ed	3	0	0x000a44ed	True
13517	0x000923f4	0x000915c4	3	0	0x000a15c4	True
13518	0x000923f8	0x000944a2	3	0	0x000a44a2	True
13519	0x00092400	0x00094540	3	0	0x000a4540	True
13520	0x00092404	0x00094575	3	0	0x000a4575	True
13521	0x00092408	0x000915e8	3	0	0x000a15e8	True
13522	0x0009240c	0x000944a2	3	0	0x000a44a2	True
13523	0x00092414	0x0009457c	3	0	0x000a457c	True
13524	0x00092418	0x000945ef	3	0	0x000a45ef	True
13525	0x0009241c	0x000915f4	3	0	0x000a15f4	True
13526	0x00092420	0x000944a2	3	0	0x000a44a2	True
13527	0x00092428	0x000945f6	3	0	0x000a45f6	True
13528	0x0009242c	0x00094603	3	0	0x000a4603	True
13529	0x00092430	0x00091600	3	0	0x000a1600	True
13530	0x00092434	0x000944a2	3	0	0x000a44a2	True
13531	0x0009243c	0x00094603	3	0	0x000a4603	True
13532	0x00092440	0x00094603	3	0	0x000a4603	True
13533	0x00092444	0x00091600	3	0	0x000a1600	True
13534	0x00092448	0x000944a2	3	0	0x000a44a2	True
13535	0x00092450	0x00094605	3	0	0x000a4605	True
13536	0x00092454	0x00094603	3	0	0x000a4603	True
13537	0x00092458	0x0009160c	3	0	0x000a160c	True
13538	0x0009245c	0x000944a2	3	0	0x000a44a2	True
13539	0x00092464	0x00094638	3	0	0x000a4638	True
13540	0x00092468	0x00094646	3	0	0x000a4646	True
13541	0x0009246c	0x00091618	3	0	0x000a1618	True
13542	0x00092470	0x000944a2	3	0	0x000a44a2	True
13543	0x00092478	0x00094638	3	0	0x000a4638	True
13544	0x0009247c	0x00094646	3	0	0x000a4646	True
13545	0x00092480	0x00091618	3	0	0x000a1618	True
13546	0x00092484	0x000944a2	3	0	0x000a44a2	True
13547	0x0009248c	0x00094648	3	0	0x000a4648	True
13548	0x00092490	0x000945ef	3	0	0x000a45ef	True
13549	0x00092494	0x00091624	3	0	0x000a1624	True
13550	0x00092498	0x000944a2	3	0	0x000a44a2	True
13551	0x000924a0	0x00094693	3	0	0x000a4693	True
13552	0x000924a4	0x000946a2	3	0	0x000a46a2	True
13553	0x000924a8	0x00091630	3	0	0x000a1630	True
13554	0x000924ac	0x000944a2	3	0	0x000a44a2	True
13555	0x000924b4	0x000946a4	3	0	0x000a46a4	True
13556	0x000924b8	0x000946c2	3	0	0x000a46c2	True
13557	0x000924bc	0x0009163c	3	0	0x000a163c	True
13558	0x000924c0	0x000944a2	3	0	0x000a44a2	True
13559	0x000924c8	0x000946c9	3	0	0x000a46c9	True
13560	0x000924cc	0x000946c7	3	0	0x000a46c7	True
13561	0x000924d0	0x00091648	3	0	0x000a1648	True
13562	0x000924d4	0x000944a2	3	0	0x000a44a2	True
13563	0x000924dc	0x000946d9	3	0	0x000a46d9	True
13564	0x000924e0	0x000946c7	3	0	0x000a46c7	True
13565	0x000924e4	0x00091654	3	0	0x000a1654	True
13566	0x000924e8	0x000944a2	3	0	0x000a44a2	True
13567	0x000924f0	0x000946c7	3	0	0x000a46c7	True
13568	0x000924f4	0x000946c7	3	0	0x000a46c7	True
13569	0x000924f8	0x00091540	3	0	0x000a1540	True
13570	0x000924fc	0x000944a2	3	0	0x000a44a2	True
13571	0x00092504	0x000946f7	3	0	0x000a46f7	True
13572	0x00092508	0x000946c7	3	0	0x000a46c7	True
13573	0x0009250c	0x00091660	3	0	0x000a1660	True
13574	0x00092510	0x000944a2	3	0	0x000a44a2	True
13575	0x00092518	0x00094702	3	0	0x000a4702	True
13576	0x0009251c	0x00094722	3	0	0x000a4722	True
13577	0x00092520	0x0009166c	3	0	0x000a166c	True
13578	0x00092524	0x000944a2	3	0	0x000a44a2	True
13579	0x0009252c	0x00094728	3	0	0x000a4728	True
13580	0x00092530	0x00094726	3	0	0x000a4726	True
13581	0x00092534	0x00091678	3	0	0x000a1678	True
13582	0x00092538	0x000944a2	3	0	0x000a44a2	True
13583	0x00092540	0x0009474e	3	0	0x000a474e	True
13584	0x00092544	0x00094575	3	0	0x000a4575	True
13585	0x00092548	0x00091684	3	0	0x000a1684	True
13586	0x0009254c	0x000944a2	3	0	0x000a44a2	True
13587	0x00092554	0x00094771	3	0	0x000a4771	True
13588	0x00092558	0x00094726	3	0	0x000a4726	True
13589	0x0009255c	0x00091690	3	0	0x000a1690	True
13590	0x00092560	0x000944a2	3	0	0x000a44a2	True
13591	0x00092568	0x00094797	3	0	0x000a4797	True
13592	0x0009256c	0x00094575	3	0	0x000a4575	True
13593	0x00092570	0x0009169c	3	0	0x000a169c	True
13594	0x00092574	0x000944a2	3	0	0x000a44a2	True
13595	0x0009257c	0x000947ba	3	0	0x000a47ba	True
13596	0x00092580	0x00094726	3	0	0x000a4726	True
13597	0x00092584	0x00091654	3	0	0x000a1654	True
13598	0x00092588	0x000944a2	3	0	0x000a44a2	True
13599	0x00092590	0x000947f4	3	0	0x000a47f4	True
13600	0x00092594	0x00094726	3	0	0x000a4726	True
13601	0x00092598	0x000916a8	3	0	0x000a16a8	True
13602	0x0009259c	0x000944a2	3	0	0x000a44a2	True
13603	0x000925a4	0x0009482a	3	0	0x000a482a	True
13604	0x000925a8	0x00094726	3	0	0x000a4726	True
13605	0x000925ac	0x00091654	3	0	0x000a1654	True
13606	0x000925b0	0x000944a2	3	0	0x000a44a2	True
13607	0x000925b8	0x00094848	3	0	0x000a4848	True
13608	0x000925bc	0x0009488f	3	0	0x000a488f	True
13609	0x000925c0	0x000916b4	3	0	0x000a16b4	True
13610	0x000925c4	0x000944a2	3	0	0x000a44a2	True
13611	0x000925cc	0x00094891	3	0	0x000a4891	True
13612	0x000925d0	0x0009488f	3	0	0x000a488f	True
13613	0x000925d4	0x000916c0	3	0	0x000a16c0	True
13614	0x000925d8	0x000944a2	3	0	0x000a44a2	True
13615	0x000925e0	0x0009488f	3	0	0x000a488f	True
13616	0x000925e4	0x000948c7	3	0	0x000a48c7	True
13617	0x000925e8	0x00091540	3	0	0x000a1540	True
13618	0x000925ec	0x000944a2	3	0	0x000a44a2	True
13619	0x000925f4	0x000948d5	3	0	0x000a48d5	True
13620	0x000925f8	0x000944ef	3	0	0x000a44ef	True
13621	0x000925fc	0x000916cc	3	0	0x000a16cc	True
13622	0x00092600	0x000944a2	3	0	0x000a44a2	True
13623	0x00092608	0x000948f8	3	0	0x000a48f8	True
13624	0x0009260c	0x0009490f	3	0	0x000a490f	True
13625	0x00092610	0x000916d8	3	0	0x000a16d8	True
13626	0x00092614	0x000944a2	3	0	0x000a44a2	True
13627	0x0009261c	0x000948f6	3	0	0x000a48f6	True
13628	0x00092620	0x0009491d	3	0	0x000a491d	True
13629	0x00092624	0x00091540	3	0	0x000a1540	True
13630	0x00092628	0x000944a2	3	0	0x000a44a2	True
13631	0x00092630	0x0009492b	3	0	0x000a492b	True
13632	0x00092634	0x000944ef	3	0	0x000a44ef	True
13633	0x00092638	0x000916cc	3	0	0x000a16cc	True
13634	0x0009263c	0x000944a2	3	0	0x000a44a2	True
13635	0x00092644	0x0009493e	3	0	0x000a493e	True
13636	0x00092648	0x0009493c	3	0	0x000a493c	True
13637	0x0009264c	0x000915f4	3	0	0x000a15f4	True
13638	0x00092650	0x000944a2	3	0	0x000a44a2	True
13639	0x00092658	0x00094975	3	0	0x000a4975	True
13640	0x0009265c	0x0009493c	3	0	0x000a493c	True
13641	0x00092660	0x000916e4	3	0	0x000a16e4	True
13642	0x00092664	0x000944a2	3	0	0x000a44a2	True
13643	0x0009266c	0x000949ae	3	0	0x000a49ae	True
13644	0x00092670	0x0009493c	3	0	0x000a493c	True
13645	0x00092674	0x00091564	3	0	0x000a1564	True
13646	0x00092678	0x000944a2	3	0	0x000a44a2	True
13647	0x00092680	0x0009493c	3	0	0x000a493c	True
13648	0x00092684	0x0009493c	3	0	0x000a493c	True
13649	0x00092688	0x00091600	3	0	0x000a1600	True
13650	0x0009268c	0x000944a2	3	0	0x000a44a2	True
13651	0x00092694	0x00094693	3	0	0x000a4693	True
13652	0x00092698	0x0009493c	3	0	0x000a493c	True
13653	0x0009269c	0x000916f0	3	0	0x000a16f0	True
13654	0x000926a0	0x000944a2	3	0	0x000a44a2	True
13655	0x000926a8	0x00094a0a	3	0	0x000a4a0a	True
13656	0x000926ac	0x0009493c	3	0	0x000a493c	True
13657	0x000926b0	0x000916fc	3	0	0x000a16fc	True
13658	0x000926b4	0x000944a2	3	0	0x000a44a2	True
13659	0x000926bc	0x00094a4e	3	0	0x000a4a4e	True
13660	0x000926c0	0x0009493c	3	0	0x000a493c	True
13661	0x000926c4	0x00091708	3	0	0x000a1708	True
13662	0x000926c8	0x000944a2	3	0	0x000a44a2	True
13663	0x000926d0	0x00094a77	3	0	0x000a4a77	True
13664	0x000926d4	0x0009493c	3	0	0x000a493c	True
13665	0x000926d8	0x00091654	3	0	0x000a1654	True
13666	0x000926dc	0x000944a2	3	0	0x000a44a2	True
13667	0x000926e4	0x0009493c	3	0	0x000a493c	True
13668	0x000926e8	0x0009493c	3	0	0x000a493c	True
13669	0x000926ec	0x00091540	3	0	0x000a1540	True
13670	0x000926f0	0x000944a2	3	0	0x000a44a2	True
13671	0x000926f8	0x00094aae	3	0	0x000a4aae	True
13672	0x000926fc	0x0009493c	3	0	0x000a493c	True
13673	0x00092700	0x00091714	3	0	0x000a1714	True
13674	0x00092704	0x000944a2	3	0	0x000a44a2	True
13675	0x0009270c	0x00094aea	3	0	0x000a4aea	True
13676	0x00092710	0x0009493c	3	0	0x000a493c	True
13677	0x00092714	0x00091690	3	0	0x000a1690	True
13678	0x00092718	0x000944a2	3	0	0x000a44a2	True
13679	0x00092720	0x00094b38	3	0	0x000a4b38	True
13680	0x00092724	0x0009493c	3	0	0x000a493c	True
13681	0x00092728	0x00091720	3	0	0x000a1720	True
13682	0x0009272c	0x000944a2	3	0	0x000a44a2	True
13683	0x00092734	0x00094b62	3	0	0x000a4b62	True
13684	0x00092738	0x00094b81	3	0	0x000a4b81	True
13685	0x0009273c	0x0009172c	3	0	0x000a172c	True
13686	0x00092740	0x000944a2	3	0	0x000a44a2	True
13687	0x00092748	0x00094b83	3	0	0x000a4b83	True
13688	0x0009274c	0x00094b92	3	0	0x000a4b92	True
13689	0x00092750	0x00091690	3	0	0x000a1690	True
13690	0x00092754	0x000944a2	3	0	0x000a44a2	True
13691	0x0009275c	0x00094b94	3	0	0x000a4b94	True
13692	0x00092760	0x00094b92	3	0	0x000a4b92	True
13693	0x00092764	0x00091738	3	0	0x000a1738	True
13694	0x00092768	0x000944a2	3	0	0x000a44a2	True
13695	0x00092770	0x00094b92	3	0	0x000a4b92	True
13696	0x00092774	0x00094b92	3	0	0x000a4b92	True
13697	0x00092778	0x00091600	3	0	0x000a1600	True
13698	0x0009277c	0x000944a2	3	0	0x000a44a2	True
13699	0x00092784	0x00094bce	3	0	0x000a4bce	True
13700	0x00092788	0x00094bd8	3	0	0x000a4bd8	True
13701	0x0009278c	0x00091744	3	0	0x000a1744	True
13702	0x00092790	0x000944a2	3	0	0x000a44a2	True
13703	0x00092798	0x00094be1	3	0	0x000a4be1	True
13704	0x0009279c	0x00094bf9	3	0	0x000a4bf9	True
13705	0x000927a0	0x00091750	3	0	0x000a1750	True
13706	0x000927a4	0x000944a2	3	0	0x000a44a2	True
13707	0x000927ac	0x00094be1	3	0	0x000a4be1	True
13708	0x000927b0	0x00094bf9	3	0	0x000a4bf9	True
13709	0x000927b4	0x0009175c	3	0	0x000a175c	True
13710	0x000927b8	0x000944a2	3	0	0x000a44a2	True
13711	0x000927c0	0x00094bfb	3	0	0x000a4bfb	True
13712	0x000927c4	0x00094c12	3	0	0x000a4c12	True
13713	0x000927c8	0x00091768	3	0	0x000a1768	True
13714	0x000927cc	0x000944a2	3	0	0x000a44a2	True
13715	0x000927d4	0x00094bfb	3	0	0x000a4bfb	True
13716	0x000927d8	0x00094c12	3	0	0x000a4c12	True
13717	0x000927dc	0x00091774	3	0	0x000a1774	True
13718	0x000927e0	0x000944a2	3	0	0x000a44a2	True
13719	0x000927e8	0x00094c12	3	0	0x000a4c12	True
13720	0x000927ec	0x000944fd	3	0	0x000a44fd	True
13721	0x000927f0	0x00091540	3	0	0x000a1540	True
13722	0x000927f4	0x000944a2	3	0	0x000a44a2	True
13723	0x000927fc	0x000944e9	3	0	0x000a44e9	True
13724	0x00092800	0x00094c12	3	0	0x000a4c12	True
13725	0x00092804	0x000915ac	3	0	0x000a15ac	True
13726	0x00092808	0x000944a2	3	0	0x000a44a2	True
13727	0x00092810	0x000944e9	3	0	0x000a44e9	True
13728	0x00092814	0x00094c12	3	0	0x000a4c12	True
13729	0x00092818	0x00091564	3	0	0x000a1564	True
13730	0x0009281c	0x000944a2	3	0	0x000a44a2	True
13731	0x00092824	0x00094c12	3	0	0x000a4c12	True
13732	0x00092828	0x000944ef	3	0	0x000a44ef	True
13733	0x0009282c	0x00091570	3	0	0x000a1570	True
13734	0x00092830	0x000944a2	3	0	0x000a44a2	True
13735	0x00092838	0x000944e9	3	0	0x000a44e9	True
13736	0x0009283c	0x00094c12	3	0	0x000a4c12	True
13737	0x00092840	0x000915c4	3	0	0x000a15c4	True
13738	0x00092844	0x000944a2	3	0	0x000a44a2	True
13739	0x0009284c	0x00094c12	3	0	0x000a4c12	True
13740	0x00092850	0x000944ef	3	0	0x000a44ef	True
13741	0x00092854	0x00091780	3	0	0x000a1780	True
13742	0x00092858	0x000944a2	3	0	0x000a44a2	True
13743	0x00092860	0x00094c14	3	0	0x000a4c14	True
13744	0x00092864	0x000944ef	3	0	0x000a44ef	True
13745	0x00092868	0x0009178c	3	0	0x000a178c	True
13746	0x0009286c	0x000944a2	3	0	0x000a44a2	True
13747	0x00092874	0x00094c31	3	0	0x000a4c31	True
13748	0x00092878	0x00094c12	3	0	0x000a4c12	True
13749	0x0009287c	0x00091798	3	0	0x000a1798	True
13750	0x00092880	0x000944a2	3	0	0x000a44a2	True
13751	0x00092888	0x00094c3a	3	0	0x000a4c3a	True
13752	0x0009288c	0x00094c12	3	0	0x000a4c12	True
13753	0x00092890	0x00091540	3	0	0x000a1540	True
13754	0x00092894	0x00094c43	3	0	0x000a4c43	True
13755	0x0009289c	0x00094c65	3	0	0x000a4c65	True
13756	0x000928a0	0x00094c12	3	0	0x000a4c12	True
13757	0x000928a4	0x000917a4	3	0	0x000a17a4	True
13758	0x000928a8	0x00094c43	3	0	0x000a4c43	True
13759	0x000928b0	0x00094c74	3	0	0x000a4c74	True
13760	0x000928b4	0x00094c7d	3	0	0x000a4c7d	True
13761	0x000928b8	0x000917b0	3	0	0x000a17b0	True
13762	0x000928bc	0x00094c43	3	0	0x000a4c43	True
13763	0x000928c4	0x00094c7f	3	0	0x000a4c7f	True
13764	0x000928c8	0x00094c7d	3	0	0x000a4c7d	True
13765	0x000928cc	0x000917a4	3	0	0x000a17a4	True
13766	0x000928d0	0x00094c43	3	0	0x000a4c43	True
13767	0x000928d8	0x000945ef	3	0	0x000a45ef	True
13768	0x000928dc	0x000944f3	3	0	0x000a44f3	True
13769	0x000928e0	0x000917bc	3	0	0x000a17bc	True
13770	0x000928e4	0x00094c43	3	0	0x000a4c43	True
13771	0x000928ec	0x00094c88	3	0	0x000a4c88	True
13772	0x000928f0	0x00094ca8	3	0	0x000a4ca8	True
13773	0x000928f4	0x00091564	3	0	0x000a1564	True
13774	0x000928f8	0x00094c43	3	0	0x000a4c43	True
13775	0x00092900	0x00094cb2	3	0	0x000a4cb2	True
13776	0x00092904	0x00094cc3	3	0	0x000a4cc3	True
13777	0x00092908	0x00091564	3	0	0x000a1564	True
13778	0x0009290c	0x00094c43	3	0	0x000a4c43	True
13779	0x00092914	0x00094cc7	3	0	0x000a4cc7	True
13780	0x00092918	0x000944f3	3	0	0x000a44f3	True
13781	0x0009291c	0x000917c8	3	0	0x000a17c8	True
13782	0x00092920	0x00094c43	3	0	0x000a4c43	True
13783	0x00092928	0x00094cc9	3	0	0x000a4cc9	True
13784	0x0009292c	0x00094cc7	3	0	0x000a4cc7	True
13785	0x00092930	0x00091540	3	0	0x000a1540	True
13786	0x00092934	0x00094c43	3	0	0x000a4c43	True
13787	0x0009293c	0x00094ccd	3	0	0x000a4ccd	True
13788	0x00092940	0x00094cc7	3	0	0x000a4cc7	True
13789	0x00092944	0x00091540	3	0	0x000a1540	True
13790	0x00092948	0x00094c43	3	0	0x000a4c43	True
13791	0x00092950	0x00094d6a	3	0	0x000a4d6a	True
13792	0x00092954	0x00094cc7	3	0	0x000a4cc7	True
13793	0x00092958	0x00091540	3	0	0x000a1540	True
13794	0x0009295c	0x00094c43	3	0	0x000a4c43	True
13795	0x00092964	0x00094dd8	3	0	0x000a4dd8	True
13796	0x00092968	0x00094cc7	3	0	0x000a4cc7	True
13797	0x0009296c	0x00091540	3	0	0x000a1540	True
13798	0x00092970	0x00094c43	3	0	0x000a4c43	True
13799	0x00092978	0x00094ebe	3	0	0x000a4ebe	True
13800	0x0009297c	0x00094cc7	3	0	0x000a4cc7	True
13801	0x00092980	0x00091540	3	0	0x000a1540	True
13802	0x00092984	0x00094c43	3	0	0x000a4c43	True
13803	0x0009298c	0x00094ec2	3	0	0x000a4ec2	True
13804	0x00092990	0x00094cc7	3	0	0x000a4cc7	True
13805	0x00092994	0x00091540	3	0	0x000a1540	True
13806	0x00092998	0x00094c43	3	0	0x000a4c43	True
13807	0x000929a0	0x00094f39	3	0	0x000a4f39	True
13808	0x000929a4	0x00094cc7	3	0	0x000a4cc7	True
13809	0x000929a8	0x00091540	3	0	0x000a1540	True
13810	0x000929ac	0x00094c43	3	0	0x000a4c43	True
13811	0x000929b4	0x00094fa9	3	0	0x000a4fa9	True
13812	0x000929b8	0x00094cc7	3	0	0x000a4cc7	True
13813	0x000929bc	0x00091540	3	0	0x000a1540	True
13814	0x000929c0	0x00094c43	3	0	0x000a4c43	True
13815	0x000929c8	0x00095068	3	0	0x000a5068	True
13816	0x000929cc	0x00094cc7	3	0	0x000a4cc7	True
13817	0x000929d0	0x00091540	3	0	0x000a1540	True
13818	0x000929d4	0x00094c43	3	0	0x000a4c43	True
13819	0x000929dc	0x00095253	3	0	0x000a5253	True
13820	0x000929e0	0x00094cc7	3	0	0x000a4cc7	True
13821	0x000929e4	0x00091540	3	0	0x000a1540	True
13822	0x000929e8	0x00094c43	3	0	0x000a4c43	True
13823	0x000929f0	0x0009526a	3	0	0x000a526a	True
13824	0x000929f4	0x00094cc7	3	0	0x000a4cc7	True
13825	0x000929f8	0x00091540	3	0	0x000a1540	True
13826	0x000929fc	0x00094c43	3	0	0x000a4c43	True
13827	0x00092a04	0x0009526e	3	0	0x000a526e	True
13828	0x00092a08	0x00094cc7	3	0	0x000a4cc7	True
13829	0x00092a0c	0x00091540	3	0	0x000a1540	True
13830	0x00092a10	0x00094c43	3	0	0x000a4c43	True
13831	0x00092a18	0x00095274	3	0	0x000a5274	True
13832	0x00092a1c	0x00094cc7	3	0	0x000a4cc7	True
13833	0x00092a20	0x000917d4	3	0	0x000a17d4	True
13834	0x00092a24	0x00094c43	3	0	0x000a4c43	True
13835	0x00092a2c	0x0009530f	3	0	0x000a530f	True
13836	0x00092a30	0x00095387	3	0	0x000a5387	True
13837	0x00092a34	0x000917e0	3	0	0x000a17e0	True
13838	0x00092a38	0x00094c43	3	0	0x000a4c43	True
13839	0x00092a40	0x00095389	3	0	0x000a5389	True
13840	0x00092a44	0x00095413	3	0	0x000a5413	True
13841	0x00092a48	0x000917ec	3	0	0x000a17ec	True
13842	0x00092a4c	0x00094c43	3	0	0x000a4c43	True
13843	0x00092a54	0x00095415	3	0	0x000a5415	True
13844	0x00092a58	0x00095434	3	0	0x000a5434	True
13845	0x00092a5c	0x000917ec	3	0	0x000a17ec	True
13846	0x00092a60	0x00094c43	3	0	0x000a4c43	True
13847	0x00092a68	0x00095436	3	0	0x000a5436	True
13848	0x00092a6c	0x0009543b	3	0	0x000a543b	True
13849	0x00092a70	0x000917f8	3	0	0x000a17f8	True
13850	0x00092a74	0x00094c43	3	0	0x000a4c43	True
13851	0x00092a7c	0x0009543d	3	0	0x000a543d	True
13852	0x00092a80	0x00094575	3	0	0x000a4575	True
13853	0x00092a84	0x00091804	3	0	0x000a1804	True
13854	0x00092a88	0x00094c43	3	0	0x000a4c43	True
13855	0x00092a90	0x00095461	3	0	0x000a5461	True
13856	0x00092a94	0x00094bd8	3	0	0x000a4bd8	True
13857	0x00092a98	0x00091810	3	0	0x000a1810	True
13858	0x00092a9c	0x00094c43	3	0	0x000a4c43	True
13859	0x00092aa4	0x0009548e	3	0	0x000a548e	True
13860	0x00092aa8	0x000944f3	3	0	0x000a44f3	True
13861	0x00092aac	0x0009181c	3	0	0x000a181c	True
13862	0x00092ab0	0x00094c43	3	0	0x000a4c43	True
13863	0x00092ab8	0x0009549f	3	0	0x000a549f	True
13864	0x00092abc	0x000944f3	3	0	0x000a44f3	True
13865	0x00092ac0	0x00091828	3	0	0x000a1828	True
13866	0x00092ac4	0x00094c43	3	0	0x000a4c43	True
13867	0x00092acc	0x000954bc	3	0	0x000a54bc	True
13868	0x00092ad0	0x000954db	3	0	0x000a54db	True
13869	0x00092ad4	0x00091834	3	0	0x000a1834	True
13870	0x00092ad8	0x00094c43	3	0	0x000a4c43	True
13871	0x00092ae0	0x000954dd	3	0	0x000a54dd	True
13872	0x00092ae4	0x000954ed	3	0	0x000a54ed	True
13873	0x00092ae8	0x00091834	3	0	0x000a1834	True
13874	0x00092aec	0x00094c43	3	0	0x000a4c43	True
13875	0x00092af4	0x000954ef	3	0	0x000a54ef	True
13876	0x00092af8	0x000944f3	3	0	0x000a44f3	True
13877	0x00092afc	0x00091840	3	0	0x000a1840	True
13878	0x00092b00	0x00094c43	3	0	0x000a4c43	True
13879	0x00092b08	0x000954fe	3	0	0x000a54fe	True
13880	0x00092b0c	0x000944f3	3	0	0x000a44f3	True
13881	0x00092b10	0x0009184c	3	0	0x000a184c	True
13882	0x00092b14	0x00094c43	3	0	0x000a4c43	True
13883	0x00092b1c	0x0009551a	3	0	0x000a551a	True
13884	0x00092b20	0x000944f3	3	0	0x000a44f3	True
13885	0x00092b24	0x00091858	3	0	0x000a1858	True
13886	0x00092b28	0x00094c43	3	0	0x000a4c43	True
13887	0x00092b30	0x0009552a	3	0	0x000a552a	True
13888	0x00092b34	0x000944f3	3	0	0x000a44f3	True
13889	0x00092b38	0x00091864	3	0	0x000a1864	True
13890	0x00092b3c	0x00094c43	3	0	0x000a4c43	True
13891	0x00092b44	0x0009554d	3	0	0x000a554d	True
13892	0x00092b48	0x000944f3	3	0	0x000a44f3	True
13893	0x00092b4c	0x00091840	3	0	0x000a1840	True
13894	0x00092b50	0x00094c43	3	0	0x000a4c43	True
13895	0x00092b58	0x00095579	3	0	0x000a5579	True
13896	0x00092b5c	0x000944f3	3	0	0x000a44f3	True
13897	0x00092b60	0x000915c4	3	0	0x000a15c4	True
13898	0x00092b64	0x00094c43	3	0	0x000a4c43	True
13899	0x00092b6c	0x0009557f	3	0	0x000a557f	True
13900	0x00092b70	0x000944ef	3	0	0x000a44ef	True
13901	0x00092b74	0x00091870	3	0	0x000a1870	True
13902	0x00092b78	0x00094c43	3	0	0x000a4c43	True
13903	0x00092b80	0x0009558a	3	0	0x000a558a	True
13904	0x00092b84	0x000944f3	3	0	0x000a44f3	True
13905	0x00092b88	0x0009187c	3	0	0x000a187c	True
13906	0x00092b8c	0x00094c43	3	0	0x000a4c43	True
13907	0x00092b94	0x0009557f	3	0	0x000a557f	True
13908	0x00092b98	0x000944ef	3	0	0x000a44ef	True
13909	0x00092b9c	0x00091888	3	0	0x000a1888	True
13910	0x00092ba0	0x00094c43	3	0	0x000a4c43	True
13911	0x00092ba8	0x0009559f	3	0	0x000a559f	True
13912	0x00092bac	0x000944ef	3	0	0x000a44ef	True
13913	0x00092bb0	0x00091894	3	0	0x000a1894	True
13914	0x00092bb4	0x00094c43	3	0	0x000a4c43	True
13915	0x00092bbc	0x000955b0	3	0	0x000a55b0	True
13916	0x00092bc0	0x000944ef	3	0	0x000a44ef	True
13917	0x00092bc4	0x000918a0	3	0	0x000a18a0	True
13918	0x00092bc8	0x00094c43	3	0	0x000a4c43	True
13919	0x00092bd0	0x0009559f	3	0	0x000a559f	True
13920	0x00092bd4	0x000944ef	3	0	0x000a44ef	True
13921	0x00092bd8	0x000918a0	3	0	0x000a18a0	True
13922	0x00092bdc	0x00094c43	3	0	0x000a4c43	True
13923	0x00092be4	0x000955d0	3	0	0x000a55d0	True
13924	0x00092be8	0x000944f3	3	0	0x000a44f3	True
13925	0x00092bec	0x000918ac	3	0	0x000a18ac	True
13926	0x00092bf0	0x00094c43	3	0	0x000a4c43	True
13927	0x00092bf8	0x000955e1	3	0	0x000a55e1	True
13928	0x00092bfc	0x00094510	3	0	0x000a4510	True
13929	0x00092c00	0x000918b8	3	0	0x000a18b8	True
13930	0x00092c04	0x00094c43	3	0	0x000a4c43	True
13931	0x00092c0c	0x00095611	3	0	0x000a5611	True
13932	0x00092c10	0x00095613	3	0	0x000a5613	True
13933	0x00092c14	0x000918c4	3	0	0x000a18c4	True
13934	0x00092c18	0x00094c43	3	0	0x000a4c43	True
13935	0x00092c20	0x00095622	3	0	0x000a5622	True
13936	0x00092c24	0x00095611	3	0	0x000a5611	True
13937	0x00092c28	0x000918d0	3	0	0x000a18d0	True
13938	0x00092c2c	0x00094c43	3	0	0x000a4c43	True
13939	0x00092c34	0x00095636	3	0	0x000a5636	True
13940	0x00092c38	0x00095611	3	0	0x000a5611	True
13941	0x00092c3c	0x00091738	3	0	0x000a1738	True
13942	0x00092c40	0x00094c43	3	0	0x000a4c43	True
13943	0x00092c48	0x00095645	3	0	0x000a5645	True
13944	0x00092c4c	0x000944f3	3	0	0x000a44f3	True
13945	0x00092c50	0x000918dc	3	0	0x000a18dc	True
13946	0x00092c54	0x00094c43	3	0	0x000a4c43	True
13947	0x00092c5c	0x00095663	3	0	0x000a5663	True
13948	0x00092c60	0x000944ef	3	0	0x000a44ef	True
13949	0x00092c64	0x000918e8	3	0	0x000a18e8	True
13950	0x00092c68	0x00094c43	3	0	0x000a4c43	True
13951	0x00092c70	0x00095611	3	0	0x000a5611	True
13952	0x00092c74	0x00094c6e	3	0	0x000a4c6e	True
13953	0x00092c78	0x00091540	3	0	0x000a1540	True
13954	0x00092c7c	0x00094c43	3	0	0x000a4c43	True
13955	0x00092c84	0x00095611	3	0	0x000a5611	True
13956	0x00092c88	0x000948c7	3	0	0x000a48c7	True
13957	0x00092c8c	0x00091540	3	0	0x000a1540	True
13958	0x00092c90	0x00094c43	3	0	0x000a4c43	True
13959	0x00092c98	0x00095687	3	0	0x000a5687	True
13960	0x00092c9c	0x000944ef	3	0	0x000a44ef	True
13961	0x00092ca0	0x000918f4	3	0	0x000a18f4	True
13962	0x00092ca4	0x00094c43	3	0	0x000a4c43	True
13963	0x00092cac	0x000956a5	3	0	0x000a56a5	True
13964	0x00092cb0	0x0009491d	3	0	0x000a491d	True
13965	0x00092cb4	0x00091540	3	0	0x000a1540	True
13966	0x00092cb8	0x00094c43	3	0	0x000a4c43	True
13967	0x00092cc0	0x000956a7	3	0	0x000a56a7	True
13968	0x00092cc4	0x000944ef	3	0	0x000a44ef	True
13969	0x00092cc8	0x000918f4	3	0	0x000a18f4	True
13970	0x00092ccc	0x00094c43	3	0	0x000a4c43	True
13971	0x00092cd4	0x000956b6	3	0	0x000a56b6	True
13972	0x00092cd8	0x000956c3	3	0	0x000a56c3	True
13973	0x00092cdc	0x00091900	3	0	0x000a1900	True
13974	0x00092ce0	0x00094c43	3	0	0x000a4c43	True
13975	0x00092ce8	0x000956c3	3	0	0x000a56c3	True
13976	0x00092cec	0x000956c3	3	0	0x000a56c3	True
13977	0x00092cf0	0x0009190c	3	0	0x000a190c	True
13978	0x00092cf4	0x00094c43	3	0	0x000a4c43	True
13979	0x00092cfc	0x000956c3	3	0	0x000a56c3	True
13980	0x00092d00	0x000956c3	3	0	0x000a56c3	True
13981	0x00092d04	0x00091918	3	0	0x000a1918	True
13982	0x00092d08	0x00094c43	3	0	0x000a4c43	True
13983	0x00092d10	0x000956c3	3	0	0x000a56c3	True
13984	0x00092d14	0x000944f3	3	0	0x000a44f3	True
13985	0x00092d18	0x00091924	3	0	0x000a1924	True
13986	0x00092d1c	0x00094c43	3	0	0x000a4c43	True
13987	0x00092d24	0x000956c3	3	0	0x000a56c3	True
13988	0x00092d28	0x000956c3	3	0	0x000a56c3	True
13989	0x00092d2c	0x00091540	3	0	0x000a1540	True
13990	0x00092d30	0x00094c43	3	0	0x000a4c43	True
13991	0x00092d38	0x000956c5	3	0	0x000a56c5	True
13992	0x00092d3c	0x000945ef	3	0	0x000a45ef	True
13993	0x00092d40	0x00091930	3	0	0x000a1930	True
13994	0x00092d44	0x00094c43	3	0	0x000a4c43	True
13995	0x00092d4c	0x0009570c	3	0	0x000a570c	True
13996	0x00092d50	0x00095762	3	0	0x000a5762	True
13997	0x00092d54	0x0009193c	3	0	0x000a193c	True
13998	0x00092d58	0x00094c43	3	0	0x000a4c43	True
13999	0x00092d60	0x000944e9	3	0	0x000a44e9	True
14000	0x00092d64	0x00095769	3	0	0x000a5769	True
14001	0x00092d68	0x00091948	3	0	0x000a1948	True
14002	0x00092d6c	0x00094c43	3	0	0x000a4c43	True
14003	0x00092d74	0x0009576b	3	0	0x000a576b	True
14004	0x00092d78	0x00095786	3	0	0x000a5786	True
14005	0x00092d7c	0x00091954	3	0	0x000a1954	True
14006	0x00092d80	0x00094c43	3	0	0x000a4c43	True
14007	0x00092d88	0x00095788	3	0	0x000a5788	True
14008	0x00092d8c	0x0009579f	3	0	0x000a579f	True
14009	0x00092d90	0x00091954	3	0	0x000a1954	True
14010	0x00092d94	0x00094c43	3	0	0x000a4c43	True
14011	0x00092d9c	0x000957a1	3	0	0x000a57a1	True
14012	0x00092da0	0x000957ae	3	0	0x000a57ae	True
14013	0x00092da4	0x00091900	3	0	0x000a1900	True
14014	0x00092da8	0x00094c43	3	0	0x000a4c43	True
14015	0x00092db0	0x000957b0	3	0	0x000a57b0	True
14016	0x00092db4	0x000957c6	3	0	0x000a57c6	True
14017	0x00092db8	0x00091900	3	0	0x000a1900	True
14018	0x00092dbc	0x00094c43	3	0	0x000a4c43	True
14019	0x00092dc4	0x000957c8	3	0	0x000a57c8	True
14020	0x00092dc8	0x000957c6	3	0	0x000a57c6	True
14021	0x00092dcc	0x00091900	3	0	0x000a1900	True
14022	0x00092dd0	0x00094c43	3	0	0x000a4c43	True
14023	0x00092dd8	0x000944e9	3	0	0x000a44e9	True
14024	0x00092ddc	0x000957c6	3	0	0x000a57c6	True
14025	0x00092de0	0x000915ac	3	0	0x000a15ac	True
14026	0x00092de4	0x00094c43	3	0	0x000a4c43	True
14027	0x00092dec	0x000957c6	3	0	0x000a57c6	True
14028	0x00092df0	0x000957c6	3	0	0x000a57c6	True
14029	0x00092df4	0x00091960	3	0	0x000a1960	True
14030	0x00092df8	0x00094c43	3	0	0x000a4c43	True
14031	0x00092e00	0x000957d5	3	0	0x000a57d5	True
14032	0x00092e04	0x000957c6	3	0	0x000a57c6	True
14033	0x00092e08	0x00091954	3	0	0x000a1954	True
14034	0x00092e0c	0x00094c43	3	0	0x000a4c43	True
14035	0x00092e14	0x000957df	3	0	0x000a57df	True
14036	0x00092e18	0x000957c6	3	0	0x000a57c6	True
14037	0x00092e1c	0x0009196c	3	0	0x000a196c	True
14038	0x00092e20	0x00094c43	3	0	0x000a4c43	True
14039	0x00092e28	0x00095814	3	0	0x000a5814	True
14040	0x00092e2c	0x000957c6	3	0	0x000a57c6	True
14041	0x00092e30	0x00091978	3	0	0x000a1978	True
14042	0x00092e34	0x00094c43	3	0	0x000a4c43	True
14043	0x00092e3c	0x00095831	3	0	0x000a5831	True
14044	0x00092e40	0x000957c6	3	0	0x000a57c6	True
14045	0x00092e44	0x00091984	3	0	0x000a1984	True
14046	0x00092e48	0x00094c43	3	0	0x000a4c43	True
14047	0x00092e50	0x000958d9	3	0	0x000a58d9	True
14048	0x00092e54	0x000959a3	3	0	0x000a59a3	True
14049	0x00092e58	0x00091990	3	0	0x000a1990	True
14050	0x00092e5c	0x00094c43	3	0	0x000a4c43	True
14051	0x00092e64	0x000959a7	3	0	0x000a59a7	True
14052	0x00092e68	0x00095a1e	3	0	0x000a5a1e	True
14053	0x00092e6c	0x0009199c	3	0	0x000a199c	True
14054	0x00092e70	0x00094c43	3	0	0x000a4c43	True
14055	0x00092e78	0x00095a24	3	0	0x000a5a24	True
14056	0x00092e7c	0x00095a1e	3	0	0x000a5a1e	True
14057	0x00092e80	0x0009199c	3	0	0x000a199c	True
14058	0x00092e84	0x00094c43	3	0	0x000a4c43	True
14059	0x00092e8c	0x00095a9b	3	0	0x000a5a9b	True
14060	0x00092e90	0x000959a3	3	0	0x000a59a3	True
14061	0x00092e94	0x000919a8	3	0	0x000a19a8	True
14062	0x00092e98	0x00094c43	3	0	0x000a4c43	True
14063	0x00092ea0	0x00095b2d	3	0	0x000a5b2d	True
14064	0x00092ea4	0x000959a3	3	0	0x000a59a3	True
14065	0x00092ea8	0x000919b4	3	0	0x000a19b4	True
14066	0x00092eac	0x00094c43	3	0	0x000a4c43	True
14067	0x00092eb4	0x00095bea	3	0	0x000a5bea	True
14068	0x00092eb8	0x00095a22	3	0	0x000a5a22	True
14069	0x00092ebc	0x000919c0	3	0	0x000a19c0	True
14070	0x00092ec0	0x00094c43	3	0	0x000a4c43	True
14071	0x00092ec8	0x00095c98	3	0	0x000a5c98	True
14072	0x00092ecc	0x00094510	3	0	0x000a4510	True
14073	0x00092ed0	0x000919cc	3	0	0x000a19cc	True
14074	0x00092ed4	0x00094c43	3	0	0x000a4c43	True
14075	0x00092edc	0x00095d17	3	0	0x000a5d17	True
14076	0x00092ee0	0x000944f3	3	0	0x000a44f3	True
14077	0x00092ee4	0x000919d8	3	0	0x000a19d8	True
14078	0x00092ee8	0x00094c43	3	0	0x000a4c43	True
14079	0x00092ef0	0x00095e32	3	0	0x000a5e32	True
14080	0x00092ef4	0x000944f3	3	0	0x000a44f3	True
14081	0x00092ef8	0x000919e4	3	0	0x000a19e4	True
14082	0x00092efc	0x00094c43	3	0	0x000a4c43	True
14083	0x00092f04	0x00095f06	3	0	0x000a5f06	True
14084	0x00092f08	0x000944f3	3	0	0x000a44f3	True
14085	0x00092f0c	0x000919e4	3	0	0x000a19e4	True
14086	0x00092f10	0x00094c43	3	0	0x000a4c43	True
14087	0x00092f18	0x0009604c	3	0	0x000a604c	True
14088	0x00092f1c	0x00095e30	3	0	0x000a5e30	True
14089	0x00092f20	0x000919f0	3	0	0x000a19f0	True
14090	0x00092f24	0x00094c43	3	0	0x000a4c43	True
14091	0x00092f2c	0x0009607e	3	0	0x000a607e	True
14092	0x00092f30	0x00095e30	3	0	0x000a5e30	True
14093	0x00092f34	0x000919fc	3	0	0x000a19fc	True
14094	0x00092f38	0x00094c43	3	0	0x000a4c43	True
14095	0x00092f40	0x000960c8	3	0	0x000a60c8	True
14096	0x00092f44	0x000944ef	3	0	0x000a44ef	True
14097	0x00092f48	0x00091a08	3	0	0x000a1a08	True
14098	0x00092f4c	0x00094c43	3	0	0x000a4c43	True
14099	0x00092f54	0x000960da	3	0	0x000a60da	True
14100	0x00092f58	0x000944ef	3	0	0x000a44ef	True
14101	0x00092f5c	0x00091a14	3	0	0x000a1a14	True
14102	0x00092f60	0x00094c43	3	0	0x000a4c43	True
14103	0x00092f68	0x000960e7	3	0	0x000a60e7	True
14104	0x00092f6c	0x00095e30	3	0	0x000a5e30	True
14105	0x00092f70	0x00091540	3	0	0x000a1540	True
14106	0x00092f74	0x00094c43	3	0	0x000a4c43	True
14107	0x00092f7c	0x000960ed	3	0	0x000a60ed	True
14108	0x00092f80	0x00095e30	3	0	0x000a5e30	True
14109	0x00092f84	0x00091540	3	0	0x000a1540	True
14110	0x00092f88	0x00094c43	3	0	0x000a4c43	True
14111	0x00092f90	0x000960f3	3	0	0x000a60f3	True
14112	0x00092f94	0x000944ef	3	0	0x000a44ef	True
14113	0x00092f98	0x00091a20	3	0	0x000a1a20	True
14114	0x00092f9c	0x00094c43	3	0	0x000a4c43	True
14115	0x00092fa4	0x00096121	3	0	0x000a6121	True
14116	0x00092fa8	0x000944ef	3	0	0x000a44ef	True
14117	0x00092fac	0x00091a2c	3	0	0x000a1a2c	True
14118	0x00092fb0	0x00094c43	3	0	0x000a4c43	True
14119	0x00092fb8	0x00096145	3	0	0x000a6145	True
14120	0x00092fbc	0x00096153	3	0	0x000a6153	True
14121	0x00092fc0	0x0009160c	3	0	0x000a160c	True
14122	0x00092fc4	0x00094c43	3	0	0x000a4c43	True
14123	0x00092fcc	0x00096155	3	0	0x000a6155	True
14124	0x00092fd0	0x0009616b	3	0	0x000a616b	True
14125	0x00092fd4	0x00091600	3	0	0x000a1600	True
14126	0x00092fd8	0x00094c43	3	0	0x000a4c43	True
14127	0x00092fe0	0x0009616b	3	0	0x000a616b	True
14128	0x00092fe4	0x0009616b	3	0	0x000a616b	True
14129	0x00092fe8	0x00091a38	3	0	0x000a1a38	True
14130	0x00092fec	0x00094c43	3	0	0x000a4c43	True
14131	0x00092ff4	0x0009616d	3	0	0x000a616d	True
14132	0x00092ff8	0x0009616b	3	0	0x000a616b	True
14133	0x00092ffc	0x00091a44	3	0	0x000a1a44	True
14134	0x00093000	0x00094c43	3	0	0x000a4c43	True
14135	0x00093008	0x00096193	3	0	0x000a6193	True
14136	0x0009300c	0x00094510	3	0	0x000a4510	True
14137	0x00093010	0x00091a50	3	0	0x000a1a50	True
14138	0x00093014	0x00094c43	3	0	0x000a4c43	True
14139	0x0009301c	0x000961c1	3	0	0x000a61c1	True
14140	0x00093020	0x00094510	3	0	0x000a4510	True
14141	0x00093024	0x00091a50	3	0	0x000a1a50	True
14142	0x00093028	0x00094c43	3	0	0x000a4c43	True
14143	0x00093030	0x000961ef	3	0	0x000a61ef	True
14144	0x00093034	0x0009616b	3	0	0x000a616b	True
14145	0x00093038	0x00091540	3	0	0x000a1540	True
14146	0x0009303c	0x00094c43	3	0	0x000a4c43	True
14147	0x00093044	0x000961f3	3	0	0x000a61f3	True
14148	0x00093048	0x0009616b	3	0	0x000a616b	True
14149	0x0009304c	0x00091a5c	3	0	0x000a1a5c	True
14150	0x00093050	0x00094c43	3	0	0x000a4c43	True
14151	0x00093058	0x00096206	3	0	0x000a6206	True
14152	0x0009305c	0x000946c2	3	0	0x000a46c2	True
14153	0x00093060	0x00091a68	3	0	0x000a1a68	True
14154	0x00093064	0x00094c43	3	0	0x000a4c43	True
14155	0x0009306c	0x00096216	3	0	0x000a6216	True
14156	0x00093070	0x0009616b	3	0	0x000a616b	True
14157	0x00093074	0x00091a74	3	0	0x000a1a74	True
14158	0x00093078	0x00094c43	3	0	0x000a4c43	True
14159	0x00093080	0x0009621a	3	0	0x000a621a	True
14160	0x00093084	0x0009616b	3	0	0x000a616b	True
14161	0x00093088	0x00091a80	3	0	0x000a1a80	True
14162	0x0009308c	0x00094c43	3	0	0x000a4c43	True
14163	0x00093094	0x0009616b	3	0	0x000a616b	True
14164	0x00093098	0x0009616b	3	0	0x000a616b	True
14165	0x0009309c	0x00091a8c	3	0	0x000a1a8c	True
14166	0x000930a0	0x00094c43	3	0	0x000a4c43	True
14167	0x000930a8	0x00096236	3	0	0x000a6236	True
14168	0x000930ac	0x00094510	3	0	0x000a4510	True
14169	0x000930b0	0x00091a98	3	0	0x000a1a98	True
14170	0x000930b4	0x00094c43	3	0	0x000a4c43	True
14171	0x000930bc	0x0009627e	3	0	0x000a627e	True
14172	0x000930c0	0x00094510	3	0	0x000a4510	True
14173	0x000930c4	0x00091aa4	3	0	0x000a1aa4	True
14174	0x000930c8	0x00094c43	3	0	0x000a4c43	True
14175	0x000930d0	0x000962ac	3	0	0x000a62ac	True
14176	0x000930d4	0x00094510	3	0	0x000a4510	True
14177	0x000930d8	0x00091ab0	3	0	0x000a1ab0	True
14178	0x000930dc	0x00094c43	3	0	0x000a4c43	True
14179	0x000930e4	0x000962da	3	0	0x000a62da	True
14180	0x000930e8	0x00094510	3	0	0x000a4510	True
14181	0x000930ec	0x00091abc	3	0	0x000a1abc	True
14182	0x000930f0	0x00094c43	3	0	0x000a4c43	True
14183	0x000930f8	0x0009616b	3	0	0x000a616b	True
14184	0x000930fc	0x00096308	3	0	0x000a6308	True
14185	0x00093100	0x00091ac8	3	0	0x000a1ac8	True
14186	0x00093104	0x00094c43	3	0	0x000a4c43	True
14187	0x0009310c	0x00096314	3	0	0x000a6314	True
14188	0x00093110	0x0009632e	3	0	0x000a632e	True
14189	0x00093114	0x00091ad4	3	0	0x000a1ad4	True
14190	0x00093118	0x00094c43	3	0	0x000a4c43	True
14191	0x00093120	0x00096343	3	0	0x000a6343	True
14192	0x00093124	0x0009636d	3	0	0x000a636d	True
14193	0x00093128	0x00091ad4	3	0	0x000a1ad4	True
14194	0x0009312c	0x00094c43	3	0	0x000a4c43	True
14195	0x00093134	0x00096382	3	0	0x000a6382	True
14196	0x00093138	0x0009636d	3	0	0x000a636d	True
14197	0x0009313c	0x00091ae0	3	0	0x000a1ae0	True
14198	0x00093140	0x00094c43	3	0	0x000a4c43	True
14199	0x00093148	0x00096398	3	0	0x000a6398	True
14200	0x0009314c	0x0009639a	3	0	0x000a639a	True
14201	0x00093150	0x00091aec	3	0	0x000a1aec	True
14202	0x00093154	0x00094c43	3	0	0x000a4c43	True
14203	0x0009315c	0x000963a2	3	0	0x000a63a2	True
14204	0x00093160	0x000963a4	3	0	0x000a63a4	True
14205	0x00093164	0x00091af8	3	0	0x000a1af8	True
14206	0x00093168	0x00094c43	3	0	0x000a4c43	True
14207	0x00093170	0x000963a2	3	0	0x000a63a2	True
14208	0x00093174	0x000963b0	3	0	0x000a63b0	True
14209	0x00093178	0x00091af8	3	0	0x000a1af8	True
14210	0x0009317c	0x00094c43	3	0	0x000a4c43	True
14211	0x00093184	0x000963a2	3	0	0x000a63a2	True
14212	0x00093188	0x000963bc	3	0	0x000a63bc	True
14213	0x0009318c	0x00091b04	3	0	0x000a1b04	True
14214	0x00093190	0x00094c43	3	0	0x000a4c43	True
14215	0x00093198	0x000963cb	3	0	0x000a63cb	True
14216	0x0009319c	0x000963db	3	0	0x000a63db	True
14217	0x000931a0	0x00091b10	3	0	0x000a1b10	True
14218	0x000931a4	0x00094c43	3	0	0x000a4c43	True
14219	0x000931ac	0x000963ea	3	0	0x000a63ea	True
14220	0x000931b0	0x000963ec	3	0	0x000a63ec	True
14221	0x000931b4	0x00091b1c	3	0	0x000a1b1c	True
14222	0x000931b8	0x00094c43	3	0	0x000a4c43	True
14223	0x000931c0	0x00096403	3	0	0x000a6403	True
14224	0x000931c4	0x00096405	3	0	0x000a6405	True
14225	0x000931c8	0x00091b1c	3	0	0x000a1b1c	True
14226	0x000931cc	0x00094c43	3	0	0x000a4c43	True
14227	0x000931d4	0x0009641c	3	0	0x000a641c	True
14228	0x000931d8	0x0009641e	3	0	0x000a641e	True
14229	0x000931dc	0x00091b1c	3	0	0x000a1b1c	True
14230	0x000931e0	0x00094c43	3	0	0x000a4c43	True
14231	0x000931e8	0x00096435	3	0	0x000a6435	True
14232	0x000931ec	0x00096437	3	0	0x000a6437	True
14233	0x000931f0	0x00091b1c	3	0	0x000a1b1c	True
14234	0x000931f4	0x00094c43	3	0	0x000a4c43	True
14235	0x000931fc	0x00096435	3	0	0x000a6435	True
14236	0x00093200	0x0009644b	3	0	0x000a644b	True
14237	0x00093204	0x00091b1c	3	0	0x000a1b1c	True
14238	0x00093208	0x00094c43	3	0	0x000a4c43	True
14239	0x00093210	0x00096435	3	0	0x000a6435	True
14240	0x00093214	0x000963db	3	0	0x000a63db	True
14241	0x00093218	0x00091b10	3	0	0x000a1b10	True
14242	0x0009321c	0x00094c43	3	0	0x000a4c43	True
14243	0x00093224	0x00096435	3	0	0x000a6435	True
14244	0x00093228	0x0009645f	3	0	0x000a645f	True
14245	0x0009322c	0x00091b28	3	0	0x000a1b28	True
14246	0x00093230	0x00094c43	3	0	0x000a4c43	True
14247	0x00093238	0x00096435	3	0	0x000a6435	True
14248	0x0009323c	0x00096471	3	0	0x000a6471	True
14249	0x00093240	0x00091b28	3	0	0x000a1b28	True
14250	0x00093244	0x00094c43	3	0	0x000a4c43	True
14251	0x0009324c	0x00096435	3	0	0x000a6435	True
14252	0x00093250	0x000963a4	3	0	0x000a63a4	True
14253	0x00093254	0x00091b34	3	0	0x000a1b34	True
14254	0x00093258	0x00094c43	3	0	0x000a4c43	True
14255	0x00093260	0x00096435	3	0	0x000a6435	True
14256	0x00093264	0x0009648b	3	0	0x000a648b	True
14257	0x00093268	0x00091b34	3	0	0x000a1b34	True
14258	0x0009326c	0x00094c43	3	0	0x000a4c43	True
14259	0x00093274	0x00096435	3	0	0x000a6435	True
14260	0x00093278	0x000964a3	3	0	0x000a64a3	True
14261	0x0009327c	0x00091b40	3	0	0x000a1b40	True
14262	0x00093280	0x00094c43	3	0	0x000a4c43	True
14263	0x00093288	0x000964ba	3	0	0x000a64ba	True
14264	0x0009328c	0x000964bc	3	0	0x000a64bc	True
14265	0x00093290	0x00091b4c	3	0	0x000a1b4c	True
14266	0x00093294	0x00094c43	3	0	0x000a4c43	True
14267	0x0009329c	0x000964d3	3	0	0x000a64d3	True
14268	0x000932a0	0x000964d5	3	0	0x000a64d5	True
14269	0x000932a4	0x00091540	3	0	0x000a1540	True
14270	0x000932a8	0x00094c43	3	0	0x000a4c43	True
14271	0x000932b0	0x000964dc	3	0	0x000a64dc	True
14272	0x000932b4	0x000964de	3	0	0x000a64de	True
14273	0x000932b8	0x00091b58	3	0	0x000a1b58	True
14274	0x000932bc	0x00094c43	3	0	0x000a4c43	True
14275	0x000932c4	0x000964ed	3	0	0x000a64ed	True
14276	0x000932c8	0x000964ef	3	0	0x000a64ef	True
14277	0x000932cc	0x00091b64	3	0	0x000a1b64	True
14278	0x000932d0	0x00094c43	3	0	0x000a4c43	True
14279	0x000932d8	0x000964ff	3	0	0x000a64ff	True
14280	0x000932dc	0x00096517	3	0	0x000a6517	True
14281	0x000932e0	0x00091b70	3	0	0x000a1b70	True
14282	0x000932e4	0x00094c43	3	0	0x000a4c43	True
14283	0x000932ec	0x00096525	3	0	0x000a6525	True
14284	0x000932f0	0x000964ef	3	0	0x000a64ef	True
14285	0x000932f4	0x00091b64	3	0	0x000a1b64	True
14286	0x000932f8	0x00094c43	3	0	0x000a4c43	True
14287	0x00093300	0x00096527	3	0	0x000a6527	True
14288	0x00093304	0x000944f3	3	0	0x000a44f3	True
14289	0x00093308	0x00091b7c	3	0	0x000a1b7c	True
14290	0x0009330c	0x00094c43	3	0	0x000a4c43	True
14291	0x00093314	0x0009654c	3	0	0x000a654c	True
14292	0x00093318	0x00096517	3	0	0x000a6517	True
14293	0x0009331c	0x00091b70	3	0	0x000a1b70	True
14294	0x00093320	0x00094c43	3	0	0x000a4c43	True
14295	0x00093328	0x00096563	3	0	0x000a6563	True
14296	0x0009332c	0x000944f3	3	0	0x000a44f3	True
14297	0x00093330	0x00091b7c	3	0	0x000a1b7c	True
14298	0x00093334	0x00094c43	3	0	0x000a4c43	True
14299	0x0009333c	0x00096578	3	0	0x000a6578	True
14300	0x00093340	0x0009658e	3	0	0x000a658e	True
14301	0x00093344	0x00091b88	3	0	0x000a1b88	True
14302	0x00093348	0x00094c43	3	0	0x000a4c43	True
14303	0x00093350	0x0009654a	3	0	0x000a654a	True
14304	0x00093354	0x0009659a	3	0	0x000a659a	True
14305	0x00093358	0x00091b94	3	0	0x000a1b94	True
14306	0x0009335c	0x00094c43	3	0	0x000a4c43	True
14307	0x00093364	0x0009654a	3	0	0x000a654a	True
14308	0x00093368	0x000965b5	3	0	0x000a65b5	True
14309	0x0009336c	0x00091ba0	3	0	0x000a1ba0	True
14310	0x00093370	0x00094c43	3	0	0x000a4c43	True
14311	0x00093378	0x000965ca	3	0	0x000a65ca	True
14312	0x0009337c	0x000965cc	3	0	0x000a65cc	True
14313	0x00093380	0x00091bac	3	0	0x000a1bac	True
14314	0x00093384	0x00094c43	3	0	0x000a4c43	True
14315	0x0009338c	0x000965ca	3	0	0x000a65ca	True
14316	0x00093390	0x000963db	3	0	0x000a63db	True
14317	0x00093394	0x00091b10	3	0	0x000a1b10	True
14318	0x00093398	0x00094c43	3	0	0x000a4c43	True
14319	0x000933a0	0x000965ca	3	0	0x000a65ca	True
14320	0x000933a4	0x00096308	3	0	0x000a6308	True
14321	0x000933a8	0x00091bb8	3	0	0x000a1bb8	True
14322	0x000933ac	0x00094c43	3	0	0x000a4c43	True
14323	0x000933b4	0x000965ca	3	0	0x000a65ca	True
14324	0x000933b8	0x000944fd	3	0	0x000a44fd	True
14325	0x000933bc	0x00091540	3	0	0x000a1540	True
14326	0x000933c0	0x00094c43	3	0	0x000a4c43	True
14327	0x000933c8	0x000965ca	3	0	0x000a65ca	True
14328	0x000933cc	0x000944f7	3	0	0x000a44f7	True
14329	0x000933d0	0x00091540	3	0	0x000a1540	True
14330	0x000933d4	0x00094c43	3	0	0x000a4c43	True
14331	0x000933dc	0x000965ca	3	0	0x000a65ca	True
14332	0x000933e0	0x000944f7	3	0	0x000a44f7	True
14333	0x000933e4	0x00091540	3	0	0x000a1540	True
14334	0x000933e8	0x00094c43	3	0	0x000a4c43	True
14335	0x000933f0	0x000965ca	3	0	0x000a65ca	True
14336	0x000933f4	0x000944f7	3	0	0x000a44f7	True
14337	0x000933f8	0x00091540	3	0	0x000a1540	True
14338	0x000933fc	0x00094c43	3	0	0x000a4c43	True
14339	0x00093404	0x000965ca	3	0	0x000a65ca	True
14340	0x00093408	0x000944f7	3	0	0x000a44f7	True
14341	0x0009340c	0x00091540	3	0	0x000a1540	True
14342	0x00093410	0x00094c43	3	0	0x000a4c43	True
14343	0x00093418	0x000965ca	3	0	0x000a65ca	True
14344	0x0009341c	0x000944f7	3	0	0x000a44f7	True
14345	0x00093420	0x00091540	3	0	0x000a1540	True
14346	0x00093424	0x00094c43	3	0	0x000a4c43	True
14347	0x0009342c	0x000965e1	3	0	0x000a65e1	True
14348	0x00093430	0x000965fa	3	0	0x000a65fa	True
14349	0x00093434	0x00091bc4	3	0	0x000a1bc4	True
14350	0x00093438	0x00094c43	3	0	0x000a4c43	True
14351	0x00093440	0x0009660a	3	0	0x000a660a	True
14352	0x00093444	0x00096620	3	0	0x000a6620	True
14353	0x00093448	0x00091bd0	3	0	0x000a1bd0	True
14354	0x0009344c	0x00094c43	3	0	0x000a4c43	True
14355	0x00093454	0x00096630	3	0	0x000a6630	True
14356	0x00093458	0x00096647	3	0	0x000a6647	True
14357	0x0009345c	0x00091bdc	3	0	0x000a1bdc	True
14358	0x00093460	0x00094c43	3	0	0x000a4c43	True
14359	0x00093468	0x00096651	3	0	0x000a6651	True
14360	0x0009346c	0x00096653	3	0	0x000a6653	True
14361	0x00093470	0x00091be8	3	0	0x000a1be8	True
14362	0x00093474	0x00094c43	3	0	0x000a4c43	True
14363	0x0009347c	0x0009665f	3	0	0x000a665f	True
14364	0x00093480	0x0009668a	3	0	0x000a668a	True
14365	0x00093484	0x00091bf4	3	0	0x000a1bf4	True
14366	0x00093488	0x00094c43	3	0	0x000a4c43	True
14367	0x00093490	0x0009669a	3	0	0x000a669a	True
14368	0x00093494	0x000963d7	3	0	0x000a63d7	True
14369	0x00093498	0x00091c00	3	0	0x000a1c00	True
14370	0x0009349c	0x00094c43	3	0	0x000a4c43	True
14371	0x000934a4	0x000966b0	3	0	0x000a66b0	True
14372	0x000934a8	0x00096704	3	0	0x000a6704	True
14373	0x000934ac	0x00091c0c	3	0	0x000a1c0c	True
14374	0x000934b0	0x00094c43	3	0	0x000a4c43	True
14375	0x000934b8	0x0009669a	3	0	0x000a669a	True
14376	0x000934bc	0x000963d7	3	0	0x000a63d7	True
14377	0x000934c0	0x00091c18	3	0	0x000a1c18	True
14378	0x000934c4	0x00094c43	3	0	0x000a4c43	True
14379	0x000934cc	0x00096714	3	0	0x000a6714	True
14380	0x000934d0	0x0009673a	3	0	0x000a673a	True
14381	0x000934d4	0x00091c24	3	0	0x000a1c24	True
14382	0x000934d8	0x00094c43	3	0	0x000a4c43	True
14383	0x000934e0	0x0009674a	3	0	0x000a674a	True
14384	0x000934e4	0x00096764	3	0	0x000a6764	True
14385	0x000934e8	0x00091c30	3	0	0x000a1c30	True
14386	0x000934ec	0x00094c43	3	0	0x000a4c43	True
14387	0x000934f4	0x0009674a	3	0	0x000a674a	True
14388	0x000934f8	0x00096774	3	0	0x000a6774	True
14389	0x000934fc	0x00091c3c	3	0	0x000a1c3c	True
14390	0x00093500	0x00094c43	3	0	0x000a4c43	True
14391	0x00093508	0x00096784	3	0	0x000a6784	True
14392	0x0009350c	0x000967dd	3	0	0x000a67dd	True
14393	0x00093510	0x00091c48	3	0	0x000a1c48	True
14394	0x00093514	0x00094c43	3	0	0x000a4c43	True
14395	0x0009351c	0x000967ed	3	0	0x000a67ed	True
14396	0x00093520	0x000965fa	3	0	0x000a65fa	True
14397	0x00093524	0x00091c54	3	0	0x000a1c54	True
14398	0x00093528	0x00094c43	3	0	0x000a4c43	True
14399	0x00093530	0x00096818	3	0	0x000a6818	True
14400	0x00093534	0x00096844	3	0	0x000a6844	True
14401	0x00093538	0x00091c60	3	0	0x000a1c60	True
14402	0x0009353c	0x00094c43	3	0	0x000a4c43	True
14403	0x00093544	0x00096854	3	0	0x000a6854	True
14404	0x00093548	0x0009668a	3	0	0x000a668a	True
14405	0x0009354c	0x00091bf4	3	0	0x000a1bf4	True
14406	0x00093550	0x00094c43	3	0	0x000a4c43	True
14407	0x00093558	0x00096883	3	0	0x000a6883	True
14408	0x0009355c	0x00094510	3	0	0x000a4510	True
14409	0x00093560	0x00091c6c	3	0	0x000a1c6c	True
14410	0x00093564	0x00094c43	3	0	0x000a4c43	True
14411	0x0009356c	0x000968ab	3	0	0x000a68ab	True
14412	0x00093570	0x00096764	3	0	0x000a6764	True
14413	0x00093574	0x00091c78	3	0	0x000a1c78	True
14414	0x00093578	0x00094c43	3	0	0x000a4c43	True
14415	0x00093580	0x000968e4	3	0	0x000a68e4	True
14416	0x00093584	0x000944f3	3	0	0x000a44f3	True
14417	0x00093588	0x00091c84	3	0	0x000a1c84	True
14418	0x0009358c	0x00094c43	3	0	0x000a4c43	True
14419	0x00093594	0x000968f8	3	0	0x000a68f8	True
14420	0x00093598	0x000964ef	3	0	0x000a64ef	True
14421	0x0009359c	0x00091c90	3	0	0x000a1c90	True
14422	0x000935a0	0x00094c43	3	0	0x000a4c43	True
14423	0x000935a8	0x0009691a	3	0	0x000a691a	True
14424	0x000935ac	0x000944f3	3	0	0x000a44f3	True
14425	0x000935b0	0x00091b7c	3	0	0x000a1b7c	True
14426	0x000935b4	0x00094c43	3	0	0x000a4c43	True
14427	0x000935bc	0x0009693d	3	0	0x000a693d	True
14428	0x000935c0	0x0009693f	3	0	0x000a693f	True
14429	0x000935c4	0x00091c9c	3	0	0x000a1c9c	True
14430	0x000935c8	0x00094c43	3	0	0x000a4c43	True
14431	0x000935d0	0x0009694b	3	0	0x000a694b	True
14432	0x000935d4	0x000957c2	3	0	0x000a57c2	True
14433	0x000935d8	0x00091ca8	3	0	0x000a1ca8	True
14434	0x000935dc	0x00094c43	3	0	0x000a4c43	True
14435	0x000935e4	0x0009694b	3	0	0x000a694b	True
14436	0x000935e8	0x0009694d	3	0	0x000a694d	True
14437	0x000935ec	0x00091cb4	3	0	0x000a1cb4	True
14438	0x000935f0	0x00094c43	3	0	0x000a4c43	True
14439	0x000935f8	0x0009695b	3	0	0x000a695b	True
14440	0x000935fc	0x000963d7	3	0	0x000a63d7	True
14441	0x00093600	0x00091cc0	3	0	0x000a1cc0	True
14442	0x00093604	0x00094c43	3	0	0x000a4c43	True
14443	0x0009360c	0x0009697e	3	0	0x000a697e	True
14444	0x00093610	0x000963d7	3	0	0x000a63d7	True
14445	0x00093614	0x00091ccc	3	0	0x000a1ccc	True
14446	0x00093618	0x00094c43	3	0	0x000a4c43	True
14447	0x00093620	0x000969b2	3	0	0x000a69b2	True
14448	0x00093624	0x000944f3	3	0	0x000a44f3	True
14449	0x00093628	0x00091c84	3	0	0x000a1c84	True
14450	0x0009362c	0x00094c43	3	0	0x000a4c43	True
14451	0x00093634	0x000969c8	3	0	0x000a69c8	True
14452	0x00093638	0x000944f3	3	0	0x000a44f3	True
14453	0x0009363c	0x00091b7c	3	0	0x000a1b7c	True
14454	0x00093640	0x00094c43	3	0	0x000a4c43	True
14455	0x00093648	0x000969ed	3	0	0x000a69ed	True
14456	0x0009364c	0x000944f3	3	0	0x000a44f3	True
14457	0x00093650	0x00091cd8	3	0	0x000a1cd8	True
14458	0x00093654	0x00094c43	3	0	0x000a4c43	True
14459	0x0009365c	0x00096a0d	3	0	0x000a6a0d	True
14460	0x00093660	0x000944f3	3	0	0x000a44f3	True
14461	0x00093664	0x00091ce4	3	0	0x000a1ce4	True
14462	0x00093668	0x00094c43	3	0	0x000a4c43	True
14463	0x00093670	0x00096a1e	3	0	0x000a6a1e	True
14464	0x00093674	0x00094510	3	0	0x000a4510	True
14465	0x00093678	0x00091cf0	3	0	0x000a1cf0	True
14466	0x0009367c	0x00094c43	3	0	0x000a4c43	True
14467	0x00093684	0x00096a40	3	0	0x000a6a40	True
14468	0x00093688	0x000944f3	3	0	0x000a44f3	True
14469	0x0009368c	0x00091cfc	3	0	0x000a1cfc	True
14470	0x00093690	0x00094c43	3	0	0x000a4c43	True
14471	0x00093698	0x00096a62	3	0	0x000a6a62	True
14472	0x0009369c	0x000944f3	3	0	0x000a44f3	True
14473	0x000936a0	0x00091d08	3	0	0x000a1d08	True
14474	0x000936a4	0x00094c43	3	0	0x000a4c43	True
14475	0x000936ac	0x00096a7a	3	0	0x000a6a7a	True
14476	0x000936b0	0x000944f3	3	0	0x000a44f3	True
14477	0x000936b4	0x00091b7c	3	0	0x000a1b7c	True
14478	0x000936b8	0x00094c43	3	0	0x000a4c43	True
14479	0x000936c0	0x00096a8e	3	0	0x000a6a8e	True
14480	0x000936c4	0x000957c2	3	0	0x000a57c2	True
14481	0x000936c8	0x00091d14	3	0	0x000a1d14	True
14482	0x000936cc	0x00094c43	3	0	0x000a4c43	True
14483	0x000936d4	0x00096a9d	3	0	0x000a6a9d	True
14484	0x000936d8	0x00094510	3	0	0x000a4510	True
14485	0x000936dc	0x00091d20	3	0	0x000a1d20	True
14486	0x000936e0	0x00094c43	3	0	0x000a4c43	True
14487	0x000936e8	0x00096ab5	3	0	0x000a6ab5	True
14488	0x000936ec	0x000944f3	3	0	0x000a44f3	True
14489	0x000936f0	0x00091d2c	3	0	0x000a1d2c	True
14490	0x000936f4	0x00094c43	3	0	0x000a4c43	True
14491	0x000936fc	0x00096aed	3	0	0x000a6aed	True
14492	0x00093700	0x000944f3	3	0	0x000a44f3	True
14493	0x00093704	0x00091d2c	3	0	0x000a1d2c	True
14494	0x00093708	0x00094c43	3	0	0x000a4c43	True
14495	0x00093710	0x00096b7a	3	0	0x000a6b7a	True
14496	0x00093714	0x000944f3	3	0	0x000a44f3	True
14497	0x00093718	0x00091d2c	3	0	0x000a1d2c	True
14498	0x0009371c	0x00094c43	3	0	0x000a4c43	True
14499	0x00093724	0x00096b9b	3	0	0x000a6b9b	True
14500	0x00093728	0x000944f3	3	0	0x000a44f3	True
14501	0x0009372c	0x00091d38	3	0	0x000a1d38	True
14502	0x00093730	0x00094c43	3	0	0x000a4c43	True
14503	0x00093738	0x00096c21	3	0	0x000a6c21	True
14504	0x0009373c	0x000944f3	3	0	0x000a44f3	True
14505	0x00093740	0x00091d38	3	0	0x000a1d38	True
14506	0x00093744	0x00094c43	3	0	0x000a4c43	True
14507	0x0009374c	0x00096c56	3	0	0x000a6c56	True
14508	0x00093750	0x000944f3	3	0	0x000a44f3	True
14509	0x00093754	0x00091d44	3	0	0x000a1d44	True
14510	0x00093758	0x00094c43	3	0	0x000a4c43	True
14511	0x00093760	0x00096ca2	3	0	0x000a6ca2	True
14512	0x00093764	0x000944f3	3	0	0x000a44f3	True
14513	0x00093768	0x00091d50	3	0	0x000a1d50	True
14514	0x0009376c	0x00094c43	3	0	0x000a4c43	True
14515	0x00093774	0x00096ca4	3	0	0x000a6ca4	True
14516	0x00093778	0x000963d7	3	0	0x000a63d7	True
14517	0x0009377c	0x00091d5c	3	0	0x000a1d5c	True
14518	0x00093780	0x00094c43	3	0	0x000a4c43	True
14519	0x00093788	0x000944e9	3	0	0x000a44e9	True
14520	0x0009378c	0x00096ca2	3	0	0x000a6ca2	True
14521	0x00093790	0x000915c4	3	0	0x000a15c4	True
14522	0x00093794	0x00094c43	3	0	0x000a4c43	True
14523	0x0009379c	0x00096ca2	3	0	0x000a6ca2	True
14524	0x000937a0	0x000963d7	3	0	0x000a63d7	True
14525	0x000937a4	0x00091d68	3	0	0x000a1d68	True
14526	0x000937a8	0x00094c43	3	0	0x000a4c43	True
14527	0x000937b0	0x00096ce8	3	0	0x000a6ce8	True
14528	0x000937b4	0x00094510	3	0	0x000a4510	True
14529	0x000937b8	0x00091d74	3	0	0x000a1d74	True
14530	0x000937bc	0x00094c43	3	0	0x000a4c43	True
14531	0x000937c4	0x00096d04	3	0	0x000a6d04	True
14532	0x000937c8	0x000957c2	3	0	0x000a57c2	True
14533	0x000937cc	0x00091d80	3	0	0x000a1d80	True
14534	0x000937d0	0x00094c43	3	0	0x000a4c43	True
14535	0x000937d8	0x00096d1a	3	0	0x000a6d1a	True
14536	0x000937dc	0x000944f3	3	0	0x000a44f3	True
14537	0x000937e0	0x00091c84	3	0	0x000a1c84	True
14538	0x000937e4	0x00094c43	3	0	0x000a4c43	True
14539	0x000937ec	0x00096d30	3	0	0x000a6d30	True
14540	0x000937f0	0x000944f3	3	0	0x000a44f3	True
14541	0x000937f4	0x00091b7c	3	0	0x000a1b7c	True
14542	0x000937f8	0x00094c43	3	0	0x000a4c43	True
14543	0x00093800	0x00096d55	3	0	0x000a6d55	True
14544	0x00093804	0x000944f3	3	0	0x000a44f3	True
14545	0x00093808	0x00091d8c	3	0	0x000a1d8c	True
14546	0x0009380c	0x00094c43	3	0	0x000a4c43	True
14547	0x00093814	0x00096d87	3	0	0x000a6d87	True
14548	0x00093818	0x000944f3	3	0	0x000a44f3	True
14549	0x0009381c	0x00091d8c	3	0	0x000a1d8c	True
14550	0x00093820	0x00094c43	3	0	0x000a4c43	True
14551	0x00093828	0x00096dd3	3	0	0x000a6dd3	True
14552	0x0009382c	0x000944f3	3	0	0x000a44f3	True
14553	0x00093830	0x00091d98	3	0	0x000a1d98	True
14554	0x00093834	0x00094c43	3	0	0x000a4c43	True
14555	0x0009383c	0x00096de8	3	0	0x000a6de8	True
14556	0x00093840	0x000944f3	3	0	0x000a44f3	True
14557	0x00093844	0x00091c84	3	0	0x000a1c84	True
14558	0x00093848	0x00094c43	3	0	0x000a4c43	True
14559	0x00093850	0x00096d30	3	0	0x000a6d30	True
14560	0x00093854	0x000944f3	3	0	0x000a44f3	True
14561	0x00093858	0x00091c84	3	0	0x000a1c84	True
14562	0x0009385c	0x00094c43	3	0	0x000a4c43	True
14563	0x00093864	0x00096e0b	3	0	0x000a6e0b	True
14564	0x00093868	0x000944f3	3	0	0x000a44f3	True
14565	0x0009386c	0x00091da4	3	0	0x000a1da4	True
14566	0x00093870	0x00094c43	3	0	0x000a4c43	True
14567	0x00093878	0x00096e0b	3	0	0x000a6e0b	True
14568	0x0009387c	0x000944f3	3	0	0x000a44f3	True
14569	0x00093880	0x00091db0	3	0	0x000a1db0	True
14570	0x00093884	0x00094c43	3	0	0x000a4c43	True
14571	0x0009388c	0x00096e0d	3	0	0x000a6e0d	True
14572	0x00093890	0x000963d7	3	0	0x000a63d7	True
14573	0x00093894	0x00091dbc	3	0	0x000a1dbc	True
14574	0x00093898	0x00094c43	3	0	0x000a4c43	True
14575	0x000938a0	0x00096e27	3	0	0x000a6e27	True
14576	0x000938a4	0x000963d7	3	0	0x000a63d7	True
14577	0x000938a8	0x00091dc8	3	0	0x000a1dc8	True
14578	0x000938ac	0x00094c43	3	0	0x000a4c43	True
14579	0x000938b4	0x00096e52	3	0	0x000a6e52	True
14580	0x000938b8	0x000963d7	3	0	0x000a63d7	True
14581	0x000938bc	0x00091dd4	3	0	0x000a1dd4	True
14582	0x000938c0	0x00094c43	3	0	0x000a4c43	True
14583	0x000938c8	0x00096e77	3	0	0x000a6e77	True
14584	0x000938cc	0x000944f3	3	0	0x000a44f3	True
14585	0x000938d0	0x00091d80	3	0	0x000a1d80	True
14586	0x000938d4	0x00094c43	3	0	0x000a4c43	True
14587	0x000938dc	0x00096ea0	3	0	0x000a6ea0	True
14588	0x000938e0	0x000944f3	3	0	0x000a44f3	True
14589	0x000938e4	0x00091de0	3	0	0x000a1de0	True
14590	0x000938e8	0x00094c43	3	0	0x000a4c43	True
14591	0x000938f0	0x00096eba	3	0	0x000a6eba	True
14592	0x000938f4	0x000944f3	3	0	0x000a44f3	True
14593	0x000938f8	0x00091d80	3	0	0x000a1d80	True
14594	0x000938fc	0x00094c43	3	0	0x000a4c43	True
14595	0x00093904	0x00096edf	3	0	0x000a6edf	True
14596	0x00093908	0x000944f3	3	0	0x000a44f3	True
14597	0x0009390c	0x00091dec	3	0	0x000a1dec	True
14598	0x00093910	0x00094c43	3	0	0x000a4c43	True
14599	0x00093918	0x00096efd	3	0	0x000a6efd	True
14600	0x0009391c	0x000944f3	3	0	0x000a44f3	True
14601	0x00093920	0x00091df8	3	0	0x000a1df8	True
14602	0x00093924	0x00094c43	3	0	0x000a4c43	True
14603	0x0009392c	0x00096f0d	3	0	0x000a6f0d	True
14604	0x00093930	0x000944f3	3	0	0x000a44f3	True
14605	0x00093934	0x00091e04	3	0	0x000a1e04	True
14606	0x00093938	0x00094c43	3	0	0x000a4c43	True
14607	0x00093940	0x00096f31	3	0	0x000a6f31	True
14608	0x00093944	0x000944f3	3	0	0x000a44f3	True
14609	0x00093948	0x00091e10	3	0	0x000a1e10	True
14610	0x0009394c	0x00094c43	3	0	0x000a4c43	True
14611	0x00093954	0x00096f59	3	0	0x000a6f59	True
14612	0x00093958	0x000944f3	3	0	0x000a44f3	True
14613	0x0009395c	0x00091e1c	3	0	0x000a1e1c	True
14614	0x00093960	0x00094c43	3	0	0x000a4c43	True
14615	0x00093968	0x00096f92	3	0	0x000a6f92	True
14616	0x0009396c	0x000944f3	3	0	0x000a44f3	True
14617	0x00093970	0x00091e28	3	0	0x000a1e28	True
14618	0x00093974	0x00094c43	3	0	0x000a4c43	True
14619	0x0009397c	0x00096fad	3	0	0x000a6fad	True
14620	0x00093980	0x000944f3	3	0	0x000a44f3	True
14621	0x00093984	0x00091e34	3	0	0x000a1e34	True
14622	0x00093988	0x00094c43	3	0	0x000a4c43	True
14623	0x00093990	0x00096fcd	3	0	0x000a6fcd	True
14624	0x00093994	0x000944f3	3	0	0x000a44f3	True
14625	0x00093998	0x00091e40	3	0	0x000a1e40	True
14626	0x0009399c	0x00094c43	3	0	0x000a4c43	True
14627	0x000939a4	0x00096fff	3	0	0x000a6fff	True
14628	0x000939a8	0x000944f3	3	0	0x000a44f3	True
14629	0x000939ac	0x00091e40	3	0	0x000a1e40	True
14630	0x000939b0	0x00094c43	3	0	0x000a4c43	True
14631	0x000939b8	0x00097039	3	0	0x000a7039	True
14632	0x000939bc	0x000944f3	3	0	0x000a44f3	True
14633	0x000939c0	0x00091e4c	3	0	0x000a1e4c	True
14634	0x000939c4	0x00094c43	3	0	0x000a4c43	True
14635	0x000939cc	0x00097057	3	0	0x000a7057	True
14636	0x000939d0	0x000963d7	3	0	0x000a63d7	True
14637	0x000939d4	0x00091e58	3	0	0x000a1e58	True
14638	0x000939d8	0x00094c43	3	0	0x000a4c43	True
14639	0x000939e0	0x00097074	3	0	0x000a7074	True
14640	0x000939e4	0x000944f3	3	0	0x000a44f3	True
14641	0x000939e8	0x00091e64	3	0	0x000a1e64	True
14642	0x000939ec	0x00094c43	3	0	0x000a4c43	True
14643	0x000939f4	0x000970ad	3	0	0x000a70ad	True
14644	0x000939f8	0x000944f3	3	0	0x000a44f3	True
14645	0x000939fc	0x00091e70	3	0	0x000a1e70	True
14646	0x00093a00	0x00094c43	3	0	0x000a4c43	True
14647	0x00093a08	0x000970d5	3	0	0x000a70d5	True
14648	0x00093a0c	0x000944f3	3	0	0x000a44f3	True
14649	0x00093a10	0x00091e7c	3	0	0x000a1e7c	True
14650	0x00093a14	0x00094c43	3	0	0x000a4c43	True
14651	0x00093a1c	0x000970f1	3	0	0x000a70f1	True
14652	0x00093a20	0x000944f3	3	0	0x000a44f3	True
14653	0x00093a24	0x00091e88	3	0	0x000a1e88	True
14654	0x00093a28	0x00094c43	3	0	0x000a4c43	True
14655	0x00093a30	0x0009710d	3	0	0x000a710d	True
14656	0x00093a34	0x000963d7	3	0	0x000a63d7	True
14657	0x00093a38	0x00091e94	3	0	0x000a1e94	True
14658	0x00093a3c	0x00094c43	3	0	0x000a4c43	True
14659	0x00093a44	0x0009711e	3	0	0x000a711e	True
14660	0x00093a48	0x000944f3	3	0	0x000a44f3	True
14661	0x00093a4c	0x00091ea0	3	0	0x000a1ea0	True
14662	0x00093a50	0x00094c43	3	0	0x000a4c43	True
14663	0x00093a58	0x0009712d	3	0	0x000a712d	True
14664	0x00093a5c	0x000944f3	3	0	0x000a44f3	True
14665	0x00093a60	0x00091eac	3	0	0x000a1eac	True
14666	0x00093a64	0x00094c43	3	0	0x000a4c43	True
14667	0x00093a6c	0x0009713e	3	0	0x000a713e	True
14668	0x00093a70	0x000944f3	3	0	0x000a44f3	True
14669	0x00093a74	0x00091eb8	3	0	0x000a1eb8	True
14670	0x00093a78	0x00094c43	3	0	0x000a4c43	True
14671	0x00093a80	0x0009710b	3	0	0x000a710b	True
14672	0x00093a84	0x000944f3	3	0	0x000a44f3	True
14673	0x00093a88	0x00091ec4	3	0	0x000a1ec4	True
14674	0x00093a8c	0x00094c43	3	0	0x000a4c43	True
14675	0x00093a94	0x000968e4	3	0	0x000a68e4	True
14676	0x00093a98	0x000944f3	3	0	0x000a44f3	True
14677	0x00093a9c	0x00091ed0	3	0	0x000a1ed0	True
14678	0x00093aa0	0x00094c43	3	0	0x000a4c43	True
14679	0x00093aa8	0x0009714a	3	0	0x000a714a	True
14680	0x00093aac	0x000944f3	3	0	0x000a44f3	True
14681	0x00093ab0	0x00091ed0	3	0	0x000a1ed0	True
14682	0x00093ab4	0x00094c43	3	0	0x000a4c43	True
14683	0x00093abc	0x0009691a	3	0	0x000a691a	True
14684	0x00093ac0	0x000944f3	3	0	0x000a44f3	True
14685	0x00093ac4	0x00091ed0	3	0	0x000a1ed0	True
14686	0x00093ac8	0x00094c43	3	0	0x000a4c43	True
14687	0x00093ad0	0x0009715e	3	0	0x000a715e	True
14688	0x00093ad4	0x00094510	3	0	0x000a4510	True
14689	0x00093ad8	0x00091edc	3	0	0x000a1edc	True
14690	0x00093adc	0x00094c43	3	0	0x000a4c43	True
14691	0x00093ae4	0x0009717b	3	0	0x000a717b	True
14692	0x00093ae8	0x000959a3	3	0	0x000a59a3	True
14693	0x00093aec	0x00091ee8	3	0	0x000a1ee8	True
14694	0x00093af0	0x00094c43	3	0	0x000a4c43	True
14695	0x00093af8	0x000971a8	3	0	0x000a71a8	True
14696	0x00093afc	0x000959a3	3	0	0x000a59a3	True
14697	0x00093b00	0x00091ef4	3	0	0x000a1ef4	True
14698	0x00093b04	0x00094c43	3	0	0x000a4c43	True
14699	0x00093b0c	0x000968e4	3	0	0x000a68e4	True
14700	0x00093b10	0x000944f3	3	0	0x000a44f3	True
14701	0x00093b14	0x00091b7c	3	0	0x000a1b7c	True
14702	0x00093b18	0x00094c43	3	0	0x000a4c43	True
14703	0x00093b20	0x000971da	3	0	0x000a71da	True
14704	0x00093b24	0x000963d7	3	0	0x000a63d7	True
14705	0x00093b28	0x00091f00	3	0	0x000a1f00	True
14706	0x00093b2c	0x00094c43	3	0	0x000a4c43	True
14707	0x00093b34	0x000971f3	3	0	0x000a71f3	True
14708	0x00093b38	0x000963d7	3	0	0x000a63d7	True
14709	0x00093b3c	0x00091f00	3	0	0x000a1f00	True
14710	0x00093b40	0x00094c43	3	0	0x000a4c43	True
14711	0x00093b48	0x00097209	3	0	0x000a7209	True
14712	0x00093b4c	0x000944f3	3	0	0x000a44f3	True
14713	0x00093b50	0x00091f0c	3	0	0x000a1f0c	True
14714	0x00093b54	0x00094c43	3	0	0x000a4c43	True
14715	0x00093b5c	0x0009721e	3	0	0x000a721e	True
14716	0x00093b60	0x00097235	3	0	0x000a7235	True
14717	0x00093b64	0x00091f18	3	0	0x000a1f18	True
14718	0x00093b68	0x00094c43	3	0	0x000a4c43	True
14719	0x00093b70	0x00096dd3	3	0	0x000a6dd3	True
14720	0x00093b74	0x000944f3	3	0	0x000a44f3	True
14721	0x00093b78	0x00091f24	3	0	0x000a1f24	True
14722	0x00093b7c	0x00094c43	3	0	0x000a4c43	True
14723	0x00093b84	0x00096dd3	3	0	0x000a6dd3	True
14724	0x00093b88	0x000944f3	3	0	0x000a44f3	True
14725	0x00093b8c	0x00091f30	3	0	0x000a1f30	True
14726	0x00093b90	0x00094c43	3	0	0x000a4c43	True
14727	0x00093b98	0x00097243	3	0	0x000a7243	True
14728	0x00093b9c	0x000944f3	3	0	0x000a44f3	True
14729	0x00093ba0	0x00091f3c	3	0	0x000a1f3c	True
14730	0x00093ba4	0x00094c43	3	0	0x000a4c43	True
14731	0x00093bac	0x00097245	3	0	0x000a7245	True
14732	0x00093bb0	0x00097293	3	0	0x000a7293	True
14733	0x00093bb4	0x00091f48	3	0	0x000a1f48	True
14734	0x00093bb8	0x00094c43	3	0	0x000a4c43	True
14735	0x00093bc0	0x00097243	3	0	0x000a7243	True
14736	0x00093bc4	0x000972a6	3	0	0x000a72a6	True
14737	0x00093bc8	0x000918c4	3	0	0x000a18c4	True
14738	0x00093bcc	0x00094c43	3	0	0x000a4c43	True
14739	0x00093bd4	0x000972c7	3	0	0x000a72c7	True
14740	0x00093bd8	0x00097293	3	0	0x000a7293	True
14741	0x00093bdc	0x00091f54	3	0	0x000a1f54	True
14742	0x00093be0	0x00094c43	3	0	0x000a4c43	True
14743	0x00093be8	0x00097243	3	0	0x000a7243	True
14744	0x00093bec	0x000944f3	3	0	0x000a44f3	True
14745	0x00093bf0	0x00091f60	3	0	0x000a1f60	True
14746	0x00093bf4	0x00094c43	3	0	0x000a4c43	True
14747	0x00093bfc	0x00097243	3	0	0x000a7243	True
14748	0x00093c00	0x000944f3	3	0	0x000a44f3	True
14749	0x00093c04	0x00091f6c	3	0	0x000a1f6c	True
14750	0x00093c08	0x00094c43	3	0	0x000a4c43	True
14751	0x00093c10	0x0009714a	3	0	0x000a714a	True
14752	0x00093c14	0x000944f3	3	0	0x000a44f3	True
14753	0x00093c18	0x00091f78	3	0	0x000a1f78	True
14754	0x00093c1c	0x00094c43	3	0	0x000a4c43	True
14755	0x00093c24	0x00097300	3	0	0x000a7300	True
14756	0x00093c28	0x000957c2	3	0	0x000a57c2	True
14757	0x00093c2c	0x00091f84	3	0	0x000a1f84	True
14758	0x00093c30	0x00094c43	3	0	0x000a4c43	True
14759	0x00093c38	0x00096d04	3	0	0x000a6d04	True
14760	0x00093c3c	0x000957c2	3	0	0x000a57c2	True
14761	0x00093c40	0x00091f90	3	0	0x000a1f90	True
14762	0x00093c44	0x00094c43	3	0	0x000a4c43	True
14763	0x00093c4c	0x00097320	3	0	0x000a7320	True
14764	0x00093c50	0x000944f3	3	0	0x000a44f3	True
14765	0x00093c54	0x00091f9c	3	0	0x000a1f9c	True
14766	0x00093c58	0x00094c43	3	0	0x000a4c43	True
14767	0x00093c60	0x00097334	3	0	0x000a7334	True
14768	0x00093c64	0x000944f3	3	0	0x000a44f3	True
14769	0x00093c68	0x00091fa8	3	0	0x000a1fa8	True
14770	0x00093c6c	0x00094c43	3	0	0x000a4c43	True
14771	0x00093c74	0x000969b2	3	0	0x000a69b2	True
14772	0x00093c78	0x000944f3	3	0	0x000a44f3	True
14773	0x00093c7c	0x00091fb4	3	0	0x000a1fb4	True
14774	0x00093c80	0x00094c43	3	0	0x000a4c43	True
14775	0x00093c88	0x000969b2	3	0	0x000a69b2	True
14776	0x00093c8c	0x000944f3	3	0	0x000a44f3	True
14777	0x00093c90	0x00091fc0	3	0	0x000a1fc0	True
14778	0x00093c94	0x00094c43	3	0	0x000a4c43	True
14779	0x00093c9c	0x00097348	3	0	0x000a7348	True
14780	0x00093ca0	0x000944f3	3	0	0x000a44f3	True
14781	0x00093ca4	0x00091fcc	3	0	0x000a1fcc	True
14782	0x00093ca8	0x00094c43	3	0	0x000a4c43	True
14783	0x00093cb0	0x0009735c	3	0	0x000a735c	True
14784	0x00093cb4	0x000944f3	3	0	0x000a44f3	True
14785	0x00093cb8	0x00091fd8	3	0	0x000a1fd8	True
14786	0x00093cbc	0x00094c43	3	0	0x000a4c43	True
14787	0x00093cc4	0x0009735e	3	0	0x000a735e	True
14788	0x00093cc8	0x000944f3	3	0	0x000a44f3	True
14789	0x00093ccc	0x00091fe4	3	0	0x000a1fe4	True
14790	0x00093cd0	0x00094c43	3	0	0x000a4c43	True
14791	0x00093cd8	0x0009735c	3	0	0x000a735c	True
14792	0x00093cdc	0x000944f3	3	0	0x000a44f3	True
14793	0x00093ce0	0x00091ff0	3	0	0x000a1ff0	True
14794	0x00093ce4	0x00094c43	3	0	0x000a4c43	True
14795	0x00093cec	0x0009735c	3	0	0x000a735c	True
14796	0x00093cf0	0x000944f3	3	0	0x000a44f3	True
14797	0x00093cf4	0x00091db0	3	0	0x000a1db0	True
14798	0x00093cf8	0x00094c43	3	0	0x000a4c43	True
14799	0x00093d00	0x0009735c	3	0	0x000a735c	True
14800	0x00093d04	0x0009735c	3	0	0x000a735c	True
14801	0x00093d08	0x00091540	3	0	0x000a1540	True
14802	0x00093d0c	0x00094c43	3	0	0x000a4c43	True
14803	0x00093d14	0x000944e9	3	0	0x000a44e9	True
14804	0x00093d18	0x0009735c	3	0	0x000a735c	True
14805	0x00093d1c	0x000915ac	3	0	0x000a15ac	True
14806	0x00093d20	0x00094c43	3	0	0x000a4c43	True
14807	0x00093d28	0x0009558a	3	0	0x000a558a	True
14808	0x00093d2c	0x000944f3	3	0	0x000a44f3	True
14809	0x00093d30	0x000918ac	3	0	0x000a18ac	True
14810	0x00093d34	0x00094c43	3	0	0x000a4c43	True
14811	0x00093d3c	0x00097372	3	0	0x000a7372	True
14812	0x00093d40	0x000944f3	3	0	0x000a44f3	True
14813	0x00093d44	0x000918ac	3	0	0x000a18ac	True
14814	0x00093d48	0x00094c43	3	0	0x000a4c43	True
14815	0x00093d50	0x00097381	3	0	0x000a7381	True
14816	0x00093d54	0x000963d7	3	0	0x000a63d7	True
14817	0x00093d58	0x00091ffc	3	0	0x000a1ffc	True
14818	0x00093d5c	0x00094c43	3	0	0x000a4c43	True
14819	0x00093d64	0x000973a3	3	0	0x000a73a3	True
14820	0x00093d68	0x000944f7	3	0	0x000a44f7	True
14821	0x00093d6c	0x00092008	3	0	0x000a2008	True
14822	0x00093d70	0x00094c43	3	0	0x000a4c43	True
14823	0x00093d78	0x000973a3	3	0	0x000a73a3	True
14824	0x00093d7c	0x000944f7	3	0	0x000a44f7	True
14825	0x00093d80	0x00092008	3	0	0x000a2008	True
14826	0x00093d84	0x00094c43	3	0	0x000a4c43	True
14827	0x00093d8c	0x000973a3	3	0	0x000a73a3	True
14828	0x00093d90	0x000944f7	3	0	0x000a44f7	True
14829	0x00093d94	0x00092014	3	0	0x000a2014	True
14830	0x00093d98	0x00094c43	3	0	0x000a4c43	True
14831	0x00093da0	0x000973a7	3	0	0x000a73a7	True
14832	0x00093da4	0x000944f3	3	0	0x000a44f3	True
14833	0x00093da8	0x00092020	3	0	0x000a2020	True
14834	0x00093dac	0x00094c43	3	0	0x000a4c43	True
14835	0x00093db4	0x000973a9	3	0	0x000a73a9	True
14836	0x00093db8	0x000944f3	3	0	0x000a44f3	True
14837	0x00093dbc	0x0009202c	3	0	0x000a202c	True
14838	0x00093dc0	0x00094c43	3	0	0x000a4c43	True
14839	0x00093dc8	0x000971f3	3	0	0x000a71f3	True
14840	0x00093dcc	0x000963d7	3	0	0x000a63d7	True
14841	0x00093dd0	0x00092038	3	0	0x000a2038	True
14842	0x00093dd4	0x00094c43	3	0	0x000a4c43	True
14843	0x00093ddc	0x000973bd	3	0	0x000a73bd	True
14844	0x00093de0	0x000963d7	3	0	0x000a63d7	True
14845	0x00093de4	0x00092044	3	0	0x000a2044	True
14846	0x00093de8	0x00094c43	3	0	0x000a4c43	True
14847	0x00093df0	0x000973d3	3	0	0x000a73d3	True
14848	0x00093df4	0x000963d7	3	0	0x000a63d7	True
14849	0x00093df8	0x00092038	3	0	0x000a2038	True
14850	0x00093dfc	0x00094c43	3	0	0x000a4c43	True
14851	0x00093e04	0x000973e9	3	0	0x000a73e9	True
14852	0x00093e08	0x000957c2	3	0	0x000a57c2	True
14853	0x00093e0c	0x00092050	3	0	0x000a2050	True
14854	0x00093e10	0x00094c43	3	0	0x000a4c43	True
14855	0x00093e18	0x000973d1	3	0	0x000a73d1	True
14856	0x00093e1c	0x000944f3	3	0	0x000a44f3	True
14857	0x00093e20	0x0009205c	3	0	0x000a205c	True
14858	0x00093e24	0x00094c43	3	0	0x000a4c43	True
14859	0x00093e2c	0x000973f2	3	0	0x000a73f2	True
14860	0x00093e30	0x000957c2	3	0	0x000a57c2	True
14861	0x00093e34	0x00092068	3	0	0x000a2068	True
14862	0x00093e38	0x00094c43	3	0	0x000a4c43	True
14863	0x00093e40	0x000973f6	3	0	0x000a73f6	True
14864	0x00093e44	0x000944f3	3	0	0x000a44f3	True
14865	0x00093e48	0x00092074	3	0	0x000a2074	True
14866	0x00093e4c	0x00094c43	3	0	0x000a4c43	True
14867	0x00093e54	0x0009741b	3	0	0x000a741b	True
14868	0x00093e58	0x000944f3	3	0	0x000a44f3	True
14869	0x00093e5c	0x00092080	3	0	0x000a2080	True
14870	0x00093e60	0x00094c43	3	0	0x000a4c43	True
14871	0x00093e68	0x0009742c	3	0	0x000a742c	True
14872	0x00093e6c	0x000944f3	3	0	0x000a44f3	True
14873	0x00093e70	0x0009208c	3	0	0x000a208c	True
14874	0x00093e74	0x00094c43	3	0	0x000a4c43	True
14875	0x00093e7c	0x0009742e	3	0	0x000a742e	True
14876	0x00093e80	0x000944f3	3	0	0x000a44f3	True
14877	0x00093e84	0x00092098	3	0	0x000a2098	True
14878	0x00093e88	0x00094c43	3	0	0x000a4c43	True
14879	0x00093e90	0x00097444	3	0	0x000a7444	True
14880	0x00093e94	0x000963d7	3	0	0x000a63d7	True
14881	0x00093e98	0x000920a4	3	0	0x000a20a4	True
14882	0x00093e9c	0x00094c43	3	0	0x000a4c43	True
14883	0x00093ea4	0x00097464	3	0	0x000a7464	True
14884	0x00093ea8	0x000963d7	3	0	0x000a63d7	True
14885	0x00093eac	0x000920b0	3	0	0x000a20b0	True
14886	0x00093eb0	0x00094c43	3	0	0x000a4c43	True
14887	0x00093eb8	0x00097499	3	0	0x000a7499	True
14888	0x00093ebc	0x000963d7	3	0	0x000a63d7	True
14889	0x00093ec0	0x000920bc	3	0	0x000a20bc	True
14890	0x00093ec4	0x00094c43	3	0	0x000a4c43	True
14891	0x00093ecc	0x000974be	3	0	0x000a74be	True
14892	0x00093ed0	0x000963d7	3	0	0x000a63d7	True
14893	0x00093ed4	0x000920bc	3	0	0x000a20bc	True
14894	0x00093ed8	0x00094c43	3	0	0x000a4c43	True
14895	0x00093ee0	0x000974e4	3	0	0x000a74e4	True
14896	0x00093ee4	0x00094510	3	0	0x000a4510	True
14897	0x00093ee8	0x000920c8	3	0	0x000a20c8	True
14898	0x00093eec	0x00094c43	3	0	0x000a4c43	True
14899	0x00093ef4	0x0009742c	3	0	0x000a742c	True
14900	0x00093ef8	0x0009742c	3	0	0x000a742c	True
14901	0x00093efc	0x00091540	3	0	0x000a1540	True
14902	0x00093f00	0x00094c43	3	0	0x000a4c43	True
14903	0x00093f08	0x0009742c	3	0	0x000a742c	True
14904	0x00093f0c	0x000944f3	3	0	0x000a44f3	True
14905	0x00093f10	0x00091d50	3	0	0x000a1d50	True
14906	0x00093f14	0x00094c43	3	0	0x000a4c43	True
14907	0x00093f1c	0x000974f4	3	0	0x000a74f4	True
14908	0x00093f20	0x0009742c	3	0	0x000a742c	True
14909	0x00093f24	0x000920d4	3	0	0x000a20d4	True
14910	0x00093f28	0x00094c43	3	0	0x000a4c43	True
14911	0x00093f30	0x0009742c	3	0	0x000a742c	True
14912	0x00093f34	0x000944f3	3	0	0x000a44f3	True
14913	0x00093f38	0x00091d50	3	0	0x000a1d50	True
14914	0x00093f3c	0x00094c43	3	0	0x000a4c43	True
14915	0x00093f44	0x00097508	3	0	0x000a7508	True
14916	0x00093f48	0x00097293	3	0	0x000a7293	True
14917	0x00093f4c	0x000920e0	3	0	0x000a20e0	True
14918	0x00093f50	0x00094c43	3	0	0x000a4c43	True
14919	0x00093f58	0x0009742c	3	0	0x000a742c	True
14920	0x00093f5c	0x0009742c	3	0	0x000a742c	True
14921	0x00093f60	0x00091540	3	0	0x000a1540	True
14922	0x00093f64	0x00094c43	3	0	0x000a4c43	True
14923	0x00093f6c	0x000944e9	3	0	0x000a44e9	True
14924	0x00093f70	0x0009742c	3	0	0x000a742c	True
14925	0x00093f74	0x000915ac	3	0	0x000a15ac	True
14926	0x00093f78	0x00094c43	3	0	0x000a4c43	True
14927	0x00093f80	0x0009754f	3	0	0x000a754f	True
14928	0x00093f84	0x0009742c	3	0	0x000a742c	True
14929	0x00093f88	0x000916d8	3	0	0x000a16d8	True
14930	0x00093f8c	0x00094c43	3	0	0x000a4c43	True
14931	0x00093f94	0x00097565	3	0	0x000a7565	True
14932	0x00093f98	0x0009742c	3	0	0x000a742c	True
14933	0x00093f9c	0x000920ec	3	0	0x000a20ec	True
14934	0x00093fa0	0x00094c43	3	0	0x000a4c43	True
14935	0x00093fa8	0x00097572	3	0	0x000a7572	True
14936	0x00093fac	0x0009742c	3	0	0x000a742c	True
14937	0x00093fb0	0x000920f8	3	0	0x000a20f8	True
14938	0x00093fb4	0x00094c43	3	0	0x000a4c43	True
14939	0x00093fbc	0x00097587	3	0	0x000a7587	True
14940	0x00093fc0	0x0009742c	3	0	0x000a742c	True
14941	0x00093fc4	0x00092104	3	0	0x000a2104	True
14942	0x00093fc8	0x00094c43	3	0	0x000a4c43	True
14943	0x00093fd0	0x000975bb	3	0	0x000a75bb	True
14944	0x00093fd4	0x0009742c	3	0	0x000a742c	True
14945	0x00093fd8	0x000916d8	3	0	0x000a16d8	True
14946	0x00093fdc	0x00094c43	3	0	0x000a4c43	True
14947	0x00093fe4	0x000975e4	3	0	0x000a75e4	True
14948	0x00093fe8	0x0009742c	3	0	0x000a742c	True
14949	0x00093fec	0x00092110	3	0	0x000a2110	True
14950	0x00093ff0	0x00094c43	3	0	0x000a4c43	True
14951	0x00093ff8	0x00097622	3	0	0x000a7622	True
14952	0x00093ffc	0x0009742c	3	0	0x000a742c	True
14953	0x00094000	0x00092110	3	0	0x000a2110	True
14954	0x00094004	0x00094c43	3	0	0x000a4c43	True
14955	0x0009400c	0x00097664	3	0	0x000a7664	True
14956	0x00094010	0x0009742c	3	0	0x000a742c	True
14957	0x00094014	0x00092110	3	0	0x000a2110	True
14958	0x00094018	0x00094c43	3	0	0x000a4c43	True
14959	0x00094020	0x00097689	3	0	0x000a7689	True
14960	0x00094024	0x000976a0	3	0	0x000a76a0	True
14961	0x00094028	0x0009211c	3	0	0x000a211c	True
14962	0x0009402c	0x00094c43	3	0	0x000a4c43	True
14963	0x00094034	0x000976a2	3	0	0x000a76a2	True
14964	0x00094038	0x000976a0	3	0	0x000a76a0	True
14965	0x0009403c	0x0009211c	3	0	0x000a211c	True
14966	0x00094040	0x00094c43	3	0	0x000a4c43	True
14967	0x00094048	0x000976b7	3	0	0x000a76b7	True
14968	0x0009404c	0x000976d3	3	0	0x000a76d3	True
14969	0x00094050	0x000916d8	3	0	0x000a16d8	True
14970	0x00094054	0x00094c43	3	0	0x000a4c43	True
14971	0x0009405c	0x000976d5	3	0	0x000a76d5	True
14972	0x00094060	0x000976f1	3	0	0x000a76f1	True
14973	0x00094064	0x000916d8	3	0	0x000a16d8	True
14974	0x00094068	0x00094c43	3	0	0x000a4c43	True
14975	0x00094070	0x000976f3	3	0	0x000a76f3	True
14976	0x00094074	0x0009770a	3	0	0x000a770a	True
14977	0x00094078	0x0009211c	3	0	0x000a211c	True
14978	0x0009407c	0x00094c43	3	0	0x000a4c43	True
14979	0x00094084	0x0009770c	3	0	0x000a770c	True
14980	0x00094088	0x00097739	3	0	0x000a7739	True
14981	0x0009408c	0x00092128	3	0	0x000a2128	True
14982	0x00094090	0x00094c43	3	0	0x000a4c43	True
14983	0x00094098	0x00097749	3	0	0x000a7749	True
14984	0x0009409c	0x00097767	3	0	0x000a7767	True
14985	0x000940a0	0x00092134	3	0	0x000a2134	True
14986	0x000940a4	0x00094c43	3	0	0x000a4c43	True
14987	0x000940ac	0x0009776e	3	0	0x000a776e	True
14988	0x000940b0	0x000977b0	3	0	0x000a77b0	True
14989	0x000940b4	0x00092140	3	0	0x000a2140	True
14990	0x000940b8	0x00094c43	3	0	0x000a4c43	True
14991	0x000940c0	0x000968e4	3	0	0x000a68e4	True
14992	0x000940c4	0x000944f3	3	0	0x000a44f3	True
14993	0x000940c8	0x0009214c	3	0	0x000a214c	True
14994	0x000940cc	0x00094c43	3	0	0x000a4c43	True
14995	0x000940d4	0x000977b7	3	0	0x000a77b7	True
14996	0x000940d8	0x000944f3	3	0	0x000a44f3	True
14997	0x000940dc	0x00091d38	3	0	0x000a1d38	True
14998	0x000940e0	0x00094c43	3	0	0x000a4c43	True
14999	0x000940e8	0x000944e9	3	0	0x000a44e9	True
15000	0x000940ec	0x000963d7	3	0	0x000a63d7	True
15001	0x000940f0	0x00092158	3	0	0x000a2158	True
15002	0x000940f4	0x00094c43	3	0	0x000a4c43	True
15003	0x000940fc	0x000977cd	3	0	0x000a77cd	True
15004	0x00094100	0x000944f3	3	0	0x000a44f3	True
15005	0x00094104	0x00092164	3	0	0x000a2164	True
15006	0x00094108	0x00094c43	3	0	0x000a4c43	True
15007	0x00094110	0x000977d3	3	0	0x000a77d3	True
15008	0x00094114	0x000944f3	3	0	0x000a44f3	True
15009	0x00094118	0x00092170	3	0	0x000a2170	True
15010	0x0009411c	0x00094c43	3	0	0x000a4c43	True
15011	0x00094124	0x000977b7	3	0	0x000a77b7	True
15012	0x00094128	0x000944f3	3	0	0x000a44f3	True
15013	0x0009412c	0x00092170	3	0	0x000a2170	True
15014	0x00094130	0x00094c43	3	0	0x000a4c43	True
15015	0x00094138	0x000977eb	3	0	0x000a77eb	True
15016	0x0009413c	0x000944f3	3	0	0x000a44f3	True
15017	0x00094140	0x00092170	3	0	0x000a2170	True
15018	0x00094144	0x00094c43	3	0	0x000a4c43	True
15019	0x0009414c	0x00097801	3	0	0x000a7801	True
15020	0x00094150	0x000944f3	3	0	0x000a44f3	True
15021	0x00094154	0x00092170	3	0	0x000a2170	True
15022	0x00094158	0x00094c43	3	0	0x000a4c43	True
15023	0x00094160	0x000977d1	3	0	0x000a77d1	True
15024	0x00094164	0x00097815	3	0	0x000a7815	True
15025	0x00094168	0x0009217c	3	0	0x000a217c	True
15026	0x0009416c	0x00094c43	3	0	0x000a4c43	True
15027	0x00094174	0x0009781d	3	0	0x000a781d	True
15028	0x00094178	0x0009781f	3	0	0x000a781f	True
15029	0x0009417c	0x0009217c	3	0	0x000a217c	True
15030	0x00094180	0x00094c43	3	0	0x000a4c43	True
15031	0x00094188	0x00097829	3	0	0x000a7829	True
15032	0x0009418c	0x00097293	3	0	0x000a7293	True
15033	0x00094190	0x00092188	3	0	0x000a2188	True
15034	0x00094194	0x00094c43	3	0	0x000a4c43	True
15035	0x0009419c	0x00097855	3	0	0x000a7855	True
15036	0x000941a0	0x0009786b	3	0	0x000a786b	True
15037	0x000941a4	0x00091f30	3	0	0x000a1f30	True
15038	0x000941a8	0x00094c43	3	0	0x000a4c43	True
15039	0x000941b0	0x00097871	3	0	0x000a7871	True
15040	0x000941b4	0x0009786b	3	0	0x000a786b	True
15041	0x000941b8	0x0009205c	3	0	0x000a205c	True
15042	0x000941bc	0x00094c43	3	0	0x000a4c43	True
15043	0x000941c4	0x000968e4	3	0	0x000a68e4	True
15044	0x000941c8	0x000944f3	3	0	0x000a44f3	True
15045	0x000941cc	0x00091ed0	3	0	0x000a1ed0	True
15046	0x000941d0	0x00094c43	3	0	0x000a4c43	True
15047	0x000941d8	0x0009786f	3	0	0x000a786f	True
15048	0x000941dc	0x000944f3	3	0	0x000a44f3	True
15049	0x000941e0	0x00092194	3	0	0x000a2194	True
15050	0x000941e4	0x00094c43	3	0	0x000a4c43	True
15051	0x000941ec	0x00097855	3	0	0x000a7855	True
15052	0x000941f0	0x0009786b	3	0	0x000a786b	True
15053	0x000941f4	0x000921a0	3	0	0x000a21a0	True
15054	0x000941f8	0x00094c43	3	0	0x000a4c43	True
15055	0x00094200	0x0009787d	3	0	0x000a787d	True
15056	0x00094204	0x000944f3	3	0	0x000a44f3	True
15057	0x00094208	0x000921ac	3	0	0x000a21ac	True
15058	0x0009420c	0x00094c43	3	0	0x000a4c43	True
15059	0x00094214	0x00097891	3	0	0x000a7891	True
15060	0x00094218	0x000944f3	3	0	0x000a44f3	True
15061	0x0009421c	0x000921b8	3	0	0x000a21b8	True
15062	0x00094220	0x00094c43	3	0	0x000a4c43	True
15063	0x00094228	0x000978a7	3	0	0x000a78a7	True
15064	0x0009422c	0x000944f3	3	0	0x000a44f3	True
15065	0x00094230	0x000921c4	3	0	0x000a21c4	True
15066	0x00094234	0x00094c43	3	0	0x000a4c43	True
15067	0x0009423c	0x000978b8	3	0	0x000a78b8	True
15068	0x00094240	0x0009786b	3	0	0x000a786b	True
15069	0x00094244	0x000921c4	3	0	0x000a21c4	True
15070	0x00094248	0x00094c43	3	0	0x000a4c43	True
15071	0x00094250	0x000978c9	3	0	0x000a78c9	True
15072	0x00094254	0x00097815	3	0	0x000a7815	True
15073	0x00094258	0x000921c4	3	0	0x000a21c4	True
15074	0x0009425c	0x00094c43	3	0	0x000a4c43	True
15075	0x00094264	0x000978c9	3	0	0x000a78c9	True
15076	0x00094268	0x0009781f	3	0	0x000a781f	True
15077	0x0009426c	0x000921c4	3	0	0x000a21c4	True
15078	0x00094270	0x00094c43	3	0	0x000a4c43	True
15079	0x00094278	0x000978cf	3	0	0x000a78cf	True
15080	0x0009427c	0x000944f3	3	0	0x000a44f3	True
15081	0x00094280	0x000921d0	3	0	0x000a21d0	True
15082	0x00094284	0x00094c43	3	0	0x000a4c43	True
15083	0x0009428c	0x000978cf	3	0	0x000a78cf	True
15084	0x00094290	0x000978e3	3	0	0x000a78e3	True
15085	0x00094294	0x000921dc	3	0	0x000a21dc	True
15086	0x00094298	0x00094c43	3	0	0x000a4c43	True
15087	0x000942a0	0x000978f3	3	0	0x000a78f3	True
15088	0x000942a4	0x000963d7	3	0	0x000a63d7	True
15089	0x000942a8	0x000921e8	3	0	0x000a21e8	True
15090	0x000942ac	0x00094c43	3	0	0x000a4c43	True
15091	0x000942b4	0x000978c9	3	0	0x000a78c9	True
15092	0x000942b8	0x00097923	3	0	0x000a7923	True
15093	0x000942bc	0x000921f4	3	0	0x000a21f4	True
15094	0x000942c0	0x00094c43	3	0	0x000a4c43	True
15095	0x000942c8	0x00097929	3	0	0x000a7929	True
15096	0x000942cc	0x000944f3	3	0	0x000a44f3	True
15097	0x000942d0	0x000921f4	3	0	0x000a21f4	True
15098	0x000942d4	0x00094c43	3	0	0x000a4c43	True
15099	0x000942dc	0x0009793a	3	0	0x000a793a	True
15100	0x000942e0	0x000944f3	3	0	0x000a44f3	True
15101	0x000942e4	0x000921f4	3	0	0x000a21f4	True
15102	0x000942e8	0x00094c43	3	0	0x000a4c43	True
15103	0x000942f0	0x000978f1	3	0	0x000a78f1	True
15104	0x000942f4	0x00097923	3	0	0x000a7923	True
15105	0x000942f8	0x0009205c	3	0	0x000a205c	True
15106	0x000942fc	0x00094c43	3	0	0x000a4c43	True
15107	0x00094304	0x0009794b	3	0	0x000a794b	True
15108	0x00094308	0x000944f3	3	0	0x000a44f3	True
15109	0x0009430c	0x0009205c	3	0	0x000a205c	True
15110	0x00094310	0x00094c43	3	0	0x000a4c43	True
15111	0x00094318	0x00097959	3	0	0x000a7959	True
15112	0x0009431c	0x000944f3	3	0	0x000a44f3	True
15113	0x00094320	0x00091ff0	3	0	0x000a1ff0	True
15114	0x00094324	0x00094c43	3	0	0x000a4c43	True
15115	0x0009432c	0x000944e9	3	0	0x000a44e9	True
15116	0x00094330	0x000963d7	3	0	0x000a63d7	True
15117	0x00094334	0x00091564	3	0	0x000a1564	True
15118	0x00094338	0x00094c43	3	0	0x000a4c43	True
15119	0x00094340	0x00097959	3	0	0x000a7959	True
15120	0x00094344	0x000963d7	3	0	0x000a63d7	True
15121	0x00094348	0x00092200	3	0	0x000a2200	True
15122	0x0009434c	0x00094c43	3	0	0x000a4c43	True
15123	0x00094354	0x000977cd	3	0	0x000a77cd	True
15124	0x00094358	0x000944f3	3	0	0x000a44f3	True
15125	0x0009435c	0x0009220c	3	0	0x000a220c	True
15126	0x00094360	0x00094c43	3	0	0x000a4c43	True
15127	0x00094368	0x00097959	3	0	0x000a7959	True
15128	0x0009436c	0x0009795b	3	0	0x000a795b	True
15129	0x00094370	0x00091540	3	0	0x000a1540	True
15130	0x00094374	0x00094c43	3	0	0x000a4c43	True
15131	0x0009437c	0x00097959	3	0	0x000a7959	True
15132	0x00094380	0x0009795d	3	0	0x000a795d	True
15133	0x00094384	0x00091540	3	0	0x000a1540	True
15134	0x00094388	0x00094c43	3	0	0x000a4c43	True
15135	0x00094390	0x00097959	3	0	0x000a7959	True
15136	0x00094394	0x00097961	3	0	0x000a7961	True
15137	0x00094398	0x00091540	3	0	0x000a1540	True
15138	0x0009439c	0x00094c43	3	0	0x000a4c43	True
15139	0x000943a4	0x00097959	3	0	0x000a7959	True
15140	0x000943a8	0x00097969	3	0	0x000a7969	True
15141	0x000943ac	0x00091540	3	0	0x000a1540	True
15142	0x000943b0	0x00094c43	3	0	0x000a4c43	True
15143	0x000943b8	0x00097959	3	0	0x000a7959	True
15144	0x000943bc	0x00097975	3	0	0x000a7975	True
15145	0x000943c0	0x00091540	3	0	0x000a1540	True
15146	0x000943c4	0x00094c43	3	0	0x000a4c43	True
15147	0x000943cc	0x00097959	3	0	0x000a7959	True
15148	0x000943d0	0x00097961	3	0	0x000a7961	True
15149	0x000943d4	0x00091540	3	0	0x000a1540	True
15150	0x000943d8	0x00094c43	3	0	0x000a4c43	True
15151	0x000943e0	0x00097959	3	0	0x000a7959	True
15152	0x000943e4	0x00097981	3	0	0x000a7981	True
15153	0x000943e8	0x00091540	3	0	0x000a1540	True
15154	0x000943ec	0x00094c43	3	0	0x000a4c43	True
15155	0x000943f4	0x000978cf	3	0	0x000a78cf	True
15156	0x000943f8	0x000944f3	3	0	0x000a44f3	True
15157	0x000943fc	0x00092218	3	0	0x000a2218	True
15158	0x00094400	0x00094c43	3	0	0x000a4c43	True
15159	0x00094408	0x00097959	3	0	0x000a7959	True
15160	0x0009440c	0x000944f3	3	0	0x000a44f3	True
15161	0x00094410	0x00092224	3	0	0x000a2224	True
15162	0x00094414	0x00094c43	3	0	0x000a4c43	True
15163	0x0009441c	0x00097987	3	0	0x000a7987	True
15164	0x00094420	0x000944f3	3	0	0x000a44f3	True
15165	0x00094424	0x00092230	3	0	0x000a2230	True
15166	0x00094428	0x00094c43	3	0	0x000a4c43	True
15167	0x00094430	0x000979ab	3	0	0x000a79ab	True
15168	0x00094434	0x000963d7	3	0	0x000a63d7	True
15169	0x00094438	0x0009223c	3	0	0x000a223c	True
15170	0x0009443c	0x00094c43	3	0	0x000a4c43	True
15171	0x00094444	0x00097959	3	0	0x000a7959	True
15172	0x00094448	0x000979e8	3	0	0x000a79e8	True
15173	0x0009444c	0x00091540	3	0	0x000a1540	True
15174	0x00094450	0x00094c43	3	0	0x000a4c43	True
15175	0x00094458	0x00097959	3	0	0x000a7959	True
15176	0x0009445c	0x000979f0	3	0	0x000a79f0	True
15177	0x00094460	0x00091540	3	0	0x000a1540	True
15178	0x00094464	0x00094c43	3	0	0x000a4c43	True
15179	0x0009446c	0x00097959	3	0	0x000a7959	True
15180	0x00094470	0x000979f6	3	0	0x000a79f6	True
15181	0x00094474	0x00091540	3	0	0x000a1540	True
15182	0x00094478	0x00094c43	3	0	0x000a4c43	True
15183	0x00094480	0x00097959	3	0	0x000a7959	True
15184	0x00094484	0x0009795d	3	0	0x000a795d	True
15185	0x00094488	0x00091540	3	0	0x000a1540	True
15186	0x0009448c	0x00094c43	3	0	0x000a4c43	True
15187	0x00069432	0x0008dd20	3	0	0x0009dd20	True
15188	0x00069447	0x0008dd20	3	0	0x0009dd20	True
15189	0x00069456	0x0008dd20	3	0	0x0009dd20	True
