index	rva	line	source	source_raw
0	0x0004cd00	92	D:\nt\private\crt32st\lowio\close.c	D:\nt\private\crt32st\lowio\close.c
1	0x0004cd08	96	D:\nt\private\crt32st\lowio\close.c	D:\nt\private\crt32st\lowio\close.c
2	0x0004cd10	98	D:\nt\private\crt32st\lowio\close.c	D:\nt\private\crt32st\lowio\close.c
3	0x0004cd1a	99	D:\nt\private\crt32st\lowio\close.c	D:\nt\private\crt32st\lowio\close.c
4	0x0004cd24	100	D:\nt\private\crt32st\lowio\close.c	D:\nt\private\crt32st\lowio\close.c
5	0x0004cd30	112	D:\nt\private\crt32st\lowio\close.c	D:\nt\private\crt32st\lowio\close.c
6	0x0004cd52	117	D:\nt\private\crt32st\lowio\close.c	D:\nt\private\crt32st\lowio\close.c
7	0x0004cd5b	135	D:\nt\private\crt32st\lowio\close.c	D:\nt\private\crt32st\lowio\close.c
8	0x0004cd5f	138	D:\nt\private\crt32st\lowio\close.c	D:\nt\private\crt32st\lowio\close.c
9	0x0004cd6c	141	D:\nt\private\crt32st\lowio\close.c	D:\nt\private\crt32st\lowio\close.c
10	0x0004cd73	143	D:\nt\private\crt32st\lowio\close.c	D:\nt\private\crt32st\lowio\close.c
11	0x0004cd75	144	D:\nt\private\crt32st\lowio\close.c	D:\nt\private\crt32st\lowio\close.c
12	0x0004cd8c	38	D:\nt\private\fp32st\tran\i386\ieee87.c	D:\nt\private\fp32st\tran\i386\ieee87.c
13	0x0004cd92	41	D:\nt\private\fp32st\tran\i386\ieee87.c	D:\nt\private\fp32st\tran\i386\ieee87.c
14	0x0004cd96	43	D:\nt\private\fp32st\tran\i386\ieee87.c	D:\nt\private\fp32st\tran\i386\ieee87.c
15	0x0004cd9a	44	D:\nt\private\fp32st\tran\i386\ieee87.c	D:\nt\private\fp32st\tran\i386\ieee87.c
16	0x0004cd9c	61	D:\nt\private\fp32st\tran\i386\ieee87.c	D:\nt\private\fp32st\tran\i386\ieee87.c
17	0x0004cda2	65	D:\nt\private\fp32st\tran\i386\ieee87.c	D:\nt\private\fp32st\tran\i386\ieee87.c
18	0x0004cda6	66	D:\nt\private\fp32st\tran\i386\ieee87.c	D:\nt\private\fp32st\tran\i386\ieee87.c
19	0x0004cda9	68	D:\nt\private\fp32st\tran\i386\ieee87.c	D:\nt\private\fp32st\tran\i386\ieee87.c
20	0x0004cdad	69	D:\nt\private\fp32st\tran\i386\ieee87.c	D:\nt\private\fp32st\tran\i386\ieee87.c
21	0x0004cdb0	87	D:\nt\private\fp32st\tran\i386\ieee87.c	D:\nt\private\fp32st\tran\i386\ieee87.c
22	0x0004cdb6	92	D:\nt\private\fp32st\tran\i386\ieee87.c	D:\nt\private\fp32st\tran\i386\ieee87.c
23	0x0004cdba	95	D:\nt\private\fp32st\tran\i386\ieee87.c	D:\nt\private\fp32st\tran\i386\ieee87.c
24	0x0004cdd4	98	D:\nt\private\fp32st\tran\i386\ieee87.c	D:\nt\private\fp32st\tran\i386\ieee87.c
25	0x0004cdd7	101	D:\nt\private\fp32st\tran\i386\ieee87.c	D:\nt\private\fp32st\tran\i386\ieee87.c
26	0x0004cddb	102	D:\nt\private\fp32st\tran\i386\ieee87.c	D:\nt\private\fp32st\tran\i386\ieee87.c
27	0x0004cdec	276	D:\nt\private\crt32st\startup\crt0dat.c	D:\nt\private\crt32st\startup\crt0dat.c
28	0x0004cdf4	322	D:\nt\private\crt32st\startup\crt0dat.c	D:\nt\private\crt32st\startup\crt0dat.c
29	0x0004ce03	323	D:\nt\private\crt32st\startup\crt0dat.c	D:\nt\private\crt32st\startup\crt0dat.c
30	0x0004ce12	324	D:\nt\private\crt32st\startup\crt0dat.c	D:\nt\private\crt32st\startup\crt0dat.c
31	0x0004ce21	327	D:\nt\private\crt32st\startup\crt0dat.c	D:\nt\private\crt32st\startup\crt0dat.c
32	0x0004ce2a	329	D:\nt\private\crt32st\startup\crt0dat.c	D:\nt\private\crt32st\startup\crt0dat.c
33	0x0004ce40	335	D:\nt\private\crt32st\startup\crt0dat.c	D:\nt\private\crt32st\startup\crt0dat.c
34	0x0004ce50	336	D:\nt\private\crt32st\startup\crt0dat.c	D:\nt\private\crt32st\startup\crt0dat.c
35	0x0004ce57	337	D:\nt\private\crt32st\startup\crt0dat.c	D:\nt\private\crt32st\startup\crt0dat.c
36	0x0004ce67	338	D:\nt\private\crt32st\startup\crt0dat.c	D:\nt\private\crt32st\startup\crt0dat.c
37	0x0004ce6e	327	D:\nt\private\crt32st\startup\crt0dat.c	D:\nt\private\crt32st\startup\crt0dat.c
38	0x0004ce7c	351	D:\nt\private\crt32st\startup\crt0dat.c	D:\nt\private\crt32st\startup\crt0dat.c
39	0x0004ce85	352	D:\nt\private\crt32st\startup\crt0dat.c	D:\nt\private\crt32st\startup\crt0dat.c
40	0x0004ce8b	358	D:\nt\private\crt32st\startup\crt0dat.c	D:\nt\private\crt32st\startup\crt0dat.c
41	0x0004ce94	359	D:\nt\private\crt32st\startup\crt0dat.c	D:\nt\private\crt32st\startup\crt0dat.c
42	0x0004ce9a	364	D:\nt\private\crt32st\startup\crt0dat.c	D:\nt\private\crt32st\startup\crt0dat.c
43	0x0004cea3	365	D:\nt\private\crt32st\startup\crt0dat.c	D:\nt\private\crt32st\startup\crt0dat.c
44	0x0004cea9	370	D:\nt\private\crt32st\startup\crt0dat.c	D:\nt\private\crt32st\startup\crt0dat.c
45	0x0004ceb2	371	D:\nt\private\crt32st\startup\crt0dat.c	D:\nt\private\crt32st\startup\crt0dat.c
46	0x0004ceb8	376	D:\nt\private\crt32st\startup\crt0dat.c	D:\nt\private\crt32st\startup\crt0dat.c
47	0x0004cec1	377	D:\nt\private\crt32st\startup\crt0dat.c	D:\nt\private\crt32st\startup\crt0dat.c
48	0x0004cec7	404	D:\nt\private\crt32st\startup\crt0dat.c	D:\nt\private\crt32st\startup\crt0dat.c
49	0x0004cecc	488	D:\nt\private\crt32st\startup\crt0dat.c	D:\nt\private\crt32st\startup\crt0dat.c
50	0x0004cecf	489	D:\nt\private\crt32st\startup\crt0dat.c	D:\nt\private\crt32st\startup\crt0dat.c
51	0x0004cedb	490	D:\nt\private\crt32st\startup\crt0dat.c	D:\nt\private\crt32st\startup\crt0dat.c
52	0x0004cee0	495	D:\nt\private\crt32st\startup\crt0dat.c	D:\nt\private\crt32st\startup\crt0dat.c
53	0x0004cee3	496	D:\nt\private\crt32st\startup\crt0dat.c	D:\nt\private\crt32st\startup\crt0dat.c
54	0x0004ceef	497	D:\nt\private\crt32st\startup\crt0dat.c	D:\nt\private\crt32st\startup\crt0dat.c
55	0x0004cef4	503	D:\nt\private\crt32st\startup\crt0dat.c	D:\nt\private\crt32st\startup\crt0dat.c
56	0x0004cf02	504	D:\nt\private\crt32st\startup\crt0dat.c	D:\nt\private\crt32st\startup\crt0dat.c
57	0x0004cf04	510	D:\nt\private\crt32st\startup\crt0dat.c	D:\nt\private\crt32st\startup\crt0dat.c
58	0x0004cf12	511	D:\nt\private\crt32st\startup\crt0dat.c	D:\nt\private\crt32st\startup\crt0dat.c
59	0x0004cf14	518	D:\nt\private\crt32st\startup\crt0dat.c	D:\nt\private\crt32st\startup\crt0dat.c
60	0x0004cf1b	526	D:\nt\private\crt32st\startup\crt0dat.c	D:\nt\private\crt32st\startup\crt0dat.c
61	0x0004cf22	528	D:\nt\private\crt32st\startup\crt0dat.c	D:\nt\private\crt32st\startup\crt0dat.c
62	0x0004cf28	532	D:\nt\private\crt32st\startup\crt0dat.c	D:\nt\private\crt32st\startup\crt0dat.c
63	0x0004cf31	533	D:\nt\private\crt32st\startup\crt0dat.c	D:\nt\private\crt32st\startup\crt0dat.c
64	0x0004cf3f	551	D:\nt\private\crt32st\startup\crt0dat.c	D:\nt\private\crt32st\startup\crt0dat.c
65	0x0004cf48	552	D:\nt\private\crt32st\startup\crt0dat.c	D:\nt\private\crt32st\startup\crt0dat.c
66	0x0004cf4e	557	D:\nt\private\crt32st\startup\crt0dat.c	D:\nt\private\crt32st\startup\crt0dat.c
67	0x0004cf57	558	D:\nt\private\crt32st\startup\crt0dat.c	D:\nt\private\crt32st\startup\crt0dat.c
68	0x0004cf5d	563	D:\nt\private\crt32st\startup\crt0dat.c	D:\nt\private\crt32st\startup\crt0dat.c
69	0x0004cf66	564	D:\nt\private\crt32st\startup\crt0dat.c	D:\nt\private\crt32st\startup\crt0dat.c
70	0x0004cf6c	592	D:\nt\private\crt32st\startup\crt0dat.c	D:\nt\private\crt32st\startup\crt0dat.c
71	0x0004cf70	607	D:\nt\private\crt32st\startup\crt0dat.c	D:\nt\private\crt32st\startup\crt0dat.c
72	0x0004cf7b	624	D:\nt\private\crt32st\startup\crt0dat.c	D:\nt\private\crt32st\startup\crt0dat.c
73	0x0004cf80	737	D:\nt\private\crt32st\startup\crt0dat.c	D:\nt\private\crt32st\startup\crt0dat.c
74	0x0004cf87	742	D:\nt\private\crt32st\startup\crt0dat.c	D:\nt\private\crt32st\startup\crt0dat.c
75	0x0004cf8c	747	D:\nt\private\crt32st\startup\crt0dat.c	D:\nt\private\crt32st\startup\crt0dat.c
76	0x0004cf91	748	D:\nt\private\crt32st\startup\crt0dat.c	D:\nt\private\crt32st\startup\crt0dat.c
77	0x0004cf93	749	D:\nt\private\crt32st\startup\crt0dat.c	D:\nt\private\crt32st\startup\crt0dat.c
78	0x0004cfbe	115	D:\nt\private\crt32st\dos\dosmap.c	D:\nt\private\crt32st\dos\dosmap.c
79	0x0004cfc5	118	D:\nt\private\crt32st\dos\dosmap.c	D:\nt\private\crt32st\dos\dosmap.c
80	0x0004cfcb	121	D:\nt\private\crt32st\dos\dosmap.c	D:\nt\private\crt32st\dos\dosmap.c
81	0x0004cfd2	122	D:\nt\private\crt32st\dos\dosmap.c	D:\nt\private\crt32st\dos\dosmap.c
82	0x0004cfe5	132	D:\nt\private\crt32st\dos\dosmap.c	D:\nt\private\crt32st\dos\dosmap.c
83	0x0004cfef	133	D:\nt\private\crt32st\dos\dosmap.c	D:\nt\private\crt32st\dos\dosmap.c
84	0x0004cff9	134	D:\nt\private\crt32st\dos\dosmap.c	D:\nt\private\crt32st\dos\dosmap.c
85	0x0004cffe	123	D:\nt\private\crt32st\dos\dosmap.c	D:\nt\private\crt32st\dos\dosmap.c
86	0x0004d00b	124	D:\nt\private\crt32st\dos\dosmap.c	D:\nt\private\crt32st\dos\dosmap.c
87	0x0004d00e	126	D:\nt\private\crt32st\dos\dosmap.c	D:\nt\private\crt32st\dos\dosmap.c
88	0x0004d01e	135	D:\nt\private\crt32st\dos\dosmap.c	D:\nt\private\crt32st\dos\dosmap.c
89	0x0004d028	136	D:\nt\private\crt32st\dos\dosmap.c	D:\nt\private\crt32st\dos\dosmap.c
90	0x0004d02e	137	D:\nt\private\crt32st\dos\dosmap.c	D:\nt\private\crt32st\dos\dosmap.c
91	0x0004d038	138	D:\nt\private\crt32st\dos\dosmap.c	D:\nt\private\crt32st\dos\dosmap.c
92	0x0004d0ca	82	D:\nt\private\crt32st\stdio\_filbuf.c	D:\nt\private\crt32st\stdio\_filbuf.c
93	0x0004d0ce	90	D:\nt\private\crt32st\stdio\_filbuf.c	D:\nt\private\crt32st\stdio\_filbuf.c
94	0x0004d0e5	93	D:\nt\private\crt32st\stdio\_filbuf.c	D:\nt\private\crt32st\stdio\_filbuf.c
95	0x0004d0eb	94	D:\nt\private\crt32st\stdio\_filbuf.c	D:\nt\private\crt32st\stdio\_filbuf.c
96	0x0004d0f6	102	D:\nt\private\crt32st\stdio\_filbuf.c	D:\nt\private\crt32st\stdio\_filbuf.c
97	0x0004d103	103	D:\nt\private\crt32st\stdio\_filbuf.c	D:\nt\private\crt32st\stdio\_filbuf.c
98	0x0004d10c	104	D:\nt\private\crt32st\stdio\_filbuf.c	D:\nt\private\crt32st\stdio\_filbuf.c
99	0x0004d10e	105	D:\nt\private\crt32st\stdio\_filbuf.c	D:\nt\private\crt32st\stdio\_filbuf.c
100	0x0004d113	107	D:\nt\private\crt32st\stdio\_filbuf.c	D:\nt\private\crt32st\stdio\_filbuf.c
101	0x0004d127	109	D:\nt\private\crt32st\stdio\_filbuf.c	D:\nt\private\crt32st\stdio\_filbuf.c
102	0x0004d130	116	D:\nt\private\crt32st\stdio\_filbuf.c	D:\nt\private\crt32st\stdio\_filbuf.c
103	0x0004d145	117	D:\nt\private\crt32st\stdio\_filbuf.c	D:\nt\private\crt32st\stdio\_filbuf.c
104	0x0004d149	119	D:\nt\private\crt32st\stdio\_filbuf.c	D:\nt\private\crt32st\stdio\_filbuf.c
105	0x0004d14c	121	D:\nt\private\crt32st\stdio\_filbuf.c	D:\nt\private\crt32st\stdio\_filbuf.c
106	0x0004d15a	110	D:\nt\private\crt32st\stdio\_filbuf.c	D:\nt\private\crt32st\stdio\_filbuf.c
107	0x0004d168	111	D:\nt\private\crt32st\stdio\_filbuf.c	D:\nt\private\crt32st\stdio\_filbuf.c
108	0x0004d16f	91	D:\nt\private\crt32st\stdio\_filbuf.c	D:\nt\private\crt32st\stdio\_filbuf.c
109	0x0004d174	122	D:\nt\private\crt32st\stdio\_filbuf.c	D:\nt\private\crt32st\stdio\_filbuf.c
110	0x0004d17a	86	D:\nt\private\crt32st\stdio\_flsbuf.c	D:\nt\private\crt32st\stdio\_flsbuf.c
111	0x0004d182	96	D:\nt\private\crt32st\stdio\_flsbuf.c	D:\nt\private\crt32st\stdio\_flsbuf.c
112	0x0004d18b	98	D:\nt\private\crt32st\stdio\_flsbuf.c	D:\nt\private\crt32st\stdio\_flsbuf.c
113	0x0004d19f	111	D:\nt\private\crt32st\stdio\_flsbuf.c	D:\nt\private\crt32st\stdio\_flsbuf.c
114	0x0004d1a5	112	D:\nt\private\crt32st\stdio\_flsbuf.c	D:\nt\private\crt32st\stdio\_flsbuf.c
115	0x0004d1ac	113	D:\nt\private\crt32st\stdio\_flsbuf.c	D:\nt\private\crt32st\stdio\_flsbuf.c
116	0x0004d1b6	114	D:\nt\private\crt32st\stdio\_flsbuf.c	D:\nt\private\crt32st\stdio\_flsbuf.c
117	0x0004d1bb	115	D:\nt\private\crt32st\stdio\_flsbuf.c	D:\nt\private\crt32st\stdio\_flsbuf.c
118	0x0004d1bf	117	D:\nt\private\crt32st\stdio\_flsbuf.c	D:\nt\private\crt32st\stdio\_flsbuf.c
119	0x0004d1c3	124	D:\nt\private\crt32st\stdio\_flsbuf.c	D:\nt\private\crt32st\stdio\_flsbuf.c
120	0x0004d1c7	125	D:\nt\private\crt32st\stdio\_flsbuf.c	D:\nt\private\crt32st\stdio\_flsbuf.c
121	0x0004d1cf	128	D:\nt\private\crt32st\stdio\_flsbuf.c	D:\nt\private\crt32st\stdio\_flsbuf.c
122	0x0004d1d8	138	D:\nt\private\crt32st\stdio\_flsbuf.c	D:\nt\private\crt32st\stdio\_flsbuf.c
123	0x0004d1f7	140	D:\nt\private\crt32st\stdio\_flsbuf.c	D:\nt\private\crt32st\stdio\_flsbuf.c
124	0x0004d200	145	D:\nt\private\crt32st\stdio\_flsbuf.c	D:\nt\private\crt32st\stdio\_flsbuf.c
125	0x0004d209	149	D:\nt\private\crt32st\stdio\_flsbuf.c	D:\nt\private\crt32st\stdio\_flsbuf.c
126	0x0004d20e	150	D:\nt\private\crt32st\stdio\_flsbuf.c	D:\nt\private\crt32st\stdio\_flsbuf.c
127	0x0004d214	151	D:\nt\private\crt32st\stdio\_flsbuf.c	D:\nt\private\crt32st\stdio\_flsbuf.c
128	0x0004d21b	153	D:\nt\private\crt32st\stdio\_flsbuf.c	D:\nt\private\crt32st\stdio\_flsbuf.c
129	0x0004d21f	154	D:\nt\private\crt32st\stdio\_flsbuf.c	D:\nt\private\crt32st\stdio\_flsbuf.c
130	0x0004d234	155	D:\nt\private\crt32st\stdio\_flsbuf.c	D:\nt\private\crt32st\stdio\_flsbuf.c
131	0x0004d239	156	D:\nt\private\crt32st\stdio\_flsbuf.c	D:\nt\private\crt32st\stdio\_flsbuf.c
132	0x0004d245	157	D:\nt\private\crt32st\stdio\_flsbuf.c	D:\nt\private\crt32st\stdio\_flsbuf.c
133	0x0004d252	159	D:\nt\private\crt32st\stdio\_flsbuf.c	D:\nt\private\crt32st\stdio\_flsbuf.c
134	0x0004d25a	163	D:\nt\private\crt32st\stdio\_flsbuf.c	D:\nt\private\crt32st\stdio\_flsbuf.c
135	0x0004d25e	164	D:\nt\private\crt32st\stdio\_flsbuf.c	D:\nt\private\crt32st\stdio\_flsbuf.c
136	0x0004d265	165	D:\nt\private\crt32st\stdio\_flsbuf.c	D:\nt\private\crt32st\stdio\_flsbuf.c
137	0x0004d279	169	D:\nt\private\crt32st\stdio\_flsbuf.c	D:\nt\private\crt32st\stdio\_flsbuf.c
138	0x0004d281	174	D:\nt\private\crt32st\stdio\_flsbuf.c	D:\nt\private\crt32st\stdio\_flsbuf.c
139	0x0004d28e	99	D:\nt\private\crt32st\stdio\_flsbuf.c	D:\nt\private\crt32st\stdio\_flsbuf.c
140	0x0004d292	100	D:\nt\private\crt32st\stdio\_flsbuf.c	D:\nt\private\crt32st\stdio\_flsbuf.c
141	0x0004d297	175	D:\nt\private\crt32st\stdio\_flsbuf.c	D:\nt\private\crt32st\stdio\_flsbuf.c
142	0x0004d2aa	42	D:\nt\private\fp32st\conv\fpinit.c	D:\nt\private\fp32st\conv\fpinit.c
143	0x0004d2af	45	D:\nt\private\fp32st\conv\fpinit.c	D:\nt\private\fp32st\conv\fpinit.c
144	0x0004d2b2	57	D:\nt\private\fp32st\conv\fpinit.c	D:\nt\private\fp32st\conv\fpinit.c
145	0x0004d2b6	61	D:\nt\private\fp32st\conv\fpinit.c	D:\nt\private\fp32st\conv\fpinit.c
146	0x0004d2c0	62	D:\nt\private\fp32st\conv\fpinit.c	D:\nt\private\fp32st\conv\fpinit.c
147	0x0004d2ca	63	D:\nt\private\fp32st\conv\fpinit.c	D:\nt\private\fp32st\conv\fpinit.c
148	0x0004d2d4	64	D:\nt\private\fp32st\conv\fpinit.c	D:\nt\private\fp32st\conv\fpinit.c
149	0x0004d2de	65	D:\nt\private\fp32st\conv\fpinit.c	D:\nt\private\fp32st\conv\fpinit.c
150	0x0004d2e8	67	D:\nt\private\fp32st\conv\fpinit.c	D:\nt\private\fp32st\conv\fpinit.c
151	0x0004d2ea	98	D:\nt\private\fp32st\conv\cvt.c	D:\nt\private\fp32st\conv\cvt.c
152	0x0004d2f0	102	D:\nt\private\fp32st\conv\cvt.c	D:\nt\private\fp32st\conv\cvt.c
153	0x0004d315	104	D:\nt\private\fp32st\conv\cvt.c	D:\nt\private\fp32st\conv\cvt.c
154	0x0004d318	106	D:\nt\private\fp32st\conv\cvt.c	D:\nt\private\fp32st\conv\cvt.c
155	0x0004d327	109	D:\nt\private\fp32st\conv\cvt.c	D:\nt\private\fp32st\conv\cvt.c
156	0x0004d32f	110	D:\nt\private\fp32st\conv\cvt.c	D:\nt\private\fp32st\conv\cvt.c
157	0x0004d338	113	D:\nt\private\fp32st\conv\cvt.c	D:\nt\private\fp32st\conv\cvt.c
158	0x0004d340	114	D:\nt\private\fp32st\conv\cvt.c	D:\nt\private\fp32st\conv\cvt.c
159	0x0004d348	115	D:\nt\private\fp32st\conv\cvt.c	D:\nt\private\fp32st\conv\cvt.c
160	0x0004d34e	118	D:\nt\private\fp32st\conv\cvt.c	D:\nt\private\fp32st\conv\cvt.c
161	0x0004d359	119	D:\nt\private\fp32st\conv\cvt.c	D:\nt\private\fp32st\conv\cvt.c
162	0x0004d35e	149	D:\nt\private\fp32st\conv\cvt.c	D:\nt\private\fp32st\conv\cvt.c
163	0x0004d364	152	D:\nt\private\fp32st\conv\cvt.c	D:\nt\private\fp32st\conv\cvt.c
164	0x0004d36b	153	D:\nt\private\fp32st\conv\cvt.c	D:\nt\private\fp32st\conv\cvt.c
165	0x0004d376	155	D:\nt\private\fp32st\conv\cvt.c	D:\nt\private\fp32st\conv\cvt.c
166	0x0004d37e	156	D:\nt\private\fp32st\conv\cvt.c	D:\nt\private\fp32st\conv\cvt.c
167	0x0004d38c	157	D:\nt\private\fp32st\conv\cvt.c	D:\nt\private\fp32st\conv\cvt.c
168	0x0004d397	159	D:\nt\private\fp32st\conv\cvt.c	D:\nt\private\fp32st\conv\cvt.c
169	0x0004d39d	161	D:\nt\private\fp32st\conv\cvt.c	D:\nt\private\fp32st\conv\cvt.c
170	0x0004d3a2	162	D:\nt\private\fp32st\conv\cvt.c	D:\nt\private\fp32st\conv\cvt.c
171	0x0004d3ad	164	D:\nt\private\fp32st\conv\cvt.c	D:\nt\private\fp32st\conv\cvt.c
172	0x0004d3b2	165	D:\nt\private\fp32st\conv\cvt.c	D:\nt\private\fp32st\conv\cvt.c
173	0x0004d3b5	167	D:\nt\private\fp32st\conv\cvt.c	D:\nt\private\fp32st\conv\cvt.c
174	0x0004d3c9	169	D:\nt\private\fp32st\conv\cvt.c	D:\nt\private\fp32st\conv\cvt.c
175	0x0004d3ce	173	D:\nt\private\fp32st\conv\cvt.c	D:\nt\private\fp32st\conv\cvt.c
176	0x0004d3d1	174	D:\nt\private\fp32st\conv\cvt.c	D:\nt\private\fp32st\conv\cvt.c
177	0x0004d3ec	175	D:\nt\private\fp32st\conv\cvt.c	D:\nt\private\fp32st\conv\cvt.c
178	0x0004d3ee	179	D:\nt\private\fp32st\conv\cvt.c	D:\nt\private\fp32st\conv\cvt.c
179	0x0004d3f1	182	D:\nt\private\fp32st\conv\cvt.c	D:\nt\private\fp32st\conv\cvt.c
180	0x0004d3fb	204	D:\nt\private\fp32st\conv\cvt.c	D:\nt\private\fp32st\conv\cvt.c
181	0x0004d40e	193	D:\nt\private\fp32st\conv\cvt.c	D:\nt\private\fp32st\conv\cvt.c
182	0x0004d41d	194	D:\nt\private\fp32st\conv\cvt.c	D:\nt\private\fp32st\conv\cvt.c
183	0x0004d422	200	D:\nt\private\fp32st\conv\cvt.c	D:\nt\private\fp32st\conv\cvt.c
184	0x0004d42f	213	D:\nt\private\fp32st\conv\cvt.c	D:\nt\private\fp32st\conv\cvt.c
185	0x0004d432	257	D:\nt\private\fp32st\conv\cvt.c	D:\nt\private\fp32st\conv\cvt.c
186	0x0004d438	275	D:\nt\private\fp32st\conv\cvt.c	D:\nt\private\fp32st\conv\cvt.c
187	0x0004d441	277	D:\nt\private\fp32st\conv\cvt.c	D:\nt\private\fp32st\conv\cvt.c
188	0x0004d449	281	D:\nt\private\fp32st\conv\cvt.c	D:\nt\private\fp32st\conv\cvt.c
189	0x0004d45b	282	D:\nt\private\fp32st\conv\cvt.c	D:\nt\private\fp32st\conv\cvt.c
190	0x0004d471	285	D:\nt\private\fp32st\conv\cvt.c	D:\nt\private\fp32st\conv\cvt.c
191	0x0004d476	286	D:\nt\private\fp32st\conv\cvt.c	D:\nt\private\fp32st\conv\cvt.c
192	0x0004d489	287	D:\nt\private\fp32st\conv\cvt.c	D:\nt\private\fp32st\conv\cvt.c
193	0x0004d4ba	294	D:\nt\private\fp32st\conv\cvt.c	D:\nt\private\fp32st\conv\cvt.c
194	0x0004d4c0	298	D:\nt\private\fp32st\conv\cvt.c	D:\nt\private\fp32st\conv\cvt.c
195	0x0004d4c8	299	D:\nt\private\fp32st\conv\cvt.c	D:\nt\private\fp32st\conv\cvt.c
196	0x0004d4d1	305	D:\nt\private\fp32st\conv\cvt.c	D:\nt\private\fp32st\conv\cvt.c
197	0x0004d4d7	306	D:\nt\private\fp32st\conv\cvt.c	D:\nt\private\fp32st\conv\cvt.c
198	0x0004d4e1	307	D:\nt\private\fp32st\conv\cvt.c	D:\nt\private\fp32st\conv\cvt.c
199	0x0004d4ea	312	D:\nt\private\fp32st\conv\cvt.c	D:\nt\private\fp32st\conv\cvt.c
200	0x0004d50c	318	D:\nt\private\fp32st\conv\cvt.c	D:\nt\private\fp32st\conv\cvt.c
201	0x0004d512	319	D:\nt\private\fp32st\conv\cvt.c	D:\nt\private\fp32st\conv\cvt.c
202	0x0004d515	321	D:\nt\private\fp32st\conv\cvt.c	D:\nt\private\fp32st\conv\cvt.c
203	0x0004d518	327	D:\nt\private\fp32st\conv\cvt.c	D:\nt\private\fp32st\conv\cvt.c
204	0x0004d523	333	D:\nt\private\fp32st\conv\cvt.c	D:\nt\private\fp32st\conv\cvt.c
205	0x0004d531	334	D:\nt\private\fp32st\conv\cvt.c	D:\nt\private\fp32st\conv\cvt.c
206	0x0004d534	335	D:\nt\private\fp32st\conv\cvt.c	D:\nt\private\fp32st\conv\cvt.c
207	0x0004d53a	338	D:\nt\private\fp32st\conv\cvt.c	D:\nt\private\fp32st\conv\cvt.c
208	0x0004d53d	340	D:\nt\private\fp32st\conv\cvt.c	D:\nt\private\fp32st\conv\cvt.c
209	0x0004d543	341	D:\nt\private\fp32st\conv\cvt.c	D:\nt\private\fp32st\conv\cvt.c
210	0x0004d553	342	D:\nt\private\fp32st\conv\cvt.c	D:\nt\private\fp32st\conv\cvt.c
211	0x0004d55c	344	D:\nt\private\fp32st\conv\cvt.c	D:\nt\private\fp32st\conv\cvt.c
212	0x0004d55f	346	D:\nt\private\fp32st\conv\cvt.c	D:\nt\private\fp32st\conv\cvt.c
213	0x0004d565	347	D:\nt\private\fp32st\conv\cvt.c	D:\nt\private\fp32st\conv\cvt.c
214	0x0004d575	348	D:\nt\private\fp32st\conv\cvt.c	D:\nt\private\fp32st\conv\cvt.c
215	0x0004d57e	351	D:\nt\private\fp32st\conv\cvt.c	D:\nt\private\fp32st\conv\cvt.c
216	0x0004d589	354	D:\nt\private\fp32st\conv\cvt.c	D:\nt\private\fp32st\conv\cvt.c
217	0x0004d58c	355	D:\nt\private\fp32st\conv\cvt.c	D:\nt\private\fp32st\conv\cvt.c
218	0x0004d58e	377	D:\nt\private\fp32st\conv\cvt.c	D:\nt\private\fp32st\conv\cvt.c
219	0x0004d594	379	D:\nt\private\fp32st\conv\cvt.c	D:\nt\private\fp32st\conv\cvt.c
220	0x0004d59b	380	D:\nt\private\fp32st\conv\cvt.c	D:\nt\private\fp32st\conv\cvt.c
221	0x0004d5ac	381	D:\nt\private\fp32st\conv\cvt.c	D:\nt\private\fp32st\conv\cvt.c
222	0x0004d5b3	383	D:\nt\private\fp32st\conv\cvt.c	D:\nt\private\fp32st\conv\cvt.c
223	0x0004d5b6	395	D:\nt\private\fp32st\conv\cvt.c	D:\nt\private\fp32st\conv\cvt.c
224	0x0004d5bc	414	D:\nt\private\fp32st\conv\cvt.c	D:\nt\private\fp32st\conv\cvt.c
225	0x0004d5c5	416	D:\nt\private\fp32st\conv\cvt.c	D:\nt\private\fp32st\conv\cvt.c
226	0x0004d5cd	419	D:\nt\private\fp32st\conv\cvt.c	D:\nt\private\fp32st\conv\cvt.c
227	0x0004d5df	420	D:\nt\private\fp32st\conv\cvt.c	D:\nt\private\fp32st\conv\cvt.c
228	0x0004d5ea	421	D:\nt\private\fp32st\conv\cvt.c	D:\nt\private\fp32st\conv\cvt.c
229	0x0004d5f5	422	D:\nt\private\fp32st\conv\cvt.c	D:\nt\private\fp32st\conv\cvt.c
230	0x0004d5fb	423	D:\nt\private\fp32st\conv\cvt.c	D:\nt\private\fp32st\conv\cvt.c
231	0x0004d601	430	D:\nt\private\fp32st\conv\cvt.c	D:\nt\private\fp32st\conv\cvt.c
232	0x0004d606	431	D:\nt\private\fp32st\conv\cvt.c	D:\nt\private\fp32st\conv\cvt.c
233	0x0004d619	432	D:\nt\private\fp32st\conv\cvt.c	D:\nt\private\fp32st\conv\cvt.c
234	0x0004d63c	439	D:\nt\private\fp32st\conv\cvt.c	D:\nt\private\fp32st\conv\cvt.c
235	0x0004d642	443	D:\nt\private\fp32st\conv\cvt.c	D:\nt\private\fp32st\conv\cvt.c
236	0x0004d64a	444	D:\nt\private\fp32st\conv\cvt.c	D:\nt\private\fp32st\conv\cvt.c
237	0x0004d653	450	D:\nt\private\fp32st\conv\cvt.c	D:\nt\private\fp32st\conv\cvt.c
238	0x0004d65c	451	D:\nt\private\fp32st\conv\cvt.c	D:\nt\private\fp32st\conv\cvt.c
239	0x0004d669	452	D:\nt\private\fp32st\conv\cvt.c	D:\nt\private\fp32st\conv\cvt.c
240	0x0004d672	454	D:\nt\private\fp32st\conv\cvt.c	D:\nt\private\fp32st\conv\cvt.c
241	0x0004d676	455	D:\nt\private\fp32st\conv\cvt.c	D:\nt\private\fp32st\conv\cvt.c
242	0x0004d67c	459	D:\nt\private\fp32st\conv\cvt.c	D:\nt\private\fp32st\conv\cvt.c
243	0x0004d682	460	D:\nt\private\fp32st\conv\cvt.c	D:\nt\private\fp32st\conv\cvt.c
244	0x0004d68f	461	D:\nt\private\fp32st\conv\cvt.c	D:\nt\private\fp32st\conv\cvt.c
245	0x0004d698	467	D:\nt\private\fp32st\conv\cvt.c	D:\nt\private\fp32st\conv\cvt.c
246	0x0004d6a1	468	D:\nt\private\fp32st\conv\cvt.c	D:\nt\private\fp32st\conv\cvt.c
247	0x0004d6aa	469	D:\nt\private\fp32st\conv\cvt.c	D:\nt\private\fp32st\conv\cvt.c
248	0x0004d6b2	471	D:\nt\private\fp32st\conv\cvt.c	D:\nt\private\fp32st\conv\cvt.c
249	0x0004d6c2	472	D:\nt\private\fp32st\conv\cvt.c	D:\nt\private\fp32st\conv\cvt.c
250	0x0004d6ce	473	D:\nt\private\fp32st\conv\cvt.c	D:\nt\private\fp32st\conv\cvt.c
251	0x0004d6db	477	D:\nt\private\fp32st\conv\cvt.c	D:\nt\private\fp32st\conv\cvt.c
252	0x0004d6de	478	D:\nt\private\fp32st\conv\cvt.c	D:\nt\private\fp32st\conv\cvt.c
253	0x0004d6e2	526	D:\nt\private\fp32st\conv\cvt.c	D:\nt\private\fp32st\conv\cvt.c
254	0x0004d6e8	528	D:\nt\private\fp32st\conv\cvt.c	D:\nt\private\fp32st\conv\cvt.c
255	0x0004d6ef	529	D:\nt\private\fp32st\conv\cvt.c	D:\nt\private\fp32st\conv\cvt.c
256	0x0004d6fd	530	D:\nt\private\fp32st\conv\cvt.c	D:\nt\private\fp32st\conv\cvt.c
257	0x0004d704	532	D:\nt\private\fp32st\conv\cvt.c	D:\nt\private\fp32st\conv\cvt.c
258	0x0004d706	565	D:\nt\private\fp32st\conv\cvt.c	D:\nt\private\fp32st\conv\cvt.c
259	0x0004d70c	585	D:\nt\private\fp32st\conv\cvt.c	D:\nt\private\fp32st\conv\cvt.c
260	0x0004d721	588	D:\nt\private\fp32st\conv\cvt.c	D:\nt\private\fp32st\conv\cvt.c
261	0x0004d72a	589	D:\nt\private\fp32st\conv\cvt.c	D:\nt\private\fp32st\conv\cvt.c
262	0x0004d741	591	D:\nt\private\fp32st\conv\cvt.c	D:\nt\private\fp32st\conv\cvt.c
263	0x0004d753	592	D:\nt\private\fp32st\conv\cvt.c	D:\nt\private\fp32st\conv\cvt.c
264	0x0004d76a	597	D:\nt\private\fp32st\conv\cvt.c	D:\nt\private\fp32st\conv\cvt.c
265	0x0004d778	601	D:\nt\private\fp32st\conv\cvt.c	D:\nt\private\fp32st\conv\cvt.c
266	0x0004d782	609	D:\nt\private\fp32st\conv\cvt.c	D:\nt\private\fp32st\conv\cvt.c
267	0x0004d79a	614	D:\nt\private\fp32st\conv\cvt.c	D:\nt\private\fp32st\conv\cvt.c
268	0x0004d7a3	616	D:\nt\private\fp32st\conv\cvt.c	D:\nt\private\fp32st\conv\cvt.c
269	0x0004d7ae	617	D:\nt\private\fp32st\conv\cvt.c	D:\nt\private\fp32st\conv\cvt.c
270	0x0004d7b5	623	D:\nt\private\fp32st\conv\cvt.c	D:\nt\private\fp32st\conv\cvt.c
271	0x0004d7c3	627	D:\nt\private\fp32st\conv\cvt.c	D:\nt\private\fp32st\conv\cvt.c
272	0x0004d7c6	669	D:\nt\private\fp32st\conv\cvt.c	D:\nt\private\fp32st\conv\cvt.c
273	0x0004d7c9	670	D:\nt\private\fp32st\conv\cvt.c	D:\nt\private\fp32st\conv\cvt.c
274	0x0004d7d5	671	D:\nt\private\fp32st\conv\cvt.c	D:\nt\private\fp32st\conv\cvt.c
275	0x0004d7e8	672	D:\nt\private\fp32st\conv\cvt.c	D:\nt\private\fp32st\conv\cvt.c
276	0x0004d7f0	673	D:\nt\private\fp32st\conv\cvt.c	D:\nt\private\fp32st\conv\cvt.c
277	0x0004d802	675	D:\nt\private\fp32st\conv\cvt.c	D:\nt\private\fp32st\conv\cvt.c
278	0x0004d813	676	D:\nt\private\fp32st\conv\cvt.c	D:\nt\private\fp32st\conv\cvt.c
279	0x0004d816	697	D:\nt\private\fp32st\conv\cvt.c	D:\nt\private\fp32st\conv\cvt.c
280	0x0004d819	698	D:\nt\private\fp32st\conv\cvt.c	D:\nt\private\fp32st\conv\cvt.c
281	0x0004d81f	699	D:\nt\private\fp32st\conv\cvt.c	D:\nt\private\fp32st\conv\cvt.c
282	0x0004d83a	700	D:\nt\private\fp32st\conv\cvt.c	D:\nt\private\fp32st\conv\cvt.c
283	0x0004d84a	44	D:\nt\private\fp32st\conv\i386\atold.c	D:\nt\private\fp32st\conv\i386\atold.c
284	0x0004d850	48	D:\nt\private\fp32st\conv\i386\atold.c	D:\nt\private\fp32st\conv\i386\atold.c
285	0x0004d862	50	D:\nt\private\fp32st\conv\i386\atold.c	D:\nt\private\fp32st\conv\i386\atold.c
286	0x0004d869	51	D:\nt\private\fp32st\conv\i386\atold.c	D:\nt\private\fp32st\conv\i386\atold.c
287	0x0004d87a	53	D:\nt\private\fp32st\conv\strgtold.c	D:\nt\private\fp32st\conv\strgtold.c
288	0x0004d880	70	D:\nt\private\fp32st\conv\strgtold.c	D:\nt\private\fp32st\conv\strgtold.c
289	0x0004d887	75	D:\nt\private\fp32st\conv\strgtold.c	D:\nt\private\fp32st\conv\strgtold.c
290	0x0004d88d	76	D:\nt\private\fp32st\conv\strgtold.c	D:\nt\private\fp32st\conv\strgtold.c
291	0x0004d894	78	D:\nt\private\fp32st\conv\strgtold.c	D:\nt\private\fp32st\conv\strgtold.c
292	0x0004d89b	79	D:\nt\private\fp32st\conv\strgtold.c	D:\nt\private\fp32st\conv\strgtold.c
293	0x0004d8a2	80	D:\nt\private\fp32st\conv\strgtold.c	D:\nt\private\fp32st\conv\strgtold.c
294	0x0004d8a9	81	D:\nt\private\fp32st\conv\strgtold.c	D:\nt\private\fp32st\conv\strgtold.c
295	0x0004d8b0	82	D:\nt\private\fp32st\conv\strgtold.c	D:\nt\private\fp32st\conv\strgtold.c
296	0x0004d8b7	83	D:\nt\private\fp32st\conv\strgtold.c	D:\nt\private\fp32st\conv\strgtold.c
297	0x0004d8be	87	D:\nt\private\fp32st\conv\strgtold.c	D:\nt\private\fp32st\conv\strgtold.c
298	0x0004d8c5	89	D:\nt\private\fp32st\conv\strgtold.c	D:\nt\private\fp32st\conv\strgtold.c
299	0x0004d8cc	95	D:\nt\private\fp32st\conv\strgtold.c	D:\nt\private\fp32st\conv\strgtold.c
300	0x0004d8fa	98	D:\nt\private\fp32st\conv\strgtold.c	D:\nt\private\fp32st\conv\strgtold.c
301	0x0004d905	99	D:\nt\private\fp32st\conv\strgtold.c	D:\nt\private\fp32st\conv\strgtold.c
302	0x0004d90e	101	D:\nt\private\fp32st\conv\strgtold.c	D:\nt\private\fp32st\conv\strgtold.c
303	0x0004d91e	106	D:\nt\private\fp32st\conv\strgtold.c	D:\nt\private\fp32st\conv\strgtold.c
304	0x0004d932	122	D:\nt\private\fp32st\conv\strgtold.c	D:\nt\private\fp32st\conv\strgtold.c
305	0x0004d939	123	D:\nt\private\fp32st\conv\strgtold.c	D:\nt\private\fp32st\conv\strgtold.c
306	0x0004d93c	124	D:\nt\private\fp32st\conv\strgtold.c	D:\nt\private\fp32st\conv\strgtold.c
307	0x0004d942	108	D:\nt\private\fp32st\conv\strgtold.c	D:\nt\private\fp32st\conv\strgtold.c
308	0x0004d949	126	D:\nt\private\fp32st\conv\strgtold.c	D:\nt\private\fp32st\conv\strgtold.c
309	0x0004d94e	111	D:\nt\private\fp32st\conv\strgtold.c	D:\nt\private\fp32st\conv\strgtold.c
310	0x0004d955	112	D:\nt\private\fp32st\conv\strgtold.c	D:\nt\private\fp32st\conv\strgtold.c
311	0x0004d95b	113	D:\nt\private\fp32st\conv\strgtold.c	D:\nt\private\fp32st\conv\strgtold.c
312	0x0004d962	115	D:\nt\private\fp32st\conv\strgtold.c	D:\nt\private\fp32st\conv\strgtold.c
313	0x0004d969	116	D:\nt\private\fp32st\conv\strgtold.c	D:\nt\private\fp32st\conv\strgtold.c
314	0x0004d96f	117	D:\nt\private\fp32st\conv\strgtold.c	D:\nt\private\fp32st\conv\strgtold.c
315	0x0004d976	163	D:\nt\private\fp32st\conv\strgtold.c	D:\nt\private\fp32st\conv\strgtold.c
316	0x0004d97d	164	D:\nt\private\fp32st\conv\strgtold.c	D:\nt\private\fp32st\conv\strgtold.c
317	0x0004d982	128	D:\nt\private\fp32st\conv\strgtold.c	D:\nt\private\fp32st\conv\strgtold.c
318	0x0004d989	129	D:\nt\private\fp32st\conv\strgtold.c	D:\nt\private\fp32st\conv\strgtold.c
319	0x0004d995	134	D:\nt\private\fp32st\conv\strgtold.c	D:\nt\private\fp32st\conv\strgtold.c
320	0x0004d9ae	142	D:\nt\private\fp32st\conv\strgtold.c	D:\nt\private\fp32st\conv\strgtold.c
321	0x0004d9b5	143	D:\nt\private\fp32st\conv\strgtold.c	D:\nt\private\fp32st\conv\strgtold.c
322	0x0004d9ba	145	D:\nt\private\fp32st\conv\strgtold.c	D:\nt\private\fp32st\conv\strgtold.c
323	0x0004d9c1	146	D:\nt\private\fp32st\conv\strgtold.c	D:\nt\private\fp32st\conv\strgtold.c
324	0x0004d9c6	153	D:\nt\private\fp32st\conv\strgtold.c	D:\nt\private\fp32st\conv\strgtold.c
325	0x0004d9d2	154	D:\nt\private\fp32st\conv\strgtold.c	D:\nt\private\fp32st\conv\strgtold.c
326	0x0004d9de	158	D:\nt\private\fp32st\conv\strgtold.c	D:\nt\private\fp32st\conv\strgtold.c
327	0x0004d9ef	166	D:\nt\private\fp32st\conv\strgtold.c	D:\nt\private\fp32st\conv\strgtold.c
328	0x0004d9f6	171	D:\nt\private\fp32st\conv\strgtold.c	D:\nt\private\fp32st\conv\strgtold.c
329	0x0004d9fd	172	D:\nt\private\fp32st\conv\strgtold.c	D:\nt\private\fp32st\conv\strgtold.c
330	0x0004da02	178	D:\nt\private\fp32st\conv\strgtold.c	D:\nt\private\fp32st\conv\strgtold.c
331	0x0004da05	179	D:\nt\private\fp32st\conv\strgtold.c	D:\nt\private\fp32st\conv\strgtold.c
332	0x0004da1d	173	D:\nt\private\fp32st\conv\strgtold.c	D:\nt\private\fp32st\conv\strgtold.c
333	0x0004da23	174	D:\nt\private\fp32st\conv\strgtold.c	D:\nt\private\fp32st\conv\strgtold.c
334	0x0004da26	175	D:\nt\private\fp32st\conv\strgtold.c	D:\nt\private\fp32st\conv\strgtold.c
335	0x0004da34	177	D:\nt\private\fp32st\conv\strgtold.c	D:\nt\private\fp32st\conv\strgtold.c
336	0x0004da36	180	D:\nt\private\fp32st\conv\strgtold.c	D:\nt\private\fp32st\conv\strgtold.c
337	0x0004da4a	196	D:\nt\private\fp32st\conv\strgtold.c	D:\nt\private\fp32st\conv\strgtold.c
338	0x0004da51	197	D:\nt\private\fp32st\conv\strgtold.c	D:\nt\private\fp32st\conv\strgtold.c
339	0x0004da57	198	D:\nt\private\fp32st\conv\strgtold.c	D:\nt\private\fp32st\conv\strgtold.c
340	0x0004da5a	199	D:\nt\private\fp32st\conv\strgtold.c	D:\nt\private\fp32st\conv\strgtold.c
341	0x0004da6e	200	D:\nt\private\fp32st\conv\strgtold.c	D:\nt\private\fp32st\conv\strgtold.c
342	0x0004da8a	201	D:\nt\private\fp32st\conv\strgtold.c	D:\nt\private\fp32st\conv\strgtold.c
343	0x0004da90	202	D:\nt\private\fp32st\conv\strgtold.c	D:\nt\private\fp32st\conv\strgtold.c
344	0x0004da93	203	D:\nt\private\fp32st\conv\strgtold.c	D:\nt\private\fp32st\conv\strgtold.c
345	0x0004daa1	204	D:\nt\private\fp32st\conv\strgtold.c	D:\nt\private\fp32st\conv\strgtold.c
346	0x0004daa4	206	D:\nt\private\fp32st\conv\strgtold.c	D:\nt\private\fp32st\conv\strgtold.c
347	0x0004daa6	207	D:\nt\private\fp32st\conv\strgtold.c	D:\nt\private\fp32st\conv\strgtold.c
348	0x0004dad2	220	D:\nt\private\fp32st\conv\strgtold.c	D:\nt\private\fp32st\conv\strgtold.c
349	0x0004dae3	221	D:\nt\private\fp32st\conv\strgtold.c	D:\nt\private\fp32st\conv\strgtold.c
350	0x0004daea	222	D:\nt\private\fp32st\conv\strgtold.c	D:\nt\private\fp32st\conv\strgtold.c
351	0x0004daf2	230	D:\nt\private\fp32st\conv\strgtold.c	D:\nt\private\fp32st\conv\strgtold.c
352	0x0004dafb	231	D:\nt\private\fp32st\conv\strgtold.c	D:\nt\private\fp32st\conv\strgtold.c
353	0x0004db07	236	D:\nt\private\fp32st\conv\strgtold.c	D:\nt\private\fp32st\conv\strgtold.c
354	0x0004db19	238	D:\nt\private\fp32st\conv\strgtold.c	D:\nt\private\fp32st\conv\strgtold.c
355	0x0004db20	251	D:\nt\private\fp32st\conv\strgtold.c	D:\nt\private\fp32st\conv\strgtold.c
356	0x0004db26	241	D:\nt\private\fp32st\conv\strgtold.c	D:\nt\private\fp32st\conv\strgtold.c
357	0x0004db2d	242	D:\nt\private\fp32st\conv\strgtold.c	D:\nt\private\fp32st\conv\strgtold.c
358	0x0004db34	243	D:\nt\private\fp32st\conv\strgtold.c	D:\nt\private\fp32st\conv\strgtold.c
359	0x0004db3a	245	D:\nt\private\fp32st\conv\strgtold.c	D:\nt\private\fp32st\conv\strgtold.c
360	0x0004db41	246	D:\nt\private\fp32st\conv\strgtold.c	D:\nt\private\fp32st\conv\strgtold.c
361	0x0004db57	254	D:\nt\private\fp32st\conv\strgtold.c	D:\nt\private\fp32st\conv\strgtold.c
362	0x0004db6b	255	D:\nt\private\fp32st\conv\strgtold.c	D:\nt\private\fp32st\conv\strgtold.c
363	0x0004db6e	264	D:\nt\private\fp32st\conv\strgtold.c	D:\nt\private\fp32st\conv\strgtold.c
364	0x0004db7a	265	D:\nt\private\fp32st\conv\strgtold.c	D:\nt\private\fp32st\conv\strgtold.c
365	0x0004db81	266	D:\nt\private\fp32st\conv\strgtold.c	D:\nt\private\fp32st\conv\strgtold.c
366	0x0004db86	269	D:\nt\private\fp32st\conv\strgtold.c	D:\nt\private\fp32st\conv\strgtold.c
367	0x0004db8f	274	D:\nt\private\fp32st\conv\strgtold.c	D:\nt\private\fp32st\conv\strgtold.c
368	0x0004db96	275	D:\nt\private\fp32st\conv\strgtold.c	D:\nt\private\fp32st\conv\strgtold.c
369	0x0004db9c	276	D:\nt\private\fp32st\conv\strgtold.c	D:\nt\private\fp32st\conv\strgtold.c
370	0x0004dba2	280	D:\nt\private\fp32st\conv\strgtold.c	D:\nt\private\fp32st\conv\strgtold.c
371	0x0004dba9	281	D:\nt\private\fp32st\conv\strgtold.c	D:\nt\private\fp32st\conv\strgtold.c
372	0x0004dbab	287	D:\nt\private\fp32st\conv\strgtold.c	D:\nt\private\fp32st\conv\strgtold.c
373	0x0004dbc6	282	D:\nt\private\fp32st\conv\strgtold.c	D:\nt\private\fp32st\conv\strgtold.c
374	0x0004dbda	283	D:\nt\private\fp32st\conv\strgtold.c	D:\nt\private\fp32st\conv\strgtold.c
375	0x0004dbe1	284	D:\nt\private\fp32st\conv\strgtold.c	D:\nt\private\fp32st\conv\strgtold.c
376	0x0004dbe8	288	D:\nt\private\fp32st\conv\strgtold.c	D:\nt\private\fp32st\conv\strgtold.c
377	0x0004dbee	290	D:\nt\private\fp32st\conv\strgtold.c	D:\nt\private\fp32st\conv\strgtold.c
378	0x0004dc4a	295	D:\nt\private\fp32st\conv\strgtold.c	D:\nt\private\fp32st\conv\strgtold.c
379	0x0004dc54	297	D:\nt\private\fp32st\conv\strgtold.c	D:\nt\private\fp32st\conv\strgtold.c
380	0x0004dc5c	303	D:\nt\private\fp32st\conv\strgtold.c	D:\nt\private\fp32st\conv\strgtold.c
381	0x0004dc7a	304	D:\nt\private\fp32st\conv\strgtold.c	D:\nt\private\fp32st\conv\strgtold.c
382	0x0004dc80	305	D:\nt\private\fp32st\conv\strgtold.c	D:\nt\private\fp32st\conv\strgtold.c
383	0x0004dc89	310	D:\nt\private\fp32st\conv\strgtold.c	D:\nt\private\fp32st\conv\strgtold.c
384	0x0004dc8f	312	D:\nt\private\fp32st\conv\strgtold.c	D:\nt\private\fp32st\conv\strgtold.c
385	0x0004dc96	313	D:\nt\private\fp32st\conv\strgtold.c	D:\nt\private\fp32st\conv\strgtold.c
386	0x0004dc99	314	D:\nt\private\fp32st\conv\strgtold.c	D:\nt\private\fp32st\conv\strgtold.c
387	0x0004dc9c	316	D:\nt\private\fp32st\conv\strgtold.c	D:\nt\private\fp32st\conv\strgtold.c
388	0x0004dcaa	322	D:\nt\private\fp32st\conv\strgtold.c	D:\nt\private\fp32st\conv\strgtold.c
389	0x0004dcad	323	D:\nt\private\fp32st\conv\strgtold.c	D:\nt\private\fp32st\conv\strgtold.c
390	0x0004dcb0	324	D:\nt\private\fp32st\conv\strgtold.c	D:\nt\private\fp32st\conv\strgtold.c
391	0x0004dcbb	325	D:\nt\private\fp32st\conv\strgtold.c	D:\nt\private\fp32st\conv\strgtold.c
392	0x0004dccf	327	D:\nt\private\fp32st\conv\strgtold.c	D:\nt\private\fp32st\conv\strgtold.c
393	0x0004dcd5	328	D:\nt\private\fp32st\conv\strgtold.c	D:\nt\private\fp32st\conv\strgtold.c
394	0x0004dcd8	329	D:\nt\private\fp32st\conv\strgtold.c	D:\nt\private\fp32st\conv\strgtold.c
395	0x0004dcde	330	D:\nt\private\fp32st\conv\strgtold.c	D:\nt\private\fp32st\conv\strgtold.c
396	0x0004dce7	331	D:\nt\private\fp32st\conv\strgtold.c	D:\nt\private\fp32st\conv\strgtold.c
397	0x0004dcee	332	D:\nt\private\fp32st\conv\strgtold.c	D:\nt\private\fp32st\conv\strgtold.c
398	0x0004dcff	333	D:\nt\private\fp32st\conv\strgtold.c	D:\nt\private\fp32st\conv\strgtold.c
399	0x0004dd06	334	D:\nt\private\fp32st\conv\strgtold.c	D:\nt\private\fp32st\conv\strgtold.c
400	0x0004dd0e	335	D:\nt\private\fp32st\conv\strgtold.c	D:\nt\private\fp32st\conv\strgtold.c
401	0x0004dd20	341	D:\nt\private\fp32st\conv\strgtold.c	D:\nt\private\fp32st\conv\strgtold.c
402	0x0004dd28	342	D:\nt\private\fp32st\conv\strgtold.c	D:\nt\private\fp32st\conv\strgtold.c
403	0x0004dd2e	343	D:\nt\private\fp32st\conv\strgtold.c	D:\nt\private\fp32st\conv\strgtold.c
404	0x0004dd34	344	D:\nt\private\fp32st\conv\strgtold.c	D:\nt\private\fp32st\conv\strgtold.c
405	0x0004dd3c	346	D:\nt\private\fp32st\conv\strgtold.c	D:\nt\private\fp32st\conv\strgtold.c
406	0x0004dd4c	347	D:\nt\private\fp32st\conv\strgtold.c	D:\nt\private\fp32st\conv\strgtold.c
407	0x0004dd52	348	D:\nt\private\fp32st\conv\strgtold.c	D:\nt\private\fp32st\conv\strgtold.c
408	0x0004dd59	349	D:\nt\private\fp32st\conv\strgtold.c	D:\nt\private\fp32st\conv\strgtold.c
409	0x0004dd5f	350	D:\nt\private\fp32st\conv\strgtold.c	D:\nt\private\fp32st\conv\strgtold.c
410	0x0004dd66	351	D:\nt\private\fp32st\conv\strgtold.c	D:\nt\private\fp32st\conv\strgtold.c
411	0x0004dd6a	353	D:\nt\private\fp32st\conv\strgtold.c	D:\nt\private\fp32st\conv\strgtold.c
412	0x0004dd6e	354	D:\nt\private\fp32st\conv\strgtold.c	D:\nt\private\fp32st\conv\strgtold.c
413	0x0004dd71	356	D:\nt\private\fp32st\conv\strgtold.c	D:\nt\private\fp32st\conv\strgtold.c
414	0x0004dd76	357	D:\nt\private\fp32st\conv\strgtold.c	D:\nt\private\fp32st\conv\strgtold.c
415	0x0004dd79	364	D:\nt\private\fp32st\conv\strgtold.c	D:\nt\private\fp32st\conv\strgtold.c
416	0x0004dd81	365	D:\nt\private\fp32st\conv\strgtold.c	D:\nt\private\fp32st\conv\strgtold.c
417	0x0004dd88	366	D:\nt\private\fp32st\conv\strgtold.c	D:\nt\private\fp32st\conv\strgtold.c
418	0x0004dd8a	367	D:\nt\private\fp32st\conv\strgtold.c	D:\nt\private\fp32st\conv\strgtold.c
419	0x0004dd92	368	D:\nt\private\fp32st\conv\strgtold.c	D:\nt\private\fp32st\conv\strgtold.c
420	0x0004dda6	374	D:\nt\private\fp32st\conv\strgtold.c	D:\nt\private\fp32st\conv\strgtold.c
421	0x0004ddb6	378	D:\nt\private\fp32st\conv\strgtold.c	D:\nt\private\fp32st\conv\strgtold.c
422	0x0004ddbc	380	D:\nt\private\fp32st\conv\strgtold.c	D:\nt\private\fp32st\conv\strgtold.c
423	0x0004ddcc	381	D:\nt\private\fp32st\conv\strgtold.c	D:\nt\private\fp32st\conv\strgtold.c
424	0x0004ddd0	383	D:\nt\private\fp32st\conv\strgtold.c	D:\nt\private\fp32st\conv\strgtold.c
425	0x0004ddd8	385	D:\nt\private\fp32st\conv\strgtold.c	D:\nt\private\fp32st\conv\strgtold.c
426	0x0004dde4	386	D:\nt\private\fp32st\conv\strgtold.c	D:\nt\private\fp32st\conv\strgtold.c
427	0x0004ddeb	387	D:\nt\private\fp32st\conv\strgtold.c	D:\nt\private\fp32st\conv\strgtold.c
428	0x0004ddf2	388	D:\nt\private\fp32st\conv\strgtold.c	D:\nt\private\fp32st\conv\strgtold.c
429	0x0004ddf6	390	D:\nt\private\fp32st\conv\strgtold.c	D:\nt\private\fp32st\conv\strgtold.c
430	0x0004de00	392	D:\nt\private\fp32st\conv\strgtold.c	D:\nt\private\fp32st\conv\strgtold.c
431	0x0004de10	393	D:\nt\private\fp32st\conv\strgtold.c	D:\nt\private\fp32st\conv\strgtold.c
432	0x0004de14	400	D:\nt\private\fp32st\conv\strgtold.c	D:\nt\private\fp32st\conv\strgtold.c
433	0x0004de1c	401	D:\nt\private\fp32st\conv\strgtold.c	D:\nt\private\fp32st\conv\strgtold.c
434	0x0004de25	402	D:\nt\private\fp32st\conv\strgtold.c	D:\nt\private\fp32st\conv\strgtold.c
435	0x0004de30	404	D:\nt\private\fp32st\conv\strgtold.c	D:\nt\private\fp32st\conv\strgtold.c
436	0x0004de33	405	D:\nt\private\fp32st\conv\strgtold.c	D:\nt\private\fp32st\conv\strgtold.c
437	0x0004de3a	37	D:\nt\private\fp32st\conv\mantold.c	D:\nt\private\fp32st\conv\mantold.c
438	0x0004de40	39	D:\nt\private\fp32st\conv\mantold.c	D:\nt\private\fp32st\conv\mantold.c
439	0x0004de47	40	D:\nt\private\fp32st\conv\mantold.c	D:\nt\private\fp32st\conv\mantold.c
440	0x0004de50	41	D:\nt\private\fp32st\conv\mantold.c	D:\nt\private\fp32st\conv\mantold.c
441	0x0004de71	42	D:\nt\private\fp32st\conv\mantold.c	D:\nt\private\fp32st\conv\mantold.c
442	0x0004de78	43	D:\nt\private\fp32st\conv\mantold.c	D:\nt\private\fp32st\conv\mantold.c
443	0x0004de80	44	D:\nt\private\fp32st\conv\mantold.c	D:\nt\private\fp32st\conv\mantold.c
444	0x0004de83	45	D:\nt\private\fp32st\conv\mantold.c	D:\nt\private\fp32st\conv\mantold.c
445	0x0004de86	67	D:\nt\private\fp32st\conv\mantold.c	D:\nt\private\fp32st\conv\mantold.c
446	0x0004de8c	69	D:\nt\private\fp32st\conv\mantold.c	D:\nt\private\fp32st\conv\mantold.c
447	0x0004dea1	70	D:\nt\private\fp32st\conv\mantold.c	D:\nt\private\fp32st\conv\mantold.c
448	0x0004dea5	71	D:\nt\private\fp32st\conv\mantold.c	D:\nt\private\fp32st\conv\mantold.c
449	0x0004debc	72	D:\nt\private\fp32st\conv\mantold.c	D:\nt\private\fp32st\conv\mantold.c
450	0x0004dec0	73	D:\nt\private\fp32st\conv\mantold.c	D:\nt\private\fp32st\conv\mantold.c
451	0x0004dec6	76	D:\nt\private\fp32st\conv\mantold.c	D:\nt\private\fp32st\conv\mantold.c
452	0x0004dee1	77	D:\nt\private\fp32st\conv\mantold.c	D:\nt\private\fp32st\conv\mantold.c
453	0x0004dee5	78	D:\nt\private\fp32st\conv\mantold.c	D:\nt\private\fp32st\conv\mantold.c
454	0x0004deeb	81	D:\nt\private\fp32st\conv\mantold.c	D:\nt\private\fp32st\conv\mantold.c
455	0x0004df03	82	D:\nt\private\fp32st\conv\mantold.c	D:\nt\private\fp32st\conv\mantold.c
456	0x0004df06	104	D:\nt\private\fp32st\conv\mantold.c	D:\nt\private\fp32st\conv\mantold.c
457	0x0004df0c	107	D:\nt\private\fp32st\conv\mantold.c	D:\nt\private\fp32st\conv\mantold.c
458	0x0004df1c	108	D:\nt\private\fp32st\conv\mantold.c	D:\nt\private\fp32st\conv\mantold.c
459	0x0004df2c	109	D:\nt\private\fp32st\conv\mantold.c	D:\nt\private\fp32st\conv\mantold.c
460	0x0004df31	110	D:\nt\private\fp32st\conv\mantold.c	D:\nt\private\fp32st\conv\mantold.c
461	0x0004df41	111	D:\nt\private\fp32st\conv\mantold.c	D:\nt\private\fp32st\conv\mantold.c
462	0x0004df51	112	D:\nt\private\fp32st\conv\mantold.c	D:\nt\private\fp32st\conv\mantold.c
463	0x0004df56	115	D:\nt\private\fp32st\conv\mantold.c	D:\nt\private\fp32st\conv\mantold.c
464	0x0004df5c	117	D:\nt\private\fp32st\conv\mantold.c	D:\nt\private\fp32st\conv\mantold.c
465	0x0004df73	118	D:\nt\private\fp32st\conv\mantold.c	D:\nt\private\fp32st\conv\mantold.c
466	0x0004df8b	119	D:\nt\private\fp32st\conv\mantold.c	D:\nt\private\fp32st\conv\mantold.c
467	0x0004df91	120	D:\nt\private\fp32st\conv\mantold.c	D:\nt\private\fp32st\conv\mantold.c
468	0x0004dfa1	121	D:\nt\private\fp32st\conv\mantold.c	D:\nt\private\fp32st\conv\mantold.c
469	0x0004dfaf	122	D:\nt\private\fp32st\conv\mantold.c	D:\nt\private\fp32st\conv\mantold.c
470	0x0004dfb2	151	D:\nt\private\fp32st\conv\mantold.c	D:\nt\private\fp32st\conv\mantold.c
471	0x0004dfba	153	D:\nt\private\fp32st\conv\mantold.c	D:\nt\private\fp32st\conv\mantold.c
472	0x0004dfc0	155	D:\nt\private\fp32st\conv\mantold.c	D:\nt\private\fp32st\conv\mantold.c
473	0x0004dfc9	156	D:\nt\private\fp32st\conv\mantold.c	D:\nt\private\fp32st\conv\mantold.c
474	0x0004dfd3	157	D:\nt\private\fp32st\conv\mantold.c	D:\nt\private\fp32st\conv\mantold.c
475	0x0004dfdd	158	D:\nt\private\fp32st\conv\mantold.c	D:\nt\private\fp32st\conv\mantold.c
476	0x0004dfe2	159	D:\nt\private\fp32st\conv\mantold.c	D:\nt\private\fp32st\conv\mantold.c
477	0x0004dfed	160	D:\nt\private\fp32st\conv\mantold.c	D:\nt\private\fp32st\conv\mantold.c
478	0x0004dff6	161	D:\nt\private\fp32st\conv\mantold.c	D:\nt\private\fp32st\conv\mantold.c
479	0x0004e001	162	D:\nt\private\fp32st\conv\mantold.c	D:\nt\private\fp32st\conv\mantold.c
480	0x0004e010	163	D:\nt\private\fp32st\conv\mantold.c	D:\nt\private\fp32st\conv\mantold.c
481	0x0004e01b	164	D:\nt\private\fp32st\conv\mantold.c	D:\nt\private\fp32st\conv\mantold.c
482	0x0004e024	165	D:\nt\private\fp32st\conv\mantold.c	D:\nt\private\fp32st\conv\mantold.c
483	0x0004e02b	166	D:\nt\private\fp32st\conv\mantold.c	D:\nt\private\fp32st\conv\mantold.c
484	0x0004e032	167	D:\nt\private\fp32st\conv\mantold.c	D:\nt\private\fp32st\conv\mantold.c
485	0x0004e041	168	D:\nt\private\fp32st\conv\mantold.c	D:\nt\private\fp32st\conv\mantold.c
486	0x0004e04d	171	D:\nt\private\fp32st\conv\mantold.c	D:\nt\private\fp32st\conv\mantold.c
487	0x0004e052	172	D:\nt\private\fp32st\conv\mantold.c	D:\nt\private\fp32st\conv\mantold.c
488	0x0004e05d	173	D:\nt\private\fp32st\conv\mantold.c	D:\nt\private\fp32st\conv\mantold.c
489	0x0004e074	174	D:\nt\private\fp32st\conv\mantold.c	D:\nt\private\fp32st\conv\mantold.c
490	0x0004e07a	175	D:\nt\private\fp32st\conv\mantold.c	D:\nt\private\fp32st\conv\mantold.c
491	0x0004e07f	176	D:\nt\private\fp32st\conv\mantold.c	D:\nt\private\fp32st\conv\mantold.c
492	0x0004e088	177	D:\nt\private\fp32st\conv\mantold.c	D:\nt\private\fp32st\conv\mantold.c
493	0x0004e08a	178	D:\nt\private\fp32st\conv\mantold.c	D:\nt\private\fp32st\conv\mantold.c
494	0x0004e093	179	D:\nt\private\fp32st\conv\mantold.c	D:\nt\private\fp32st\conv\mantold.c
495	0x0004e097	180	D:\nt\private\fp32st\conv\mantold.c	D:\nt\private\fp32st\conv\mantold.c
496	0x0004e0a0	181	D:\nt\private\fp32st\conv\mantold.c	D:\nt\private\fp32st\conv\mantold.c
497	0x0004e0a8	182	D:\nt\private\fp32st\conv\mantold.c	D:\nt\private\fp32st\conv\mantold.c
498	0x0004e0ba	37	D:\nt\private\fp32st\conv\tenpow.c	D:\nt\private\fp32st\conv\tenpow.c
499	0x0004e0c0	39	D:\nt\private\fp32st\conv\tenpow.c	D:\nt\private\fp32st\conv\tenpow.c
500	0x0004e0c6	47	D:\nt\private\fp32st\conv\tenpow.c	D:\nt\private\fp32st\conv\tenpow.c
501	0x0004e0cd	48	D:\nt\private\fp32st\conv\tenpow.c	D:\nt\private\fp32st\conv\tenpow.c
502	0x0004e0d4	49	D:\nt\private\fp32st\conv\tenpow.c	D:\nt\private\fp32st\conv\tenpow.c
503	0x0004e0db	51	D:\nt\private\fp32st\conv\tenpow.c	D:\nt\private\fp32st\conv\tenpow.c
504	0x0004e0e6	52	D:\nt\private\fp32st\conv\tenpow.c	D:\nt\private\fp32st\conv\tenpow.c
505	0x0004e0f1	54	D:\nt\private\fp32st\conv\tenpow.c	D:\nt\private\fp32st\conv\tenpow.c
506	0x0004e0fd	55	D:\nt\private\fp32st\conv\tenpow.c	D:\nt\private\fp32st\conv\tenpow.c
507	0x0004e101	56	D:\nt\private\fp32st\conv\tenpow.c	D:\nt\private\fp32st\conv\tenpow.c
508	0x0004e105	57	D:\nt\private\fp32st\conv\tenpow.c	D:\nt\private\fp32st\conv\tenpow.c
509	0x0004e111	60	D:\nt\private\fp32st\conv\tenpow.c	D:\nt\private\fp32st\conv\tenpow.c
510	0x0004e127	62	D:\nt\private\fp32st\conv\tenpow.c	D:\nt\private\fp32st\conv\tenpow.c
511	0x0004e14c	63	D:\nt\private\fp32st\conv\tenpow.c	D:\nt\private\fp32st\conv\tenpow.c
512	0x0004e14e	65	D:\nt\private\fp32st\conv\tenpow.c	D:\nt\private\fp32st\conv\tenpow.c
513	0x0004e154	67	D:\nt\private\fp32st\conv\tenpow.c	D:\nt\private\fp32st\conv\tenpow.c
514	0x0004e166	70	D:\nt\private\fp32st\conv\tenpow.c	D:\nt\private\fp32st\conv\tenpow.c
515	0x0004e16d	75	D:\nt\private\fp32st\conv\tenpow.c	D:\nt\private\fp32st\conv\tenpow.c
516	0x0004e171	76	D:\nt\private\fp32st\conv\tenpow.c	D:\nt\private\fp32st\conv\tenpow.c
517	0x0004e188	78	D:\nt\private\fp32st\conv\tenpow.c	D:\nt\private\fp32st\conv\tenpow.c
518	0x0004e18e	79	D:\nt\private\fp32st\conv\tenpow.c	D:\nt\private\fp32st\conv\tenpow.c
519	0x0004e190	80	D:\nt\private\fp32st\conv\tenpow.c	D:\nt\private\fp32st\conv\tenpow.c
520	0x0004e192	82	D:\nt\private\fp32st\conv\tenpow.c	D:\nt\private\fp32st\conv\tenpow.c
521	0x0004e199	83	D:\nt\private\fp32st\conv\tenpow.c	D:\nt\private\fp32st\conv\tenpow.c
522	0x0004e19d	84	D:\nt\private\fp32st\conv\tenpow.c	D:\nt\private\fp32st\conv\tenpow.c
523	0x0004e1b4	90	D:\nt\private\fp32st\conv\tenpow.c	D:\nt\private\fp32st\conv\tenpow.c
524	0x0004e1bb	91	D:\nt\private\fp32st\conv\tenpow.c	D:\nt\private\fp32st\conv\tenpow.c
525	0x0004e1c6	104	D:\nt\private\fp32st\conv\tenpow.c	D:\nt\private\fp32st\conv\tenpow.c
526	0x0004e1cf	105	D:\nt\private\fp32st\conv\tenpow.c	D:\nt\private\fp32st\conv\tenpow.c
527	0x0004e1d8	106	D:\nt\private\fp32st\conv\tenpow.c	D:\nt\private\fp32st\conv\tenpow.c
528	0x0004e1e2	107	D:\nt\private\fp32st\conv\tenpow.c	D:\nt\private\fp32st\conv\tenpow.c
529	0x0004e1f3	117	D:\nt\private\fp32st\conv\tenpow.c	D:\nt\private\fp32st\conv\tenpow.c
530	0x0004e207	119	D:\nt\private\fp32st\conv\tenpow.c	D:\nt\private\fp32st\conv\tenpow.c
531	0x0004e20b	121	D:\nt\private\fp32st\conv\tenpow.c	D:\nt\private\fp32st\conv\tenpow.c
532	0x0004e213	123	D:\nt\private\fp32st\conv\tenpow.c	D:\nt\private\fp32st\conv\tenpow.c
533	0x0004e217	124	D:\nt\private\fp32st\conv\tenpow.c	D:\nt\private\fp32st\conv\tenpow.c
534	0x0004e21b	125	D:\nt\private\fp32st\conv\tenpow.c	D:\nt\private\fp32st\conv\tenpow.c
535	0x0004e224	126	D:\nt\private\fp32st\conv\tenpow.c	D:\nt\private\fp32st\conv\tenpow.c
536	0x0004e228	127	D:\nt\private\fp32st\conv\tenpow.c	D:\nt\private\fp32st\conv\tenpow.c
537	0x0004e231	93	D:\nt\private\fp32st\conv\tenpow.c	D:\nt\private\fp32st\conv\tenpow.c
538	0x0004e239	94	D:\nt\private\fp32st\conv\tenpow.c	D:\nt\private\fp32st\conv\tenpow.c
539	0x0004e240	95	D:\nt\private\fp32st\conv\tenpow.c	D:\nt\private\fp32st\conv\tenpow.c
540	0x0004e24e	129	D:\nt\private\fp32st\conv\tenpow.c	D:\nt\private\fp32st\conv\tenpow.c
541	0x0004e254	133	D:\nt\private\fp32st\conv\tenpow.c	D:\nt\private\fp32st\conv\tenpow.c
542	0x0004e25c	134	D:\nt\private\fp32st\conv\tenpow.c	D:\nt\private\fp32st\conv\tenpow.c
543	0x0004e268	135	D:\nt\private\fp32st\conv\tenpow.c	D:\nt\private\fp32st\conv\tenpow.c
544	0x0004e26c	136	D:\nt\private\fp32st\conv\tenpow.c	D:\nt\private\fp32st\conv\tenpow.c
545	0x0004e273	138	D:\nt\private\fp32st\conv\tenpow.c	D:\nt\private\fp32st\conv\tenpow.c
546	0x0004e27a	139	D:\nt\private\fp32st\conv\tenpow.c	D:\nt\private\fp32st\conv\tenpow.c
547	0x0004e27e	140	D:\nt\private\fp32st\conv\tenpow.c	D:\nt\private\fp32st\conv\tenpow.c
548	0x0004e282	141	D:\nt\private\fp32st\conv\tenpow.c	D:\nt\private\fp32st\conv\tenpow.c
549	0x0004e288	142	D:\nt\private\fp32st\conv\tenpow.c	D:\nt\private\fp32st\conv\tenpow.c
550	0x0004e28b	143	D:\nt\private\fp32st\conv\tenpow.c	D:\nt\private\fp32st\conv\tenpow.c
551	0x0004e297	144	D:\nt\private\fp32st\conv\tenpow.c	D:\nt\private\fp32st\conv\tenpow.c
552	0x0004e29b	145	D:\nt\private\fp32st\conv\tenpow.c	D:\nt\private\fp32st\conv\tenpow.c
553	0x0004e2a2	146	D:\nt\private\fp32st\conv\tenpow.c	D:\nt\private\fp32st\conv\tenpow.c
554	0x0004e2a8	147	D:\nt\private\fp32st\conv\tenpow.c	D:\nt\private\fp32st\conv\tenpow.c
555	0x0004e2ac	151	D:\nt\private\fp32st\conv\tenpow.c	D:\nt\private\fp32st\conv\tenpow.c
556	0x0004e2b4	153	D:\nt\private\fp32st\conv\tenpow.c	D:\nt\private\fp32st\conv\tenpow.c
557	0x0004e2ba	154	D:\nt\private\fp32st\conv\tenpow.c	D:\nt\private\fp32st\conv\tenpow.c
558	0x0004e2c1	155	D:\nt\private\fp32st\conv\tenpow.c	D:\nt\private\fp32st\conv\tenpow.c
559	0x0004e2c7	156	D:\nt\private\fp32st\conv\tenpow.c	D:\nt\private\fp32st\conv\tenpow.c
560	0x0004e2ce	157	D:\nt\private\fp32st\conv\tenpow.c	D:\nt\private\fp32st\conv\tenpow.c
561	0x0004e2d6	159	D:\nt\private\fp32st\conv\tenpow.c	D:\nt\private\fp32st\conv\tenpow.c
562	0x0004e2dc	160	D:\nt\private\fp32st\conv\tenpow.c	D:\nt\private\fp32st\conv\tenpow.c
563	0x0004e2e0	163	D:\nt\private\fp32st\conv\tenpow.c	D:\nt\private\fp32st\conv\tenpow.c
564	0x0004e2e2	164	D:\nt\private\fp32st\conv\tenpow.c	D:\nt\private\fp32st\conv\tenpow.c
565	0x0004e2e5	166	D:\nt\private\fp32st\conv\tenpow.c	D:\nt\private\fp32st\conv\tenpow.c
566	0x0004e2ea	167	D:\nt\private\fp32st\conv\tenpow.c	D:\nt\private\fp32st\conv\tenpow.c
567	0x0004e2ed	172	D:\nt\private\fp32st\conv\tenpow.c	D:\nt\private\fp32st\conv\tenpow.c
568	0x0004e2f9	178	D:\nt\private\fp32st\conv\tenpow.c	D:\nt\private\fp32st\conv\tenpow.c
569	0x0004e303	179	D:\nt\private\fp32st\conv\tenpow.c	D:\nt\private\fp32st\conv\tenpow.c
570	0x0004e30c	180	D:\nt\private\fp32st\conv\tenpow.c	D:\nt\private\fp32st\conv\tenpow.c
571	0x0004e315	181	D:\nt\private\fp32st\conv\tenpow.c	D:\nt\private\fp32st\conv\tenpow.c
572	0x0004e324	182	D:\nt\private\fp32st\conv\tenpow.c	D:\nt\private\fp32st\conv\tenpow.c
573	0x0004e326	188	D:\nt\private\fp32st\conv\tenpow.c	D:\nt\private\fp32st\conv\tenpow.c
574	0x0004e32e	189	D:\nt\private\fp32st\conv\tenpow.c	D:\nt\private\fp32st\conv\tenpow.c
575	0x0004e335	190	D:\nt\private\fp32st\conv\tenpow.c	D:\nt\private\fp32st\conv\tenpow.c
576	0x0004e33b	192	D:\nt\private\fp32st\conv\tenpow.c	D:\nt\private\fp32st\conv\tenpow.c
577	0x0004e33d	193	D:\nt\private\fp32st\conv\tenpow.c	D:\nt\private\fp32st\conv\tenpow.c
578	0x0004e340	194	D:\nt\private\fp32st\conv\tenpow.c	D:\nt\private\fp32st\conv\tenpow.c
579	0x0004e347	197	D:\nt\private\fp32st\conv\tenpow.c	D:\nt\private\fp32st\conv\tenpow.c
580	0x0004e34d	198	D:\nt\private\fp32st\conv\tenpow.c	D:\nt\private\fp32st\conv\tenpow.c
581	0x0004e355	201	D:\nt\private\fp32st\conv\tenpow.c	D:\nt\private\fp32st\conv\tenpow.c
582	0x0004e35a	206	D:\nt\private\fp32st\conv\tenpow.c	D:\nt\private\fp32st\conv\tenpow.c
583	0x0004e35e	207	D:\nt\private\fp32st\conv\tenpow.c	D:\nt\private\fp32st\conv\tenpow.c
584	0x0004e367	208	D:\nt\private\fp32st\conv\tenpow.c	D:\nt\private\fp32st\conv\tenpow.c
585	0x0004e36b	209	D:\nt\private\fp32st\conv\tenpow.c	D:\nt\private\fp32st\conv\tenpow.c
586	0x0004e36f	211	D:\nt\private\fp32st\conv\tenpow.c	D:\nt\private\fp32st\conv\tenpow.c
587	0x0004e37b	217	D:\nt\private\fp32st\conv\tenpow.c	D:\nt\private\fp32st\conv\tenpow.c
588	0x0004e382	219	D:\nt\private\fp32st\conv\tenpow.c	D:\nt\private\fp32st\conv\tenpow.c
589	0x0004e38a	221	D:\nt\private\fp32st\conv\tenpow.c	D:\nt\private\fp32st\conv\tenpow.c
590	0x0004e38d	223	D:\nt\private\fp32st\conv\tenpow.c	D:\nt\private\fp32st\conv\tenpow.c
591	0x0004e393	225	D:\nt\private\fp32st\conv\tenpow.c	D:\nt\private\fp32st\conv\tenpow.c
592	0x0004e39f	235	D:\nt\private\fp32st\conv\tenpow.c	D:\nt\private\fp32st\conv\tenpow.c
593	0x0004e3a5	236	D:\nt\private\fp32st\conv\tenpow.c	D:\nt\private\fp32st\conv\tenpow.c
594	0x0004e3aa	44	D:\nt\private\fp32st\conv\cfout.c	D:\nt\private\fp32st\conv\cfout.c
595	0x0004e3b2	47	D:\nt\private\fp32st\conv\cfout.c	D:\nt\private\fp32st\conv\cfout.c
596	0x0004e3cd	48	D:\nt\private\fp32st\conv\cfout.c	D:\nt\private\fp32st\conv\cfout.c
597	0x0004e3ec	49	D:\nt\private\fp32st\conv\cfout.c	D:\nt\private\fp32st\conv\cfout.c
598	0x0004e3f8	50	D:\nt\private\fp32st\conv\cfout.c	D:\nt\private\fp32st\conv\cfout.c
599	0x0004e404	51	D:\nt\private\fp32st\conv\cfout.c	D:\nt\private\fp32st\conv\cfout.c
600	0x0004e40e	53	D:\nt\private\fp32st\conv\cfout.c	D:\nt\private\fp32st\conv\cfout.c
601	0x0004e413	54	D:\nt\private\fp32st\conv\cfout.c	D:\nt\private\fp32st\conv\cfout.c
602	0x0004e41a	65	D:\nt\private\fp32st\conv\x10fout.c	D:\nt\private\fp32st\conv\x10fout.c
603	0x0004e422	71	D:\nt\private\fp32st\conv\x10fout.c	D:\nt\private\fp32st\conv\x10fout.c
604	0x0004e428	72	D:\nt\private\fp32st\conv\x10fout.c	D:\nt\private\fp32st\conv\x10fout.c
605	0x0004e42e	73	D:\nt\private\fp32st\conv\x10fout.c	D:\nt\private\fp32st\conv\x10fout.c
606	0x0004e434	74	D:\nt\private\fp32st\conv\x10fout.c	D:\nt\private\fp32st\conv\x10fout.c
607	0x0004e43b	77	D:\nt\private\fp32st\conv\x10fout.c	D:\nt\private\fp32st\conv\x10fout.c
608	0x0004e44f	78	D:\nt\private\fp32st\conv\x10fout.c	D:\nt\private\fp32st\conv\x10fout.c
609	0x0004e463	93	D:\nt\private\fp32st\conv\x10fout.c	D:\nt\private\fp32st\conv\x10fout.c
610	0x0004e46a	101	D:\nt\private\fp32st\conv\x10fout.c	D:\nt\private\fp32st\conv\x10fout.c
611	0x0004e472	102	D:\nt\private\fp32st\conv\x10fout.c	D:\nt\private\fp32st\conv\x10fout.c
612	0x0004e478	103	D:\nt\private\fp32st\conv\x10fout.c	D:\nt\private\fp32st\conv\x10fout.c
613	0x0004e47e	104	D:\nt\private\fp32st\conv\x10fout.c	D:\nt\private\fp32st\conv\x10fout.c
614	0x0004e48a	105	D:\nt\private\fp32st\conv\x10fout.c	D:\nt\private\fp32st\conv\x10fout.c
615	0x0004e48e	107	D:\nt\private\fp32st\conv\x10fout.c	D:\nt\private\fp32st\conv\x10fout.c
616	0x0004e493	108	D:\nt\private\fp32st\conv\x10fout.c	D:\nt\private\fp32st\conv\x10fout.c
617	0x0004e49a	109	D:\nt\private\fp32st\conv\x10fout.c	D:\nt\private\fp32st\conv\x10fout.c
618	0x0004e49e	110	D:\nt\private\fp32st\conv\x10fout.c	D:\nt\private\fp32st\conv\x10fout.c
619	0x0004e4a5	112	D:\nt\private\fp32st\conv\x10fout.c	D:\nt\private\fp32st\conv\x10fout.c
620	0x0004e4b8	113	D:\nt\private\fp32st\conv\x10fout.c	D:\nt\private\fp32st\conv\x10fout.c
621	0x0004e4dc	114	D:\nt\private\fp32st\conv\x10fout.c	D:\nt\private\fp32st\conv\x10fout.c
622	0x0004e4e5	115	D:\nt\private\fp32st\conv\x10fout.c	D:\nt\private\fp32st\conv\x10fout.c
623	0x0004e4e6	117	D:\nt\private\fp32st\conv\x10fout.c	D:\nt\private\fp32st\conv\x10fout.c
624	0x0004e4f2	118	D:\nt\private\fp32st\conv\x10fout.c	D:\nt\private\fp32st\conv\x10fout.c
625	0x0004e4fa	121	D:\nt\private\fp32st\conv\x10fout.c	D:\nt\private\fp32st\conv\x10fout.c
626	0x0004e509	123	D:\nt\private\fp32st\conv\x10fout.c	D:\nt\private\fp32st\conv\x10fout.c
627	0x0004e538	128	D:\nt\private\fp32st\conv\x10fout.c	D:\nt\private\fp32st\conv\x10fout.c
628	0x0004e54c	129	D:\nt\private\fp32st\conv\x10fout.c	D:\nt\private\fp32st\conv\x10fout.c
629	0x0004e553	130	D:\nt\private\fp32st\conv\x10fout.c	D:\nt\private\fp32st\conv\x10fout.c
630	0x0004e55a	132	D:\nt\private\fp32st\conv\x10fout.c	D:\nt\private\fp32st\conv\x10fout.c
631	0x0004e577	134	D:\nt\private\fp32st\conv\x10fout.c	D:\nt\private\fp32st\conv\x10fout.c
632	0x0004e57e	140	D:\nt\private\fp32st\conv\x10fout.c	D:\nt\private\fp32st\conv\x10fout.c
633	0x0004e592	141	D:\nt\private\fp32st\conv\x10fout.c	D:\nt\private\fp32st\conv\x10fout.c
634	0x0004e59e	228	D:\nt\private\fp32st\conv\x10fout.c	D:\nt\private\fp32st\conv\x10fout.c
635	0x0004e5aa	229	D:\nt\private\fp32st\conv\x10fout.c	D:\nt\private\fp32st\conv\x10fout.c
636	0x0004e5b4	230	D:\nt\private\fp32st\conv\x10fout.c	D:\nt\private\fp32st\conv\x10fout.c
637	0x0004e5be	231	D:\nt\private\fp32st\conv\x10fout.c	D:\nt\private\fp32st\conv\x10fout.c
638	0x0004e5e8	232	D:\nt\private\fp32st\conv\x10fout.c	D:\nt\private\fp32st\conv\x10fout.c
639	0x0004e5f1	258	D:\nt\private\fp32st\conv\x10fout.c	D:\nt\private\fp32st\conv\x10fout.c
640	0x0004e5f9	259	D:\nt\private\fp32st\conv\x10fout.c	D:\nt\private\fp32st\conv\x10fout.c
641	0x0004e5ff	260	D:\nt\private\fp32st\conv\x10fout.c	D:\nt\private\fp32st\conv\x10fout.c
642	0x0004e605	261	D:\nt\private\fp32st\conv\x10fout.c	D:\nt\private\fp32st\conv\x10fout.c
643	0x0004e60b	264	D:\nt\private\fp32st\conv\x10fout.c	D:\nt\private\fp32st\conv\x10fout.c
644	0x0004e620	267	D:\nt\private\fp32st\conv\x10fout.c	D:\nt\private\fp32st\conv\x10fout.c
645	0x0004e628	268	D:\nt\private\fp32st\conv\x10fout.c	D:\nt\private\fp32st\conv\x10fout.c
646	0x0004e62c	269	D:\nt\private\fp32st\conv\x10fout.c	D:\nt\private\fp32st\conv\x10fout.c
647	0x0004e63c	272	D:\nt\private\fp32st\conv\x10fout.c	D:\nt\private\fp32st\conv\x10fout.c
648	0x0004e646	273	D:\nt\private\fp32st\conv\x10fout.c	D:\nt\private\fp32st\conv\x10fout.c
649	0x0004e64c	275	D:\nt\private\fp32st\conv\x10fout.c	D:\nt\private\fp32st\conv\x10fout.c
650	0x0004e653	276	D:\nt\private\fp32st\conv\x10fout.c	D:\nt\private\fp32st\conv\x10fout.c
651	0x0004e65d	282	D:\nt\private\fp32st\conv\x10fout.c	D:\nt\private\fp32st\conv\x10fout.c
652	0x0004e663	283	D:\nt\private\fp32st\conv\x10fout.c	D:\nt\private\fp32st\conv\x10fout.c
653	0x0004e66a	285	D:\nt\private\fp32st\conv\x10fout.c	D:\nt\private\fp32st\conv\x10fout.c
654	0x0004e676	286	D:\nt\private\fp32st\conv\x10fout.c	D:\nt\private\fp32st\conv\x10fout.c
655	0x0004e67c	296	D:\nt\private\fp32st\conv\x10fout.c	D:\nt\private\fp32st\conv\x10fout.c
656	0x0004e683	297	D:\nt\private\fp32st\conv\x10fout.c	D:\nt\private\fp32st\conv\x10fout.c
657	0x0004e698	299	D:\nt\private\fp32st\conv\x10fout.c	D:\nt\private\fp32st\conv\x10fout.c
658	0x0004e69e	300	D:\nt\private\fp32st\conv\x10fout.c	D:\nt\private\fp32st\conv\x10fout.c
659	0x0004e6ab	301	D:\nt\private\fp32st\conv\x10fout.c	D:\nt\private\fp32st\conv\x10fout.c
660	0x0004e6ae	302	D:\nt\private\fp32st\conv\x10fout.c	D:\nt\private\fp32st\conv\x10fout.c
661	0x0004e6c3	305	D:\nt\private\fp32st\conv\x10fout.c	D:\nt\private\fp32st\conv\x10fout.c
662	0x0004e6cc	306	D:\nt\private\fp32st\conv\x10fout.c	D:\nt\private\fp32st\conv\x10fout.c
663	0x0004e6d6	307	D:\nt\private\fp32st\conv\x10fout.c	D:\nt\private\fp32st\conv\x10fout.c
664	0x0004e6df	308	D:\nt\private\fp32st\conv\x10fout.c	D:\nt\private\fp32st\conv\x10fout.c
665	0x0004e6eb	309	D:\nt\private\fp32st\conv\x10fout.c	D:\nt\private\fp32st\conv\x10fout.c
666	0x0004e6f7	310	D:\nt\private\fp32st\conv\x10fout.c	D:\nt\private\fp32st\conv\x10fout.c
667	0x0004e707	311	D:\nt\private\fp32st\conv\x10fout.c	D:\nt\private\fp32st\conv\x10fout.c
668	0x0004e713	314	D:\nt\private\fp32st\conv\x10fout.c	D:\nt\private\fp32st\conv\x10fout.c
669	0x0004e721	315	D:\nt\private\fp32st\conv\x10fout.c	D:\nt\private\fp32st\conv\x10fout.c
670	0x0004e725	316	D:\nt\private\fp32st\conv\x10fout.c	D:\nt\private\fp32st\conv\x10fout.c
671	0x0004e72e	318	D:\nt\private\fp32st\conv\x10fout.c	D:\nt\private\fp32st\conv\x10fout.c
672	0x0004e739	319	D:\nt\private\fp32st\conv\x10fout.c	D:\nt\private\fp32st\conv\x10fout.c
673	0x0004e73c	321	D:\nt\private\fp32st\conv\x10fout.c	D:\nt\private\fp32st\conv\x10fout.c
674	0x0004e740	323	D:\nt\private\fp32st\conv\x10fout.c	D:\nt\private\fp32st\conv\x10fout.c
675	0x0004e74a	324	D:\nt\private\fp32st\conv\x10fout.c	D:\nt\private\fp32st\conv\x10fout.c
676	0x0004e74d	325	D:\nt\private\fp32st\conv\x10fout.c	D:\nt\private\fp32st\conv\x10fout.c
677	0x0004e75b	326	D:\nt\private\fp32st\conv\x10fout.c	D:\nt\private\fp32st\conv\x10fout.c
678	0x0004e766	327	D:\nt\private\fp32st\conv\x10fout.c	D:\nt\private\fp32st\conv\x10fout.c
679	0x0004e769	328	D:\nt\private\fp32st\conv\x10fout.c	D:\nt\private\fp32st\conv\x10fout.c
680	0x0004e76f	330	D:\nt\private\fp32st\conv\x10fout.c	D:\nt\private\fp32st\conv\x10fout.c
681	0x0004e774	332	D:\nt\private\fp32st\conv\x10fout.c	D:\nt\private\fp32st\conv\x10fout.c
682	0x0004e78c	335	D:\nt\private\fp32st\conv\x10fout.c	D:\nt\private\fp32st\conv\x10fout.c
683	0x0004e79b	341	D:\nt\private\fp32st\conv\x10fout.c	D:\nt\private\fp32st\conv\x10fout.c
684	0x0004e7ac	342	D:\nt\private\fp32st\conv\x10fout.c	D:\nt\private\fp32st\conv\x10fout.c
685	0x0004e7ba	344	D:\nt\private\fp32st\conv\x10fout.c	D:\nt\private\fp32st\conv\x10fout.c
686	0x0004e7bd	345	D:\nt\private\fp32st\conv\x10fout.c	D:\nt\private\fp32st\conv\x10fout.c
687	0x0004e7ca	34	D:\nt\private\fp32st\conv\ldtod.c	D:\nt\private\fp32st\conv\ldtod.c
688	0x0004e7d2	39	D:\nt\private\fp32st\conv\ldtod.c	D:\nt\private\fp32st\conv\ldtod.c
689	0x0004e7d9	40	D:\nt\private\fp32st\conv\ldtod.c	D:\nt\private\fp32st\conv\ldtod.c
690	0x0004e7df	42	D:\nt\private\fp32st\conv\ldtod.c	D:\nt\private\fp32st\conv\ldtod.c
691	0x0004e7ef	43	D:\nt\private\fp32st\conv\ldtod.c	D:\nt\private\fp32st\conv\ldtod.c
692	0x0004e7fb	44	D:\nt\private\fp32st\conv\ldtod.c	D:\nt\private\fp32st\conv\ldtod.c
693	0x0004e806	45	D:\nt\private\fp32st\conv\ldtod.c	D:\nt\private\fp32st\conv\ldtod.c
694	0x0004e80c	47	D:\nt\private\fp32st\conv\ldtod.c	D:\nt\private\fp32st\conv\ldtod.c
695	0x0004e81b	64	D:\nt\private\fp32st\conv\ldtod.c	D:\nt\private\fp32st\conv\ldtod.c
696	0x0004e821	65	D:\nt\private\fp32st\conv\ldtod.c	D:\nt\private\fp32st\conv\ldtod.c
697	0x0004e82d	66	D:\nt\private\fp32st\conv\ldtod.c	D:\nt\private\fp32st\conv\ldtod.c
698	0x0004e832	49	D:\nt\private\fp32st\conv\ldtod.c	D:\nt\private\fp32st\conv\ldtod.c
699	0x0004e838	69	D:\nt\private\fp32st\conv\ldtod.c	D:\nt\private\fp32st\conv\ldtod.c
700	0x0004e84c	70	D:\nt\private\fp32st\conv\ldtod.c	D:\nt\private\fp32st\conv\ldtod.c
701	0x0004e855	73	D:\nt\private\fp32st\conv\ldtod.c	D:\nt\private\fp32st\conv\ldtod.c
702	0x0004e85b	76	D:\nt\private\fp32st\conv\ldtod.c	D:\nt\private\fp32st\conv\ldtod.c
703	0x0004e86f	77	D:\nt\private\fp32st\conv\ldtod.c	D:\nt\private\fp32st\conv\ldtod.c
704	0x0004e872	78	D:\nt\private\fp32st\conv\ldtod.c	D:\nt\private\fp32st\conv\ldtod.c
705	0x0004e876	79	D:\nt\private\fp32st\conv\ldtod.c	D:\nt\private\fp32st\conv\ldtod.c
706	0x0004e87a	53	D:\nt\private\fp32st\conv\ldtod.c	D:\nt\private\fp32st\conv\ldtod.c
707	0x0004e886	54	D:\nt\private\fp32st\conv\ldtod.c	D:\nt\private\fp32st\conv\ldtod.c
708	0x0004e88d	55	D:\nt\private\fp32st\conv\ldtod.c	D:\nt\private\fp32st\conv\ldtod.c
709	0x0004e894	56	D:\nt\private\fp32st\conv\ldtod.c	D:\nt\private\fp32st\conv\ldtod.c
710	0x0004e89a	57	D:\nt\private\fp32st\conv\ldtod.c	D:\nt\private\fp32st\conv\ldtod.c
711	0x0004e8ac	58	D:\nt\private\fp32st\conv\ldtod.c	D:\nt\private\fp32st\conv\ldtod.c
712	0x0004e8ae	60	D:\nt\private\fp32st\conv\ldtod.c	D:\nt\private\fp32st\conv\ldtod.c
713	0x0004e8ba	61	D:\nt\private\fp32st\conv\ldtod.c	D:\nt\private\fp32st\conv\ldtod.c
714	0x0004e8c1	62	D:\nt\private\fp32st\conv\ldtod.c	D:\nt\private\fp32st\conv\ldtod.c
715	0x0004e8c6	81	D:\nt\private\fp32st\conv\ldtod.c	D:\nt\private\fp32st\conv\ldtod.c
716	0x0004e8d4	84	D:\nt\private\fp32st\conv\ldtod.c	D:\nt\private\fp32st\conv\ldtod.c
717	0x0004e8d6	107	D:\nt\private\fp32st\conv\ldtod.c	D:\nt\private\fp32st\conv\ldtod.c
718	0x0004e8dc	112	D:\nt\private\fp32st\conv\ldtod.c	D:\nt\private\fp32st\conv\ldtod.c
719	0x0004e8e8	113	D:\nt\private\fp32st\conv\ldtod.c	D:\nt\private\fp32st\conv\ldtod.c
720	0x0004e8f3	114	D:\nt\private\fp32st\conv\ldtod.c	D:\nt\private\fp32st\conv\ldtod.c
721	0x0004e8f9	115	D:\nt\private\fp32st\conv\ldtod.c	D:\nt\private\fp32st\conv\ldtod.c
722	0x0004e8ff	118	D:\nt\private\fp32st\conv\ldtod.c	D:\nt\private\fp32st\conv\ldtod.c
723	0x0004e905	119	D:\nt\private\fp32st\conv\ldtod.c	D:\nt\private\fp32st\conv\ldtod.c
724	0x0004e90b	120	D:\nt\private\fp32st\conv\ldtod.c	D:\nt\private\fp32st\conv\ldtod.c
725	0x0004e913	122	D:\nt\private\fp32st\conv\ldtod.c	D:\nt\private\fp32st\conv\ldtod.c
726	0x0004e919	123	D:\nt\private\fp32st\conv\ldtod.c	D:\nt\private\fp32st\conv\ldtod.c
727	0x0004e920	124	D:\nt\private\fp32st\conv\ldtod.c	D:\nt\private\fp32st\conv\ldtod.c
728	0x0004e927	126	D:\nt\private\fp32st\conv\ldtod.c	D:\nt\private\fp32st\conv\ldtod.c
729	0x0004e92e	128	D:\nt\private\fp32st\conv\ldtod.c	D:\nt\private\fp32st\conv\ldtod.c
730	0x0004e934	129	D:\nt\private\fp32st\conv\ldtod.c	D:\nt\private\fp32st\conv\ldtod.c
731	0x0004e93c	131	D:\nt\private\fp32st\conv\ldtod.c	D:\nt\private\fp32st\conv\ldtod.c
732	0x0004e942	132	D:\nt\private\fp32st\conv\ldtod.c	D:\nt\private\fp32st\conv\ldtod.c
733	0x0004e949	136	D:\nt\private\fp32st\conv\ldtod.c	D:\nt\private\fp32st\conv\ldtod.c
734	0x0004e950	138	D:\nt\private\fp32st\conv\ldtod.c	D:\nt\private\fp32st\conv\ldtod.c
735	0x0004e952	140	D:\nt\private\fp32st\conv\ldtod.c	D:\nt\private\fp32st\conv\ldtod.c
736	0x0004e958	141	D:\nt\private\fp32st\conv\ldtod.c	D:\nt\private\fp32st\conv\ldtod.c
737	0x0004e95b	142	D:\nt\private\fp32st\conv\ldtod.c	D:\nt\private\fp32st\conv\ldtod.c
738	0x0004e95e	143	D:\nt\private\fp32st\conv\ldtod.c	D:\nt\private\fp32st\conv\ldtod.c
739	0x0004e964	144	D:\nt\private\fp32st\conv\ldtod.c	D:\nt\private\fp32st\conv\ldtod.c
740	0x0004e968	145	D:\nt\private\fp32st\conv\ldtod.c	D:\nt\private\fp32st\conv\ldtod.c
741	0x0004e96b	146	D:\nt\private\fp32st\conv\ldtod.c	D:\nt\private\fp32st\conv\ldtod.c
742	0x0004e96f	147	D:\nt\private\fp32st\conv\ldtod.c	D:\nt\private\fp32st\conv\ldtod.c
743	0x0004e976	150	D:\nt\private\fp32st\conv\ldtod.c	D:\nt\private\fp32st\conv\ldtod.c
744	0x0004e97c	151	D:\nt\private\fp32st\conv\ldtod.c	D:\nt\private\fp32st\conv\ldtod.c
745	0x0004e97f	152	D:\nt\private\fp32st\conv\ldtod.c	D:\nt\private\fp32st\conv\ldtod.c
746	0x0004e982	153	D:\nt\private\fp32st\conv\ldtod.c	D:\nt\private\fp32st\conv\ldtod.c
747	0x0004e988	154	D:\nt\private\fp32st\conv\ldtod.c	D:\nt\private\fp32st\conv\ldtod.c
748	0x0004e98c	155	D:\nt\private\fp32st\conv\ldtod.c	D:\nt\private\fp32st\conv\ldtod.c
749	0x0004e98f	156	D:\nt\private\fp32st\conv\ldtod.c	D:\nt\private\fp32st\conv\ldtod.c
750	0x0004e995	157	D:\nt\private\fp32st\conv\ldtod.c	D:\nt\private\fp32st\conv\ldtod.c
751	0x0004e999	161	D:\nt\private\fp32st\conv\ldtod.c	D:\nt\private\fp32st\conv\ldtod.c
752	0x0004e9b3	163	D:\nt\private\fp32st\conv\ldtod.c	D:\nt\private\fp32st\conv\ldtod.c
753	0x0004e9ca	164	D:\nt\private\fp32st\conv\ldtod.c	D:\nt\private\fp32st\conv\ldtod.c
754	0x0004e9ce	165	D:\nt\private\fp32st\conv\ldtod.c	D:\nt\private\fp32st\conv\ldtod.c
755	0x0004e9e2	166	D:\nt\private\fp32st\conv\ldtod.c	D:\nt\private\fp32st\conv\ldtod.c
756	0x0004e9e6	167	D:\nt\private\fp32st\conv\ldtod.c	D:\nt\private\fp32st\conv\ldtod.c
757	0x0004e9ed	168	D:\nt\private\fp32st\conv\ldtod.c	D:\nt\private\fp32st\conv\ldtod.c
758	0x0004e9f5	169	D:\nt\private\fp32st\conv\ldtod.c	D:\nt\private\fp32st\conv\ldtod.c
759	0x0004e9f9	178	D:\nt\private\fp32st\conv\ldtod.c	D:\nt\private\fp32st\conv\ldtod.c
760	0x0004ea20	179	D:\nt\private\fp32st\conv\ldtod.c	D:\nt\private\fp32st\conv\ldtod.c
761	0x0004ea31	180	D:\nt\private\fp32st\conv\ldtod.c	D:\nt\private\fp32st\conv\ldtod.c
762	0x0004ea34	181	D:\nt\private\fp32st\conv\ldtod.c	D:\nt\private\fp32st\conv\ldtod.c
763	0x0004ea3a	55	D:\nt\private\crt32st\convert\_fptostr.c	D:\nt\private\crt32st\convert\_fptostr.c
764	0x0004ea46	57	D:\nt\private\crt32st\convert\_fptostr.c	D:\nt\private\crt32st\convert\_fptostr.c
765	0x0004ea4c	65	D:\nt\private\crt32st\convert\_fptostr.c	D:\nt\private\crt32st\convert\_fptostr.c
766	0x0004ea54	71	D:\nt\private\crt32st\convert\_fptostr.c	D:\nt\private\crt32st\convert\_fptostr.c
767	0x0004ea58	72	D:\nt\private\crt32st\convert\_fptostr.c	D:\nt\private\crt32st\convert\_fptostr.c
768	0x0004ea6a	74	D:\nt\private\crt32st\convert\_fptostr.c	D:\nt\private\crt32st\convert\_fptostr.c
769	0x0004ea6f	75	D:\nt\private\crt32st\convert\_fptostr.c	D:\nt\private\crt32st\convert\_fptostr.c
770	0x0004ea72	82	D:\nt\private\crt32st\convert\_fptostr.c	D:\nt\private\crt32st\convert\_fptostr.c
771	0x0004ea7b	84	D:\nt\private\crt32st\convert\_fptostr.c	D:\nt\private\crt32st\convert\_fptostr.c
772	0x0004ea81	85	D:\nt\private\crt32st\convert\_fptostr.c	D:\nt\private\crt32st\convert\_fptostr.c
773	0x0004ea8a	86	D:\nt\private\crt32st\convert\_fptostr.c	D:\nt\private\crt32st\convert\_fptostr.c
774	0x0004ea8c	89	D:\nt\private\crt32st\convert\_fptostr.c	D:\nt\private\crt32st\convert\_fptostr.c
775	0x0004ea91	94	D:\nt\private\crt32st\convert\_fptostr.c	D:\nt\private\crt32st\convert\_fptostr.c
776	0x0004ea97	96	D:\nt\private\crt32st\convert\_fptostr.c	D:\nt\private\crt32st\convert\_fptostr.c
777	0x0004ea9e	100	D:\nt\private\crt32st\convert\_fptostr.c	D:\nt\private\crt32st\convert\_fptostr.c
778	0x0004eac5	102	D:\nt\private\crt32st\convert\_fptostr.c	D:\nt\private\crt32st\convert\_fptostr.c
779	0x0004eaca	56	D:\nt\private\crt32st\startup\crt0fp.c	D:\nt\private\crt32st\startup\crt0fp.c
780	0x0004ead4	57	D:\nt\private\crt32st\startup\crt0fp.c	D:\nt\private\crt32st\startup\crt0fp.c
781	0x0004eada	154	D:\nt\private\crt32st\startup\crt0.c	D:\nt\private\crt32st\startup\crt0.c
782	0x0004eae6	161	D:\nt\private\crt32st\startup\crt0.c	D:\nt\private\crt32st\startup\crt0.c
783	0x0004eaf0	162	D:\nt\private\crt32st\startup\crt0.c	D:\nt\private\crt32st\startup\crt0.c
784	0x0004eafa	169	D:\nt\private\crt32st\startup\crt0.c	D:\nt\private\crt32st\startup\crt0.c
785	0x0004eb04	174	D:\nt\private\crt32st\startup\crt0.c	D:\nt\private\crt32st\startup\crt0.c
786	0x0004eb0c	175	D:\nt\private\crt32st\startup\crt0.c	D:\nt\private\crt32st\startup\crt0.c
787	0x0004eb18	176	D:\nt\private\crt32st\startup\crt0.c	D:\nt\private\crt32st\startup\crt0.c
788	0x0004eb27	182	D:\nt\private\crt32st\startup\crt0.c	D:\nt\private\crt32st\startup\crt0.c
789	0x0004eb40	183	D:\nt\private\crt32st\startup\crt0.c	D:\nt\private\crt32st\startup\crt0.c
790	0x0004eb52	196	D:\nt\private\crt32st\startup\crt0.c	D:\nt\private\crt32st\startup\crt0.c
791	0x0004eb57	197	D:\nt\private\crt32st\startup\crt0.c	D:\nt\private\crt32st\startup\crt0.c
792	0x0004eb5c	198	D:\nt\private\crt32st\startup\crt0.c	D:\nt\private\crt32st\startup\crt0.c
793	0x0004eb61	199	D:\nt\private\crt32st\startup\crt0.c	D:\nt\private\crt32st\startup\crt0.c
794	0x0004eb66	201	D:\nt\private\crt32st\startup\crt0.c	D:\nt\private\crt32st\startup\crt0.c
795	0x0004eb6b	332	D:\nt\private\crt32st\startup\crt0.c	D:\nt\private\crt32st\startup\crt0.c
796	0x0004eb8e	355	D:\nt\private\crt32st\startup\crt0.c	D:\nt\private\crt32st\startup\crt0.c
797	0x0004ebab	358	D:\nt\private\crt32st\startup\crt0.c	D:\nt\private\crt32st\startup\crt0.c
798	0x0004ebe1	359	D:\nt\private\crt32st\startup\crt0.c	D:\nt\private\crt32st\startup\crt0.c
799	0x0004ebec	372	D:\nt\private\crt32st\startup\crt0.c	D:\nt\private\crt32st\startup\crt0.c
800	0x0004ebf7	373	D:\nt\private\crt32st\startup\crt0.c	D:\nt\private\crt32st\startup\crt0.c
801	0x0004ebfe	429	D:\nt\private\crt32st\startup\crt0.c	D:\nt\private\crt32st\startup\crt0.c
802	0x0004ec06	462	D:\nt\private\crt32st\startup\crt0.c	D:\nt\private\crt32st\startup\crt0.c
803	0x0004ec12	463	D:\nt\private\crt32st\startup\crt0.c	D:\nt\private\crt32st\startup\crt0.c
804	0x0004ec18	467	D:\nt\private\crt32st\startup\crt0.c	D:\nt\private\crt32st\startup\crt0.c
805	0x0004ec20	471	D:\nt\private\crt32st\startup\crt0.c	D:\nt\private\crt32st\startup\crt0.c
806	0x0004ec3d	476	D:\nt\private\crt32st\startup\crt0.c	D:\nt\private\crt32st\startup\crt0.c
807	0x0004ec60	487	D:\nt\private\crt32st\startup\crt0.c	D:\nt\private\crt32st\startup\crt0.c
808	0x0004ec66	514	D:\nt\private\crt32st\startup\crt0.c	D:\nt\private\crt32st\startup\crt0.c
809	0x0004ec69	515	D:\nt\private\crt32st\startup\crt0.c	D:\nt\private\crt32st\startup\crt0.c
810	0x0004ec6e	516	D:\nt\private\crt32st\startup\crt0.c	D:\nt\private\crt32st\startup\crt0.c
811	0x0004ec78	517	D:\nt\private\crt32st\startup\crt0.c	D:\nt\private\crt32st\startup\crt0.c
812	0x0004ec83	518	D:\nt\private\crt32st\startup\crt0.c	D:\nt\private\crt32st\startup\crt0.c
813	0x0004eca8	146	D:\nt\private\crt32st\startup\crt0msg.c	D:\nt\private\crt32st\startup\crt0msg.c
814	0x0004ecb5	147	D:\nt\private\crt32st\startup\crt0msg.c	D:\nt\private\crt32st\startup\crt0msg.c
815	0x0004ecbe	148	D:\nt\private\crt32st\startup\crt0msg.c	D:\nt\private\crt32st\startup\crt0msg.c
816	0x0004ecc4	149	D:\nt\private\crt32st\startup\crt0msg.c	D:\nt\private\crt32st\startup\crt0msg.c
817	0x0004ecd1	150	D:\nt\private\crt32st\startup\crt0msg.c	D:\nt\private\crt32st\startup\crt0msg.c
818	0x0004ecd4	174	D:\nt\private\crt32st\startup\crt0msg.c	D:\nt\private\crt32st\startup\crt0msg.c
819	0x0004ecdc	179	D:\nt\private\crt32st\startup\crt0msg.c	D:\nt\private\crt32st\startup\crt0msg.c
820	0x0004ece6	180	D:\nt\private\crt32st\startup\crt0msg.c	D:\nt\private\crt32st\startup\crt0msg.c
821	0x0004ecf6	183	D:\nt\private\crt32st\startup\crt0msg.c	D:\nt\private\crt32st\startup\crt0msg.c
822	0x0004ed06	194	D:\nt\private\crt32st\startup\crt0msg.c	D:\nt\private\crt32st\startup\crt0msg.c
823	0x0004ed35	211	D:\nt\private\crt32st\startup\crt0msg.c	D:\nt\private\crt32st\startup\crt0msg.c
824	0x0004ed4e	74	D:\nt\private\crt32st\lowio\osfinfo.c	D:\nt\private\crt32st\lowio\osfinfo.c
825	0x0004ed58	76	D:\nt\private\crt32st\lowio\osfinfo.c	D:\nt\private\crt32st\lowio\osfinfo.c
826	0x0004ed6e	81	D:\nt\private\crt32st\lowio\osfinfo.c	D:\nt\private\crt32st\lowio\osfinfo.c
827	0x0004ed79	99	D:\nt\private\crt32st\lowio\osfinfo.c	D:\nt\private\crt32st\lowio\osfinfo.c
828	0x0004ed8c	100	D:\nt\private\crt32st\lowio\osfinfo.c	D:\nt\private\crt32st\lowio\osfinfo.c
829	0x0004ed8e	126	D:\nt\private\crt32st\lowio\osfinfo.c	D:\nt\private\crt32st\lowio\osfinfo.c
830	0x0004ed98	129	D:\nt\private\crt32st\lowio\osfinfo.c	D:\nt\private\crt32st\lowio\osfinfo.c
831	0x0004edb2	130	D:\nt\private\crt32st\lowio\osfinfo.c	D:\nt\private\crt32st\lowio\osfinfo.c
832	0x0004edb4	134	D:\nt\private\crt32st\lowio\osfinfo.c	D:\nt\private\crt32st\lowio\osfinfo.c
833	0x0004edc2	131	D:\nt\private\crt32st\lowio\osfinfo.c	D:\nt\private\crt32st\lowio\osfinfo.c
834	0x0004edca	132	D:\nt\private\crt32st\lowio\osfinfo.c	D:\nt\private\crt32st\lowio\osfinfo.c
835	0x0004edd2	133	D:\nt\private\crt32st\lowio\osfinfo.c	D:\nt\private\crt32st\lowio\osfinfo.c
836	0x0004eddf	136	D:\nt\private\crt32st\lowio\osfinfo.c	D:\nt\private\crt32st\lowio\osfinfo.c
837	0x0004ede7	137	D:\nt\private\crt32st\lowio\osfinfo.c	D:\nt\private\crt32st\lowio\osfinfo.c
838	0x0004edee	139	D:\nt\private\crt32st\lowio\osfinfo.c	D:\nt\private\crt32st\lowio\osfinfo.c
839	0x0004edf8	140	D:\nt\private\crt32st\lowio\osfinfo.c	D:\nt\private\crt32st\lowio\osfinfo.c
840	0x0004ee02	141	D:\nt\private\crt32st\lowio\osfinfo.c	D:\nt\private\crt32st\lowio\osfinfo.c
841	0x0004ee07	143	D:\nt\private\crt32st\lowio\osfinfo.c	D:\nt\private\crt32st\lowio\osfinfo.c
842	0x0004ee0a	167	D:\nt\private\crt32st\lowio\osfinfo.c	D:\nt\private\crt32st\lowio\osfinfo.c
843	0x0004ee14	171	D:\nt\private\crt32st\lowio\osfinfo.c	D:\nt\private\crt32st\lowio\osfinfo.c
844	0x0004ee37	172	D:\nt\private\crt32st\lowio\osfinfo.c	D:\nt\private\crt32st\lowio\osfinfo.c
845	0x0004ee39	176	D:\nt\private\crt32st\lowio\osfinfo.c	D:\nt\private\crt32st\lowio\osfinfo.c
846	0x0004ee46	173	D:\nt\private\crt32st\lowio\osfinfo.c	D:\nt\private\crt32st\lowio\osfinfo.c
847	0x0004ee4e	174	D:\nt\private\crt32st\lowio\osfinfo.c	D:\nt\private\crt32st\lowio\osfinfo.c
848	0x0004ee56	175	D:\nt\private\crt32st\lowio\osfinfo.c	D:\nt\private\crt32st\lowio\osfinfo.c
849	0x0004ee62	178	D:\nt\private\crt32st\lowio\osfinfo.c	D:\nt\private\crt32st\lowio\osfinfo.c
850	0x0004ee6b	179	D:\nt\private\crt32st\lowio\osfinfo.c	D:\nt\private\crt32st\lowio\osfinfo.c
851	0x0004ee72	181	D:\nt\private\crt32st\lowio\osfinfo.c	D:\nt\private\crt32st\lowio\osfinfo.c
852	0x0004ee7c	182	D:\nt\private\crt32st\lowio\osfinfo.c	D:\nt\private\crt32st\lowio\osfinfo.c
853	0x0004ee86	183	D:\nt\private\crt32st\lowio\osfinfo.c	D:\nt\private\crt32st\lowio\osfinfo.c
854	0x0004ee8b	185	D:\nt\private\crt32st\lowio\osfinfo.c	D:\nt\private\crt32st\lowio\osfinfo.c
855	0x0004ee8e	209	D:\nt\private\crt32st\lowio\osfinfo.c	D:\nt\private\crt32st\lowio\osfinfo.c
856	0x0004ee94	210	D:\nt\private\crt32st\lowio\osfinfo.c	D:\nt\private\crt32st\lowio\osfinfo.c
857	0x0004eea5	211	D:\nt\private\crt32st\lowio\osfinfo.c	D:\nt\private\crt32st\lowio\osfinfo.c
858	0x0004eeae	213	D:\nt\private\crt32st\lowio\osfinfo.c	D:\nt\private\crt32st\lowio\osfinfo.c
859	0x0004eeb8	214	D:\nt\private\crt32st\lowio\osfinfo.c	D:\nt\private\crt32st\lowio\osfinfo.c
860	0x0004eec2	215	D:\nt\private\crt32st\lowio\osfinfo.c	D:\nt\private\crt32st\lowio\osfinfo.c
861	0x0004eec7	217	D:\nt\private\crt32st\lowio\osfinfo.c	D:\nt\private\crt32st\lowio\osfinfo.c
862	0x0004eeca	242	D:\nt\private\crt32st\lowio\osfinfo.c	D:\nt\private\crt32st\lowio\osfinfo.c
863	0x0004eed4	250	D:\nt\private\crt32st\lowio\osfinfo.c	D:\nt\private\crt32st\lowio\osfinfo.c
864	0x0004eed8	253	D:\nt\private\crt32st\lowio\osfinfo.c	D:\nt\private\crt32st\lowio\osfinfo.c
865	0x0004eedd	254	D:\nt\private\crt32st\lowio\osfinfo.c	D:\nt\private\crt32st\lowio\osfinfo.c
866	0x0004eee1	255	D:\nt\private\crt32st\lowio\osfinfo.c	D:\nt\private\crt32st\lowio\osfinfo.c
867	0x0004eeeb	256	D:\nt\private\crt32st\lowio\osfinfo.c	D:\nt\private\crt32st\lowio\osfinfo.c
868	0x0004eeef	261	D:\nt\private\crt32st\lowio\osfinfo.c	D:\nt\private\crt32st\lowio\osfinfo.c
869	0x0004ef00	265	D:\nt\private\crt32st\lowio\osfinfo.c	D:\nt\private\crt32st\lowio\osfinfo.c
870	0x0004ef0e	266	D:\nt\private\crt32st\lowio\osfinfo.c	D:\nt\private\crt32st\lowio\osfinfo.c
871	0x0004ef16	270	D:\nt\private\crt32st\lowio\osfinfo.c	D:\nt\private\crt32st\lowio\osfinfo.c
872	0x0004ef1b	271	D:\nt\private\crt32st\lowio\osfinfo.c	D:\nt\private\crt32st\lowio\osfinfo.c
873	0x0004ef1f	272	D:\nt\private\crt32st\lowio\osfinfo.c	D:\nt\private\crt32st\lowio\osfinfo.c
874	0x0004ef27	273	D:\nt\private\crt32st\lowio\osfinfo.c	D:\nt\private\crt32st\lowio\osfinfo.c
875	0x0004ef2b	278	D:\nt\private\crt32st\lowio\osfinfo.c	D:\nt\private\crt32st\lowio\osfinfo.c
876	0x0004ef37	279	D:\nt\private\crt32st\lowio\osfinfo.c	D:\nt\private\crt32st\lowio\osfinfo.c
877	0x0004ef41	280	D:\nt\private\crt32st\lowio\osfinfo.c	D:\nt\private\crt32st\lowio\osfinfo.c
878	0x0004ef4e	288	D:\nt\private\crt32st\lowio\osfinfo.c	D:\nt\private\crt32st\lowio\osfinfo.c
879	0x0004ef5a	292	D:\nt\private\crt32st\lowio\osfinfo.c	D:\nt\private\crt32st\lowio\osfinfo.c
880	0x0004ef65	296	D:\nt\private\crt32st\lowio\osfinfo.c	D:\nt\private\crt32st\lowio\osfinfo.c
881	0x0004ef67	297	D:\nt\private\crt32st\lowio\osfinfo.c	D:\nt\private\crt32st\lowio\osfinfo.c
882	0x0004ef74	62	D:\nt\private\crt32st\stdio\_getbuf.c	D:\nt\private\crt32st\stdio\_getbuf.c
883	0x0004ef78	68	D:\nt\private\crt32st\stdio\_getbuf.c	D:\nt\private\crt32st\stdio\_getbuf.c
884	0x0004ef7e	71	D:\nt\private\crt32st\stdio\_getbuf.c	D:\nt\private\crt32st\stdio\_getbuf.c
885	0x0004ef81	75	D:\nt\private\crt32st\stdio\_getbuf.c	D:\nt\private\crt32st\stdio\_getbuf.c
886	0x0004ef95	78	D:\nt\private\crt32st\stdio\_getbuf.c	D:\nt\private\crt32st\stdio\_getbuf.c
887	0x0004ef99	79	D:\nt\private\crt32st\stdio\_getbuf.c	D:\nt\private\crt32st\stdio\_getbuf.c
888	0x0004efa0	82	D:\nt\private\crt32st\stdio\_getbuf.c	D:\nt\private\crt32st\stdio\_getbuf.c
889	0x0004efa4	85	D:\nt\private\crt32st\stdio\_getbuf.c	D:\nt\private\crt32st\stdio\_getbuf.c
890	0x0004efa8	86	D:\nt\private\crt32st\stdio\_getbuf.c	D:\nt\private\crt32st\stdio\_getbuf.c
891	0x0004efae	87	D:\nt\private\crt32st\stdio\_getbuf.c	D:\nt\private\crt32st\stdio\_getbuf.c
892	0x0004efb5	90	D:\nt\private\crt32st\stdio\_getbuf.c	D:\nt\private\crt32st\stdio\_getbuf.c
893	0x0004efba	91	D:\nt\private\crt32st\stdio\_getbuf.c	D:\nt\private\crt32st\stdio\_getbuf.c
894	0x0004efc1	94	D:\nt\private\crt32st\stdio\_getbuf.c	D:\nt\private\crt32st\stdio\_getbuf.c
895	0x0004efc4	147	D:\nt\private\crt32st\stdio\fflush.c	D:\nt\private\crt32st\stdio\fflush.c
896	0x0004efcb	150	D:\nt\private\crt32st\stdio\fflush.c	D:\nt\private\crt32st\stdio\fflush.c
897	0x0004efcf	151	D:\nt\private\crt32st\stdio\fflush.c	D:\nt\private\crt32st\stdio\fflush.c
898	0x0004efdc	156	D:\nt\private\crt32st\stdio\fflush.c	D:\nt\private\crt32st\stdio\fflush.c
899	0x0004efe9	158	D:\nt\private\crt32st\stdio\fflush.c	D:\nt\private\crt32st\stdio\fflush.c
900	0x0004eff4	162	D:\nt\private\crt32st\stdio\fflush.c	D:\nt\private\crt32st\stdio\fflush.c
901	0x0004effa	163	D:\nt\private\crt32st\stdio\fflush.c	D:\nt\private\crt32st\stdio\fflush.c
902	0x0004f00b	165	D:\nt\private\crt32st\stdio\fflush.c	D:\nt\private\crt32st\stdio\fflush.c
903	0x0004f010	191	D:\nt\private\crt32st\stdio\fflush.c	D:\nt\private\crt32st\stdio\fflush.c
904	0x0004f018	193	D:\nt\private\crt32st\stdio\fflush.c	D:\nt\private\crt32st\stdio\fflush.c
905	0x0004f01f	197	D:\nt\private\crt32st\stdio\fflush.c	D:\nt\private\crt32st\stdio\fflush.c
906	0x0004f022	200	D:\nt\private\crt32st\stdio\fflush.c	D:\nt\private\crt32st\stdio\fflush.c
907	0x0004f044	202	D:\nt\private\crt32st\stdio\fflush.c	D:\nt\private\crt32st\stdio\fflush.c
908	0x0004f057	206	D:\nt\private\crt32st\stdio\fflush.c	D:\nt\private\crt32st\stdio\fflush.c
909	0x0004f05d	207	D:\nt\private\crt32st\stdio\fflush.c	D:\nt\private\crt32st\stdio\fflush.c
910	0x0004f061	209	D:\nt\private\crt32st\stdio\fflush.c	D:\nt\private\crt32st\stdio\fflush.c
911	0x0004f064	210	D:\nt\private\crt32st\stdio\fflush.c	D:\nt\private\crt32st\stdio\fflush.c
912	0x0004f068	211	D:\nt\private\crt32st\stdio\fflush.c	D:\nt\private\crt32st\stdio\fflush.c
913	0x0004f06f	215	D:\nt\private\crt32st\stdio\fflush.c	D:\nt\private\crt32st\stdio\fflush.c
914	0x0004f074	216	D:\nt\private\crt32st\stdio\fflush.c	D:\nt\private\crt32st\stdio\fflush.c
915	0x0004f07b	218	D:\nt\private\crt32st\stdio\fflush.c	D:\nt\private\crt32st\stdio\fflush.c
916	0x0004f07e	219	D:\nt\private\crt32st\stdio\fflush.c	D:\nt\private\crt32st\stdio\fflush.c
917	0x0004f084	242	D:\nt\private\crt32st\stdio\fflush.c	D:\nt\private\crt32st\stdio\fflush.c
918	0x0004f08e	243	D:\nt\private\crt32st\stdio\fflush.c	D:\nt\private\crt32st\stdio\fflush.c
919	0x0004f090	276	D:\nt\private\crt32st\stdio\fflush.c	D:\nt\private\crt32st\stdio\fflush.c
920	0x0004f098	279	D:\nt\private\crt32st\stdio\fflush.c	D:\nt\private\crt32st\stdio\fflush.c
921	0x0004f0a0	286	D:\nt\private\crt32st\stdio\fflush.c	D:\nt\private\crt32st\stdio\fflush.c
922	0x0004f0b0	293	D:\nt\private\crt32st\stdio\fflush.c	D:\nt\private\crt32st\stdio\fflush.c
923	0x0004f0bb	298	D:\nt\private\crt32st\stdio\fflush.c	D:\nt\private\crt32st\stdio\fflush.c
924	0x0004f0c7	302	D:\nt\private\crt32st\stdio\fflush.c	D:\nt\private\crt32st\stdio\fflush.c
925	0x0004f0ca	304	D:\nt\private\crt32st\stdio\fflush.c	D:\nt\private\crt32st\stdio\fflush.c
926	0x0004f0cc	305	D:\nt\private\crt32st\stdio\fflush.c	D:\nt\private\crt32st\stdio\fflush.c
927	0x0004f0d6	309	D:\nt\private\crt32st\stdio\fflush.c	D:\nt\private\crt32st\stdio\fflush.c
928	0x0004f0e2	310	D:\nt\private\crt32st\stdio\fflush.c	D:\nt\private\crt32st\stdio\fflush.c
929	0x0004f0e9	286	D:\nt\private\crt32st\stdio\fflush.c	D:\nt\private\crt32st\stdio\fflush.c
930	0x0004f0f4	319	D:\nt\private\crt32st\stdio\fflush.c	D:\nt\private\crt32st\stdio\fflush.c
931	0x0004f107	323	D:\nt\private\crt32st\stdio\fflush.c	D:\nt\private\crt32st\stdio\fflush.c
932	0x0004f10c	357	D:\nt\private\crt32st\stdio\fflush.c	D:\nt\private\crt32st\stdio\fflush.c
933	0x0004f111	360	D:\nt\private\crt32st\stdio\fflush.c	D:\nt\private\crt32st\stdio\fflush.c
934	0x0004f11a	361	D:\nt\private\crt32st\stdio\fflush.c	D:\nt\private\crt32st\stdio\fflush.c
935	0x0004f11f	363	D:\nt\private\crt32st\stdio\fflush.c	D:\nt\private\crt32st\stdio\fflush.c
936	0x0004f124	52	D:\nt\private\crt32st\lowio\commit.c	D:\nt\private\crt32st\lowio\commit.c
937	0x0004f12b	56	D:\nt\private\crt32st\lowio\commit.c	D:\nt\private\crt32st\lowio\commit.c
938	0x0004f137	64	D:\nt\private\crt32st\lowio\commit.c	D:\nt\private\crt32st\lowio\commit.c
939	0x0004f140	95	D:\nt\private\crt32st\lowio\commit.c	D:\nt\private\crt32st\lowio\commit.c
940	0x0004f166	98	D:\nt\private\crt32st\lowio\commit.c	D:\nt\private\crt32st\lowio\commit.c
941	0x0004f16c	105	D:\nt\private\crt32st\lowio\commit.c	D:\nt\private\crt32st\lowio\commit.c
942	0x0004f176	106	D:\nt\private\crt32st\lowio\commit.c	D:\nt\private\crt32st\lowio\commit.c
943	0x0004f17b	109	D:\nt\private\crt32st\lowio\commit.c	D:\nt\private\crt32st\lowio\commit.c
944	0x0004f180	57	D:\nt\private\crt32st\lowio\commit.c	D:\nt\private\crt32st\lowio\commit.c
945	0x0004f18a	58	D:\nt\private\crt32st\lowio\commit.c	D:\nt\private\crt32st\lowio\commit.c
946	0x0004f18f	110	D:\nt\private\crt32st\lowio\commit.c	D:\nt\private\crt32st\lowio\commit.c
947	0x0004f19a	56	D:\nt\private\crt32st\stdio\closeall.c	D:\nt\private\crt32st\stdio\closeall.c
948	0x0004f19c	58	D:\nt\private\crt32st\stdio\closeall.c	D:\nt\private\crt32st\stdio\closeall.c
949	0x0004f19e	62	D:\nt\private\crt32st\stdio\closeall.c	D:\nt\private\crt32st\stdio\closeall.c
950	0x0004f1ab	63	D:\nt\private\crt32st\stdio\closeall.c	D:\nt\private\crt32st\stdio\closeall.c
951	0x0004f1b7	64	D:\nt\private\crt32st\stdio\closeall.c	D:\nt\private\crt32st\stdio\closeall.c
952	0x0004f1b8	62	D:\nt\private\crt32st\stdio\closeall.c	D:\nt\private\crt32st\stdio\closeall.c
953	0x0004f1c3	68	D:\nt\private\crt32st\stdio\closeall.c	D:\nt\private\crt32st\stdio\closeall.c
954	0x0004f1c5	69	D:\nt\private\crt32st\stdio\closeall.c	D:\nt\private\crt32st\stdio\closeall.c
955	0x0004f1ca	123	D:\nt\private\crt32st\heap\heapinit.c	D:\nt\private\crt32st\heap\heapinit.c
956	0x0004f1d3	124	D:\nt\private\crt32st\heap\heapinit.c	D:\nt\private\crt32st\heap\heapinit.c
957	0x0004f1dd	134	D:\nt\private\crt32st\heap\heapinit.c	D:\nt\private\crt32st\heap\heapinit.c
958	0x0004f1de	162	D:\nt\private\crt32st\heap\heapinit.c	D:\nt\private\crt32st\heap\heapinit.c
959	0x0004f1df	185	D:\nt\private\crt32st\heap\heapinit.c	D:\nt\private\crt32st\heap\heapinit.c
960	0x0004f1fb	186	D:\nt\private\crt32st\heap\heapinit.c	D:\nt\private\crt32st\heap\heapinit.c
961	0x0004f200	208	D:\nt\private\crt32st\heap\heapinit.c	D:\nt\private\crt32st\heap\heapinit.c
962	0x0004f208	216	D:\nt\private\crt32st\heap\heapinit.c	D:\nt\private\crt32st\heap\heapinit.c
963	0x0004f20b	218	D:\nt\private\crt32st\heap\heapinit.c	D:\nt\private\crt32st\heap\heapinit.c
964	0x0004f215	224	D:\nt\private\crt32st\heap\heapinit.c	D:\nt\private\crt32st\heap\heapinit.c
965	0x0004f217	228	D:\nt\private\crt32st\heap\heapinit.c	D:\nt\private\crt32st\heap\heapinit.c
966	0x0004f21c	230	D:\nt\private\crt32st\heap\heapinit.c	D:\nt\private\crt32st\heap\heapinit.c
967	0x0004f220	236	D:\nt\private\crt32st\heap\heapinit.c	D:\nt\private\crt32st\heap\heapinit.c
968	0x0004f226	242	D:\nt\private\crt32st\heap\heapinit.c	D:\nt\private\crt32st\heap\heapinit.c
969	0x0004f230	45	D:\nt\private\crt32st\heap\hpabort.c	D:\nt\private\crt32st\heap\hpabort.c
970	0x0004f23a	47	D:\nt\private\crt32st\heap\hpabort.c	D:\nt\private\crt32st\heap\hpabort.c
971	0x0004f240	50	D:\nt\private\crt32st\lowio\isatty.c	D:\nt\private\crt32st\lowio\isatty.c
972	0x0004f246	52	D:\nt\private\crt32st\lowio\isatty.c	D:\nt\private\crt32st\lowio\isatty.c
973	0x0004f24e	53	D:\nt\private\crt32st\lowio\isatty.c	D:\nt\private\crt32st\lowio\isatty.c
974	0x0004f254	56	D:\nt\private\crt32st\lowio\isatty.c	D:\nt\private\crt32st\lowio\isatty.c
975	0x0004f25f	57	D:\nt\private\crt32st\lowio\isatty.c	D:\nt\private\crt32st\lowio\isatty.c
976	0x0004f270	116	D:\nt\private\crt32st\lowio\lseek.c	D:\nt\private\crt32st\lowio\lseek.c
977	0x0004f27b	121	D:\nt\private\crt32st\lowio\lseek.c	D:\nt\private\crt32st\lowio\lseek.c
978	0x0004f283	123	D:\nt\private\crt32st\lowio\lseek.c	D:\nt\private\crt32st\lowio\lseek.c
979	0x0004f28d	124	D:\nt\private\crt32st\lowio\lseek.c	D:\nt\private\crt32st\lowio\lseek.c
980	0x0004f297	125	D:\nt\private\crt32st\lowio\lseek.c	D:\nt\private\crt32st\lowio\lseek.c
981	0x0004f2a0	170	D:\nt\private\crt32st\lowio\lseek.c	D:\nt\private\crt32st\lowio\lseek.c
982	0x0004f2ce	172	D:\nt\private\crt32st\lowio\lseek.c	D:\nt\private\crt32st\lowio\lseek.c
983	0x0004f2dc	176	D:\nt\private\crt32st\lowio\lseek.c	D:\nt\private\crt32st\lowio\lseek.c
984	0x0004f2e3	177	D:\nt\private\crt32st\lowio\lseek.c	D:\nt\private\crt32st\lowio\lseek.c
985	0x0004f2e5	178	D:\nt\private\crt32st\lowio\lseek.c	D:\nt\private\crt32st\lowio\lseek.c
986	0x0004f2f6	125	D:\nt\private\crt32st\lowio\read.c	D:\nt\private\crt32st\lowio\read.c
987	0x0004f302	135	D:\nt\private\crt32st\lowio\read.c	D:\nt\private\crt32st\lowio\read.c
988	0x0004f30a	137	D:\nt\private\crt32st\lowio\read.c	D:\nt\private\crt32st\lowio\read.c
989	0x0004f314	138	D:\nt\private\crt32st\lowio\read.c	D:\nt\private\crt32st\lowio\read.c
990	0x0004f31e	139	D:\nt\private\crt32st\lowio\read.c	D:\nt\private\crt32st\lowio\read.c
991	0x0004f32a	144	D:\nt\private\crt32st\lowio\read.c	D:\nt\private\crt32st\lowio\read.c
992	0x0004f32c	145	D:\nt\private\crt32st\lowio\read.c	D:\nt\private\crt32st\lowio\read.c
993	0x0004f332	147	D:\nt\private\crt32st\lowio\read.c	D:\nt\private\crt32st\lowio\read.c
994	0x0004f348	152	D:\nt\private\crt32st\lowio\read.c	D:\nt\private\crt32st\lowio\read.c
995	0x0004f35a	154	D:\nt\private\crt32st\lowio\read.c	D:\nt\private\crt32st\lowio\read.c
996	0x0004f365	155	D:\nt\private\crt32st\lowio\read.c	D:\nt\private\crt32st\lowio\read.c
997	0x0004f36a	156	D:\nt\private\crt32st\lowio\read.c	D:\nt\private\crt32st\lowio\read.c
998	0x0004f36d	157	D:\nt\private\crt32st\lowio\read.c	D:\nt\private\crt32st\lowio\read.c
999	0x0004f374	190	D:\nt\private\crt32st\lowio\read.c	D:\nt\private\crt32st\lowio\read.c
1000	0x0004f3ab	192	D:\nt\private\crt32st\lowio\read.c	D:\nt\private\crt32st\lowio\read.c
1001	0x0004f3b0	194	D:\nt\private\crt32st\lowio\read.c	D:\nt\private\crt32st\lowio\read.c
1002	0x0004f3ba	195	D:\nt\private\crt32st\lowio\read.c	D:\nt\private\crt32st\lowio\read.c
1003	0x0004f3bf	197	D:\nt\private\crt32st\lowio\read.c	D:\nt\private\crt32st\lowio\read.c
1004	0x0004f3c6	198	D:\nt\private\crt32st\lowio\read.c	D:\nt\private\crt32st\lowio\read.c
1005	0x0004f3d6	201	D:\nt\private\crt32st\lowio\read.c	D:\nt\private\crt32st\lowio\read.c
1006	0x0004f3d9	203	D:\nt\private\crt32st\lowio\read.c	D:\nt\private\crt32st\lowio\read.c
1007	0x0004f3e9	207	D:\nt\private\crt32st\lowio\read.c	D:\nt\private\crt32st\lowio\read.c
1008	0x0004f3ee	208	D:\nt\private\crt32st\lowio\read.c	D:\nt\private\crt32st\lowio\read.c
1009	0x0004f3f5	209	D:\nt\private\crt32st\lowio\read.c	D:\nt\private\crt32st\lowio\read.c
1010	0x0004f3fa	210	D:\nt\private\crt32st\lowio\read.c	D:\nt\private\crt32st\lowio\read.c
1011	0x0004f401	213	D:\nt\private\crt32st\lowio\read.c	D:\nt\private\crt32st\lowio\read.c
1012	0x0004f406	214	D:\nt\private\crt32st\lowio\read.c	D:\nt\private\crt32st\lowio\read.c
1013	0x0004f41f	215	D:\nt\private\crt32st\lowio\read.c	D:\nt\private\crt32st\lowio\read.c
1014	0x0004f428	221	D:\nt\private\crt32st\lowio\read.c	D:\nt\private\crt32st\lowio\read.c
1015	0x0004f42d	222	D:\nt\private\crt32st\lowio\read.c	D:\nt\private\crt32st\lowio\read.c
1016	0x0004f43a	225	D:\nt\private\crt32st\lowio\read.c	D:\nt\private\crt32st\lowio\read.c
1017	0x0004f442	226	D:\nt\private\crt32st\lowio\read.c	D:\nt\private\crt32st\lowio\read.c
1018	0x0004f448	227	D:\nt\private\crt32st\lowio\read.c	D:\nt\private\crt32st\lowio\read.c
1019	0x0004f452	231	D:\nt\private\crt32st\lowio\read.c	D:\nt\private\crt32st\lowio\read.c
1020	0x0004f462	237	D:\nt\private\crt32st\lowio\read.c	D:\nt\private\crt32st\lowio\read.c
1021	0x0004f463	246	D:\nt\private\crt32st\lowio\read.c	D:\nt\private\crt32st\lowio\read.c
1022	0x0004f46a	248	D:\nt\private\crt32st\lowio\read.c	D:\nt\private\crt32st\lowio\read.c
1023	0x0004f487	249	D:\nt\private\crt32st\lowio\read.c	D:\nt\private\crt32st\lowio\read.c
1024	0x0004f48f	266	D:\nt\private\crt32st\lowio\read.c	D:\nt\private\crt32st\lowio\read.c
1025	0x0004f49b	282	D:\nt\private\crt32st\lowio\read.c	D:\nt\private\crt32st\lowio\read.c
1026	0x0004f4a7	284	D:\nt\private\crt32st\lowio\read.c	D:\nt\private\crt32st\lowio\read.c
1027	0x0004f4ad	287	D:\nt\private\crt32st\lowio\read.c	D:\nt\private\crt32st\lowio\read.c
1028	0x0004f4b1	288	D:\nt\private\crt32st\lowio\read.c	D:\nt\private\crt32st\lowio\read.c
1029	0x0004f4bd	291	D:\nt\private\crt32st\lowio\read.c	D:\nt\private\crt32st\lowio\read.c
1030	0x0004f4c2	293	D:\nt\private\crt32st\lowio\read.c	D:\nt\private\crt32st\lowio\read.c
1031	0x0004f4cd	299	D:\nt\private\crt32st\lowio\read.c	D:\nt\private\crt32st\lowio\read.c
1032	0x0004f4da	300	D:\nt\private\crt32st\lowio\read.c	D:\nt\private\crt32st\lowio\read.c
1033	0x0004f4e0	301	D:\nt\private\crt32st\lowio\read.c	D:\nt\private\crt32st\lowio\read.c
1034	0x0004f4e6	268	D:\nt\private\crt32st\lowio\read.c	D:\nt\private\crt32st\lowio\read.c
1035	0x0004f4ea	269	D:\nt\private\crt32st\lowio\read.c	D:\nt\private\crt32st\lowio\read.c
1036	0x0004f4ee	271	D:\nt\private\crt32st\lowio\read.c	D:\nt\private\crt32st\lowio\read.c
1037	0x0004f507	217	D:\nt\private\crt32st\lowio\read.c	D:\nt\private\crt32st\lowio\read.c
1038	0x0004f510	218	D:\nt\private\crt32st\lowio\read.c	D:\nt\private\crt32st\lowio\read.c
1039	0x0004f517	311	D:\nt\private\crt32st\lowio\read.c	D:\nt\private\crt32st\lowio\read.c
1040	0x0004f51c	314	D:\nt\private\crt32st\lowio\read.c	D:\nt\private\crt32st\lowio\read.c
1041	0x0004f526	149	D:\nt\private\crt32st\lowio\read.c	D:\nt\private\crt32st\lowio\read.c
1042	0x0004f528	315	D:\nt\private\crt32st\lowio\read.c	D:\nt\private\crt32st\lowio\read.c
1043	0x0004f53c	75	D:\nt\private\crt32st\startup\stdargv.c	D:\nt\private\crt32st\startup\stdargv.c
1044	0x0004f545	101	D:\nt\private\crt32st\startup\stdargv.c	D:\nt\private\crt32st\startup\stdargv.c
1045	0x0004f559	102	D:\nt\private\crt32st\startup\stdargv.c	D:\nt\private\crt32st\startup\stdargv.c
1046	0x0004f563	115	D:\nt\private\crt32st\startup\stdargv.c	D:\nt\private\crt32st\startup\stdargv.c
1047	0x0004f576	119	D:\nt\private\crt32st\startup\stdargv.c	D:\nt\private\crt32st\startup\stdargv.c
1048	0x0004f58b	123	D:\nt\private\crt32st\startup\stdargv.c	D:\nt\private\crt32st\startup\stdargv.c
1049	0x0004f5a3	124	D:\nt\private\crt32st\startup\stdargv.c	D:\nt\private\crt32st\startup\stdargv.c
1050	0x0004f5ad	127	D:\nt\private\crt32st\startup\stdargv.c	D:\nt\private\crt32st\startup\stdargv.c
1051	0x0004f5cc	130	D:\nt\private\crt32st\startup\stdargv.c	D:\nt\private\crt32st\startup\stdargv.c
1052	0x0004f5d5	131	D:\nt\private\crt32st\startup\stdargv.c	D:\nt\private\crt32st\startup\stdargv.c
1053	0x0004f5db	138	D:\nt\private\crt32st\startup\stdargv.c	D:\nt\private\crt32st\startup\stdargv.c
1054	0x0004f5e0	178	D:\nt\private\crt32st\startup\stdargv.c	D:\nt\private\crt32st\startup\stdargv.c
1055	0x0004f5eb	185	D:\nt\private\crt32st\startup\stdargv.c	D:\nt\private\crt32st\startup\stdargv.c
1056	0x0004f5f4	186	D:\nt\private\crt32st\startup\stdargv.c	D:\nt\private\crt32st\startup\stdargv.c
1057	0x0004f5fd	189	D:\nt\private\crt32st\startup\stdargv.c	D:\nt\private\crt32st\startup\stdargv.c
1058	0x0004f600	190	D:\nt\private\crt32st\startup\stdargv.c	D:\nt\private\crt32st\startup\stdargv.c
1059	0x0004f604	191	D:\nt\private\crt32st\startup\stdargv.c	D:\nt\private\crt32st\startup\stdargv.c
1060	0x0004f612	201	D:\nt\private\crt32st\startup\stdargv.c	D:\nt\private\crt32st\startup\stdargv.c
1061	0x0004f617	202	D:\nt\private\crt32st\startup\stdargv.c	D:\nt\private\crt32st\startup\stdargv.c
1062	0x0004f61b	203	D:\nt\private\crt32st\startup\stdargv.c	D:\nt\private\crt32st\startup\stdargv.c
1063	0x0004f620	214	D:\nt\private\crt32st\startup\stdargv.c	D:\nt\private\crt32st\startup\stdargv.c
1064	0x0004f628	215	D:\nt\private\crt32st\startup\stdargv.c	D:\nt\private\crt32st\startup\stdargv.c
1065	0x0004f62c	216	D:\nt\private\crt32st\startup\stdargv.c	D:\nt\private\crt32st\startup\stdargv.c
1066	0x0004f62d	217	D:\nt\private\crt32st\startup\stdargv.c	D:\nt\private\crt32st\startup\stdargv.c
1067	0x0004f630	218	D:\nt\private\crt32st\startup\stdargv.c	D:\nt\private\crt32st\startup\stdargv.c
1068	0x0004f634	219	D:\nt\private\crt32st\startup\stdargv.c	D:\nt\private\crt32st\startup\stdargv.c
1069	0x0004f638	229	D:\nt\private\crt32st\startup\stdargv.c	D:\nt\private\crt32st\startup\stdargv.c
1070	0x0004f63f	242	D:\nt\private\crt32st\startup\stdargv.c	D:\nt\private\crt32st\startup\stdargv.c
1071	0x0004f647	243	D:\nt\private\crt32st\startup\stdargv.c	D:\nt\private\crt32st\startup\stdargv.c
1072	0x0004f651	244	D:\nt\private\crt32st\startup\stdargv.c	D:\nt\private\crt32st\startup\stdargv.c
1073	0x0004f654	254	D:\nt\private\crt32st\startup\stdargv.c	D:\nt\private\crt32st\startup\stdargv.c
1074	0x0004f660	258	D:\nt\private\crt32st\startup\stdargv.c	D:\nt\private\crt32st\startup\stdargv.c
1075	0x0004f664	259	D:\nt\private\crt32st\startup\stdargv.c	D:\nt\private\crt32st\startup\stdargv.c
1076	0x0004f66f	260	D:\nt\private\crt32st\startup\stdargv.c	D:\nt\private\crt32st\startup\stdargv.c
1077	0x0004f677	273	D:\nt\private\crt32st\startup\stdargv.c	D:\nt\private\crt32st\startup\stdargv.c
1078	0x0004f67e	277	D:\nt\private\crt32st\startup\stdargv.c	D:\nt\private\crt32st\startup\stdargv.c
1079	0x0004f680	278	D:\nt\private\crt32st\startup\stdargv.c	D:\nt\private\crt32st\startup\stdargv.c
1080	0x0004f688	281	D:\nt\private\crt32st\startup\stdargv.c	D:\nt\private\crt32st\startup\stdargv.c
1081	0x0004f689	282	D:\nt\private\crt32st\startup\stdargv.c	D:\nt\private\crt32st\startup\stdargv.c
1082	0x0004f69a	283	D:\nt\private\crt32st\startup\stdargv.c	D:\nt\private\crt32st\startup\stdargv.c
1083	0x0004f69f	286	D:\nt\private\crt32st\startup\stdargv.c	D:\nt\private\crt32st\startup\stdargv.c
1084	0x0004f6a5	287	D:\nt\private\crt32st\startup\stdargv.c	D:\nt\private\crt32st\startup\stdargv.c
1085	0x0004f6a9	288	D:\nt\private\crt32st\startup\stdargv.c	D:\nt\private\crt32st\startup\stdargv.c
1086	0x0004f6af	289	D:\nt\private\crt32st\startup\stdargv.c	D:\nt\private\crt32st\startup\stdargv.c
1087	0x0004f6b7	290	D:\nt\private\crt32st\startup\stdargv.c	D:\nt\private\crt32st\startup\stdargv.c
1088	0x0004f6bc	293	D:\nt\private\crt32st\startup\stdargv.c	D:\nt\private\crt32st\startup\stdargv.c
1089	0x0004f6c3	295	D:\nt\private\crt32st\startup\stdargv.c	D:\nt\private\crt32st\startup\stdargv.c
1090	0x0004f6cc	297	D:\nt\private\crt32st\startup\stdargv.c	D:\nt\private\crt32st\startup\stdargv.c
1091	0x0004f6d8	301	D:\nt\private\crt32st\startup\stdargv.c	D:\nt\private\crt32st\startup\stdargv.c
1092	0x0004f6dc	302	D:\nt\private\crt32st\startup\stdargv.c	D:\nt\private\crt32st\startup\stdargv.c
1093	0x0004f6e0	303	D:\nt\private\crt32st\startup\stdargv.c	D:\nt\private\crt32st\startup\stdargv.c
1094	0x0004f6e4	304	D:\nt\private\crt32st\startup\stdargv.c	D:\nt\private\crt32st\startup\stdargv.c
1095	0x0004f6e9	305	D:\nt\private\crt32st\startup\stdargv.c	D:\nt\private\crt32st\startup\stdargv.c
1096	0x0004f6f3	308	D:\nt\private\crt32st\startup\stdargv.c	D:\nt\private\crt32st\startup\stdargv.c
1097	0x0004f705	312	D:\nt\private\crt32st\startup\stdargv.c	D:\nt\private\crt32st\startup\stdargv.c
1098	0x0004f70d	313	D:\nt\private\crt32st\startup\stdargv.c	D:\nt\private\crt32st\startup\stdargv.c
1099	0x0004f711	314	D:\nt\private\crt32st\startup\stdargv.c	D:\nt\private\crt32st\startup\stdargv.c
1100	0x0004f71e	317	D:\nt\private\crt32st\startup\stdargv.c	D:\nt\private\crt32st\startup\stdargv.c
1101	0x0004f722	318	D:\nt\private\crt32st\startup\stdargv.c	D:\nt\private\crt32st\startup\stdargv.c
1102	0x0004f728	322	D:\nt\private\crt32st\startup\stdargv.c	D:\nt\private\crt32st\startup\stdargv.c
1103	0x0004f72c	323	D:\nt\private\crt32st\startup\stdargv.c	D:\nt\private\crt32st\startup\stdargv.c
1104	0x0004f730	324	D:\nt\private\crt32st\startup\stdargv.c	D:\nt\private\crt32st\startup\stdargv.c
1105	0x0004f738	325	D:\nt\private\crt32st\startup\stdargv.c	D:\nt\private\crt32st\startup\stdargv.c
1106	0x0004f740	328	D:\nt\private\crt32st\startup\stdargv.c	D:\nt\private\crt32st\startup\stdargv.c
1107	0x0004f744	329	D:\nt\private\crt32st\startup\stdargv.c	D:\nt\private\crt32st\startup\stdargv.c
1108	0x0004f74a	330	D:\nt\private\crt32st\startup\stdargv.c	D:\nt\private\crt32st\startup\stdargv.c
1109	0x0004f74f	331	D:\nt\private\crt32st\startup\stdargv.c	D:\nt\private\crt32st\startup\stdargv.c
1110	0x0004f762	83	D:\nt\private\crt32st\startup\stdenvp.c	D:\nt\private\crt32st\startup\stdenvp.c
1111	0x0004f76b	123	D:\nt\private\crt32st\startup\stdenvp.c	D:\nt\private\crt32st\startup\stdenvp.c
1112	0x0004f76d	124	D:\nt\private\crt32st\startup\stdenvp.c	D:\nt\private\crt32st\startup\stdenvp.c
1113	0x0004f773	128	D:\nt\private\crt32st\startup\stdenvp.c	D:\nt\private\crt32st\startup\stdenvp.c
1114	0x0004f77a	130	D:\nt\private\crt32st\startup\stdenvp.c	D:\nt\private\crt32st\startup\stdenvp.c
1115	0x0004f77b	131	D:\nt\private\crt32st\startup\stdenvp.c	D:\nt\private\crt32st\startup\stdenvp.c
1116	0x0004f78e	134	D:\nt\private\crt32st\startup\stdenvp.c	D:\nt\private\crt32st\startup\stdenvp.c
1117	0x0004f7a5	137	D:\nt\private\crt32st\startup\stdenvp.c	D:\nt\private\crt32st\startup\stdenvp.c
1118	0x0004f7ad	138	D:\nt\private\crt32st\startup\stdenvp.c	D:\nt\private\crt32st\startup\stdenvp.c
1119	0x0004f7b2	140	D:\nt\private\crt32st\startup\stdenvp.c	D:\nt\private\crt32st\startup\stdenvp.c
1120	0x0004f7d0	141	D:\nt\private\crt32st\startup\stdenvp.c	D:\nt\private\crt32st\startup\stdenvp.c
1121	0x0004f7f5	142	D:\nt\private\crt32st\startup\stdenvp.c	D:\nt\private\crt32st\startup\stdenvp.c
1122	0x0004f807	143	D:\nt\private\crt32st\startup\stdenvp.c	D:\nt\private\crt32st\startup\stdenvp.c
1123	0x0004f810	153	D:\nt\private\crt32st\startup\stdenvp.c	D:\nt\private\crt32st\startup\stdenvp.c
1124	0x0004f82d	146	D:\nt\private\crt32st\startup\stdenvp.c	D:\nt\private\crt32st\startup\stdenvp.c
1125	0x0004f832	147	D:\nt\private\crt32st\startup\stdenvp.c	D:\nt\private\crt32st\startup\stdenvp.c
1126	0x0004f83c	148	D:\nt\private\crt32st\startup\stdenvp.c	D:\nt\private\crt32st\startup\stdenvp.c
1127	0x0004f842	155	D:\nt\private\crt32st\startup\stdenvp.c	D:\nt\private\crt32st\startup\stdenvp.c
1128	0x0004f848	157	D:\nt\private\crt32st\startup\stdenvp.c	D:\nt\private\crt32st\startup\stdenvp.c
1129	0x0004f85a	160	D:\nt\private\crt32st\startup\stdenvp.c	D:\nt\private\crt32st\startup\stdenvp.c
1130	0x0004f860	169	D:\nt\private\crt32st\startup\stdenvp.c	D:\nt\private\crt32st\startup\stdenvp.c
1131	0x0004f872	50	D:\nt\private\crt32st\string\strdup.c	D:\nt\private\crt32st\string\strdup.c
1132	0x0004f878	53	D:\nt\private\crt32st\string\strdup.c	D:\nt\private\crt32st\string\strdup.c
1133	0x0004f87e	56	D:\nt\private\crt32st\string\strdup.c	D:\nt\private\crt32st\string\strdup.c
1134	0x0004f89b	57	D:\nt\private\crt32st\string\strdup.c	D:\nt\private\crt32st\string\strdup.c
1135	0x0004f8c6	59	D:\nt\private\crt32st\string\strdup.c	D:\nt\private\crt32st\string\strdup.c
1136	0x0004f8c8	60	D:\nt\private\crt32st\string\strdup.c	D:\nt\private\crt32st\string\strdup.c
1137	0x0004f8d2	46	D:\nt\private\crt32st\string\strupr.c	D:\nt\private\crt32st\string\strupr.c
1138	0x0004f8d8	49	D:\nt\private\crt32st\string\strupr.c	D:\nt\private\crt32st\string\strupr.c
1139	0x0004f8df	51	D:\nt\private\crt32st\string\strupr.c	D:\nt\private\crt32st\string\strupr.c
1140	0x0004f8e9	52	D:\nt\private\crt32st\string\strupr.c	D:\nt\private\crt32st\string\strupr.c
1141	0x0004f8ec	49	D:\nt\private\crt32st\string\strupr.c	D:\nt\private\crt32st\string\strupr.c
1142	0x0004f8f2	55	D:\nt\private\crt32st\string\strupr.c	D:\nt\private\crt32st\string\strupr.c
1143	0x0004f8f4	56	D:\nt\private\crt32st\string\strupr.c	D:\nt\private\crt32st\string\strupr.c
1144	0x0004f902	130	D:\nt\private\crt32st\lowio\write.c	D:\nt\private\crt32st\lowio\write.c
1145	0x0004f911	141	D:\nt\private\crt32st\lowio\write.c	D:\nt\private\crt32st\lowio\write.c
1146	0x0004f919	143	D:\nt\private\crt32st\lowio\write.c	D:\nt\private\crt32st\lowio\write.c
1147	0x0004f923	144	D:\nt\private\crt32st\lowio\write.c	D:\nt\private\crt32st\lowio\write.c
1148	0x0004f92d	145	D:\nt\private\crt32st\lowio\write.c	D:\nt\private\crt32st\lowio\write.c
1149	0x0004f93a	150	D:\nt\private\crt32st\lowio\write.c	D:\nt\private\crt32st\lowio\write.c
1150	0x0004f942	152	D:\nt\private\crt32st\lowio\write.c	D:\nt\private\crt32st\lowio\write.c
1151	0x0004f947	153	D:\nt\private\crt32st\lowio\write.c	D:\nt\private\crt32st\lowio\write.c
1152	0x0004f94e	156	D:\nt\private\crt32st\lowio\write.c	D:\nt\private\crt32st\lowio\write.c
1153	0x0004f957	159	D:\nt\private\crt32st\lowio\write.c	D:\nt\private\crt32st\lowio\write.c
1154	0x0004f963	164	D:\nt\private\crt32st\lowio\write.c	D:\nt\private\crt32st\lowio\write.c
1155	0x0004f989	167	D:\nt\private\crt32st\lowio\write.c	D:\nt\private\crt32st\lowio\write.c
1156	0x0004f98b	168	D:\nt\private\crt32st\lowio\write.c	D:\nt\private\crt32st\lowio\write.c
1157	0x0004f98d	170	D:\nt\private\crt32st\lowio\write.c	D:\nt\private\crt32st\lowio\write.c
1158	0x0004f9a5	171	D:\nt\private\crt32st\lowio\write.c	D:\nt\private\crt32st\lowio\write.c
1159	0x0004f9b1	174	D:\nt\private\crt32st\lowio\write.c	D:\nt\private\crt32st\lowio\write.c
1160	0x0004f9bd	175	D:\nt\private\crt32st\lowio\write.c	D:\nt\private\crt32st\lowio\write.c
1161	0x0004f9c3	176	D:\nt\private\crt32st\lowio\write.c	D:\nt\private\crt32st\lowio\write.c
1162	0x0004f9c7	177	D:\nt\private\crt32st\lowio\write.c	D:\nt\private\crt32st\lowio\write.c
1163	0x0004f9c8	178	D:\nt\private\crt32st\lowio\write.c	D:\nt\private\crt32st\lowio\write.c
1164	0x0004f9ce	182	D:\nt\private\crt32st\lowio\write.c	D:\nt\private\crt32st\lowio\write.c
1165	0x0004f9d4	183	D:\nt\private\crt32st\lowio\write.c	D:\nt\private\crt32st\lowio\write.c
1166	0x0004f9eb	210	D:\nt\private\crt32st\lowio\write.c	D:\nt\private\crt32st\lowio\write.c
1167	0x0004fa13	211	D:\nt\private\crt32st\lowio\write.c	D:\nt\private\crt32st\lowio\write.c
1168	0x0004fa1e	215	D:\nt\private\crt32st\lowio\write.c	D:\nt\private\crt32st\lowio\write.c
1169	0x0004fa25	216	D:\nt\private\crt32st\lowio\write.c	D:\nt\private\crt32st\lowio\write.c
1170	0x0004fa2e	217	D:\nt\private\crt32st\lowio\write.c	D:\nt\private\crt32st\lowio\write.c
1171	0x0004fa3a	218	D:\nt\private\crt32st\lowio\write.c	D:\nt\private\crt32st\lowio\write.c
1172	0x0004fa3f	221	D:\nt\private\crt32st\lowio\write.c	D:\nt\private\crt32st\lowio\write.c
1173	0x0004fa52	226	D:\nt\private\crt32st\lowio\write.c	D:\nt\private\crt32st\lowio\write.c
1174	0x0004fa74	227	D:\nt\private\crt32st\lowio\write.c	D:\nt\private\crt32st\lowio\write.c
1175	0x0004fa7b	228	D:\nt\private\crt32st\lowio\write.c	D:\nt\private\crt32st\lowio\write.c
1176	0x0004fa81	230	D:\nt\private\crt32st\lowio\write.c	D:\nt\private\crt32st\lowio\write.c
1177	0x0004fa86	231	D:\nt\private\crt32st\lowio\write.c	D:\nt\private\crt32st\lowio\write.c
1178	0x0004fa8e	253	D:\nt\private\crt32st\lowio\write.c	D:\nt\private\crt32st\lowio\write.c
1179	0x0004fa94	257	D:\nt\private\crt32st\lowio\write.c	D:\nt\private\crt32st\lowio\write.c
1180	0x0004fa9a	259	D:\nt\private\crt32st\lowio\write.c	D:\nt\private\crt32st\lowio\write.c
1181	0x0004faa0	262	D:\nt\private\crt32st\lowio\write.c	D:\nt\private\crt32st\lowio\write.c
1182	0x0004faaa	263	D:\nt\private\crt32st\lowio\write.c	D:\nt\private\crt32st\lowio\write.c
1183	0x0004fab2	265	D:\nt\private\crt32st\lowio\write.c	D:\nt\private\crt32st\lowio\write.c
1184	0x0004faba	266	D:\nt\private\crt32st\lowio\write.c	D:\nt\private\crt32st\lowio\write.c
1185	0x0004faca	269	D:\nt\private\crt32st\lowio\write.c	D:\nt\private\crt32st\lowio\write.c
1186	0x0004fae2	272	D:\nt\private\crt32st\lowio\write.c	D:\nt\private\crt32st\lowio\write.c
1187	0x0004faf2	279	D:\nt\private\crt32st\lowio\write.c	D:\nt\private\crt32st\lowio\write.c
1188	0x0004faf8	280	D:\nt\private\crt32st\lowio\write.c	D:\nt\private\crt32st\lowio\write.c
1189	0x0004fb02	61	D:\nt\private\crt32st\convert\atof.c	D:\nt\private\crt32st\convert\atof.c
1190	0x0004fb0a	69	D:\nt\private\crt32st\convert\atof.c	D:\nt\private\crt32st\convert\atof.c
1191	0x0004fb16	70	D:\nt\private\crt32st\convert\atof.c	D:\nt\private\crt32st\convert\atof.c
1192	0x0004fb23	78	D:\nt\private\crt32st\convert\atof.c	D:\nt\private\crt32st\convert\atof.c
1193	0x0004fb42	80	D:\nt\private\crt32st\convert\atof.c	D:\nt\private\crt32st\convert\atof.c
1194	0x0004fb52	37	D:\nt\private\fp32st\conv\cfin.c	D:\nt\private\fp32st\conv\cfin.c
1195	0x0004fb5a	42	D:\nt\private\fp32st\conv\cfin.c	D:\nt\private\fp32st\conv\cfin.c
1196	0x0004fb61	44	D:\nt\private\fp32st\conv\cfin.c	D:\nt\private\fp32st\conv\cfin.c
1197	0x0004fb79	45	D:\nt\private\fp32st\conv\cfin.c	D:\nt\private\fp32st\conv\cfin.c
1198	0x0004fb7f	46	D:\nt\private\fp32st\conv\cfin.c	D:\nt\private\fp32st\conv\cfin.c
1199	0x0004fb83	47	D:\nt\private\fp32st\conv\cfin.c	D:\nt\private\fp32st\conv\cfin.c
1200	0x0004fb8d	49	D:\nt\private\fp32st\conv\cfin.c	D:\nt\private\fp32st\conv\cfin.c
1201	0x0004fb92	50	D:\nt\private\fp32st\conv\cfin.c	D:\nt\private\fp32st\conv\cfin.c
1202	0x0004fba6	52	D:\nt\private\fp32st\conv\cfin.c	D:\nt\private\fp32st\conv\cfin.c
1203	0x0004fbb9	53	D:\nt\private\fp32st\conv\cfin.c	D:\nt\private\fp32st\conv\cfin.c
1204	0x0004fbbd	57	D:\nt\private\fp32st\conv\cfin.c	D:\nt\private\fp32st\conv\cfin.c
1205	0x0004fbef	58	D:\nt\private\fp32st\conv\cfin.c	D:\nt\private\fp32st\conv\cfin.c
1206	0x0004fbf3	62	D:\nt\private\fp32st\conv\cfin.c	D:\nt\private\fp32st\conv\cfin.c
1207	0x0004fbfd	63	D:\nt\private\fp32st\conv\cfin.c	D:\nt\private\fp32st\conv\cfin.c
1208	0x0004fc0b	64	D:\nt\private\fp32st\conv\cfin.c	D:\nt\private\fp32st\conv\cfin.c
1209	0x0004fc18	66	D:\nt\private\fp32st\conv\cfin.c	D:\nt\private\fp32st\conv\cfin.c
1210	0x0004fc1d	67	D:\nt\private\fp32st\conv\cfin.c	D:\nt\private\fp32st\conv\cfin.c
1211	0x0004fc22	43	D:\nt\private\crt32st\convert\atox.c	D:\nt\private\crt32st\convert\atox.c
1212	0x0004fc2d	49	D:\nt\private\crt32st\convert\atox.c	D:\nt\private\crt32st\convert\atox.c
1213	0x0004fc39	50	D:\nt\private\crt32st\convert\atox.c	D:\nt\private\crt32st\convert\atox.c
1214	0x0004fc46	53	D:\nt\private\crt32st\convert\atox.c	D:\nt\private\crt32st\convert\atox.c
1215	0x0004fc4e	54	D:\nt\private\crt32st\convert\atox.c	D:\nt\private\crt32st\convert\atox.c
1216	0x0004fc58	55	D:\nt\private\crt32st\convert\atox.c	D:\nt\private\crt32st\convert\atox.c
1217	0x0004fc5d	57	D:\nt\private\crt32st\convert\atox.c	D:\nt\private\crt32st\convert\atox.c
1218	0x0004fc5f	59	D:\nt\private\crt32st\convert\atox.c	D:\nt\private\crt32st\convert\atox.c
1219	0x0004fc68	60	D:\nt\private\crt32st\convert\atox.c	D:\nt\private\crt32st\convert\atox.c
1220	0x0004fc74	62	D:\nt\private\crt32st\convert\atox.c	D:\nt\private\crt32st\convert\atox.c
1221	0x0004fc82	64	D:\nt\private\crt32st\convert\atox.c	D:\nt\private\crt32st\convert\atox.c
1222	0x0004fc94	68	D:\nt\private\crt32st\convert\atox.c	D:\nt\private\crt32st\convert\atox.c
1223	0x0004fc9a	93	D:\nt\private\crt32st\convert\atox.c	D:\nt\private\crt32st\convert\atox.c
1224	0x0004fc9d	94	D:\nt\private\crt32st\convert\atox.c	D:\nt\private\crt32st\convert\atox.c
1225	0x0004fca5	95	D:\nt\private\crt32st\convert\atox.c	D:\nt\private\crt32st\convert\atox.c
1226	0x0005db42	123	D:\nt\private\crt32st\stdio\fclose.c	D:\nt\private\crt32st\stdio\fclose.c
1227	0x0005db4b	125	D:\nt\private\crt32st\stdio\fclose.c	D:\nt\private\crt32st\stdio\fclose.c
1228	0x0005db50	131	D:\nt\private\crt32st\stdio\fclose.c	D:\nt\private\crt32st\stdio\fclose.c
1229	0x0005db53	133	D:\nt\private\crt32st\stdio\fclose.c	D:\nt\private\crt32st\stdio\fclose.c
1230	0x0005db5d	142	D:\nt\private\crt32st\stdio\fclose.c	D:\nt\private\crt32st\stdio\fclose.c
1231	0x0005db67	151	D:\nt\private\crt32st\stdio\fclose.c	D:\nt\private\crt32st\stdio\fclose.c
1232	0x0005db73	152	D:\nt\private\crt32st\stdio\fclose.c	D:\nt\private\crt32st\stdio\fclose.c
1233	0x0005db79	153	D:\nt\private\crt32st\stdio\fclose.c	D:\nt\private\crt32st\stdio\fclose.c
1234	0x0005db82	155	D:\nt\private\crt32st\stdio\fclose.c	D:\nt\private\crt32st\stdio\fclose.c
1235	0x0005db97	161	D:\nt\private\crt32st\stdio\fclose.c	D:\nt\private\crt32st\stdio\fclose.c
1236	0x0005dba1	162	D:\nt\private\crt32st\stdio\fclose.c	D:\nt\private\crt32st\stdio\fclose.c
1237	0x0005dba7	164	D:\nt\private\crt32st\stdio\fclose.c	D:\nt\private\crt32st\stdio\fclose.c
1238	0x0005dbad	165	D:\nt\private\crt32st\stdio\fclose.c	D:\nt\private\crt32st\stdio\fclose.c
1239	0x0005dbd9	166	D:\nt\private\crt32st\stdio\fclose.c	D:\nt\private\crt32st\stdio\fclose.c
1240	0x0005dbde	167	D:\nt\private\crt32st\stdio\fclose.c	D:\nt\private\crt32st\stdio\fclose.c
1241	0x0005dbe4	169	D:\nt\private\crt32st\stdio\fclose.c	D:\nt\private\crt32st\stdio\fclose.c
1242	0x0005dbf4	171	D:\nt\private\crt32st\stdio\fclose.c	D:\nt\private\crt32st\stdio\fclose.c
1243	0x0005dc0a	172	D:\nt\private\crt32st\stdio\fclose.c	D:\nt\private\crt32st\stdio\fclose.c
1244	0x0005dc0f	176	D:\nt\private\crt32st\stdio\fclose.c	D:\nt\private\crt32st\stdio\fclose.c
1245	0x0005dc16	177	D:\nt\private\crt32st\stdio\fclose.c	D:\nt\private\crt32st\stdio\fclose.c
1246	0x0005dc18	178	D:\nt\private\crt32st\stdio\fclose.c	D:\nt\private\crt32st\stdio\fclose.c
1247	0x0005dc22	55	D:\nt\private\crt32st\stdio\_freebuf.c	D:\nt\private\crt32st\stdio\_freebuf.c
1248	0x0005dc29	60	D:\nt\private\crt32st\stdio\_freebuf.c	D:\nt\private\crt32st\stdio\_freebuf.c
1249	0x0005dc35	62	D:\nt\private\crt32st\stdio\_freebuf.c	D:\nt\private\crt32st\stdio\_freebuf.c
1250	0x0005dc40	63	D:\nt\private\crt32st\stdio\_freebuf.c	D:\nt\private\crt32st\stdio\_freebuf.c
1251	0x0005dc44	64	D:\nt\private\crt32st\stdio\_freebuf.c	D:\nt\private\crt32st\stdio\_freebuf.c
1252	0x0005dc4b	65	D:\nt\private\crt32st\stdio\_freebuf.c	D:\nt\private\crt32st\stdio\_freebuf.c
1253	0x0005dc4e	67	D:\nt\private\crt32st\stdio\_freebuf.c	D:\nt\private\crt32st\stdio\_freebuf.c
1254	0x0005dc52	51	D:\nt\private\crt32st\convert\xtoa.c	D:\nt\private\crt32st\convert\xtoa.c
1255	0x0005dc5a	57	D:\nt\private\crt32st\convert\xtoa.c	D:\nt\private\crt32st\convert\xtoa.c
1256	0x0005dc60	59	D:\nt\private\crt32st\convert\xtoa.c	D:\nt\private\crt32st\convert\xtoa.c
1257	0x0005dc66	61	D:\nt\private\crt32st\convert\xtoa.c	D:\nt\private\crt32st\convert\xtoa.c
1258	0x0005dc6d	62	D:\nt\private\crt32st\convert\xtoa.c	D:\nt\private\crt32st\convert\xtoa.c
1259	0x0005dc6f	65	D:\nt\private\crt32st\convert\xtoa.c	D:\nt\private\crt32st\convert\xtoa.c
1260	0x0005dc72	68	D:\nt\private\crt32st\convert\xtoa.c	D:\nt\private\crt32st\convert\xtoa.c
1261	0x0005dc7b	69	D:\nt\private\crt32st\convert\xtoa.c	D:\nt\private\crt32st\convert\xtoa.c
1262	0x0005dc84	72	D:\nt\private\crt32st\convert\xtoa.c	D:\nt\private\crt32st\convert\xtoa.c
1263	0x0005dc89	73	D:\nt\private\crt32st\convert\xtoa.c	D:\nt\private\crt32st\convert\xtoa.c
1264	0x0005dc92	75	D:\nt\private\crt32st\convert\xtoa.c	D:\nt\private\crt32st\convert\xtoa.c
1265	0x0005dc98	76	D:\nt\private\crt32st\convert\xtoa.c	D:\nt\private\crt32st\convert\xtoa.c
1266	0x0005dc9c	81	D:\nt\private\crt32st\convert\xtoa.c	D:\nt\private\crt32st\convert\xtoa.c
1267	0x0005dca3	84	D:\nt\private\crt32st\convert\xtoa.c	D:\nt\private\crt32st\convert\xtoa.c
1268	0x0005dca8	85	D:\nt\private\crt32st\convert\xtoa.c	D:\nt\private\crt32st\convert\xtoa.c
1269	0x0005dcac	86	D:\nt\private\crt32st\convert\xtoa.c	D:\nt\private\crt32st\convert\xtoa.c
1270	0x0005dcb1	89	D:\nt\private\crt32st\convert\xtoa.c	D:\nt\private\crt32st\convert\xtoa.c
1271	0x0005dcb7	90	D:\nt\private\crt32st\convert\xtoa.c	D:\nt\private\crt32st\convert\xtoa.c
1272	0x0005dcbe	101	D:\nt\private\crt32st\convert\xtoa.c	D:\nt\private\crt32st\convert\xtoa.c
1273	0x0005dcc1	102	D:\nt\private\crt32st\convert\xtoa.c	D:\nt\private\crt32st\convert\xtoa.c
1274	0x0005dccd	103	D:\nt\private\crt32st\convert\xtoa.c	D:\nt\private\crt32st\convert\xtoa.c
1275	0x0005dcd2	105	D:\nt\private\crt32st\convert\xtoa.c	D:\nt\private\crt32st\convert\xtoa.c
1276	0x0005dce2	106	D:\nt\private\crt32st\convert\xtoa.c	D:\nt\private\crt32st\convert\xtoa.c
1277	0x0005dce5	107	D:\nt\private\crt32st\convert\xtoa.c	D:\nt\private\crt32st\convert\xtoa.c
1278	0x0005dcea	114	D:\nt\private\crt32st\convert\xtoa.c	D:\nt\private\crt32st\convert\xtoa.c
1279	0x0005dced	115	D:\nt\private\crt32st\convert\xtoa.c	D:\nt\private\crt32st\convert\xtoa.c
1280	0x0005dd13	116	D:\nt\private\crt32st\convert\xtoa.c	D:\nt\private\crt32st\convert\xtoa.c
1281	0x0005dd16	117	D:\nt\private\crt32st\convert\xtoa.c	D:\nt\private\crt32st\convert\xtoa.c
1282	0x0005dd1a	124	D:\nt\private\crt32st\convert\xtoa.c	D:\nt\private\crt32st\convert\xtoa.c
1283	0x0005dd1d	125	D:\nt\private\crt32st\convert\xtoa.c	D:\nt\private\crt32st\convert\xtoa.c
1284	0x0005dd2d	126	D:\nt\private\crt32st\convert\xtoa.c	D:\nt\private\crt32st\convert\xtoa.c
1285	0x0005dd30	127	D:\nt\private\crt32st\convert\xtoa.c	D:\nt\private\crt32st\convert\xtoa.c
1286	0x0005dd32	52	D:\nt\private\crt32st\dos\unlink.c	D:\nt\private\crt32st\dos\unlink.c
1287	0x0005dd36	86	D:\nt\private\crt32st\dos\unlink.c	D:\nt\private\crt32st\dos\unlink.c
1288	0x0005dd54	88	D:\nt\private\crt32st\dos\unlink.c	D:\nt\private\crt32st\dos\unlink.c
1289	0x0005dd5d	89	D:\nt\private\crt32st\dos\unlink.c	D:\nt\private\crt32st\dos\unlink.c
1290	0x0005dd66	92	D:\nt\private\crt32st\dos\unlink.c	D:\nt\private\crt32st\dos\unlink.c
1291	0x0005dd68	93	D:\nt\private\crt32st\dos\unlink.c	D:\nt\private\crt32st\dos\unlink.c
1292	0x0005dd6e	98	D:\nt\private\crt32st\dos\unlink.c	D:\nt\private\crt32st\dos\unlink.c
1293	0x0005dd71	100	D:\nt\private\crt32st\dos\unlink.c	D:\nt\private\crt32st\dos\unlink.c
1294	0x0005dd79	101	D:\nt\private\crt32st\dos\unlink.c	D:\nt\private\crt32st\dos\unlink.c
1295	0x0005dd88	62	D:\nt\private\crt32st\stdio\fopen.c	D:\nt\private\crt32st\stdio\fopen.c
1296	0x0005dd8e	74	D:\nt\private\crt32st\stdio\fopen.c	D:\nt\private\crt32st\stdio\fopen.c
1297	0x0005dd97	82	D:\nt\private\crt32st\stdio\fopen.c	D:\nt\private\crt32st\stdio\fopen.c
1298	0x0005dda6	83	D:\nt\private\crt32st\stdio\fopen.c	D:\nt\private\crt32st\stdio\fopen.c
1299	0x0005dda8	112	D:\nt\private\crt32st\stdio\fopen.c	D:\nt\private\crt32st\stdio\fopen.c
1300	0x0005ddab	113	D:\nt\private\crt32st\stdio\fopen.c	D:\nt\private\crt32st\stdio\fopen.c
1301	0x0005ddb8	114	D:\nt\private\crt32st\stdio\fopen.c	D:\nt\private\crt32st\stdio\fopen.c
1302	0x0005ddc8	60	D:\nt\private\crt32st\stdio\stream.c	D:\nt\private\crt32st\stdio\stream.c
1303	0x0005ddca	69	D:\nt\private\crt32st\stdio\stream.c	D:\nt\private\crt32st\stdio\stream.c
1304	0x0005ddd7	76	D:\nt\private\crt32st\stdio\stream.c	D:\nt\private\crt32st\stdio\stream.c
1305	0x0005ddec	77	D:\nt\private\crt32st\stdio\stream.c	D:\nt\private\crt32st\stdio\stream.c
1306	0x0005ddf4	78	D:\nt\private\crt32st\stdio\stream.c	D:\nt\private\crt32st\stdio\stream.c
1307	0x0005ddf9	79	D:\nt\private\crt32st\stdio\stream.c	D:\nt\private\crt32st\stdio\stream.c
1308	0x0005de00	80	D:\nt\private\crt32st\stdio\stream.c	D:\nt\private\crt32st\stdio\stream.c
1309	0x0005de02	92	D:\nt\private\crt32st\stdio\stream.c	D:\nt\private\crt32st\stdio\stream.c
1310	0x0005de04	93	D:\nt\private\crt32st\stdio\stream.c	D:\nt\private\crt32st\stdio\stream.c
1311	0x0005de08	77	D:\nt\private\crt32st\stdio\_open.c	D:\nt\private\crt32st\stdio\_open.c
1312	0x0005de13	79	D:\nt\private\crt32st\stdio\_open.c	D:\nt\private\crt32st\stdio\_open.c
1313	0x0005de19	80	D:\nt\private\crt32st\stdio\_open.c	D:\nt\private\crt32st\stdio\_open.c
1314	0x0005de20	95	D:\nt\private\crt32st\stdio\_open.c	D:\nt\private\crt32st\stdio\_open.c
1315	0x0005de23	111	D:\nt\private\crt32st\stdio\_open.c	D:\nt\private\crt32st\stdio\_open.c
1316	0x0005de32	109	D:\nt\private\crt32st\stdio\_open.c	D:\nt\private\crt32st\stdio\_open.c
1317	0x0005de38	105	D:\nt\private\crt32st\stdio\_open.c	D:\nt\private\crt32st\stdio\_open.c
1318	0x0005de3d	106	D:\nt\private\crt32st\stdio\_open.c	D:\nt\private\crt32st\stdio\_open.c
1319	0x0005de43	107	D:\nt\private\crt32st\stdio\_open.c	D:\nt\private\crt32st\stdio\_open.c
1320	0x0005de48	97	D:\nt\private\crt32st\stdio\_open.c	D:\nt\private\crt32st\stdio\_open.c
1321	0x0005de4a	98	D:\nt\private\crt32st\stdio\_open.c	D:\nt\private\crt32st\stdio\_open.c
1322	0x0005de53	101	D:\nt\private\crt32st\stdio\_open.c	D:\nt\private\crt32st\stdio\_open.c
1323	0x0005de58	102	D:\nt\private\crt32st\stdio\_open.c	D:\nt\private\crt32st\stdio\_open.c
1324	0x0005de5c	119	D:\nt\private\crt32st\stdio\_open.c	D:\nt\private\crt32st\stdio\_open.c
1325	0x0005de64	121	D:\nt\private\crt32st\stdio\_open.c	D:\nt\private\crt32st\stdio\_open.c
1326	0x0005de70	122	D:\nt\private\crt32st\stdio\_open.c	D:\nt\private\crt32st\stdio\_open.c
1327	0x0005de73	170	D:\nt\private\crt32st\stdio\_open.c	D:\nt\private\crt32st\stdio\_open.c
1328	0x0005de8a	168	D:\nt\private\crt32st\stdio\_open.c	D:\nt\private\crt32st\stdio\_open.c
1329	0x0005de8c	169	D:\nt\private\crt32st\stdio\_open.c	D:\nt\private\crt32st\stdio\_open.c
1330	0x0005de90	125	D:\nt\private\crt32st\stdio\_open.c	D:\nt\private\crt32st\stdio\_open.c
1331	0x0005de95	128	D:\nt\private\crt32st\stdio\_open.c	D:\nt\private\crt32st\stdio\_open.c
1332	0x0005de98	129	D:\nt\private\crt32st\stdio\_open.c	D:\nt\private\crt32st\stdio\_open.c
1333	0x0005de9b	130	D:\nt\private\crt32st\stdio\_open.c	D:\nt\private\crt32st\stdio\_open.c
1334	0x0005de9e	131	D:\nt\private\crt32st\stdio\_open.c	D:\nt\private\crt32st\stdio\_open.c
1335	0x0005dea1	133	D:\nt\private\crt32st\stdio\_open.c	D:\nt\private\crt32st\stdio\_open.c
1336	0x0005dea4	143	D:\nt\private\crt32st\stdio\_open.c	D:\nt\private\crt32st\stdio\_open.c
1337	0x0005dea9	146	D:\nt\private\crt32st\stdio\_open.c	D:\nt\private\crt32st\stdio\_open.c
1338	0x0005deac	147	D:\nt\private\crt32st\stdio\_open.c	D:\nt\private\crt32st\stdio\_open.c
1339	0x0005deb0	150	D:\nt\private\crt32st\stdio\_open.c	D:\nt\private\crt32st\stdio\_open.c
1340	0x0005deb6	153	D:\nt\private\crt32st\stdio\_open.c	D:\nt\private\crt32st\stdio\_open.c
1341	0x0005debd	154	D:\nt\private\crt32st\stdio\_open.c	D:\nt\private\crt32st\stdio\_open.c
1342	0x0005dec0	156	D:\nt\private\crt32st\stdio\_open.c	D:\nt\private\crt32st\stdio\_open.c
1343	0x0005dec4	159	D:\nt\private\crt32st\stdio\_open.c	D:\nt\private\crt32st\stdio\_open.c
1344	0x0005deca	162	D:\nt\private\crt32st\stdio\_open.c	D:\nt\private\crt32st\stdio\_open.c
1345	0x0005ded1	163	D:\nt\private\crt32st\stdio\_open.c	D:\nt\private\crt32st\stdio\_open.c
1346	0x0005dedc	136	D:\nt\private\crt32st\stdio\_open.c	D:\nt\private\crt32st\stdio\_open.c
1347	0x0005dee1	139	D:\nt\private\crt32st\stdio\_open.c	D:\nt\private\crt32st\stdio\_open.c
1348	0x0005dee4	140	D:\nt\private\crt32st\stdio\_open.c	D:\nt\private\crt32st\stdio\_open.c
1349	0x0005deed	175	D:\nt\private\crt32st\stdio\_open.c	D:\nt\private\crt32st\stdio\_open.c
1350	0x0005df15	185	D:\nt\private\crt32st\stdio\_open.c	D:\nt\private\crt32st\stdio\_open.c
1351	0x0005df1b	186	D:\nt\private\crt32st\stdio\_open.c	D:\nt\private\crt32st\stdio\_open.c
1352	0x0005df23	187	D:\nt\private\crt32st\stdio\_open.c	D:\nt\private\crt32st\stdio\_open.c
1353	0x0005df28	188	D:\nt\private\crt32st\stdio\_open.c	D:\nt\private\crt32st\stdio\_open.c
1354	0x0005df2e	190	D:\nt\private\crt32st\stdio\_open.c	D:\nt\private\crt32st\stdio\_open.c
1355	0x0005df30	191	D:\nt\private\crt32st\stdio\_open.c	D:\nt\private\crt32st\stdio\_open.c
1356	0x0005df38	104	D:\nt\private\crt32st\lowio\open.c	D:\nt\private\crt32st\lowio\open.c
1357	0x0005df3b	109	D:\nt\private\crt32st\lowio\open.c	D:\nt\private\crt32st\lowio\open.c
1358	0x0005df4b	110	D:\nt\private\crt32st\lowio\open.c	D:\nt\private\crt32st\lowio\open.c
1359	0x0005df50	148	D:\nt\private\crt32st\lowio\open.c	D:\nt\private\crt32st\lowio\open.c
1360	0x0005df5c	175	D:\nt\private\crt32st\lowio\open.c	D:\nt\private\crt32st\lowio\open.c
1361	0x0005df63	176	D:\nt\private\crt32st\lowio\open.c	D:\nt\private\crt32st\lowio\open.c
1362	0x0005df6a	177	D:\nt\private\crt32st\lowio\open.c	D:\nt\private\crt32st\lowio\open.c
1363	0x0005df71	184	D:\nt\private\crt32st\lowio\open.c	D:\nt\private\crt32st\lowio\open.c
1364	0x0005df77	187	D:\nt\private\crt32st\lowio\open.c	D:\nt\private\crt32st\lowio\open.c
1365	0x0005dfa1	314	D:\nt\private\crt32st\lowio\open.c	D:\nt\private\crt32st\lowio\open.c
1366	0x0005dfa6	329	D:\nt\private\crt32st\lowio\open.c	D:\nt\private\crt32st\lowio\open.c
1367	0x0005dfae	325	D:\nt\private\crt32st\lowio\open.c	D:\nt\private\crt32st\lowio\open.c
1368	0x0005dfb0	317	D:\nt\private\crt32st\lowio\open.c	D:\nt\private\crt32st\lowio\open.c
1369	0x0005dfb5	318	D:\nt\private\crt32st\lowio\open.c	D:\nt\private\crt32st\lowio\open.c
1370	0x0005dfb8	320	D:\nt\private\crt32st\lowio\open.c	D:\nt\private\crt32st\lowio\open.c
1371	0x0005dfbd	321	D:\nt\private\crt32st\lowio\open.c	D:\nt\private\crt32st\lowio\open.c
1372	0x0005dfc0	323	D:\nt\private\crt32st\lowio\open.c	D:\nt\private\crt32st\lowio\open.c
1373	0x0005dfc5	331	D:\nt\private\crt32st\lowio\open.c	D:\nt\private\crt32st\lowio\open.c
1374	0x0005dfc8	353	D:\nt\private\crt32st\lowio\open.c	D:\nt\private\crt32st\lowio\open.c
1375	0x0005dfdc	350	D:\nt\private\crt32st\lowio\open.c	D:\nt\private\crt32st\lowio\open.c
1376	0x0005dfe0	334	D:\nt\private\crt32st\lowio\open.c	D:\nt\private\crt32st\lowio\open.c
1377	0x0005dfe2	335	D:\nt\private\crt32st\lowio\open.c	D:\nt\private\crt32st\lowio\open.c
1378	0x0005dfe4	338	D:\nt\private\crt32st\lowio\open.c	D:\nt\private\crt32st\lowio\open.c
1379	0x0005dfe9	339	D:\nt\private\crt32st\lowio\open.c	D:\nt\private\crt32st\lowio\open.c
1380	0x0005dfec	342	D:\nt\private\crt32st\lowio\open.c	D:\nt\private\crt32st\lowio\open.c
1381	0x0005dff1	343	D:\nt\private\crt32st\lowio\open.c	D:\nt\private\crt32st\lowio\open.c
1382	0x0005dff4	346	D:\nt\private\crt32st\lowio\open.c	D:\nt\private\crt32st\lowio\open.c
1383	0x0005dff9	360	D:\nt\private\crt32st\lowio\open.c	D:\nt\private\crt32st\lowio\open.c
1384	0x0005e006	361	D:\nt\private\crt32st\lowio\open.c	D:\nt\private\crt32st\lowio\open.c
1385	0x0005e01a	369	D:\nt\private\crt32st\lowio\open.c	D:\nt\private\crt32st\lowio\open.c
1386	0x0005e025	370	D:\nt\private\crt32st\lowio\open.c	D:\nt\private\crt32st\lowio\open.c
1387	0x0005e02f	371	D:\nt\private\crt32st\lowio\open.c	D:\nt\private\crt32st\lowio\open.c
1388	0x0005e040	378	D:\nt\private\crt32st\lowio\open.c	D:\nt\private\crt32st\lowio\open.c
1389	0x0005e043	386	D:\nt\private\crt32st\lowio\open.c	D:\nt\private\crt32st\lowio\open.c
1390	0x0005e067	390	D:\nt\private\crt32st\lowio\open.c	D:\nt\private\crt32st\lowio\open.c
1391	0x0005e06d	395	D:\nt\private\crt32st\lowio\open.c	D:\nt\private\crt32st\lowio\open.c
1392	0x0005e075	401	D:\nt\private\crt32st\lowio\open.c	D:\nt\private\crt32st\lowio\open.c
1393	0x0005e085	402	D:\nt\private\crt32st\lowio\open.c	D:\nt\private\crt32st\lowio\open.c
1394	0x0005e08f	404	D:\nt\private\crt32st\lowio\open.c	D:\nt\private\crt32st\lowio\open.c
1395	0x0005e092	411	D:\nt\private\crt32st\lowio\open.c	D:\nt\private\crt32st\lowio\open.c
1396	0x0005e09b	414	D:\nt\private\crt32st\lowio\open.c	D:\nt\private\crt32st\lowio\open.c
1397	0x0005e0ae	419	D:\nt\private\crt32st\lowio\open.c	D:\nt\private\crt32st\lowio\open.c
1398	0x0005e0d0	423	D:\nt\private\crt32st\lowio\open.c	D:\nt\private\crt32st\lowio\open.c
1399	0x0005e0de	429	D:\nt\private\crt32st\lowio\open.c	D:\nt\private\crt32st\lowio\open.c
1400	0x0005e0e7	430	D:\nt\private\crt32st\lowio\open.c	D:\nt\private\crt32st\lowio\open.c
1401	0x0005e0f8	440	D:\nt\private\crt32st\lowio\open.c	D:\nt\private\crt32st\lowio\open.c
1402	0x0005e102	454	D:\nt\private\crt32st\lowio\open.c	D:\nt\private\crt32st\lowio\open.c
1403	0x0005e144	475	D:\nt\private\crt32st\lowio\open.c	D:\nt\private\crt32st\lowio\open.c
1404	0x0005e15a	484	D:\nt\private\crt32st\lowio\open.c	D:\nt\private\crt32st\lowio\open.c
1405	0x0005e15f	485	D:\nt\private\crt32st\lowio\open.c	D:\nt\private\crt32st\lowio\open.c
1406	0x0005e163	486	D:\nt\private\crt32st\lowio\open.c	D:\nt\private\crt32st\lowio\open.c
1407	0x0005e16d	487	D:\nt\private\crt32st\lowio\open.c	D:\nt\private\crt32st\lowio\open.c
1408	0x0005e171	493	D:\nt\private\crt32st\lowio\open.c	D:\nt\private\crt32st\lowio\open.c
1409	0x0005e180	516	D:\nt\private\crt32st\lowio\open.c	D:\nt\private\crt32st\lowio\open.c
1410	0x0005e18d	519	D:\nt\private\crt32st\lowio\open.c	D:\nt\private\crt32st\lowio\open.c
1411	0x0005e19d	525	D:\nt\private\crt32st\lowio\open.c	D:\nt\private\crt32st\lowio\open.c
1412	0x0005e1b1	528	D:\nt\private\crt32st\lowio\open.c	D:\nt\private\crt32st\lowio\open.c
1413	0x0005e1c0	535	D:\nt\private\crt32st\lowio\open.c	D:\nt\private\crt32st\lowio\open.c
1414	0x0005e1d8	538	D:\nt\private\crt32st\lowio\open.c	D:\nt\private\crt32st\lowio\open.c
1415	0x0005e1e5	546	D:\nt\private\crt32st\lowio\open.c	D:\nt\private\crt32st\lowio\open.c
1416	0x0005e1f5	557	D:\nt\private\crt32st\lowio\open.c	D:\nt\private\crt32st\lowio\open.c
1417	0x0005e1fc	558	D:\nt\private\crt32st\lowio\open.c	D:\nt\private\crt32st\lowio\open.c
1418	0x0005e20c	559	D:\nt\private\crt32st\lowio\open.c	D:\nt\private\crt32st\lowio\open.c
1419	0x0005e213	561	D:\nt\private\crt32st\lowio\open.c	D:\nt\private\crt32st\lowio\open.c
1420	0x0005e219	562	D:\nt\private\crt32st\lowio\open.c	D:\nt\private\crt32st\lowio\open.c
1421	0x0005e220	567	D:\nt\private\crt32st\lowio\open.c	D:\nt\private\crt32st\lowio\open.c
1422	0x0005e228	465	D:\nt\private\crt32st\lowio\open.c	D:\nt\private\crt32st\lowio\open.c
1423	0x0005e236	468	D:\nt\private\crt32st\lowio\open.c	D:\nt\private\crt32st\lowio\open.c
1424	0x0005e23b	568	D:\nt\private\crt32st\lowio\open.c	D:\nt\private\crt32st\lowio\open.c
1425	0x0005e25a	58	D:\nt\private\crt32st\dos\access.c	D:\nt\private\crt32st\dos\access.c
1426	0x0005e25e	79	D:\nt\private\crt32st\dos\access.c	D:\nt\private\crt32st\dos\access.c
1427	0x0005e270	81	D:\nt\private\crt32st\dos\access.c	D:\nt\private\crt32st\dos\access.c
1428	0x0005e27e	82	D:\nt\private\crt32st\dos\access.c	D:\nt\private\crt32st\dos\access.c
1429	0x0005e286	106	D:\nt\private\crt32st\dos\access.c	D:\nt\private\crt32st\dos\access.c
1430	0x0005e294	108	D:\nt\private\crt32st\dos\access.c	D:\nt\private\crt32st\dos\access.c
1431	0x0005e29e	109	D:\nt\private\crt32st\dos\access.c	D:\nt\private\crt32st\dos\access.c
1432	0x0005e2aa	114	D:\nt\private\crt32st\dos\access.c	D:\nt\private\crt32st\dos\access.c
1433	0x0005e2ac	116	D:\nt\private\crt32st\dos\access.c	D:\nt\private\crt32st\dos\access.c
1434	0x0005e2ba	123	D:\nt\private\crt32st\lowio\chsize.c	D:\nt\private\crt32st\lowio\chsize.c
1435	0x0005e2c9	129	D:\nt\private\crt32st\lowio\chsize.c	D:\nt\private\crt32st\lowio\chsize.c
1436	0x0005e2d2	131	D:\nt\private\crt32st\lowio\chsize.c	D:\nt\private\crt32st\lowio\chsize.c
1437	0x0005e2d9	133	D:\nt\private\crt32st\lowio\chsize.c	D:\nt\private\crt32st\lowio\chsize.c
1438	0x0005e2ed	143	D:\nt\private\crt32st\lowio\chsize.c	D:\nt\private\crt32st\lowio\chsize.c
1439	0x0005e31c	152	D:\nt\private\crt32st\lowio\chsize.c	D:\nt\private\crt32st\lowio\chsize.c
1440	0x0005e32c	156	D:\nt\private\crt32st\lowio\chsize.c	D:\nt\private\crt32st\lowio\chsize.c
1441	0x0005e33b	157	D:\nt\private\crt32st\lowio\chsize.c	D:\nt\private\crt32st\lowio\chsize.c
1442	0x0005e34f	162	D:\nt\private\crt32st\lowio\chsize.c	D:\nt\private\crt32st\lowio\chsize.c
1443	0x0005e379	171	D:\nt\private\crt32st\lowio\chsize.c	D:\nt\private\crt32st\lowio\chsize.c
1444	0x0005e382	165	D:\nt\private\crt32st\lowio\chsize.c	D:\nt\private\crt32st\lowio\chsize.c
1445	0x0005e38b	166	D:\nt\private\crt32st\lowio\chsize.c	D:\nt\private\crt32st\lowio\chsize.c
1446	0x0005e395	167	D:\nt\private\crt32st\lowio\chsize.c	D:\nt\private\crt32st\lowio\chsize.c
1447	0x0005e39b	173	D:\nt\private\crt32st\lowio\chsize.c	D:\nt\private\crt32st\lowio\chsize.c
1448	0x0005e3a9	177	D:\nt\private\crt32st\lowio\chsize.c	D:\nt\private\crt32st\lowio\chsize.c
1449	0x0005e3b2	187	D:\nt\private\crt32st\lowio\chsize.c	D:\nt\private\crt32st\lowio\chsize.c
1450	0x0005e3ce	213	D:\nt\private\crt32st\lowio\chsize.c	D:\nt\private\crt32st\lowio\chsize.c
1451	0x0005e3e6	144	D:\nt\private\crt32st\lowio\chsize.c	D:\nt\private\crt32st\lowio\chsize.c
1452	0x0005e3eb	215	D:\nt\private\crt32st\lowio\chsize.c	D:\nt\private\crt32st\lowio\chsize.c
1453	0x0005e3f2	134	D:\nt\private\crt32st\lowio\chsize.c	D:\nt\private\crt32st\lowio\chsize.c
1454	0x0005e3fc	135	D:\nt\private\crt32st\lowio\chsize.c	D:\nt\private\crt32st\lowio\chsize.c
1455	0x0005e401	216	D:\nt\private\crt32st\lowio\chsize.c	D:\nt\private\crt32st\lowio\chsize.c
1456	0x0005e40a	117	D:\nt\private\crt32st\lowio\setmode.c	D:\nt\private\crt32st\lowio\setmode.c
1457	0x0005e411	120	D:\nt\private\crt32st\lowio\setmode.c	D:\nt\private\crt32st\lowio\setmode.c
1458	0x0005e41d	127	D:\nt\private\crt32st\lowio\setmode.c	D:\nt\private\crt32st\lowio\setmode.c
1459	0x0005e426	133	D:\nt\private\crt32st\lowio\setmode.c	D:\nt\private\crt32st\lowio\setmode.c
1460	0x0005e438	135	D:\nt\private\crt32st\lowio\setmode.c	D:\nt\private\crt32st\lowio\setmode.c
1461	0x0005e440	136	D:\nt\private\crt32st\lowio\setmode.c	D:\nt\private\crt32st\lowio\setmode.c
1462	0x0005e447	137	D:\nt\private\crt32st\lowio\setmode.c	D:\nt\private\crt32st\lowio\setmode.c
1463	0x0005e452	138	D:\nt\private\crt32st\lowio\setmode.c	D:\nt\private\crt32st\lowio\setmode.c
1464	0x0005e459	145	D:\nt\private\crt32st\lowio\setmode.c	D:\nt\private\crt32st\lowio\setmode.c
1465	0x0005e46e	140	D:\nt\private\crt32st\lowio\setmode.c	D:\nt\private\crt32st\lowio\setmode.c
1466	0x0005e47a	121	D:\nt\private\crt32st\lowio\setmode.c	D:\nt\private\crt32st\lowio\setmode.c
1467	0x0005e484	122	D:\nt\private\crt32st\lowio\setmode.c	D:\nt\private\crt32st\lowio\setmode.c
1468	0x0005e489	147	D:\nt\private\crt32st\lowio\setmode.c	D:\nt\private\crt32st\lowio\setmode.c
1469	0x0005e49a	66	D:\nt\private\crt32st\stdio\fprintf.c	D:\nt\private\crt32st\stdio\fprintf.c
1470	0x0005e4a5	87	D:\nt\private\crt32st\stdio\fprintf.c	D:\nt\private\crt32st\stdio\fprintf.c
1471	0x0005e4b0	88	D:\nt\private\crt32st\stdio\fprintf.c	D:\nt\private\crt32st\stdio\fprintf.c
1472	0x0005e4c3	89	D:\nt\private\crt32st\stdio\fprintf.c	D:\nt\private\crt32st\stdio\fprintf.c
1473	0x0005e4cd	92	D:\nt\private\crt32st\stdio\fprintf.c	D:\nt\private\crt32st\stdio\fprintf.c
1474	0x0005e4d0	93	D:\nt\private\crt32st\stdio\fprintf.c	D:\nt\private\crt32st\stdio\fprintf.c
1475	0x0005e4da	103	D:\nt\private\crt32st\stdio\_sftbuf.c	D:\nt\private\crt32st\stdio\_sftbuf.c
1476	0x0005e4e2	113	D:\nt\private\crt32st\stdio\_sftbuf.c	D:\nt\private\crt32st\stdio\_sftbuf.c
1477	0x0005e4f4	117	D:\nt\private\crt32st\stdio\_sftbuf.c	D:\nt\private\crt32st\stdio\_sftbuf.c
1478	0x0005e4fc	118	D:\nt\private\crt32st\stdio\_sftbuf.c	D:\nt\private\crt32st\stdio\_sftbuf.c
1479	0x0005e4fe	119	D:\nt\private\crt32st\stdio\_sftbuf.c	D:\nt\private\crt32st\stdio\_sftbuf.c
1480	0x0005e50a	120	D:\nt\private\crt32st\stdio\_sftbuf.c	D:\nt\private\crt32st\stdio\_sftbuf.c
1481	0x0005e50f	124	D:\nt\private\crt32st\stdio\_sftbuf.c	D:\nt\private\crt32st\stdio\_sftbuf.c
1482	0x0005e515	127	D:\nt\private\crt32st\stdio\_sftbuf.c	D:\nt\private\crt32st\stdio\_sftbuf.c
1483	0x0005e51e	131	D:\nt\private\crt32st\stdio\_sftbuf.c	D:\nt\private\crt32st\stdio\_sftbuf.c
1484	0x0005e530	132	D:\nt\private\crt32st\stdio\_sftbuf.c	D:\nt\private\crt32st\stdio\_sftbuf.c
1485	0x0005e546	136	D:\nt\private\crt32st\stdio\_sftbuf.c	D:\nt\private\crt32st\stdio\_sftbuf.c
1486	0x0005e550	137	D:\nt\private\crt32st\stdio\_sftbuf.c	D:\nt\private\crt32st\stdio\_sftbuf.c
1487	0x0005e55b	138	D:\nt\private\crt32st\stdio\_sftbuf.c	D:\nt\private\crt32st\stdio\_sftbuf.c
1488	0x0005e561	140	D:\nt\private\crt32st\stdio\_sftbuf.c	D:\nt\private\crt32st\stdio\_sftbuf.c
1489	0x0005e56a	122	D:\nt\private\crt32st\stdio\_sftbuf.c	D:\nt\private\crt32st\stdio\_sftbuf.c
1490	0x0005e56c	141	D:\nt\private\crt32st\stdio\_sftbuf.c	D:\nt\private\crt32st\stdio\_sftbuf.c
1491	0x0005e572	174	D:\nt\private\crt32st\stdio\_sftbuf.c	D:\nt\private\crt32st\stdio\_sftbuf.c
1492	0x0005e578	180	D:\nt\private\crt32st\stdio\_sftbuf.c	D:\nt\private\crt32st\stdio\_sftbuf.c
1493	0x0005e57e	182	D:\nt\private\crt32st\stdio\_sftbuf.c	D:\nt\private\crt32st\stdio\_sftbuf.c
1494	0x0005e584	184	D:\nt\private\crt32st\stdio\_sftbuf.c	D:\nt\private\crt32st\stdio\_sftbuf.c
1495	0x0005e58a	187	D:\nt\private\crt32st\stdio\_sftbuf.c	D:\nt\private\crt32st\stdio\_sftbuf.c
1496	0x0005e593	188	D:\nt\private\crt32st\stdio\_sftbuf.c	D:\nt\private\crt32st\stdio\_sftbuf.c
1497	0x0005e59d	189	D:\nt\private\crt32st\stdio\_sftbuf.c	D:\nt\private\crt32st\stdio\_sftbuf.c
1498	0x0005e5a4	190	D:\nt\private\crt32st\stdio\_sftbuf.c	D:\nt\private\crt32st\stdio\_sftbuf.c
1499	0x0005e5ab	208	D:\nt\private\crt32st\stdio\_sftbuf.c	D:\nt\private\crt32st\stdio\_sftbuf.c
1500	0x0005e5ae	209	D:\nt\private\crt32st\stdio\_sftbuf.c	D:\nt\private\crt32st\stdio\_sftbuf.c
1501	0x0005e5b7	210	D:\nt\private\crt32st\stdio\_sftbuf.c	D:\nt\private\crt32st\stdio\_sftbuf.c
1502	0x0005e5bd	214	D:\nt\private\crt32st\stdio\_sftbuf.c	D:\nt\private\crt32st\stdio\_sftbuf.c
1503	0x0005e5ca	312	D:\nt\private\crt32st\stdio\output.c	D:\nt\private\crt32st\stdio\output.c
1504	0x0005e5d6	331	D:\nt\private\crt32st\stdio\output.c	D:\nt\private\crt32st\stdio\output.c
1505	0x0005e5e1	334	D:\nt\private\crt32st\stdio\output.c	D:\nt\private\crt32st\stdio\output.c
1506	0x0005e5f0	335	D:\nt\private\crt32st\stdio\output.c	D:\nt\private\crt32st\stdio\output.c
1507	0x0005e610	339	D:\nt\private\crt32st\stdio\output.c	D:\nt\private\crt32st\stdio\output.c
1508	0x0005e623	821	D:\nt\private\crt32st\stdio\output.c	D:\nt\private\crt32st\stdio\output.c
1509	0x0005e656	343	D:\nt\private\crt32st\stdio\output.c	D:\nt\private\crt32st\stdio\output.c
1510	0x0005e66a	344	D:\nt\private\crt32st\stdio\output.c	D:\nt\private\crt32st\stdio\output.c
1511	0x0005e672	349	D:\nt\private\crt32st\stdio\output.c	D:\nt\private\crt32st\stdio\output.c
1512	0x0005e680	350	D:\nt\private\crt32st\stdio\output.c	D:\nt\private\crt32st\stdio\output.c
1513	0x0005e687	351	D:\nt\private\crt32st\stdio\output.c	D:\nt\private\crt32st\stdio\output.c
1514	0x0005e68e	355	D:\nt\private\crt32st\stdio\output.c	D:\nt\private\crt32st\stdio\output.c
1515	0x0005e692	371	D:\nt\private\crt32st\stdio\output.c	D:\nt\private\crt32st\stdio\output.c
1516	0x0005e6b2	363	D:\nt\private\crt32st\stdio\output.c	D:\nt\private\crt32st\stdio\output.c
1517	0x0005e6b5	364	D:\nt\private\crt32st\stdio\output.c	D:\nt\private\crt32st\stdio\output.c
1518	0x0005e6ba	366	D:\nt\private\crt32st\stdio\output.c	D:\nt\private\crt32st\stdio\output.c
1519	0x0005e6c0	367	D:\nt\private\crt32st\stdio\output.c	D:\nt\private\crt32st\stdio\output.c
1520	0x0005e6c6	360	D:\nt\private\crt32st\stdio\output.c	D:\nt\private\crt32st\stdio\output.c
1521	0x0005e6c9	361	D:\nt\private\crt32st\stdio\output.c	D:\nt\private\crt32st\stdio\output.c
1522	0x0005e6ce	357	D:\nt\private\crt32st\stdio\output.c	D:\nt\private\crt32st\stdio\output.c
1523	0x0005e6d1	358	D:\nt\private\crt32st\stdio\output.c	D:\nt\private\crt32st\stdio\output.c
1524	0x0005e6d6	369	D:\nt\private\crt32st\stdio\output.c	D:\nt\private\crt32st\stdio\output.c
1525	0x0005e6d9	370	D:\nt\private\crt32st\stdio\output.c	D:\nt\private\crt32st\stdio\output.c
1526	0x0005e6de	376	D:\nt\private\crt32st\stdio\output.c	D:\nt\private\crt32st\stdio\output.c
1527	0x0005e6e4	379	D:\nt\private\crt32st\stdio\output.c	D:\nt\private\crt32st\stdio\output.c
1528	0x0005e6fd	381	D:\nt\private\crt32st\stdio\output.c	D:\nt\private\crt32st\stdio\output.c
1529	0x0005e700	382	D:\nt\private\crt32st\stdio\output.c	D:\nt\private\crt32st\stdio\output.c
1530	0x0005e705	385	D:\nt\private\crt32st\stdio\output.c	D:\nt\private\crt32st\stdio\output.c
1531	0x0005e70a	387	D:\nt\private\crt32st\stdio\output.c	D:\nt\private\crt32st\stdio\output.c
1532	0x0005e71e	389	D:\nt\private\crt32st\stdio\output.c	D:\nt\private\crt32st\stdio\output.c
1533	0x0005e726	394	D:\nt\private\crt32st\stdio\output.c	D:\nt\private\crt32st\stdio\output.c
1534	0x0005e72d	395	D:\nt\private\crt32st\stdio\output.c	D:\nt\private\crt32st\stdio\output.c
1535	0x0005e732	399	D:\nt\private\crt32st\stdio\output.c	D:\nt\private\crt32st\stdio\output.c
1536	0x0005e738	402	D:\nt\private\crt32st\stdio\output.c	D:\nt\private\crt32st\stdio\output.c
1537	0x0005e756	407	D:\nt\private\crt32st\stdio\output.c	D:\nt\private\crt32st\stdio\output.c
1538	0x0005e76a	409	D:\nt\private\crt32st\stdio\output.c	D:\nt\private\crt32st\stdio\output.c
1539	0x0005e772	413	D:\nt\private\crt32st\stdio\output.c	D:\nt\private\crt32st\stdio\output.c
1540	0x0005e776	438	D:\nt\private\crt32st\stdio\output.c	D:\nt\private\crt32st\stdio\output.c
1541	0x0005e78a	422	D:\nt\private\crt32st\stdio\output.c	D:\nt\private\crt32st\stdio\output.c
1542	0x0005e790	423	D:\nt\private\crt32st\stdio\output.c	D:\nt\private\crt32st\stdio\output.c
1543	0x0005e796	416	D:\nt\private\crt32st\stdio\output.c	D:\nt\private\crt32st\stdio\output.c
1544	0x0005e799	417	D:\nt\private\crt32st\stdio\output.c	D:\nt\private\crt32st\stdio\output.c
1545	0x0005e79e	434	D:\nt\private\crt32st\stdio\output.c	D:\nt\private\crt32st\stdio\output.c
1546	0x0005e7a4	435	D:\nt\private\crt32st\stdio\output.c	D:\nt\private\crt32st\stdio\output.c
1547	0x0005e7aa	451	D:\nt\private\crt32st\stdio\output.c	D:\nt\private\crt32st\stdio\output.c
1548	0x0005e7ae	755	D:\nt\private\crt32st\stdio\output.c	D:\nt\private\crt32st\stdio\output.c
1549	0x0005e89e	571	D:\nt\private\crt32st\stdio\output.c	D:\nt\private\crt32st\stdio\output.c
1550	0x0005e8a5	572	D:\nt\private\crt32st\stdio\output.c	D:\nt\private\crt32st\stdio\output.c
1551	0x0005e8a9	579	D:\nt\private\crt32st\stdio\output.c	D:\nt\private\crt32st\stdio\output.c
1552	0x0005e8ac	580	D:\nt\private\crt32st\stdio\output.c	D:\nt\private\crt32st\stdio\output.c
1553	0x0005e8b5	583	D:\nt\private\crt32st\stdio\output.c	D:\nt\private\crt32st\stdio\output.c
1554	0x0005e8bf	584	D:\nt\private\crt32st\stdio\output.c	D:\nt\private\crt32st\stdio\output.c
1555	0x0005e8c6	585	D:\nt\private\crt32st\stdio\output.c	D:\nt\private\crt32st\stdio\output.c
1556	0x0005e8ce	475	D:\nt\private\crt32st\stdio\output.c	D:\nt\private\crt32st\stdio\output.c
1557	0x0005e8e6	480	D:\nt\private\crt32st\stdio\output.c	D:\nt\private\crt32st\stdio\output.c
1558	0x0005e8ec	481	D:\nt\private\crt32st\stdio\output.c	D:\nt\private\crt32st\stdio\output.c
1559	0x0005e8f4	482	D:\nt\private\crt32st\stdio\output.c	D:\nt\private\crt32st\stdio\output.c
1560	0x0005e905	483	D:\nt\private\crt32st\stdio\output.c	D:\nt\private\crt32st\stdio\output.c
1561	0x0005e90a	484	D:\nt\private\crt32st\stdio\output.c	D:\nt\private\crt32st\stdio\output.c
1562	0x0005e912	477	D:\nt\private\crt32st\stdio\output.c	D:\nt\private\crt32st\stdio\output.c
1563	0x0005e918	478	D:\nt\private\crt32st\stdio\output.c	D:\nt\private\crt32st\stdio\output.c
1564	0x0005e92c	479	D:\nt\private\crt32st\stdio\output.c	D:\nt\private\crt32st\stdio\output.c
1565	0x0005e932	456	D:\nt\private\crt32st\stdio\output.c	D:\nt\private\crt32st\stdio\output.c
1566	0x0005e944	457	D:\nt\private\crt32st\stdio\output.c	D:\nt\private\crt32st\stdio\output.c
1567	0x0005e94d	458	D:\nt\private\crt32st\stdio\output.c	D:\nt\private\crt32st\stdio\output.c
1568	0x0005e954	460	D:\nt\private\crt32st\stdio\output.c	D:\nt\private\crt32st\stdio\output.c
1569	0x0005e95a	623	D:\nt\private\crt32st\stdio\output.c	D:\nt\private\crt32st\stdio\output.c
1570	0x0005e95d	624	D:\nt\private\crt32st\stdio\output.c	D:\nt\private\crt32st\stdio\output.c
1571	0x0005e964	625	D:\nt\private\crt32st\stdio\output.c	D:\nt\private\crt32st\stdio\output.c
1572	0x0005e966	548	D:\nt\private\crt32st\stdio\output.c	D:\nt\private\crt32st\stdio\output.c
1573	0x0005e974	552	D:\nt\private\crt32st\stdio\output.c	D:\nt\private\crt32st\stdio\output.c
1574	0x0005e979	564	D:\nt\private\crt32st\stdio\output.c	D:\nt\private\crt32st\stdio\output.c
1575	0x0005e980	566	D:\nt\private\crt32st\stdio\output.c	D:\nt\private\crt32st\stdio\output.c
1576	0x0005e986	668	D:\nt\private\crt32st\stdio\output.c	D:\nt\private\crt32st\stdio\output.c
1577	0x0005e98d	669	D:\nt\private\crt32st\stdio\output.c	D:\nt\private\crt32st\stdio\output.c
1578	0x0005e995	671	D:\nt\private\crt32st\stdio\output.c	D:\nt\private\crt32st\stdio\output.c
1579	0x0005e99e	636	D:\nt\private\crt32st\stdio\output.c	D:\nt\private\crt32st\stdio\output.c
1580	0x0005e9a5	648	D:\nt\private\crt32st\stdio\output.c	D:\nt\private\crt32st\stdio\output.c
1581	0x0005e9ac	657	D:\nt\private\crt32st\stdio\output.c	D:\nt\private\crt32st\stdio\output.c
1582	0x0005e9b3	658	D:\nt\private\crt32st\stdio\output.c	D:\nt\private\crt32st\stdio\output.c
1583	0x0005e9bb	660	D:\nt\private\crt32st\stdio\output.c	D:\nt\private\crt32st\stdio\output.c
1584	0x0005e9bf	661	D:\nt\private\crt32st\stdio\output.c	D:\nt\private\crt32st\stdio\output.c
1585	0x0005e9c7	662	D:\nt\private\crt32st\stdio\output.c	D:\nt\private\crt32st\stdio\output.c
1586	0x0005e9ce	688	D:\nt\private\crt32st\stdio\output.c	D:\nt\private\crt32st\stdio\output.c
1587	0x0005e9ea	505	D:\nt\private\crt32st\stdio\output.c	D:\nt\private\crt32st\stdio\output.c
1588	0x0005e9fd	507	D:\nt\private\crt32st\stdio\output.c	D:\nt\private\crt32st\stdio\output.c
1589	0x0005ea03	515	D:\nt\private\crt32st\stdio\output.c	D:\nt\private\crt32st\stdio\output.c
1590	0x0005ea18	519	D:\nt\private\crt32st\stdio\output.c	D:\nt\private\crt32st\stdio\output.c
1591	0x0005ea23	520	D:\nt\private\crt32st\stdio\output.c	D:\nt\private\crt32st\stdio\output.c
1592	0x0005ea2b	521	D:\nt\private\crt32st\stdio\output.c	D:\nt\private\crt32st\stdio\output.c
1593	0x0005ea34	522	D:\nt\private\crt32st\stdio\output.c	D:\nt\private\crt32st\stdio\output.c
1594	0x0005ea3e	523	D:\nt\private\crt32st\stdio\output.c	D:\nt\private\crt32st\stdio\output.c
1595	0x0005ea48	524	D:\nt\private\crt32st\stdio\output.c	D:\nt\private\crt32st\stdio\output.c
1596	0x0005ea51	525	D:\nt\private\crt32st\stdio\output.c	D:\nt\private\crt32st\stdio\output.c
1597	0x0005ea56	526	D:\nt\private\crt32st\stdio\output.c	D:\nt\private\crt32st\stdio\output.c
1598	0x0005ea5f	527	D:\nt\private\crt32st\stdio\output.c	D:\nt\private\crt32st\stdio\output.c
1599	0x0005ea67	528	D:\nt\private\crt32st\stdio\output.c	D:\nt\private\crt32st\stdio\output.c
1600	0x0005ea6e	653	D:\nt\private\crt32st\stdio\output.c	D:\nt\private\crt32st\stdio\output.c
1601	0x0005ea7a	643	D:\nt\private\crt32st\stdio\output.c	D:\nt\private\crt32st\stdio\output.c
1602	0x0005ea88	710	D:\nt\private\crt32st\stdio\output.c	D:\nt\private\crt32st\stdio\output.c
1603	0x0005ea94	711	D:\nt\private\crt32st\stdio\output.c	D:\nt\private\crt32st\stdio\output.c
1604	0x0005ea98	712	D:\nt\private\crt32st\stdio\output.c	D:\nt\private\crt32st\stdio\output.c
1605	0x0005ea9e	714	D:\nt\private\crt32st\stdio\output.c	D:\nt\private\crt32st\stdio\output.c
1606	0x0005eaa2	715	D:\nt\private\crt32st\stdio\output.c	D:\nt\private\crt32st\stdio\output.c
1607	0x0005eaa4	720	D:\nt\private\crt32st\stdio\output.c	D:\nt\private\crt32st\stdio\output.c
1608	0x0005eaaa	721	D:\nt\private\crt32st\stdio\output.c	D:\nt\private\crt32st\stdio\output.c
1609	0x0005eab1	722	D:\nt\private\crt32st\stdio\output.c	D:\nt\private\crt32st\stdio\output.c
1610	0x0005eab4	726	D:\nt\private\crt32st\stdio\output.c	D:\nt\private\crt32st\stdio\output.c
1611	0x0005eab8	727	D:\nt\private\crt32st\stdio\output.c	D:\nt\private\crt32st\stdio\output.c
1612	0x0005eabb	732	D:\nt\private\crt32st\stdio\output.c	D:\nt\private\crt32st\stdio\output.c
1613	0x0005eac3	734	D:\nt\private\crt32st\stdio\output.c	D:\nt\private\crt32st\stdio\output.c
1614	0x0005ead1	735	D:\nt\private\crt32st\stdio\output.c	D:\nt\private\crt32st\stdio\output.c
1615	0x0005eadd	736	D:\nt\private\crt32st\stdio\output.c	D:\nt\private\crt32st\stdio\output.c
1616	0x0005eae6	737	D:\nt\private\crt32st\stdio\output.c	D:\nt\private\crt32st\stdio\output.c
1617	0x0005eaeb	739	D:\nt\private\crt32st\stdio\output.c	D:\nt\private\crt32st\stdio\output.c
1618	0x0005eaee	741	D:\nt\private\crt32st\stdio\output.c	D:\nt\private\crt32st\stdio\output.c
1619	0x0005eaf1	742	D:\nt\private\crt32st\stdio\output.c	D:\nt\private\crt32st\stdio\output.c
1620	0x0005eaf6	723	D:\nt\private\crt32st\stdio\output.c	D:\nt\private\crt32st\stdio\output.c
1621	0x0005eafe	744	D:\nt\private\crt32st\stdio\output.c	D:\nt\private\crt32st\stdio\output.c
1622	0x0005eb06	745	D:\nt\private\crt32st\stdio\output.c	D:\nt\private\crt32st\stdio\output.c
1623	0x0005eb0a	749	D:\nt\private\crt32st\stdio\output.c	D:\nt\private\crt32st\stdio\output.c
1624	0x0005eb21	750	D:\nt\private\crt32st\stdio\output.c	D:\nt\private\crt32st\stdio\output.c
1625	0x0005eb25	751	D:\nt\private\crt32st\stdio\output.c	D:\nt\private\crt32st\stdio\output.c
1626	0x0005eb3e	586	D:\nt\private\crt32st\stdio\output.c	D:\nt\private\crt32st\stdio\output.c
1627	0x0005eb45	590	D:\nt\private\crt32st\stdio\output.c	D:\nt\private\crt32st\stdio\output.c
1628	0x0005eb4d	591	D:\nt\private\crt32st\stdio\output.c	D:\nt\private\crt32st\stdio\output.c
1629	0x0005eb6b	592	D:\nt\private\crt32st\stdio\output.c	D:\nt\private\crt32st\stdio\output.c
1630	0x0005eb6f	594	D:\nt\private\crt32st\stdio\output.c	D:\nt\private\crt32st\stdio\output.c
1631	0x0005eb72	597	D:\nt\private\crt32st\stdio\output.c	D:\nt\private\crt32st\stdio\output.c
1632	0x0005eb90	598	D:\nt\private\crt32st\stdio\output.c	D:\nt\private\crt32st\stdio\output.c
1633	0x0005eb94	602	D:\nt\private\crt32st\stdio\output.c	D:\nt\private\crt32st\stdio\output.c
1634	0x0005eba2	603	D:\nt\private\crt32st\stdio\output.c	D:\nt\private\crt32st\stdio\output.c
1635	0x0005ebb2	606	D:\nt\private\crt32st\stdio\output.c	D:\nt\private\crt32st\stdio\output.c
1636	0x0005ebc0	607	D:\nt\private\crt32st\stdio\output.c	D:\nt\private\crt32st\stdio\output.c
1637	0x0005ebd0	611	D:\nt\private\crt32st\stdio\output.c	D:\nt\private\crt32st\stdio\output.c
1638	0x0005ebd9	612	D:\nt\private\crt32st\stdio\output.c	D:\nt\private\crt32st\stdio\output.c
1639	0x0005ebdf	613	D:\nt\private\crt32st\stdio\output.c	D:\nt\private\crt32st\stdio\output.c
1640	0x0005ebe8	616	D:\nt\private\crt32st\stdio\output.c	D:\nt\private\crt32st\stdio\output.c
1641	0x0005ebfa	762	D:\nt\private\crt32st\stdio\output.c	D:\nt\private\crt32st\stdio\output.c
1642	0x0005ec04	765	D:\nt\private\crt32st\stdio\output.c	D:\nt\private\crt32st\stdio\output.c
1643	0x0005ec0c	766	D:\nt\private\crt32st\stdio\output.c	D:\nt\private\crt32st\stdio\output.c
1644	0x0005ec14	768	D:\nt\private\crt32st\stdio\output.c	D:\nt\private\crt32st\stdio\output.c
1645	0x0005ec22	773	D:\nt\private\crt32st\stdio\output.c	D:\nt\private\crt32st\stdio\output.c
1646	0x0005ec32	778	D:\nt\private\crt32st\stdio\output.c	D:\nt\private\crt32st\stdio\output.c
1647	0x0005ec36	779	D:\nt\private\crt32st\stdio\output.c	D:\nt\private\crt32st\stdio\output.c
1648	0x0005ec3d	785	D:\nt\private\crt32st\stdio\output.c	D:\nt\private\crt32st\stdio\output.c
1649	0x0005ec49	789	D:\nt\private\crt32st\stdio\output.c	D:\nt\private\crt32st\stdio\output.c
1650	0x0005ec51	791	D:\nt\private\crt32st\stdio\output.c	D:\nt\private\crt32st\stdio\output.c
1651	0x0005ec65	795	D:\nt\private\crt32st\stdio\output.c	D:\nt\private\crt32st\stdio\output.c
1652	0x0005ec7b	797	D:\nt\private\crt32st\stdio\output.c	D:\nt\private\crt32st\stdio\output.c
1653	0x0005ec8b	799	D:\nt\private\crt32st\stdio\output.c	D:\nt\private\crt32st\stdio\output.c
1654	0x0005ec9f	804	D:\nt\private\crt32st\stdio\output.c	D:\nt\private\crt32st\stdio\output.c
1655	0x0005eca7	805	D:\nt\private\crt32st\stdio\output.c	D:\nt\private\crt32st\stdio\output.c
1656	0x0005ecbe	807	D:\nt\private\crt32st\stdio\output.c	D:\nt\private\crt32st\stdio\output.c
1657	0x0005ecd3	813	D:\nt\private\crt32st\stdio\output.c	D:\nt\private\crt32st\stdio\output.c
1658	0x0005ecdb	815	D:\nt\private\crt32st\stdio\output.c	D:\nt\private\crt32st\stdio\output.c
1659	0x0005ecef	820	D:\nt\private\crt32st\stdio\output.c	D:\nt\private\crt32st\stdio\output.c
1660	0x0005ed02	824	D:\nt\private\crt32st\stdio\output.c	D:\nt\private\crt32st\stdio\output.c
1661	0x0005ed05	825	D:\nt\private\crt32st\stdio\output.c	D:\nt\private\crt32st\stdio\output.c
1662	0x0005ed0a	868	D:\nt\private\crt32st\stdio\output.c	D:\nt\private\crt32st\stdio\output.c
1663	0x0005ed0e	869	D:\nt\private\crt32st\stdio\output.c	D:\nt\private\crt32st\stdio\output.c
1664	0x0005ed41	870	D:\nt\private\crt32st\stdio\output.c	D:\nt\private\crt32st\stdio\output.c
1665	0x0005ed4a	871	D:\nt\private\crt32st\stdio\output.c	D:\nt\private\crt32st\stdio\output.c
1666	0x0005ed4e	872	D:\nt\private\crt32st\stdio\output.c	D:\nt\private\crt32st\stdio\output.c
1667	0x0005ed53	873	D:\nt\private\crt32st\stdio\output.c	D:\nt\private\crt32st\stdio\output.c
1668	0x0005ed56	919	D:\nt\private\crt32st\stdio\output.c	D:\nt\private\crt32st\stdio\output.c
1669	0x0005ed61	920	D:\nt\private\crt32st\stdio\output.c	D:\nt\private\crt32st\stdio\output.c
1670	0x0005ed66	921	D:\nt\private\crt32st\stdio\output.c	D:\nt\private\crt32st\stdio\output.c
1671	0x0005ed7c	922	D:\nt\private\crt32st\stdio\output.c	D:\nt\private\crt32st\stdio\output.c
1672	0x0005ed82	984	D:\nt\private\crt32st\stdio\output.c	D:\nt\private\crt32st\stdio\output.c
1673	0x0005ed8d	985	D:\nt\private\crt32st\stdio\output.c	D:\nt\private\crt32st\stdio\output.c
1674	0x0005ed92	986	D:\nt\private\crt32st\stdio\output.c	D:\nt\private\crt32st\stdio\output.c
1675	0x0005edad	987	D:\nt\private\crt32st\stdio\output.c	D:\nt\private\crt32st\stdio\output.c
1676	0x0005edb2	998	D:\nt\private\crt32st\stdio\output.c	D:\nt\private\crt32st\stdio\output.c
1677	0x0005edbd	999	D:\nt\private\crt32st\stdio\output.c	D:\nt\private\crt32st\stdio\output.c
1678	0x0005edc2	1000	D:\nt\private\crt32st\stdio\output.c	D:\nt\private\crt32st\stdio\output.c
1679	0x0005eddf	1001	D:\nt\private\crt32st\stdio\output.c	D:\nt\private\crt32st\stdio\output.c
1680	0x0005ede6	1025	D:\nt\private\crt32st\stdio\output.c	D:\nt\private\crt32st\stdio\output.c
1681	0x0005ede9	1026	D:\nt\private\crt32st\stdio\output.c	D:\nt\private\crt32st\stdio\output.c
1682	0x0005edf3	1027	D:\nt\private\crt32st\stdio\output.c	D:\nt\private\crt32st\stdio\output.c
1683	0x0005edf6	1050	D:\nt\private\crt32st\stdio\output.c	D:\nt\private\crt32st\stdio\output.c
1684	0x0005edf9	1051	D:\nt\private\crt32st\stdio\output.c	D:\nt\private\crt32st\stdio\output.c
1685	0x0005ee03	1052	D:\nt\private\crt32st\stdio\output.c	D:\nt\private\crt32st\stdio\output.c
1686	0x0005ee0a	105	D:\nt\private\crt32st\stdio\fread.c	D:\nt\private\crt32st\stdio\fread.c
1687	0x0005ee16	115	D:\nt\private\crt32st\stdio\fread.c	D:\nt\private\crt32st\stdio\fread.c
1688	0x0005ee1c	116	D:\nt\private\crt32st\stdio\fread.c	D:\nt\private\crt32st\stdio\fread.c
1689	0x0005ee26	117	D:\nt\private\crt32st\stdio\fread.c	D:\nt\private\crt32st\stdio\fread.c
1690	0x0005ee32	119	D:\nt\private\crt32st\stdio\fread.c	D:\nt\private\crt32st\stdio\fread.c
1691	0x0005ee35	120	D:\nt\private\crt32st\stdio\fread.c	D:\nt\private\crt32st\stdio\fread.c
1692	0x0005ee3d	122	D:\nt\private\crt32st\stdio\fread.c	D:\nt\private\crt32st\stdio\fread.c
1693	0x0005ee42	125	D:\nt\private\crt32st\stdio\fread.c	D:\nt\private\crt32st\stdio\fread.c
1694	0x0005ee4d	128	D:\nt\private\crt32st\stdio\fread.c	D:\nt\private\crt32st\stdio\fread.c
1695	0x0005ee5f	130	D:\nt\private\crt32st\stdio\fread.c	D:\nt\private\crt32st\stdio\fread.c
1696	0x0005ee6d	131	D:\nt\private\crt32st\stdio\fread.c	D:\nt\private\crt32st\stdio\fread.c
1697	0x0005ee83	134	D:\nt\private\crt32st\stdio\fread.c	D:\nt\private\crt32st\stdio\fread.c
1698	0x0005ee86	135	D:\nt\private\crt32st\stdio\fread.c	D:\nt\private\crt32st\stdio\fread.c
1699	0x0005ee8c	136	D:\nt\private\crt32st\stdio\fread.c	D:\nt\private\crt32st\stdio\fread.c
1700	0x0005ee8e	137	D:\nt\private\crt32st\stdio\fread.c	D:\nt\private\crt32st\stdio\fread.c
1701	0x0005ee91	139	D:\nt\private\crt32st\stdio\fread.c	D:\nt\private\crt32st\stdio\fread.c
1702	0x0005ee9b	149	D:\nt\private\crt32st\stdio\fread.c	D:\nt\private\crt32st\stdio\fread.c
1703	0x0005eebe	154	D:\nt\private\crt32st\stdio\fread.c	D:\nt\private\crt32st\stdio\fread.c
1704	0x0005eec3	161	D:\nt\private\crt32st\stdio\fread.c	D:\nt\private\crt32st\stdio\fread.c
1705	0x0005eec5	162	D:\nt\private\crt32st\stdio\fread.c	D:\nt\private\crt32st\stdio\fread.c
1706	0x0005eec8	164	D:\nt\private\crt32st\stdio\fread.c	D:\nt\private\crt32st\stdio\fread.c
1707	0x0005eeca	167	D:\nt\private\crt32st\stdio\fread.c	D:\nt\private\crt32st\stdio\fread.c
1708	0x0005eeda	173	D:\nt\private\crt32st\stdio\fread.c	D:\nt\private\crt32st\stdio\fread.c
1709	0x0005eee4	174	D:\nt\private\crt32st\stdio\fread.c	D:\nt\private\crt32st\stdio\fread.c
1710	0x0005eee5	177	D:\nt\private\crt32st\stdio\fread.c	D:\nt\private\crt32st\stdio\fread.c
1711	0x0005eeee	179	D:\nt\private\crt32st\stdio\fread.c	D:\nt\private\crt32st\stdio\fread.c
1712	0x0005eefa	156	D:\nt\private\crt32st\stdio\fread.c	D:\nt\private\crt32st\stdio\fread.c
1713	0x0005ef01	169	D:\nt\private\crt32st\stdio\fread.c	D:\nt\private\crt32st\stdio\fread.c
1714	0x0005ef12	151	D:\nt\private\crt32st\stdio\fread.c	D:\nt\private\crt32st\stdio\fread.c
1715	0x0005ef1e	182	D:\nt\private\crt32st\stdio\fread.c	D:\nt\private\crt32st\stdio\fread.c
1716	0x0005ef21	183	D:\nt\private\crt32st\stdio\fread.c	D:\nt\private\crt32st\stdio\fread.c
1717	0x0005ef2a	99	D:\nt\private\crt32st\heap\free.c	D:\nt\private\crt32st\heap\free.c
1718	0x0005ef31	106	D:\nt\private\crt32st\heap\free.c	D:\nt\private\crt32st\heap\free.c
1719	0x0005ef35	114	D:\nt\private\crt32st\heap\free.c	D:\nt\private\crt32st\heap\free.c
1720	0x0005ef38	120	D:\nt\private\crt32st\heap\free.c	D:\nt\private\crt32st\heap\free.c
1721	0x0005ef47	121	D:\nt\private\crt32st\heap\free.c	D:\nt\private\crt32st\heap\free.c
1722	0x0005ef4c	127	D:\nt\private\crt32st\heap\free.c	D:\nt\private\crt32st\heap\free.c
1723	0x0005ef57	141	D:\nt\private\crt32st\heap\free.c	D:\nt\private\crt32st\heap\free.c
1724	0x0005ef85	142	D:\nt\private\crt32st\heap\free.c	D:\nt\private\crt32st\heap\free.c
1725	0x0005ef8b	146	D:\nt\private\crt32st\heap\free.c	D:\nt\private\crt32st\heap\free.c
1726	0x0005ef9a	186	D:\nt\private\crt32st\stdio\fseek.c	D:\nt\private\crt32st\stdio\fseek.c
1727	0x0005efa0	196	D:\nt\private\crt32st\stdio\fseek.c	D:\nt\private\crt32st\stdio\fseek.c
1728	0x0005efb8	203	D:\nt\private\crt32st\stdio\fseek.c	D:\nt\private\crt32st\stdio\fseek.c
1729	0x0005efbc	209	D:\nt\private\crt32st\stdio\fseek.c	D:\nt\private\crt32st\stdio\fseek.c
1730	0x0005efc1	210	D:\nt\private\crt32st\stdio\fseek.c	D:\nt\private\crt32st\stdio\fseek.c
1731	0x0005efcf	211	D:\nt\private\crt32st\stdio\fseek.c	D:\nt\private\crt32st\stdio\fseek.c
1732	0x0005efd6	216	D:\nt\private\crt32st\stdio\fseek.c	D:\nt\private\crt32st\stdio\fseek.c
1733	0x0005efe1	221	D:\nt\private\crt32st\stdio\fseek.c	D:\nt\private\crt32st\stdio\fseek.c
1734	0x0005efea	222	D:\nt\private\crt32st\stdio\fseek.c	D:\nt\private\crt32st\stdio\fseek.c
1735	0x0005efee	226	D:\nt\private\crt32st\stdio\fseek.c	D:\nt\private\crt32st\stdio\fseek.c
1736	0x0005f00a	197	D:\nt\private\crt32st\stdio\fseek.c	D:\nt\private\crt32st\stdio\fseek.c
1737	0x0005f014	198	D:\nt\private\crt32st\stdio\fseek.c	D:\nt\private\crt32st\stdio\fseek.c
1738	0x0005f019	227	D:\nt\private\crt32st\stdio\fseek.c	D:\nt\private\crt32st\stdio\fseek.c
1739	0x0005f02a	128	D:\nt\private\crt32st\stdio\ftell.c	D:\nt\private\crt32st\stdio\ftell.c
1740	0x0005f033	141	D:\nt\private\crt32st\stdio\ftell.c	D:\nt\private\crt32st\stdio\ftell.c
1741	0x0005f039	143	D:\nt\private\crt32st\stdio\ftell.c	D:\nt\private\crt32st\stdio\ftell.c
1742	0x0005f03f	144	D:\nt\private\crt32st\stdio\ftell.c	D:\nt\private\crt32st\stdio\ftell.c
1743	0x0005f046	146	D:\nt\private\crt32st\stdio\ftell.c	D:\nt\private\crt32st\stdio\ftell.c
1744	0x0005f05a	147	D:\nt\private\crt32st\stdio\ftell.c	D:\nt\private\crt32st\stdio\ftell.c
1745	0x0005f066	149	D:\nt\private\crt32st\stdio\ftell.c	D:\nt\private\crt32st\stdio\ftell.c
1746	0x0005f071	150	D:\nt\private\crt32st\stdio\ftell.c	D:\nt\private\crt32st\stdio\ftell.c
1747	0x0005f07a	152	D:\nt\private\crt32st\stdio\ftell.c	D:\nt\private\crt32st\stdio\ftell.c
1748	0x0005f084	154	D:\nt\private\crt32st\stdio\ftell.c	D:\nt\private\crt32st\stdio\ftell.c
1749	0x0005f08a	155	D:\nt\private\crt32st\stdio\ftell.c	D:\nt\private\crt32st\stdio\ftell.c
1750	0x0005f093	156	D:\nt\private\crt32st\stdio\ftell.c	D:\nt\private\crt32st\stdio\ftell.c
1751	0x0005f0a2	157	D:\nt\private\crt32st\stdio\ftell.c	D:\nt\private\crt32st\stdio\ftell.c
1752	0x0005f0a7	158	D:\nt\private\crt32st\stdio\ftell.c	D:\nt\private\crt32st\stdio\ftell.c
1753	0x0005f0a8	156	D:\nt\private\crt32st\stdio\ftell.c	D:\nt\private\crt32st\stdio\ftell.c
1754	0x0005f0b6	166	D:\nt\private\crt32st\stdio\ftell.c	D:\nt\private\crt32st\stdio\ftell.c
1755	0x0005f0be	160	D:\nt\private\crt32st\stdio\ftell.c	D:\nt\private\crt32st\stdio\ftell.c
1756	0x0005f0c4	161	D:\nt\private\crt32st\stdio\ftell.c	D:\nt\private\crt32st\stdio\ftell.c
1757	0x0005f0d2	165	D:\nt\private\crt32st\stdio\ftell.c	D:\nt\private\crt32st\stdio\ftell.c
1758	0x0005f0d5	168	D:\nt\private\crt32st\stdio\ftell.c	D:\nt\private\crt32st\stdio\ftell.c
1759	0x0005f0df	170	D:\nt\private\crt32st\stdio\ftell.c	D:\nt\private\crt32st\stdio\ftell.c
1760	0x0005f0e5	171	D:\nt\private\crt32st\stdio\ftell.c	D:\nt\private\crt32st\stdio\ftell.c
1761	0x0005f0ec	173	D:\nt\private\crt32st\stdio\ftell.c	D:\nt\private\crt32st\stdio\ftell.c
1762	0x0005f0f2	180	D:\nt\private\crt32st\stdio\ftell.c	D:\nt\private\crt32st\stdio\ftell.c
1763	0x0005f0fd	184	D:\nt\private\crt32st\stdio\ftell.c	D:\nt\private\crt32st\stdio\ftell.c
1764	0x0005f10a	196	D:\nt\private\crt32st\stdio\ftell.c	D:\nt\private\crt32st\stdio\ftell.c
1765	0x0005f11c	199	D:\nt\private\crt32st\stdio\ftell.c	D:\nt\private\crt32st\stdio\ftell.c
1766	0x0005f130	200	D:\nt\private\crt32st\stdio\ftell.c	D:\nt\private\crt32st\stdio\ftell.c
1767	0x0005f135	202	D:\nt\private\crt32st\stdio\ftell.c	D:\nt\private\crt32st\stdio\ftell.c
1768	0x0005f136	199	D:\nt\private\crt32st\stdio\ftell.c	D:\nt\private\crt32st\stdio\ftell.c
1769	0x0005f13b	208	D:\nt\private\crt32st\stdio\ftell.c	D:\nt\private\crt32st\stdio\ftell.c
1770	0x0005f154	214	D:\nt\private\crt32st\stdio\ftell.c	D:\nt\private\crt32st\stdio\ftell.c
1771	0x0005f162	215	D:\nt\private\crt32st\stdio\ftell.c	D:\nt\private\crt32st\stdio\ftell.c
1772	0x0005f168	222	D:\nt\private\crt32st\stdio\ftell.c	D:\nt\private\crt32st\stdio\ftell.c
1773	0x0005f174	223	D:\nt\private\crt32st\stdio\ftell.c	D:\nt\private\crt32st\stdio\ftell.c
1774	0x0005f175	228	D:\nt\private\crt32st\stdio\ftell.c	D:\nt\private\crt32st\stdio\ftell.c
1775	0x0005f178	232	D:\nt\private\crt32st\stdio\ftell.c	D:\nt\private\crt32st\stdio\ftell.c
1776	0x0005f17e	233	D:\nt\private\crt32st\stdio\ftell.c	D:\nt\private\crt32st\stdio\ftell.c
1777	0x0005f18a	105	D:\nt\private\crt32st\stdio\fwrite.c	D:\nt\private\crt32st\stdio\fwrite.c
1778	0x0005f196	115	D:\nt\private\crt32st\stdio\fwrite.c	D:\nt\private\crt32st\stdio\fwrite.c
1779	0x0005f19c	116	D:\nt\private\crt32st\stdio\fwrite.c	D:\nt\private\crt32st\stdio\fwrite.c
1780	0x0005f1a6	117	D:\nt\private\crt32st\stdio\fwrite.c	D:\nt\private\crt32st\stdio\fwrite.c
1781	0x0005f1b2	119	D:\nt\private\crt32st\stdio\fwrite.c	D:\nt\private\crt32st\stdio\fwrite.c
1782	0x0005f1b5	120	D:\nt\private\crt32st\stdio\fwrite.c	D:\nt\private\crt32st\stdio\fwrite.c
1783	0x0005f1bd	122	D:\nt\private\crt32st\stdio\fwrite.c	D:\nt\private\crt32st\stdio\fwrite.c
1784	0x0005f1c2	125	D:\nt\private\crt32st\stdio\fwrite.c	D:\nt\private\crt32st\stdio\fwrite.c
1785	0x0005f1d0	127	D:\nt\private\crt32st\stdio\fwrite.c	D:\nt\private\crt32st\stdio\fwrite.c
1786	0x0005f1e0	129	D:\nt\private\crt32st\stdio\fwrite.c	D:\nt\private\crt32st\stdio\fwrite.c
1787	0x0005f1f0	130	D:\nt\private\crt32st\stdio\fwrite.c	D:\nt\private\crt32st\stdio\fwrite.c
1788	0x0005f204	133	D:\nt\private\crt32st\stdio\fwrite.c	D:\nt\private\crt32st\stdio\fwrite.c
1789	0x0005f20a	134	D:\nt\private\crt32st\stdio\fwrite.c	D:\nt\private\crt32st\stdio\fwrite.c
1790	0x0005f20d	135	D:\nt\private\crt32st\stdio\fwrite.c	D:\nt\private\crt32st\stdio\fwrite.c
1791	0x0005f20f	136	D:\nt\private\crt32st\stdio\fwrite.c	D:\nt\private\crt32st\stdio\fwrite.c
1792	0x0005f212	138	D:\nt\private\crt32st\stdio\fwrite.c	D:\nt\private\crt32st\stdio\fwrite.c
1793	0x0005f222	144	D:\nt\private\crt32st\stdio\fwrite.c	D:\nt\private\crt32st\stdio\fwrite.c
1794	0x0005f22c	145	D:\nt\private\crt32st\stdio\fwrite.c	D:\nt\private\crt32st\stdio\fwrite.c
1795	0x0005f239	156	D:\nt\private\crt32st\stdio\fwrite.c	D:\nt\private\crt32st\stdio\fwrite.c
1796	0x0005f25f	164	D:\nt\private\crt32st\stdio\fwrite.c	D:\nt\private\crt32st\stdio\fwrite.c
1797	0x0005f262	165	D:\nt\private\crt32st\stdio\fwrite.c	D:\nt\private\crt32st\stdio\fwrite.c
1798	0x0005f265	167	D:\nt\private\crt32st\stdio\fwrite.c	D:\nt\private\crt32st\stdio\fwrite.c
1799	0x0005f26a	169	D:\nt\private\crt32st\stdio\fwrite.c	D:\nt\private\crt32st\stdio\fwrite.c
1800	0x0005f271	179	D:\nt\private\crt32st\stdio\fwrite.c	D:\nt\private\crt32st\stdio\fwrite.c
1801	0x0005f282	177	D:\nt\private\crt32st\stdio\fwrite.c	D:\nt\private\crt32st\stdio\fwrite.c
1802	0x0005f295	183	D:\nt\private\crt32st\stdio\fwrite.c	D:\nt\private\crt32st\stdio\fwrite.c
1803	0x0005f298	184	D:\nt\private\crt32st\stdio\fwrite.c	D:\nt\private\crt32st\stdio\fwrite.c
1804	0x0005f29b	187	D:\nt\private\crt32st\stdio\fwrite.c	D:\nt\private\crt32st\stdio\fwrite.c
1805	0x0005f2b1	189	D:\nt\private\crt32st\stdio\fwrite.c	D:\nt\private\crt32st\stdio\fwrite.c
1806	0x0005f2be	158	D:\nt\private\crt32st\stdio\fwrite.c	D:\nt\private\crt32st\stdio\fwrite.c
1807	0x0005f2c6	192	D:\nt\private\crt32st\stdio\fwrite.c	D:\nt\private\crt32st\stdio\fwrite.c
1808	0x0005f2c9	193	D:\nt\private\crt32st\stdio\fwrite.c	D:\nt\private\crt32st\stdio\fwrite.c
1809	0x0005f56a	66	D:\nt\private\crt32st\stdio\fgets.c	D:\nt\private\crt32st\stdio\fgets.c
1810	0x0005f572	69	D:\nt\private\crt32st\stdio\fgets.c	D:\nt\private\crt32st\stdio\fgets.c
1811	0x0005f57b	78	D:\nt\private\crt32st\stdio\fgets.c	D:\nt\private\crt32st\stdio\fgets.c
1812	0x0005f581	79	D:\nt\private\crt32st\stdio\fgets.c	D:\nt\private\crt32st\stdio\fgets.c
1813	0x0005f58a	82	D:\nt\private\crt32st\stdio\fgets.c	D:\nt\private\crt32st\stdio\fgets.c
1814	0x0005f593	89	D:\nt\private\crt32st\stdio\fgets.c	D:\nt\private\crt32st\stdio\fgets.c
1815	0x0005f598	91	D:\nt\private\crt32st\stdio\fgets.c	D:\nt\private\crt32st\stdio\fgets.c
1816	0x0005f5c4	101	D:\nt\private\crt32st\stdio\fgets.c	D:\nt\private\crt32st\stdio\fgets.c
1817	0x0005f5d2	93	D:\nt\private\crt32st\stdio\fgets.c	D:\nt\private\crt32st\stdio\fgets.c
1818	0x0005f5d7	94	D:\nt\private\crt32st\stdio\fgets.c	D:\nt\private\crt32st\stdio\fgets.c
1819	0x0005f5de	95	D:\nt\private\crt32st\stdio\fgets.c	D:\nt\private\crt32st\stdio\fgets.c
1820	0x0005f5e2	105	D:\nt\private\crt32st\stdio\fgets.c	D:\nt\private\crt32st\stdio\fgets.c
1821	0x0005f5e5	110	D:\nt\private\crt32st\stdio\fgets.c	D:\nt\private\crt32st\stdio\fgets.c
1822	0x0005f5e8	111	D:\nt\private\crt32st\stdio\fgets.c	D:\nt\private\crt32st\stdio\fgets.c
1823	0x0005fdea	56	D:\nt\private\crt32st\misc\getenv.c	D:\nt\private\crt32st\misc\getenv.c
1824	0x0005fdf3	62	D:\nt\private\crt32st\misc\getenv.c	D:\nt\private\crt32st\misc\getenv.c
1825	0x0005fe03	65	D:\nt\private\crt32st\misc\getenv.c	D:\nt\private\crt32st\misc\getenv.c
1826	0x0005fe14	73	D:\nt\private\crt32st\misc\getenv.c	D:\nt\private\crt32st\misc\getenv.c
1827	0x0005fe18	76	D:\nt\private\crt32st\misc\getenv.c	D:\nt\private\crt32st\misc\getenv.c
1828	0x0005fe47	82	D:\nt\private\crt32st\misc\getenv.c	D:\nt\private\crt32st\misc\getenv.c
1829	0x0005fe4f	85	D:\nt\private\crt32st\misc\getenv.c	D:\nt\private\crt32st\misc\getenv.c
1830	0x0005fe56	78	D:\nt\private\crt32st\misc\getenv.c	D:\nt\private\crt32st\misc\getenv.c
1831	0x0005fe5b	87	D:\nt\private\crt32st\misc\getenv.c	D:\nt\private\crt32st\misc\getenv.c
1832	0x00064060	248	D:\nt\private\crt32st\heap\malloc.c	D:\nt\private\crt32st\heap\malloc.c
1833	0x00064068	264	D:\nt\private\crt32st\heap\malloc.c	D:\nt\private\crt32st\heap\malloc.c
1834	0x0006407f	265	D:\nt\private\crt32st\heap\malloc.c	D:\nt\private\crt32st\heap\malloc.c
1835	0x0006408b	270	D:\nt\private\crt32st\heap\malloc.c	D:\nt\private\crt32st\heap\malloc.c
1836	0x0006409a	274	D:\nt\private\crt32st\heap\malloc.c	D:\nt\private\crt32st\heap\malloc.c
1837	0x0006409f	276	D:\nt\private\crt32st\heap\malloc.c	D:\nt\private\crt32st\heap\malloc.c
1838	0x000640a4	277	D:\nt\private\crt32st\heap\malloc.c	D:\nt\private\crt32st\heap\malloc.c
1839	0x000640ac	283	D:\nt\private\crt32st\heap\malloc.c	D:\nt\private\crt32st\heap\malloc.c
1840	0x000640c3	287	D:\nt\private\crt32st\heap\malloc.c	D:\nt\private\crt32st\heap\malloc.c
1841	0x000640cd	288	D:\nt\private\crt32st\heap\malloc.c	D:\nt\private\crt32st\heap\malloc.c
1842	0x000640db	293	D:\nt\private\crt32st\heap\malloc.c	D:\nt\private\crt32st\heap\malloc.c
1843	0x000640e4	303	D:\nt\private\crt32st\heap\malloc.c	D:\nt\private\crt32st\heap\malloc.c
1844	0x000640eb	307	D:\nt\private\crt32st\heap\malloc.c	D:\nt\private\crt32st\heap\malloc.c
1845	0x000640f4	308	D:\nt\private\crt32st\heap\malloc.c	D:\nt\private\crt32st\heap\malloc.c
1846	0x000640f8	344	D:\nt\private\crt32st\heap\malloc.c	D:\nt\private\crt32st\heap\malloc.c
1847	0x00064103	353	D:\nt\private\crt32st\heap\malloc.c	D:\nt\private\crt32st\heap\malloc.c
1848	0x0006411a	356	D:\nt\private\crt32st\heap\malloc.c	D:\nt\private\crt32st\heap\malloc.c
1849	0x00064137	363	D:\nt\private\crt32st\heap\malloc.c	D:\nt\private\crt32st\heap\malloc.c
1850	0x00064147	364	D:\nt\private\crt32st\heap\malloc.c	D:\nt\private\crt32st\heap\malloc.c
1851	0x0006414b	365	D:\nt\private\crt32st\heap\malloc.c	D:\nt\private\crt32st\heap\malloc.c
1852	0x0006414d	367	D:\nt\private\crt32st\heap\malloc.c	D:\nt\private\crt32st\heap\malloc.c
1853	0x00064160	63	D:\nt\private\crt32st\heap\heapgrow.c	D:\nt\private\crt32st\heap\heapgrow.c
1854	0x00064168	65	D:\nt\private\crt32st\heap\heapgrow.c	D:\nt\private\crt32st\heap\heapgrow.c
1855	0x0006416d	72	D:\nt\private\crt32st\heap\heapgrow.c	D:\nt\private\crt32st\heap\heapgrow.c
1856	0x0006417d	81	D:\nt\private\crt32st\heap\heapgrow.c	D:\nt\private\crt32st\heap\heapgrow.c
1857	0x00064190	94	D:\nt\private\crt32st\heap\heapgrow.c	D:\nt\private\crt32st\heap\heapgrow.c
1858	0x0006419b	100	D:\nt\private\crt32st\heap\heapgrow.c	D:\nt\private\crt32st\heap\heapgrow.c
1859	0x0006419d	81	D:\nt\private\crt32st\heap\heapgrow.c	D:\nt\private\crt32st\heap\heapgrow.c
1860	0x000641a9	112	D:\nt\private\crt32st\heap\heapgrow.c	D:\nt\private\crt32st\heap\heapgrow.c
1861	0x000641ad	118	D:\nt\private\crt32st\heap\heapgrow.c	D:\nt\private\crt32st\heap\heapgrow.c
1862	0x000641b8	90	D:\nt\private\crt32st\heap\heapgrow.c	D:\nt\private\crt32st\heap\heapgrow.c
1863	0x000641c8	125	D:\nt\private\crt32st\heap\heapgrow.c	D:\nt\private\crt32st\heap\heapgrow.c
1864	0x000641cd	127	D:\nt\private\crt32st\heap\heapgrow.c	D:\nt\private\crt32st\heap\heapgrow.c
1865	0x000641d4	160	D:\nt\private\crt32st\heap\heapgrow.c	D:\nt\private\crt32st\heap\heapgrow.c
1866	0x000641da	200	D:\nt\private\crt32st\heap\heapgrow.c	D:\nt\private\crt32st\heap\heapgrow.c
1867	0x000641f1	201	D:\nt\private\crt32st\heap\heapgrow.c	D:\nt\private\crt32st\heap\heapgrow.c
1868	0x000641f7	217	D:\nt\private\crt32st\heap\heapgrow.c	D:\nt\private\crt32st\heap\heapgrow.c
1869	0x00064210	239	D:\nt\private\crt32st\heap\heapgrow.c	D:\nt\private\crt32st\heap\heapgrow.c
1870	0x00064222	240	D:\nt\private\crt32st\heap\heapgrow.c	D:\nt\private\crt32st\heap\heapgrow.c
1871	0x0006422b	241	D:\nt\private\crt32st\heap\heapgrow.c	D:\nt\private\crt32st\heap\heapgrow.c
1872	0x00064235	248	D:\nt\private\crt32st\heap\heapgrow.c	D:\nt\private\crt32st\heap\heapgrow.c
1873	0x00064247	255	D:\nt\private\crt32st\heap\heapgrow.c	D:\nt\private\crt32st\heap\heapgrow.c
1874	0x00064252	256	D:\nt\private\crt32st\heap\heapgrow.c	D:\nt\private\crt32st\heap\heapgrow.c
1875	0x00064254	265	D:\nt\private\crt32st\heap\heapgrow.c	D:\nt\private\crt32st\heap\heapgrow.c
1876	0x00064258	272	D:\nt\private\crt32st\heap\heapgrow.c	D:\nt\private\crt32st\heap\heapgrow.c
1877	0x0006425d	274	D:\nt\private\crt32st\heap\heapgrow.c	D:\nt\private\crt32st\heap\heapgrow.c
1878	0x00064260	303	D:\nt\private\crt32st\heap\heapgrow.c	D:\nt\private\crt32st\heap\heapgrow.c
1879	0x0006426c	317	D:\nt\private\crt32st\heap\heapgrow.c	D:\nt\private\crt32st\heap\heapgrow.c
1880	0x00064289	320	D:\nt\private\crt32st\heap\heapgrow.c	D:\nt\private\crt32st\heap\heapgrow.c
1881	0x00064294	326	D:\nt\private\crt32st\heap\heapgrow.c	D:\nt\private\crt32st\heap\heapgrow.c
1882	0x0006429c	338	D:\nt\private\crt32st\heap\heapgrow.c	D:\nt\private\crt32st\heap\heapgrow.c
1883	0x000642cf	339	D:\nt\private\crt32st\heap\heapgrow.c	D:\nt\private\crt32st\heap\heapgrow.c
1884	0x000642d2	374	D:\nt\private\crt32st\heap\heapgrow.c	D:\nt\private\crt32st\heap\heapgrow.c
1885	0x000642fa	380	D:\nt\private\crt32st\heap\heapgrow.c	D:\nt\private\crt32st\heap\heapgrow.c
1886	0x000642ff	383	D:\nt\private\crt32st\heap\heapgrow.c	D:\nt\private\crt32st\heap\heapgrow.c
1887	0x00064304	390	D:\nt\private\crt32st\heap\heapgrow.c	D:\nt\private\crt32st\heap\heapgrow.c
1888	0x0006430c	407	D:\nt\private\crt32st\heap\heapgrow.c	D:\nt\private\crt32st\heap\heapgrow.c
1889	0x0006431c	408	D:\nt\private\crt32st\heap\heapgrow.c	D:\nt\private\crt32st\heap\heapgrow.c
1890	0x00064321	416	D:\nt\private\crt32st\heap\heapgrow.c	D:\nt\private\crt32st\heap\heapgrow.c
1891	0x00064328	423	D:\nt\private\crt32st\heap\heapgrow.c	D:\nt\private\crt32st\heap\heapgrow.c
1892	0x0006432d	425	D:\nt\private\crt32st\heap\heapgrow.c	D:\nt\private\crt32st\heap\heapgrow.c
1893	0x00064334	448	D:\nt\private\crt32st\heap\heapgrow.c	D:\nt\private\crt32st\heap\heapgrow.c
1894	0x0006433e	463	D:\nt\private\crt32st\heap\heapgrow.c	D:\nt\private\crt32st\heap\heapgrow.c
1895	0x00064362	464	D:\nt\private\crt32st\heap\heapgrow.c	D:\nt\private\crt32st\heap\heapgrow.c
1896	0x00064367	486	D:\nt\private\crt32st\heap\heapgrow.c	D:\nt\private\crt32st\heap\heapgrow.c
1897	0x00064374	488	D:\nt\private\crt32st\heap\heapgrow.c	D:\nt\private\crt32st\heap\heapgrow.c
1898	0x00064382	490	D:\nt\private\crt32st\heap\heapgrow.c	D:\nt\private\crt32st\heap\heapgrow.c
1899	0x00064396	74	D:\nt\private\crt32st\heap\heapadd.c	D:\nt\private\crt32st\heap\heapadd.c
1900	0x0006439c	84	D:\nt\private\crt32st\heap\heapadd.c	D:\nt\private\crt32st\heap\heapadd.c
1901	0x000643ad	95	D:\nt\private\crt32st\heap\heapadd.c	D:\nt\private\crt32st\heap\heapadd.c
1902	0x000643ba	85	D:\nt\private\crt32st\heap\heapadd.c	D:\nt\private\crt32st\heap\heapadd.c
1903	0x000643bf	97	D:\nt\private\crt32st\heap\heapadd.c	D:\nt\private\crt32st\heap\heapadd.c
1904	0x000643c2	126	D:\nt\private\crt32st\heap\heapadd.c	D:\nt\private\crt32st\heap\heapadd.c
1905	0x000643ce	147	D:\nt\private\crt32st\heap\heapadd.c	D:\nt\private\crt32st\heap\heapadd.c
1906	0x000643e1	149	D:\nt\private\crt32st\heap\heapadd.c	D:\nt\private\crt32st\heap\heapadd.c
1907	0x000643f2	152	D:\nt\private\crt32st\heap\heapadd.c	D:\nt\private\crt32st\heap\heapadd.c
1908	0x000643f5	155	D:\nt\private\crt32st\heap\heapadd.c	D:\nt\private\crt32st\heap\heapadd.c
1909	0x000643fa	156	D:\nt\private\crt32st\heap\heapadd.c	D:\nt\private\crt32st\heap\heapadd.c
1910	0x00064417	159	D:\nt\private\crt32st\heap\heapadd.c	D:\nt\private\crt32st\heap\heapadd.c
1911	0x0006441a	160	D:\nt\private\crt32st\heap\heapadd.c	D:\nt\private\crt32st\heap\heapadd.c
1912	0x00064424	161	D:\nt\private\crt32st\heap\heapadd.c	D:\nt\private\crt32st\heap\heapadd.c
1913	0x00064426	171	D:\nt\private\crt32st\heap\heapadd.c	D:\nt\private\crt32st\heap\heapadd.c
1914	0x00064428	284	D:\nt\private\crt32st\heap\heapadd.c	D:\nt\private\crt32st\heap\heapadd.c
1915	0x00064442	268	D:\nt\private\crt32st\heap\heapadd.c	D:\nt\private\crt32st\heap\heapadd.c
1916	0x00064453	314	D:\nt\private\crt32st\heap\heapadd.c	D:\nt\private\crt32st\heap\heapadd.c
1917	0x00064460	316	D:\nt\private\crt32st\heap\heapadd.c	D:\nt\private\crt32st\heap\heapadd.c
1918	0x0006446a	271	D:\nt\private\crt32st\heap\heapadd.c	D:\nt\private\crt32st\heap\heapadd.c
1919	0x0006447b	272	D:\nt\private\crt32st\heap\heapadd.c	D:\nt\private\crt32st\heap\heapadd.c
1920	0x00064496	174	D:\nt\private\crt32st\heap\heapadd.c	D:\nt\private\crt32st\heap\heapadd.c
1921	0x00064499	180	D:\nt\private\crt32st\heap\heapadd.c	D:\nt\private\crt32st\heap\heapadd.c
1922	0x000644a4	181	D:\nt\private\crt32st\heap\heapadd.c	D:\nt\private\crt32st\heap\heapadd.c
1923	0x000644b3	184	D:\nt\private\crt32st\heap\heapadd.c	D:\nt\private\crt32st\heap\heapadd.c
1924	0x000644bf	186	D:\nt\private\crt32st\heap\heapadd.c	D:\nt\private\crt32st\heap\heapadd.c
1925	0x000644c9	210	D:\nt\private\crt32st\heap\heapadd.c	D:\nt\private\crt32st\heap\heapadd.c
1926	0x000644df	211	D:\nt\private\crt32st\heap\heapadd.c	D:\nt\private\crt32st\heap\heapadd.c
1927	0x000644e4	213	D:\nt\private\crt32st\heap\heapadd.c	D:\nt\private\crt32st\heap\heapadd.c
1928	0x000644f7	220	D:\nt\private\crt32st\heap\heapadd.c	D:\nt\private\crt32st\heap\heapadd.c
1929	0x00064502	221	D:\nt\private\crt32st\heap\heapadd.c	D:\nt\private\crt32st\heap\heapadd.c
1930	0x0006450b	229	D:\nt\private\crt32st\heap\heapadd.c	D:\nt\private\crt32st\heap\heapadd.c
1931	0x0006451b	230	D:\nt\private\crt32st\heap\heapadd.c	D:\nt\private\crt32st\heap\heapadd.c
1932	0x0006451e	195	D:\nt\private\crt32st\heap\heapadd.c	D:\nt\private\crt32st\heap\heapadd.c
1933	0x00064532	249	D:\nt\private\crt32st\heap\heapadd.c	D:\nt\private\crt32st\heap\heapadd.c
1934	0x0006453d	252	D:\nt\private\crt32st\heap\heapadd.c	D:\nt\private\crt32st\heap\heapadd.c
1935	0x0006454b	254	D:\nt\private\crt32st\heap\heapadd.c	D:\nt\private\crt32st\heap\heapadd.c
1936	0x0006454e	255	D:\nt\private\crt32st\heap\heapadd.c	D:\nt\private\crt32st\heap\heapadd.c
1937	0x0006455c	297	D:\nt\private\crt32st\heap\heapadd.c	D:\nt\private\crt32st\heap\heapadd.c
1938	0x00064587	298	D:\nt\private\crt32st\heap\heapadd.c	D:\nt\private\crt32st\heap\heapadd.c
1939	0x0006458d	307	D:\nt\private\crt32st\heap\heapadd.c	D:\nt\private\crt32st\heap\heapadd.c
1940	0x0006458f	318	D:\nt\private\crt32st\heap\heapadd.c	D:\nt\private\crt32st\heap\heapadd.c
1941	0x00064596	352	D:\nt\private\crt32st\heap\heapadd.c	D:\nt\private\crt32st\heap\heapadd.c
1942	0x000645a4	363	D:\nt\private\crt32st\heap\heapadd.c	D:\nt\private\crt32st\heap\heapadd.c
1943	0x000645b2	366	D:\nt\private\crt32st\heap\heapadd.c	D:\nt\private\crt32st\heap\heapadd.c
1944	0x000645c0	368	D:\nt\private\crt32st\heap\heapadd.c	D:\nt\private\crt32st\heap\heapadd.c
1945	0x000645d4	369	D:\nt\private\crt32st\heap\heapadd.c	D:\nt\private\crt32st\heap\heapadd.c
1946	0x000645da	377	D:\nt\private\crt32st\heap\heapadd.c	D:\nt\private\crt32st\heap\heapadd.c
1947	0x000645dd	378	D:\nt\private\crt32st\heap\heapadd.c	D:\nt\private\crt32st\heap\heapadd.c
1948	0x000645e8	380	D:\nt\private\crt32st\heap\heapadd.c	D:\nt\private\crt32st\heap\heapadd.c
1949	0x000645f2	396	D:\nt\private\crt32st\heap\heapadd.c	D:\nt\private\crt32st\heap\heapadd.c
1950	0x0006460f	398	D:\nt\private\crt32st\heap\heapadd.c	D:\nt\private\crt32st\heap\heapadd.c
1951	0x00064615	399	D:\nt\private\crt32st\heap\heapadd.c	D:\nt\private\crt32st\heap\heapadd.c
1952	0x0006461d	401	D:\nt\private\crt32st\heap\heapadd.c	D:\nt\private\crt32st\heap\heapadd.c
1953	0x0006461f	402	D:\nt\private\crt32st\heap\heapadd.c	D:\nt\private\crt32st\heap\heapadd.c
1954	0x00064621	411	D:\nt\private\crt32st\heap\heapadd.c	D:\nt\private\crt32st\heap\heapadd.c
1955	0x00064623	413	D:\nt\private\crt32st\heap\heapadd.c	D:\nt\private\crt32st\heap\heapadd.c
1956	0x00064636	60	D:\nt\private\crt32st\heap\findaddr.c	D:\nt\private\crt32st\heap\findaddr.c
1957	0x00064639	67	D:\nt\private\crt32st\heap\findaddr.c	D:\nt\private\crt32st\heap\findaddr.c
1958	0x00064645	68	D:\nt\private\crt32st\heap\findaddr.c	D:\nt\private\crt32st\heap\findaddr.c
1959	0x0006464e	74	D:\nt\private\crt32st\heap\findaddr.c	D:\nt\private\crt32st\heap\findaddr.c
1960	0x00064660	75	D:\nt\private\crt32st\heap\findaddr.c	D:\nt\private\crt32st\heap\findaddr.c
1961	0x0006466a	77	D:\nt\private\crt32st\heap\findaddr.c	D:\nt\private\crt32st\heap\findaddr.c
1962	0x00064676	78	D:\nt\private\crt32st\heap\findaddr.c	D:\nt\private\crt32st\heap\findaddr.c
1963	0x00064686	88	D:\nt\private\crt32st\heap\findaddr.c	D:\nt\private\crt32st\heap\findaddr.c
1964	0x00064694	97	D:\nt\private\crt32st\heap\findaddr.c	D:\nt\private\crt32st\heap\findaddr.c
1965	0x000646a7	108	D:\nt\private\crt32st\heap\findaddr.c	D:\nt\private\crt32st\heap\findaddr.c
1966	0x000646b6	60	D:\nt\private\crt32st\heap\heapsrch.c	D:\nt\private\crt32st\heap\heapsrch.c
1967	0x000646be	63	D:\nt\private\crt32st\heap\heapsrch.c	D:\nt\private\crt32st\heap\heapsrch.c
1968	0x000646c0	71	D:\nt\private\crt32st\heap\heapsrch.c	D:\nt\private\crt32st\heap\heapsrch.c
1969	0x000646d1	74	D:\nt\private\crt32st\heap\heapsrch.c	D:\nt\private\crt32st\heap\heapsrch.c
1970	0x000646df	80	D:\nt\private\crt32st\heap\heapsrch.c	D:\nt\private\crt32st\heap\heapsrch.c
1971	0x000646fa	88	D:\nt\private\crt32st\heap\heapsrch.c	D:\nt\private\crt32st\heap\heapsrch.c
1972	0x000646fc	89	D:\nt\private\crt32st\heap\heapsrch.c	D:\nt\private\crt32st\heap\heapsrch.c
1973	0x0006470c	92	D:\nt\private\crt32st\heap\heapsrch.c	D:\nt\private\crt32st\heap\heapsrch.c
1974	0x00064710	93	D:\nt\private\crt32st\heap\heapsrch.c	D:\nt\private\crt32st\heap\heapsrch.c
1975	0x0006471d	95	D:\nt\private\crt32st\heap\heapsrch.c	D:\nt\private\crt32st\heap\heapsrch.c
1976	0x00064722	71	D:\nt\private\crt32st\heap\heapsrch.c	D:\nt\private\crt32st\heap\heapsrch.c
1977	0x0006472c	102	D:\nt\private\crt32st\heap\heapsrch.c	D:\nt\private\crt32st\heap\heapsrch.c
1978	0x00064741	105	D:\nt\private\crt32st\heap\heapsrch.c	D:\nt\private\crt32st\heap\heapsrch.c
1979	0x0006474f	111	D:\nt\private\crt32st\heap\heapsrch.c	D:\nt\private\crt32st\heap\heapsrch.c
1980	0x00064766	119	D:\nt\private\crt32st\heap\heapsrch.c	D:\nt\private\crt32st\heap\heapsrch.c
1981	0x00064768	120	D:\nt\private\crt32st\heap\heapsrch.c	D:\nt\private\crt32st\heap\heapsrch.c
1982	0x00064778	123	D:\nt\private\crt32st\heap\heapsrch.c	D:\nt\private\crt32st\heap\heapsrch.c
1983	0x0006477c	124	D:\nt\private\crt32st\heap\heapsrch.c	D:\nt\private\crt32st\heap\heapsrch.c
1984	0x00064789	130	D:\nt\private\crt32st\heap\heapsrch.c	D:\nt\private\crt32st\heap\heapsrch.c
1985	0x000647a6	132	D:\nt\private\crt32st\heap\heapsrch.c	D:\nt\private\crt32st\heap\heapsrch.c
1986	0x000647ac	133	D:\nt\private\crt32st\heap\heapsrch.c	D:\nt\private\crt32st\heap\heapsrch.c
1987	0x000647c3	134	D:\nt\private\crt32st\heap\heapsrch.c	D:\nt\private\crt32st\heap\heapsrch.c
1988	0x000647c5	149	D:\nt\private\crt32st\heap\heapsrch.c	D:\nt\private\crt32st\heap\heapsrch.c
1989	0x000647c7	150	D:\nt\private\crt32st\heap\heapsrch.c	D:\nt\private\crt32st\heap\heapsrch.c
1990	0x000647e6	50	D:\nt\private\crt32st\string\memchr.c	D:\nt\private\crt32st\string\memchr.c
1991	0x000647ed	51	D:\nt\private\crt32st\string\memchr.c	D:\nt\private\crt32st\string\memchr.c
1992	0x000647fe	52	D:\nt\private\crt32st\string\memchr.c	D:\nt\private\crt32st\string\memchr.c
1993	0x000647ff	54	D:\nt\private\crt32st\string\memchr.c	D:\nt\private\crt32st\string\memchr.c
1994	0x00064802	56	D:\nt\private\crt32st\string\memchr.c	D:\nt\private\crt32st\string\memchr.c
1995	0x00064818	57	D:\nt\private\crt32st\string\memchr.c	D:\nt\private\crt32st\string\memchr.c
1996	0x00064826	58	D:\nt\private\crt32st\string\memcpy.c	D:\nt\private\crt32st\string\memcpy.c
1997	0x00064831	59	D:\nt\private\crt32st\string\memcpy.c	D:\nt\private\crt32st\string\memcpy.c
1998	0x00064839	71	D:\nt\private\crt32st\string\memcpy.c	D:\nt\private\crt32st\string\memcpy.c
1999	0x0006483e	72	D:\nt\private\crt32st\string\memcpy.c	D:\nt\private\crt32st\string\memcpy.c
2000	0x00064844	75	D:\nt\private\crt32st\string\memcpy.c	D:\nt\private\crt32st\string\memcpy.c
2001	0x0006484b	78	D:\nt\private\crt32st\string\memcpy.c	D:\nt\private\crt32st\string\memcpy.c
2002	0x0006484d	79	D:\nt\private\crt32st\string\memcpy.c	D:\nt\private\crt32st\string\memcpy.c
2003	0x00064856	50	D:\nt\private\crt32st\string\memmove.c	D:\nt\private\crt32st\string\memmove.c
2004	0x00064864	60	D:\nt\private\crt32st\string\memmove.c	D:\nt\private\crt32st\string\memmove.c
2005	0x00064875	76	D:\nt\private\crt32st\string\memmove.c	D:\nt\private\crt32st\string\memmove.c
2006	0x0006487a	77	D:\nt\private\crt32st\string\memmove.c	D:\nt\private\crt32st\string\memmove.c
2007	0x00064881	79	D:\nt\private\crt32st\string\memmove.c	D:\nt\private\crt32st\string\memmove.c
2008	0x00064888	80	D:\nt\private\crt32st\string\memmove.c	D:\nt\private\crt32st\string\memmove.c
2009	0x0006488e	83	D:\nt\private\crt32st\string\memmove.c	D:\nt\private\crt32st\string\memmove.c
2010	0x00064895	65	D:\nt\private\crt32st\string\memmove.c	D:\nt\private\crt32st\string\memmove.c
2011	0x0006489c	66	D:\nt\private\crt32st\string\memmove.c	D:\nt\private\crt32st\string\memmove.c
2012	0x000648a2	69	D:\nt\private\crt32st\string\memmove.c	D:\nt\private\crt32st\string\memmove.c
2013	0x000648a6	87	D:\nt\private\crt32st\string\memmove.c	D:\nt\private\crt32st\string\memmove.c
2014	0x000648a8	88	D:\nt\private\crt32st\string\memmove.c	D:\nt\private\crt32st\string\memmove.c
2015	0x000648b6	52	D:\nt\private\crt32st\string\memset.c	D:\nt\private\crt32st\string\memset.c
2016	0x000648c1	53	D:\nt\private\crt32st\string\memset.c	D:\nt\private\crt32st\string\memset.c
2017	0x000648c9	62	D:\nt\private\crt32st\string\memset.c	D:\nt\private\crt32st\string\memset.c
2018	0x000648ce	63	D:\nt\private\crt32st\string\memset.c	D:\nt\private\crt32st\string\memset.c
2019	0x000648d4	65	D:\nt\private\crt32st\string\memset.c	D:\nt\private\crt32st\string\memset.c
2020	0x000648db	68	D:\nt\private\crt32st\string\memset.c	D:\nt\private\crt32st\string\memset.c
2021	0x000648dd	69	D:\nt\private\crt32st\string\memset.c	D:\nt\private\crt32st\string\memset.c
2022	0x00065696	64	D:\nt\private\crt32st\stdio\printf.c	D:\nt\private\crt32st\stdio\printf.c
2023	0x0006569b	83	D:\nt\private\crt32st\stdio\printf.c	D:\nt\private\crt32st\stdio\printf.c
2024	0x000656aa	85	D:\nt\private\crt32st\stdio\printf.c	D:\nt\private\crt32st\stdio\printf.c
2025	0x000656c0	87	D:\nt\private\crt32st\stdio\printf.c	D:\nt\private\crt32st\stdio\printf.c
2026	0x000656ce	91	D:\nt\private\crt32st\stdio\printf.c	D:\nt\private\crt32st\stdio\printf.c
2027	0x000656d0	92	D:\nt\private\crt32st\stdio\printf.c	D:\nt\private\crt32st\stdio\printf.c
2028	0x000663b6	53	D:\nt\private\crt32st\stdio\setbuf.c	D:\nt\private\crt32st\stdio\setbuf.c
2029	0x000663bc	56	D:\nt\private\crt32st\stdio\setbuf.c	D:\nt\private\crt32st\stdio\setbuf.c
2030	0x000663c0	57	D:\nt\private\crt32st\stdio\setbuf.c	D:\nt\private\crt32st\stdio\setbuf.c
2031	0x000663c6	59	D:\nt\private\crt32st\stdio\setbuf.c	D:\nt\private\crt32st\stdio\setbuf.c
2032	0x000663d6	61	D:\nt\private\crt32st\stdio\setbuf.c	D:\nt\private\crt32st\stdio\setbuf.c
2033	0x000663ec	81	D:\nt\private\crt32st\stdio\setvbuf.c	D:\nt\private\crt32st\stdio\setvbuf.c
2034	0x000663f7	86	D:\nt\private\crt32st\stdio\setvbuf.c	D:\nt\private\crt32st\stdio\setvbuf.c
2035	0x000663fe	95	D:\nt\private\crt32st\stdio\setvbuf.c	D:\nt\private\crt32st\stdio\setvbuf.c
2036	0x0006641b	96	D:\nt\private\crt32st\stdio\setvbuf.c	D:\nt\private\crt32st\stdio\setvbuf.c
2037	0x00066424	101	D:\nt\private\crt32st\stdio\setvbuf.c	D:\nt\private\crt32st\stdio\setvbuf.c
2038	0x00066426	114	D:\nt\private\crt32st\stdio\setvbuf.c	D:\nt\private\crt32st\stdio\setvbuf.c
2039	0x00066432	115	D:\nt\private\crt32st\stdio\setvbuf.c	D:\nt\private\crt32st\stdio\setvbuf.c
2040	0x0006643b	124	D:\nt\private\crt32st\stdio\setvbuf.c	D:\nt\private\crt32st\stdio\setvbuf.c
2041	0x00066446	129	D:\nt\private\crt32st\stdio\setvbuf.c	D:\nt\private\crt32st\stdio\setvbuf.c
2042	0x0006644e	130	D:\nt\private\crt32st\stdio\setvbuf.c	D:\nt\private\crt32st\stdio\setvbuf.c
2043	0x00066452	131	D:\nt\private\crt32st\stdio\setvbuf.c	D:\nt\private\crt32st\stdio\setvbuf.c
2044	0x00066455	132	D:\nt\private\crt32st\stdio\setvbuf.c	D:\nt\private\crt32st\stdio\setvbuf.c
2045	0x0006645c	146	D:\nt\private\crt32st\stdio\setvbuf.c	D:\nt\private\crt32st\stdio\setvbuf.c
2046	0x00066467	147	D:\nt\private\crt32st\stdio\setvbuf.c	D:\nt\private\crt32st\stdio\setvbuf.c
2047	0x00066478	152	D:\nt\private\crt32st\stdio\setvbuf.c	D:\nt\private\crt32st\stdio\setvbuf.c
2048	0x0006647e	154	D:\nt\private\crt32st\stdio\setvbuf.c	D:\nt\private\crt32st\stdio\setvbuf.c
2049	0x00066485	155	D:\nt\private\crt32st\stdio\setvbuf.c	D:\nt\private\crt32st\stdio\setvbuf.c
2050	0x00066488	157	D:\nt\private\crt32st\stdio\setvbuf.c	D:\nt\private\crt32st\stdio\setvbuf.c
2051	0x0006648c	163	D:\nt\private\crt32st\stdio\setvbuf.c	D:\nt\private\crt32st\stdio\setvbuf.c
2052	0x00066490	164	D:\nt\private\crt32st\stdio\setvbuf.c	D:\nt\private\crt32st\stdio\setvbuf.c
2053	0x00066494	170	D:\nt\private\crt32st\stdio\setvbuf.c	D:\nt\private\crt32st\stdio\setvbuf.c
2054	0x0006649a	171	D:\nt\private\crt32st\stdio\setvbuf.c	D:\nt\private\crt32st\stdio\setvbuf.c
2055	0x0006649f	172	D:\nt\private\crt32st\stdio\setvbuf.c	D:\nt\private\crt32st\stdio\setvbuf.c
2056	0x000664a6	175	D:\nt\private\crt32st\stdio\setvbuf.c	D:\nt\private\crt32st\stdio\setvbuf.c
2057	0x000664a9	176	D:\nt\private\crt32st\stdio\setvbuf.c	D:\nt\private\crt32st\stdio\setvbuf.c
2058	0x000664bc	106	D:\nt\private\crt32st\stdio\sprintf.c	D:\nt\private\crt32st\stdio\sprintf.c
2059	0x000664c6	119	D:\nt\private\crt32st\stdio\sprintf.c	D:\nt\private\crt32st\stdio\sprintf.c
2060	0x000664d0	120	D:\nt\private\crt32st\stdio\sprintf.c	D:\nt\private\crt32st\stdio\sprintf.c
2061	0x000664dd	122	D:\nt\private\crt32st\stdio\sprintf.c	D:\nt\private\crt32st\stdio\sprintf.c
2062	0x000664e7	127	D:\nt\private\crt32st\stdio\sprintf.c	D:\nt\private\crt32st\stdio\sprintf.c
2063	0x000664f9	129	D:\nt\private\crt32st\stdio\sprintf.c	D:\nt\private\crt32st\stdio\sprintf.c
2064	0x00066523	133	D:\nt\private\crt32st\stdio\sprintf.c	D:\nt\private\crt32st\stdio\sprintf.c
2065	0x00066525	134	D:\nt\private\crt32st\stdio\sprintf.c	D:\nt\private\crt32st\stdio\sprintf.c
2066	0x0006652c	76	D:\nt\private\crt32st\stdio\sscanf.c	D:\nt\private\crt32st\stdio\sscanf.c
2067	0x00066533	89	D:\nt\private\crt32st\stdio\sscanf.c	D:\nt\private\crt32st\stdio\sscanf.c
2068	0x0006653d	90	D:\nt\private\crt32st\stdio\sscanf.c	D:\nt\private\crt32st\stdio\sscanf.c
2069	0x00066549	91	D:\nt\private\crt32st\stdio\sscanf.c	D:\nt\private\crt32st\stdio\sscanf.c
2070	0x0006655d	97	D:\nt\private\crt32st\stdio\sscanf.c	D:\nt\private\crt32st\stdio\sscanf.c
2071	0x00066571	98	D:\nt\private\crt32st\stdio\sscanf.c	D:\nt\private\crt32st\stdio\sscanf.c
2072	0x0006657c	228	D:\nt\private\crt32st\stdio\input.c	D:\nt\private\crt32st\stdio\input.c
2073	0x00066588	281	D:\nt\private\crt32st\stdio\input.c	D:\nt\private\crt32st\stdio\input.c
2074	0x00066597	283	D:\nt\private\crt32st\stdio\input.c	D:\nt\private\crt32st\stdio\input.c
2075	0x000665a0	285	D:\nt\private\crt32st\stdio\input.c	D:\nt\private\crt32st\stdio\input.c
2076	0x000665af	287	D:\nt\private\crt32st\stdio\input.c	D:\nt\private\crt32st\stdio\input.c
2077	0x000665cd	289	D:\nt\private\crt32st\stdio\input.c	D:\nt\private\crt32st\stdio\input.c
2078	0x000665e2	293	D:\nt\private\crt32st\stdio\input.c	D:\nt\private\crt32st\stdio\input.c
2079	0x000665eb	300	D:\nt\private\crt32st\stdio\input.c	D:\nt\private\crt32st\stdio\input.c
2080	0x00066608	301	D:\nt\private\crt32st\stdio\input.c	D:\nt\private\crt32st\stdio\input.c
2081	0x0006660c	305	D:\nt\private\crt32st\stdio\input.c	D:\nt\private\crt32st\stdio\input.c
2082	0x0006661b	306	D:\nt\private\crt32st\stdio\input.c	D:\nt\private\crt32st\stdio\input.c
2083	0x0006661e	307	D:\nt\private\crt32st\stdio\input.c	D:\nt\private\crt32st\stdio\input.c
2084	0x0006662a	308	D:\nt\private\crt32st\stdio\input.c	D:\nt\private\crt32st\stdio\input.c
2085	0x0006662c	331	D:\nt\private\crt32st\stdio\input.c	D:\nt\private\crt32st\stdio\input.c
2086	0x00066641	329	D:\nt\private\crt32st\stdio\input.c	D:\nt\private\crt32st\stdio\input.c
2087	0x00066644	330	D:\nt\private\crt32st\stdio\input.c	D:\nt\private\crt32st\stdio\input.c
2088	0x00066654	325	D:\nt\private\crt32st\stdio\input.c	D:\nt\private\crt32st\stdio\input.c
2089	0x00066657	326	D:\nt\private\crt32st\stdio\input.c	D:\nt\private\crt32st\stdio\input.c
2090	0x0006665c	319	D:\nt\private\crt32st\stdio\input.c	D:\nt\private\crt32st\stdio\input.c
2091	0x0006665f	322	D:\nt\private\crt32st\stdio\input.c	D:\nt\private\crt32st\stdio\input.c
2092	0x00066662	323	D:\nt\private\crt32st\stdio\input.c	D:\nt\private\crt32st\stdio\input.c
2093	0x0006666e	334	D:\nt\private\crt32st\stdio\input.c	D:\nt\private\crt32st\stdio\input.c
2094	0x00066674	335	D:\nt\private\crt32st\stdio\input.c	D:\nt\private\crt32st\stdio\input.c
2095	0x0006667e	336	D:\nt\private\crt32st\stdio\input.c	D:\nt\private\crt32st\stdio\input.c
2096	0x00066687	339	D:\nt\private\crt32st\stdio\input.c	D:\nt\private\crt32st\stdio\input.c
2097	0x0006668b	344	D:\nt\private\crt32st\stdio\input.c	D:\nt\private\crt32st\stdio\input.c
2098	0x0006669c	345	D:\nt\private\crt32st\stdio\input.c	D:\nt\private\crt32st\stdio\input.c
2099	0x000666a6	346	D:\nt\private\crt32st\stdio\input.c	D:\nt\private\crt32st\stdio\input.c
2100	0x000666b8	315	D:\nt\private\crt32st\stdio\input.c	D:\nt\private\crt32st\stdio\input.c
2101	0x000666bb	316	D:\nt\private\crt32st\stdio\input.c	D:\nt\private\crt32st\stdio\input.c
2102	0x000666c0	348	D:\nt\private\crt32st\stdio\input.c	D:\nt\private\crt32st\stdio\input.c
2103	0x000666d1	350	D:\nt\private\crt32st\stdio\input.c	D:\nt\private\crt32st\stdio\input.c
2104	0x000666e1	352	D:\nt\private\crt32st\stdio\input.c	D:\nt\private\crt32st\stdio\input.c
2105	0x000666e4	719	D:\nt\private\crt32st\stdio\input.c	D:\nt\private\crt32st\stdio\input.c
2106	0x00066758	709	D:\nt\private\crt32st\stdio\input.c	D:\nt\private\crt32st\stdio\input.c
2107	0x00066767	714	D:\nt\private\crt32st\stdio\input.c	D:\nt\private\crt32st\stdio\input.c
2108	0x0006676a	716	D:\nt\private\crt32st\stdio\input.c	D:\nt\private\crt32st\stdio\input.c
2109	0x00066774	717	D:\nt\private\crt32st\stdio\input.c	D:\nt\private\crt32st\stdio\input.c
2110	0x0006677a	719	D:\nt\private\crt32st\stdio\input.c	D:\nt\private\crt32st\stdio\input.c
2111	0x00066780	355	D:\nt\private\crt32st\stdio\input.c	D:\nt\private\crt32st\stdio\input.c
2112	0x00066786	356	D:\nt\private\crt32st\stdio\input.c	D:\nt\private\crt32st\stdio\input.c
2113	0x00066789	357	D:\nt\private\crt32st\stdio\input.c	D:\nt\private\crt32st\stdio\input.c
2114	0x0006678c	359	D:\nt\private\crt32st\stdio\input.c	D:\nt\private\crt32st\stdio\input.c
2115	0x00066798	629	D:\nt\private\crt32st\stdio\input.c	D:\nt\private\crt32st\stdio\input.c
2116	0x0006679e	631	D:\nt\private\crt32st\stdio\input.c	D:\nt\private\crt32st\stdio\input.c
2117	0x000667a4	632	D:\nt\private\crt32st\stdio\input.c	D:\nt\private\crt32st\stdio\input.c
2118	0x000667b4	633	D:\nt\private\crt32st\stdio\input.c	D:\nt\private\crt32st\stdio\input.c
2119	0x000667bb	635	D:\nt\private\crt32st\stdio\input.c	D:\nt\private\crt32st\stdio\input.c
2120	0x000667c3	637	D:\nt\private\crt32st\stdio\input.c	D:\nt\private\crt32st\stdio\input.c
2121	0x000667c6	638	D:\nt\private\crt32st\stdio\input.c	D:\nt\private\crt32st\stdio\input.c
2122	0x000667d6	641	D:\nt\private\crt32st\stdio\input.c	D:\nt\private\crt32st\stdio\input.c
2123	0x000667e5	642	D:\nt\private\crt32st\stdio\input.c	D:\nt\private\crt32st\stdio\input.c
2124	0x000667ec	647	D:\nt\private\crt32st\stdio\input.c	D:\nt\private\crt32st\stdio\input.c
2125	0x00066809	648	D:\nt\private\crt32st\stdio\input.c	D:\nt\private\crt32st\stdio\input.c
2126	0x0006680c	649	D:\nt\private\crt32st\stdio\input.c	D:\nt\private\crt32st\stdio\input.c
2127	0x00066811	650	D:\nt\private\crt32st\stdio\input.c	D:\nt\private\crt32st\stdio\input.c
2128	0x00066814	651	D:\nt\private\crt32st\stdio\input.c	D:\nt\private\crt32st\stdio\input.c
2129	0x0006682d	655	D:\nt\private\crt32st\stdio\input.c	D:\nt\private\crt32st\stdio\input.c
2130	0x0006683c	656	D:\nt\private\crt32st\stdio\input.c	D:\nt\private\crt32st\stdio\input.c
2131	0x00066840	657	D:\nt\private\crt32st\stdio\input.c	D:\nt\private\crt32st\stdio\input.c
2132	0x00066843	659	D:\nt\private\crt32st\stdio\input.c	D:\nt\private\crt32st\stdio\input.c
2133	0x00066866	660	D:\nt\private\crt32st\stdio\input.c	D:\nt\private\crt32st\stdio\input.c
2134	0x00066869	661	D:\nt\private\crt32st\stdio\input.c	D:\nt\private\crt32st\stdio\input.c
2135	0x0006686e	662	D:\nt\private\crt32st\stdio\input.c	D:\nt\private\crt32st\stdio\input.c
2136	0x00066871	663	D:\nt\private\crt32st\stdio\input.c	D:\nt\private\crt32st\stdio\input.c
2137	0x000668b2	669	D:\nt\private\crt32st\stdio\input.c	D:\nt\private\crt32st\stdio\input.c
2138	0x000668b6	671	D:\nt\private\crt32st\stdio\input.c	D:\nt\private\crt32st\stdio\input.c
2139	0x000668cc	673	D:\nt\private\crt32st\stdio\input.c	D:\nt\private\crt32st\stdio\input.c
2140	0x000668d0	674	D:\nt\private\crt32st\stdio\input.c	D:\nt\private\crt32st\stdio\input.c
2141	0x000668d9	678	D:\nt\private\crt32st\stdio\input.c	D:\nt\private\crt32st\stdio\input.c
2142	0x000668e3	679	D:\nt\private\crt32st\stdio\input.c	D:\nt\private\crt32st\stdio\input.c
2143	0x000668e6	680	D:\nt\private\crt32st\stdio\input.c	D:\nt\private\crt32st\stdio\input.c
2144	0x000668e8	681	D:\nt\private\crt32st\stdio\input.c	D:\nt\private\crt32st\stdio\input.c
2145	0x000668f9	685	D:\nt\private\crt32st\stdio\input.c	D:\nt\private\crt32st\stdio\input.c
2146	0x00066911	686	D:\nt\private\crt32st\stdio\input.c	D:\nt\private\crt32st\stdio\input.c
2147	0x00066914	687	D:\nt\private\crt32st\stdio\input.c	D:\nt\private\crt32st\stdio\input.c
2148	0x00066919	688	D:\nt\private\crt32st\stdio\input.c	D:\nt\private\crt32st\stdio\input.c
2149	0x0006691c	689	D:\nt\private\crt32st\stdio\input.c	D:\nt\private\crt32st\stdio\input.c
2150	0x00066949	695	D:\nt\private\crt32st\stdio\input.c	D:\nt\private\crt32st\stdio\input.c
2151	0x00066953	696	D:\nt\private\crt32st\stdio\input.c	D:\nt\private\crt32st\stdio\input.c
2152	0x0006695d	697	D:\nt\private\crt32st\stdio\input.c	D:\nt\private\crt32st\stdio\input.c
2153	0x00066960	698	D:\nt\private\crt32st\stdio\input.c	D:\nt\private\crt32st\stdio\input.c
2154	0x00066966	699	D:\nt\private\crt32st\stdio\input.c	D:\nt\private\crt32st\stdio\input.c
2155	0x0006697e	700	D:\nt\private\crt32st\stdio\input.c	D:\nt\private\crt32st\stdio\input.c
2156	0x0006698c	499	D:\nt\private\crt32st\stdio\input.c	D:\nt\private\crt32st\stdio\input.c
2157	0x00066996	503	D:\nt\private\crt32st\stdio\input.c	D:\nt\private\crt32st\stdio\input.c
2158	0x0006699f	504	D:\nt\private\crt32st\stdio\input.c	D:\nt\private\crt32st\stdio\input.c
2159	0x000669a3	506	D:\nt\private\crt32st\stdio\input.c	D:\nt\private\crt32st\stdio\input.c
2160	0x000669a8	621	D:\nt\private\crt32st\stdio\input.c	D:\nt\private\crt32st\stdio\input.c
2161	0x000669ab	622	D:\nt\private\crt32st\stdio\input.c	D:\nt\private\crt32st\stdio\input.c
2162	0x000669b0	540	D:\nt\private\crt32st\stdio\input.c	D:\nt\private\crt32st\stdio\input.c
2163	0x000669b4	546	D:\nt\private\crt32st\stdio\input.c	D:\nt\private\crt32st\stdio\input.c
2164	0x000669be	547	D:\nt\private\crt32st\stdio\input.c	D:\nt\private\crt32st\stdio\input.c
2165	0x000669c2	549	D:\nt\private\crt32st\stdio\input.c	D:\nt\private\crt32st\stdio\input.c
2166	0x000669c8	364	D:\nt\private\crt32st\stdio\input.c	D:\nt\private\crt32st\stdio\input.c
2167	0x000669d0	369	D:\nt\private\crt32st\stdio\input.c	D:\nt\private\crt32st\stdio\input.c
2168	0x000669d6	371	D:\nt\private\crt32st\stdio\input.c	D:\nt\private\crt32st\stdio\input.c
2169	0x000669db	372	D:\nt\private\crt32st\stdio\input.c	D:\nt\private\crt32st\stdio\input.c
2170	0x000669dc	373	D:\nt\private\crt32st\stdio\input.c	D:\nt\private\crt32st\stdio\input.c
2171	0x000669e0	378	D:\nt\private\crt32st\stdio\input.c	D:\nt\private\crt32st\stdio\input.c
2172	0x000669ec	382	D:\nt\private\crt32st\stdio\input.c	D:\nt\private\crt32st\stdio\input.c
2173	0x000669f2	383	D:\nt\private\crt32st\stdio\input.c	D:\nt\private\crt32st\stdio\input.c
2174	0x000669f7	384	D:\nt\private\crt32st\stdio\input.c	D:\nt\private\crt32st\stdio\input.c
2175	0x000669fb	385	D:\nt\private\crt32st\stdio\input.c	D:\nt\private\crt32st\stdio\input.c
2176	0x000669fc	387	D:\nt\private\crt32st\stdio\input.c	D:\nt\private\crt32st\stdio\input.c
2177	0x00066a00	391	D:\nt\private\crt32st\stdio\input.c	D:\nt\private\crt32st\stdio\input.c
2178	0x00066a0c	393	D:\nt\private\crt32st\stdio\input.c	D:\nt\private\crt32st\stdio\input.c
2179	0x00066a12	397	D:\nt\private\crt32st\stdio\input.c	D:\nt\private\crt32st\stdio\input.c
2180	0x00066a21	403	D:\nt\private\crt32st\stdio\input.c	D:\nt\private\crt32st\stdio\input.c
2181	0x00066a27	405	D:\nt\private\crt32st\stdio\input.c	D:\nt\private\crt32st\stdio\input.c
2182	0x00066a2c	406	D:\nt\private\crt32st\stdio\input.c	D:\nt\private\crt32st\stdio\input.c
2183	0x00066a2f	407	D:\nt\private\crt32st\stdio\input.c	D:\nt\private\crt32st\stdio\input.c
2184	0x00066a34	408	D:\nt\private\crt32st\stdio\input.c	D:\nt\private\crt32st\stdio\input.c
2185	0x00066a3a	409	D:\nt\private\crt32st\stdio\input.c	D:\nt\private\crt32st\stdio\input.c
2186	0x00066a40	411	D:\nt\private\crt32st\stdio\input.c	D:\nt\private\crt32st\stdio\input.c
2187	0x00066a4e	412	D:\nt\private\crt32st\stdio\input.c	D:\nt\private\crt32st\stdio\input.c
2188	0x00066a70	414	D:\nt\private\crt32st\stdio\input.c	D:\nt\private\crt32st\stdio\input.c
2189	0x00066a74	417	D:\nt\private\crt32st\stdio\input.c	D:\nt\private\crt32st\stdio\input.c
2190	0x00066a78	399	D:\nt\private\crt32st\stdio\input.c	D:\nt\private\crt32st\stdio\input.c
2191	0x00066a92	401	D:\nt\private\crt32st\stdio\input.c	D:\nt\private\crt32st\stdio\input.c
2192	0x00066a9b	431	D:\nt\private\crt32st\stdio\input.c	D:\nt\private\crt32st\stdio\input.c
2193	0x00066aa4	436	D:\nt\private\crt32st\stdio\input.c	D:\nt\private\crt32st\stdio\input.c
2194	0x00066aaa	437	D:\nt\private\crt32st\stdio\input.c	D:\nt\private\crt32st\stdio\input.c
2195	0x00066aad	439	D:\nt\private\crt32st\stdio\input.c	D:\nt\private\crt32st\stdio\input.c
2196	0x00066ab3	454	D:\nt\private\crt32st\stdio\input.c	D:\nt\private\crt32st\stdio\input.c
2197	0x00066aca	456	D:\nt\private\crt32st\stdio\input.c	D:\nt\private\crt32st\stdio\input.c
2198	0x00066ada	458	D:\nt\private\crt32st\stdio\input.c	D:\nt\private\crt32st\stdio\input.c
2199	0x00066add	465	D:\nt\private\crt32st\stdio\input.c	D:\nt\private\crt32st\stdio\input.c
2200	0x00066b0c	466	D:\nt\private\crt32st\stdio\input.c	D:\nt\private\crt32st\stdio\input.c
2201	0x00066b12	467	D:\nt\private\crt32st\stdio\input.c	D:\nt\private\crt32st\stdio\input.c
2202	0x00066b17	470	D:\nt\private\crt32st\stdio\input.c	D:\nt\private\crt32st\stdio\input.c
2203	0x00066b1c	472	D:\nt\private\crt32st\stdio\input.c	D:\nt\private\crt32st\stdio\input.c
2204	0x00066b1f	475	D:\nt\private\crt32st\stdio\input.c	D:\nt\private\crt32st\stdio\input.c
2205	0x00066b27	476	D:\nt\private\crt32st\stdio\input.c	D:\nt\private\crt32st\stdio\input.c
2206	0x00066b3b	485	D:\nt\private\crt32st\stdio\input.c	D:\nt\private\crt32st\stdio\input.c
2207	0x00066b47	486	D:\nt\private\crt32st\stdio\input.c	D:\nt\private\crt32st\stdio\input.c
2208	0x00066b51	487	D:\nt\private\crt32st\stdio\input.c	D:\nt\private\crt32st\stdio\input.c
2209	0x00066b54	488	D:\nt\private\crt32st\stdio\input.c	D:\nt\private\crt32st\stdio\input.c
2210	0x00066b5e	489	D:\nt\private\crt32st\stdio\input.c	D:\nt\private\crt32st\stdio\input.c
2211	0x00066b64	490	D:\nt\private\crt32st\stdio\input.c	D:\nt\private\crt32st\stdio\input.c
2212	0x00066b6c	551	D:\nt\private\crt32st\stdio\input.c	D:\nt\private\crt32st\stdio\input.c
2213	0x00066b76	553	D:\nt\private\crt32st\stdio\input.c	D:\nt\private\crt32st\stdio\input.c
2214	0x00066b81	554	D:\nt\private\crt32st\stdio\input.c	D:\nt\private\crt32st\stdio\input.c
2215	0x00066b85	555	D:\nt\private\crt32st\stdio\input.c	D:\nt\private\crt32st\stdio\input.c
2216	0x00066b8c	556	D:\nt\private\crt32st\stdio\input.c	D:\nt\private\crt32st\stdio\input.c
2217	0x00066ba4	508	D:\nt\private\crt32st\stdio\input.c	D:\nt\private\crt32st\stdio\input.c
2218	0x00066ba9	510	D:\nt\private\crt32st\stdio\input.c	D:\nt\private\crt32st\stdio\input.c
2219	0x00066bb4	511	D:\nt\private\crt32st\stdio\input.c	D:\nt\private\crt32st\stdio\input.c
2220	0x00066bb8	512	D:\nt\private\crt32st\stdio\input.c	D:\nt\private\crt32st\stdio\input.c
2221	0x00066bbc	513	D:\nt\private\crt32st\stdio\input.c	D:\nt\private\crt32st\stdio\input.c
2222	0x00066bcc	516	D:\nt\private\crt32st\stdio\input.c	D:\nt\private\crt32st\stdio\input.c
2223	0x00066bd4	518	D:\nt\private\crt32st\stdio\input.c	D:\nt\private\crt32st\stdio\input.c
2224	0x00066bec	522	D:\nt\private\crt32st\stdio\input.c	D:\nt\private\crt32st\stdio\input.c
2225	0x00066bf3	523	D:\nt\private\crt32st\stdio\input.c	D:\nt\private\crt32st\stdio\input.c
2226	0x00066bf9	524	D:\nt\private\crt32st\stdio\input.c	D:\nt\private\crt32st\stdio\input.c
2227	0x00066c03	525	D:\nt\private\crt32st\stdio\input.c	D:\nt\private\crt32st\stdio\input.c
2228	0x00066c08	529	D:\nt\private\crt32st\stdio\input.c	D:\nt\private\crt32st\stdio\input.c
2229	0x00066c17	530	D:\nt\private\crt32st\stdio\input.c	D:\nt\private\crt32st\stdio\input.c
2230	0x00066c20	519	D:\nt\private\crt32st\stdio\input.c	D:\nt\private\crt32st\stdio\input.c
2231	0x00066c31	520	D:\nt\private\crt32st\stdio\input.c	D:\nt\private\crt32st\stdio\input.c
2232	0x00066c38	560	D:\nt\private\crt32st\stdio\input.c	D:\nt\private\crt32st\stdio\input.c
2233	0x00066c44	562	D:\nt\private\crt32st\stdio\input.c	D:\nt\private\crt32st\stdio\input.c
2234	0x00066c58	571	D:\nt\private\crt32st\stdio\input.c	D:\nt\private\crt32st\stdio\input.c
2235	0x00066c61	573	D:\nt\private\crt32st\stdio\input.c	D:\nt\private\crt32st\stdio\input.c
2236	0x00066c67	574	D:\nt\private\crt32st\stdio\input.c	D:\nt\private\crt32st\stdio\input.c
2237	0x00066c6c	575	D:\nt\private\crt32st\stdio\input.c	D:\nt\private\crt32st\stdio\input.c
2238	0x00066c6f	576	D:\nt\private\crt32st\stdio\input.c	D:\nt\private\crt32st\stdio\input.c
2239	0x00066c77	598	D:\nt\private\crt32st\stdio\input.c	D:\nt\private\crt32st\stdio\input.c
2240	0x00066c7d	599	D:\nt\private\crt32st\stdio\input.c	D:\nt\private\crt32st\stdio\input.c
2241	0x00066c7f	601	D:\nt\private\crt32st\stdio\input.c	D:\nt\private\crt32st\stdio\input.c
2242	0x00066c88	602	D:\nt\private\crt32st\stdio\input.c	D:\nt\private\crt32st\stdio\input.c
2243	0x00066c8a	604	D:\nt\private\crt32st\stdio\input.c	D:\nt\private\crt32st\stdio\input.c
2244	0x00066c92	605	D:\nt\private\crt32st\stdio\input.c	D:\nt\private\crt32st\stdio\input.c
2245	0x00066c9c	607	D:\nt\private\crt32st\stdio\input.c	D:\nt\private\crt32st\stdio\input.c
2246	0x00066c9f	609	D:\nt\private\crt32st\stdio\input.c	D:\nt\private\crt32st\stdio\input.c
2247	0x00066ca9	610	D:\nt\private\crt32st\stdio\input.c	D:\nt\private\crt32st\stdio\input.c
2248	0x00066cae	611	D:\nt\private\crt32st\stdio\input.c	D:\nt\private\crt32st\stdio\input.c
2249	0x00066cb4	569	D:\nt\private\crt32st\stdio\input.c	D:\nt\private\crt32st\stdio\input.c
2250	0x00066cb7	585	D:\nt\private\crt32st\stdio\input.c	D:\nt\private\crt32st\stdio\input.c
2251	0x00066cbd	586	D:\nt\private\crt32st\stdio\input.c	D:\nt\private\crt32st\stdio\input.c
2252	0x00066cc0	587	D:\nt\private\crt32st\stdio\input.c	D:\nt\private\crt32st\stdio\input.c
2253	0x00066cc5	589	D:\nt\private\crt32st\stdio\input.c	D:\nt\private\crt32st\stdio\input.c
2254	0x00066cd0	590	D:\nt\private\crt32st\stdio\input.c	D:\nt\private\crt32st\stdio\input.c
2255	0x00066cd3	591	D:\nt\private\crt32st\stdio\input.c	D:\nt\private\crt32st\stdio\input.c
2256	0x00066cd8	580	D:\nt\private\crt32st\stdio\input.c	D:\nt\private\crt32st\stdio\input.c
2257	0x00066cdf	582	D:\nt\private\crt32st\stdio\input.c	D:\nt\private\crt32st\stdio\input.c
2258	0x00066ce4	564	D:\nt\private\crt32st\stdio\input.c	D:\nt\private\crt32st\stdio\input.c
2259	0x00066ced	565	D:\nt\private\crt32st\stdio\input.c	D:\nt\private\crt32st\stdio\input.c
2260	0x00066cf0	566	D:\nt\private\crt32st\stdio\input.c	D:\nt\private\crt32st\stdio\input.c
2261	0x00066cfb	568	D:\nt\private\crt32st\stdio\input.c	D:\nt\private\crt32st\stdio\input.c
2262	0x00066d00	592	D:\nt\private\crt32st\stdio\input.c	D:\nt\private\crt32st\stdio\input.c
2263	0x00066d10	593	D:\nt\private\crt32st\stdio\input.c	D:\nt\private\crt32st\stdio\input.c
2264	0x00066d14	594	D:\nt\private\crt32st\stdio\input.c	D:\nt\private\crt32st\stdio\input.c
2265	0x00066d23	596	D:\nt\private\crt32st\stdio\input.c	D:\nt\private\crt32st\stdio\input.c
2266	0x00066d38	612	D:\nt\private\crt32st\stdio\input.c	D:\nt\private\crt32st\stdio\input.c
2267	0x00066d3e	721	D:\nt\private\crt32st\stdio\input.c	D:\nt\private\crt32st\stdio\input.c
2268	0x00066d41	730	D:\nt\private\crt32st\stdio\input.c	D:\nt\private\crt32st\stdio\input.c
2269	0x00066d47	732	D:\nt\private\crt32st\stdio\input.c	D:\nt\private\crt32st\stdio\input.c
2270	0x00066d4c	734	D:\nt\private\crt32st\stdio\input.c	D:\nt\private\crt32st\stdio\input.c
2271	0x00066d6c	741	D:\nt\private\crt32st\stdio\input.c	D:\nt\private\crt32st\stdio\input.c
2272	0x00066d88	726	D:\nt\private\crt32st\stdio\input.c	D:\nt\private\crt32st\stdio\input.c
2273	0x00066d99	750	D:\nt\private\crt32st\stdio\input.c	D:\nt\private\crt32st\stdio\input.c
2274	0x00066d9f	752	D:\nt\private\crt32st\stdio\input.c	D:\nt\private\crt32st\stdio\input.c
2275	0x00066db8	755	D:\nt\private\crt32st\stdio\input.c	D:\nt\private\crt32st\stdio\input.c
2276	0x00066dbb	757	D:\nt\private\crt32st\stdio\input.c	D:\nt\private\crt32st\stdio\input.c
2277	0x00066dc0	770	D:\nt\private\crt32st\stdio\input.c	D:\nt\private\crt32st\stdio\input.c
2278	0x00066dc6	771	D:\nt\private\crt32st\stdio\input.c	D:\nt\private\crt32st\stdio\input.c
2279	0x00066ddc	772	D:\nt\private\crt32st\stdio\input.c	D:\nt\private\crt32st\stdio\input.c
2280	0x00066de0	799	D:\nt\private\crt32st\stdio\input.c	D:\nt\private\crt32st\stdio\input.c
2281	0x00066de6	800	D:\nt\private\crt32st\stdio\input.c	D:\nt\private\crt32st\stdio\input.c
2282	0x00066dfe	801	D:\nt\private\crt32st\stdio\input.c	D:\nt\private\crt32st\stdio\input.c
2283	0x00066e00	807	D:\nt\private\crt32st\stdio\input.c	D:\nt\private\crt32st\stdio\input.c
2284	0x00066e06	808	D:\nt\private\crt32st\stdio\input.c	D:\nt\private\crt32st\stdio\input.c
2285	0x00066e0b	809	D:\nt\private\crt32st\stdio\input.c	D:\nt\private\crt32st\stdio\input.c
2286	0x00066e14	810	D:\nt\private\crt32st\stdio\input.c	D:\nt\private\crt32st\stdio\input.c
2287	0x00066e18	816	D:\nt\private\crt32st\stdio\input.c	D:\nt\private\crt32st\stdio\input.c
2288	0x00066e20	819	D:\nt\private\crt32st\stdio\input.c	D:\nt\private\crt32st\stdio\input.c
2289	0x00066e38	821	D:\nt\private\crt32st\stdio\input.c	D:\nt\private\crt32st\stdio\input.c
2290	0x00066e3c	52	D:\nt\private\crt32st\string\strcat.c	D:\nt\private\crt32st\string\strcat.c
2291	0x00066e43	55	D:\nt\private\crt32st\string\strcat.c	D:\nt\private\crt32st\string\strcat.c
2292	0x00066e4a	56	D:\nt\private\crt32st\string\strcat.c	D:\nt\private\crt32st\string\strcat.c
2293	0x00066e53	58	D:\nt\private\crt32st\string\strcat.c	D:\nt\private\crt32st\string\strcat.c
2294	0x00066e5d	60	D:\nt\private\crt32st\string\strcat.c	D:\nt\private\crt32st\string\strcat.c
2295	0x00066e5f	62	D:\nt\private\crt32st\string\strcat.c	D:\nt\private\crt32st\string\strcat.c
2296	0x00066e64	83	D:\nt\private\crt32st\string\strcat.c	D:\nt\private\crt32st\string\strcat.c
2297	0x00066e6b	84	D:\nt\private\crt32st\string\strcat.c	D:\nt\private\crt32st\string\strcat.c
2298	0x00066e70	86	D:\nt\private\crt32st\string\strcat.c	D:\nt\private\crt32st\string\strcat.c
2299	0x00066e7a	89	D:\nt\private\crt32st\string\strcat.c	D:\nt\private\crt32st\string\strcat.c
2300	0x00066e7c	90	D:\nt\private\crt32st\string\strcat.c	D:\nt\private\crt32st\string\strcat.c
2301	0x00066e8c	56	D:\nt\private\crt32st\string\strcmp.c	D:\nt\private\crt32st\string\strcmp.c
2302	0x00066e97	59	D:\nt\private\crt32st\string\strcmp.c	D:\nt\private\crt32st\string\strcmp.c
2303	0x00066ea1	60	D:\nt\private\crt32st\string\strcmp.c	D:\nt\private\crt32st\string\strcmp.c
2304	0x00066eb1	62	D:\nt\private\crt32st\string\strcmp.c	D:\nt\private\crt32st\string\strcmp.c
2305	0x00066eb5	63	D:\nt\private\crt32st\string\strcmp.c	D:\nt\private\crt32st\string\strcmp.c
2306	0x00066eba	64	D:\nt\private\crt32st\string\strcmp.c	D:\nt\private\crt32st\string\strcmp.c
2307	0x00066ec4	65	D:\nt\private\crt32st\string\strcmp.c	D:\nt\private\crt32st\string\strcmp.c
2308	0x00066ec9	67	D:\nt\private\crt32st\string\strcmp.c	D:\nt\private\crt32st\string\strcmp.c
2309	0x00066ecb	68	D:\nt\private\crt32st\string\strcmp.c	D:\nt\private\crt32st\string\strcmp.c
2310	0x00066edc	48	D:\nt\private\crt32st\string\strlen.c	D:\nt\private\crt32st\string\strlen.c
2311	0x00066ee2	49	D:\nt\private\crt32st\string\strlen.c	D:\nt\private\crt32st\string\strlen.c
2312	0x00066ee4	51	D:\nt\private\crt32st\string\strlen.c	D:\nt\private\crt32st\string\strlen.c
2313	0x00066eeb	53	D:\nt\private\crt32st\string\strlen.c	D:\nt\private\crt32st\string\strlen.c
2314	0x00066ef0	54	D:\nt\private\crt32st\string\strlen.c	D:\nt\private\crt32st\string\strlen.c
2315	0x00066efc	50	D:\nt\private\crt32st\string\strncmp.c	D:\nt\private\crt32st\string\strncmp.c
2316	0x00066f03	51	D:\nt\private\crt32st\string\strncmp.c	D:\nt\private\crt32st\string\strncmp.c
2317	0x00066f07	52	D:\nt\private\crt32st\string\strncmp.c	D:\nt\private\crt32st\string\strncmp.c
2318	0x00066f12	54	D:\nt\private\crt32st\string\strncmp.c	D:\nt\private\crt32st\string\strncmp.c
2319	0x00066f1f	56	D:\nt\private\crt32st\string\strncmp.c	D:\nt\private\crt32st\string\strncmp.c
2320	0x00066f20	57	D:\nt\private\crt32st\string\strncmp.c	D:\nt\private\crt32st\string\strncmp.c
2321	0x00066f21	58	D:\nt\private\crt32st\string\strncmp.c	D:\nt\private\crt32st\string\strncmp.c
2322	0x00066f24	60	D:\nt\private\crt32st\string\strncmp.c	D:\nt\private\crt32st\string\strncmp.c
2323	0x00066f2c	61	D:\nt\private\crt32st\string\strncmp.c	D:\nt\private\crt32st\string\strncmp.c
2324	0x000693bc	118	D:\nt\private\crt32st\stdio\ungetc.c	D:\nt\private\crt32st\stdio\ungetc.c
2325	0x000693c4	127	D:\nt\private\crt32st\stdio\ungetc.c	D:\nt\private\crt32st\stdio\ungetc.c
2326	0x000693c7	138	D:\nt\private\crt32st\stdio\ungetc.c	D:\nt\private\crt32st\stdio\ungetc.c
2327	0x000693de	143	D:\nt\private\crt32st\stdio\ungetc.c	D:\nt\private\crt32st\stdio\ungetc.c
2328	0x000693e4	144	D:\nt\private\crt32st\stdio\ungetc.c	D:\nt\private\crt32st\stdio\ungetc.c
2329	0x000693ed	148	D:\nt\private\crt32st\stdio\ungetc.c	D:\nt\private\crt32st\stdio\ungetc.c
2330	0x000693f4	149	D:\nt\private\crt32st\stdio\ungetc.c	D:\nt\private\crt32st\stdio\ungetc.c
2331	0x000693fa	155	D:\nt\private\crt32st\stdio\ungetc.c	D:\nt\private\crt32st\stdio\ungetc.c
2332	0x000693fc	158	D:\nt\private\crt32st\stdio\ungetc.c	D:\nt\private\crt32st\stdio\ungetc.c
2333	0x000693ff	159	D:\nt\private\crt32st\stdio\ungetc.c	D:\nt\private\crt32st\stdio\ungetc.c
2334	0x00069407	160	D:\nt\private\crt32st\stdio\ungetc.c	D:\nt\private\crt32st\stdio\ungetc.c
2335	0x0006940b	161	D:\nt\private\crt32st\stdio\ungetc.c	D:\nt\private\crt32st\stdio\ungetc.c
2336	0x0006940f	163	D:\nt\private\crt32st\stdio\ungetc.c	D:\nt\private\crt32st\stdio\ungetc.c
2337	0x0006941c	139	D:\nt\private\crt32st\stdio\ungetc.c	D:\nt\private\crt32st\stdio\ungetc.c
2338	0x00069421	164	D:\nt\private\crt32st\stdio\ungetc.c	D:\nt\private\crt32st\stdio\ungetc.c
2339	0x0006942c	61	D:\nt\private\crt32st\stdio\vprintf.c	D:\nt\private\crt32st\stdio\vprintf.c
2340	0x00069431	75	D:\nt\private\crt32st\stdio\vprintf.c	D:\nt\private\crt32st\stdio\vprintf.c
2341	0x00069440	76	D:\nt\private\crt32st\stdio\vprintf.c	D:\nt\private\crt32st\stdio\vprintf.c
2342	0x00069455	77	D:\nt\private\crt32st\stdio\vprintf.c	D:\nt\private\crt32st\stdio\vprintf.c
2343	0x00069463	80	D:\nt\private\crt32st\stdio\vprintf.c	D:\nt\private\crt32st\stdio\vprintf.c
2344	0x00069465	81	D:\nt\private\crt32st\stdio\vprintf.c	D:\nt\private\crt32st\stdio\vprintf.c
